{
    "image_path": "00023/img/1.jpg",
    "shooter_tracklet_id": 7,
    "bbox": {
        "x": 368,
        "y": 505,
        "w": 100,
        "h": 100
    },
    "keypont_2d": {
        "0": {
            "name": "Center of Hips",
            "x": 52.45,
            "y": 42.72
        },
        "1": {
            "name": "Left Hip",
            "x": 44.72,
            "y": 40.92
        },
        "2": {
            "name": "Left Knee",
            "x": 37.24,
            "y": 58.05
        },
        "3": {
            "name": "Left Ankle",
            "x": 38.92,
            "y": 76.22
        },
        "4": {
            "name": "Right Hip",
            "x": 60.82,
            "y": 44.14
        },
        "5": {
            "name": "Right Knee",
            "x": 66.1,
            "y": 66.56
        },
        "6": {
            "name": "Right Ankle",
            "x": 70.49,
            "y": 84.34
        },
        "7": {
            "name": "Center of Body",
            "x": 54.12,
            "y": 30.61
        },
        "8": {
            "name": "Center of Shoulder",
            "x": 54.77,
            "y": 20.04
        },
        "9": {
            "name": "Neck",
            "x": 54.64,
            "y": 16.82
        },
        "10": {
            "name": "Head",
            "x": 54.51,
            "y": 13.73
        },
        "11": {
            "name": "Right Shoulder",
            "x": 62.76,
            "y": 21.59
        },
        "12": {
            "name": "Right Elbow",
            "x": 67.26,
            "y": 35.89
        },
        "13": {
            "name": "Right Wrist",
            "x": 65.33,
            "y": 48.52
        },
        "14": {
            "name": "Left Shoulder",
            "x": 46.13,
            "y": 19.4
        },
        "15": {
            "name": "Left Elbow",
            "x": 38.4,
            "y": 33.44
        },
        "16": {
            "name": "Left Wrist",
            "x": 34.41,
            "y": 47.1
        }
    },
    "keypont_3d": {
        "0": {
            "name": "Center of Hips",
            "x": 0.0,
            "y": 0.0,
            "z": 0.5810021758079529
        },
        "1": {
            "name": "Left Hip",
            "x": 0.08666829764842987,
            "y": -0.06560288369655609,
            "z": 0.5911100506782532
        },
        "2": {
            "name": "Left Knee",
            "x": 0.17073629796504974,
            "y": -0.13492056727409363,
            "z": 0.3422541618347168
        },
        "3": {
            "name": "Left Ankle",
            "x": 0.12506835162639618,
            "y": -0.1653210073709488,
            "z": 0.07958152890205383
        },
        "4": {
            "name": "Right Hip",
            "x": -0.09212198853492737,
            "y": 0.048949453979730606,
            "z": 0.5682070255279541
        },
        "5": {
            "name": "Right Knee",
            "x": -0.1399320513010025,
            "y": 0.1682664006948471,
            "z": 0.25065237283706665
        },
        "6": {
            "name": "Right Ankle",
            "x": -0.20384925603866577,
            "y": 0.19594813883304596,
            "z": 0.0
        },
        "7": {
            "name": "Center of Body",
            "x": -0.010682533495128155,
            "y": 0.028072908520698547,
            "z": 0.7513647079467773
        },
        "8": {
            "name": "Center of Shoulder",
            "x": 0.018926315009593964,
            "y": 0.09771279245615005,
            "z": 0.9077817797660828
        },
        "9": {
            "name": "Neck",
            "x": 0.04146131873130798,
            "y": 0.1397547572851181,
            "z": 0.9474439024925232
        },
        "10": {
            "name": "Head",
            "x": 0.05151671543717384,
            "y": 0.14776594936847687,
            "z": 1.0
        },
        "11": {
            "name": "Right Shoulder",
            "x": -0.08823339641094208,
            "y": 0.12038968503475189,
            "z": 0.8715331554412842
        },
        "12": {
            "name": "Right Elbow",
            "x": -0.1703823208808899,
            "y": 0.09327400475740433,
            "z": 0.6802171468734741
        },
        "13": {
            "name": "Right Wrist",
            "x": -0.15435627102851868,
            "y": 0.10835160315036774,
            "z": 0.5165921449661255
        },
        "14": {
            "name": "Left Shoulder",
            "x": 0.10504146665334702,
            "y": 0.010876836255192757,
            "z": 0.9025534987449646
        },
        "15": {
            "name": "Left Elbow",
            "x": 0.18880629539489746,
            "y": -0.044236499816179276,
            "z": 0.6995972394943237
        },
        "16": {
            "name": "Left Wrist",
            "x": 0.2632582187652588,
            "y": -0.03983096033334732,
            "z": 0.5371602177619934
        }
    }
}