{
    "image_path": "00023/img/3.jpg",
    "shooter_tracklet_id": 7,
    "bbox": {
        "x": 368,
        "y": 510,
        "w": 100,
        "h": 100
    },
    "keypoint_2d": {
        "0": {
            "name": "Center of Hips",
            "x": 57.69,
            "y": 41.01
        },
        "1": {
            "name": "Left Hip",
            "x": 50.21,
            "y": 41.53
        },
        "2": {
            "name": "Left Knee",
            "x": 40.92,
            "y": 62.95
        },
        "3": {
            "name": "Left Ankle",
            "x": 43.62,
            "y": 81.72
        },
        "4": {
            "name": "Right Hip",
            "x": 64.42,
            "y": 41.03
        },
        "5": {
            "name": "Right Knee",
            "x": 67.06,
            "y": 66.99
        },
        "6": {
            "name": "Right Ankle",
            "x": 73.31,
            "y": 85.4
        },
        "7": {
            "name": "Center of Body",
            "x": 56.63,
            "y": 26.99
        },
        "8": {
            "name": "Center of Shoulder",
            "x": 55.29,
            "y": 17.52
        },
        "9": {
            "name": "Neck",
            "x": 54.91,
            "y": 15.95
        },
        "10": {
            "name": "Head",
            "x": 54.17,
            "y": 13.25
        },
        "11": {
            "name": "Right Shoulder",
            "x": 63.74,
            "y": 20.0
        },
        "12": {
            "name": "Right Elbow",
            "x": 70.61,
            "y": 32.02
        },
        "13": {
            "name": "Right Wrist",
            "x": 61.66,
            "y": 26.26
        },
        "14": {
            "name": "Left Shoulder",
            "x": 44.91,
            "y": 20.34
        },
        "15": {
            "name": "Left Elbow",
            "x": 39.45,
            "y": 36.69
        },
        "16": {
            "name": "Left Wrist",
            "x": 34.42,
            "y": 46.99
        }
    },
    "keypoint_3d": {
        "0": {
            "name": "Center of Hips",
            "x": 0.0,
            "y": 0.0,
            "z": 0.5899039506912231
        },
        "1": {
            "name": "Left Hip",
            "x": 0.08030743151903152,
            "y": -0.06088458001613617,
            "z": 0.583741307258606
        },
        "2": {
            "name": "Left Knee",
            "x": 0.18471567332744598,
            "y": -0.11818724870681763,
            "z": 0.3077891767024994
        },
        "3": {
            "name": "Left Ankle",
            "x": 0.13399142026901245,
            "y": -0.14198920130729675,
            "z": 0.06880594789981842
        },
        "4": {
            "name": "Right Hip",
            "x": -0.08315716683864594,
            "y": 0.04232371598482132,
            "z": 0.5957134366035461
        },
        "5": {
            "name": "Right Knee",
            "x": -0.1081978902220726,
            "y": 0.142415851354599,
            "z": 0.2558329999446869
        },
        "6": {
            "name": "Right Ankle",
            "x": -0.1795792281627655,
            "y": 0.18160223960876465,
            "z": 0.0
        },
        "7": {
            "name": "Center of Body",
            "x": 0.012759799137711525,
            "y": 0.0052880896255373955,
            "z": 0.7647504806518555
        },
        "8": {
            "name": "Center of Shoulder",
            "x": 0.058205682784318924,
            "y": 0.0818726196885109,
            "z": 0.9168424606323242
        },
        "9": {
            "name": "Neck",
            "x": 0.08586747199296951,
            "y": 0.13095219433307648,
            "z": 0.950356125831604
        },
        "10": {
            "name": "Head",
            "x": 0.1027216985821724,
            "y": 0.1442493349313736,
            "z": 1.0
        },
        "11": {
            "name": "Right Shoulder",
            "x": -0.046907689422369,
            "y": 0.12389161437749863,
            "z": 0.8850860595703125
        },
        "12": {
            "name": "Right Elbow",
            "x": -0.0909242257475853,
            "y": 0.23082894086837769,
            "z": 0.7329947352409363
        },
        "13": {
            "name": "Right Wrist",
            "x": 0.0432901531457901,
            "y": 0.2705882787704468,
            "z": 0.8289817571640015
        },
        "14": {
            "name": "Left Shoulder",
            "x": 0.1592722237110138,
            "y": -0.003681655740365386,
            "z": 0.8822991847991943
        },
        "15": {
            "name": "Left Elbow",
            "x": 0.20738206803798676,
            "y": -0.06887366622686386,
            "z": 0.6512680053710938
        },
        "16": {
            "name": "Left Wrist",
            "x": 0.27306172251701355,
            "y": -0.09792448580265045,
            "z": 0.521206796169281
        }
    }
}