{
    "image_path": "00023/img/4.jpg",
    "shooter_tracklet_id": 7,
    "bbox": {
        "x": 368,
        "y": 515,
        "w": 100,
        "h": 100
    },
    "keypoint_2d": {
        "0": {
            "name": "Center of Hips",
            "x": 55.89,
            "y": 41.1
        },
        "1": {
            "name": "Left Hip",
            "x": 48.04,
            "y": 41.59
        },
        "2": {
            "name": "Left Knee",
            "x": 39.94,
            "y": 67.49
        },
        "3": {
            "name": "Left Ankle",
            "x": 45.23,
            "y": 85.68
        },
        "4": {
            "name": "Right Hip",
            "x": 63.13,
            "y": 41.23
        },
        "5": {
            "name": "Right Knee",
            "x": 65.22,
            "y": 67.73
        },
        "6": {
            "name": "Right Ankle",
            "x": 73.93,
            "y": 84.66
        },
        "7": {
            "name": "Center of Body",
            "x": 53.93,
            "y": 28.71
        },
        "8": {
            "name": "Center of Shoulder",
            "x": 51.85,
            "y": 17.23
        },
        "9": {
            "name": "Neck",
            "x": 51.5,
            "y": 15.93
        },
        "10": {
            "name": "Head",
            "x": 51.35,
            "y": 13.0
        },
        "11": {
            "name": "Right Shoulder",
            "x": 60.41,
            "y": 18.96
        },
        "12": {
            "name": "Right Elbow",
            "x": 71.7,
            "y": 29.76
        },
        "13": {
            "name": "Right Wrist",
            "x": 60.12,
            "y": 28.76
        },
        "14": {
            "name": "Left Shoulder",
            "x": 42.74,
            "y": 20.38
        },
        "15": {
            "name": "Left Elbow",
            "x": 36.82,
            "y": 38.57
        },
        "16": {
            "name": "Left Wrist",
            "x": 31.59,
            "y": 46.75
        }
    },
    "keypoint_3d": {
        "0": {
            "name": "Center of Hips",
            "x": 0.0,
            "y": 0.0,
            "z": 0.593769907951355
        },
        "1": {
            "name": "Left Hip",
            "x": 0.0847826674580574,
            "y": -0.05702390521764755,
            "z": 0.5844383239746094
        },
        "2": {
            "name": "Left Knee",
            "x": 0.20781642198562622,
            "y": -0.062238480895757675,
            "z": 0.27348124980926514
        },
        "3": {
            "name": "Left Ankle",
            "x": 0.14352501928806305,
            "y": -0.029783161357045174,
            "z": 0.0
        },
        "4": {
            "name": "Right Hip",
            "x": -0.08448798954486847,
            "y": 0.043918538838624954,
            "z": 0.6009631156921387
        },
        "5": {
            "name": "Right Knee",
            "x": -0.09462569653987885,
            "y": 0.1456691324710846,
            "z": 0.26181137561798096
        },
        "6": {
            "name": "Right Ankle",
            "x": -0.17668144404888153,
            "y": 0.10416250675916672,
            "z": 0.05653105303645134
        },
        "7": {
            "name": "Center of Body",
            "x": 0.022669009864330292,
            "y": -0.002682195510715246,
            "z": 0.7627947926521301
        },
        "8": {
            "name": "Center of Shoulder",
            "x": 0.08567505329847336,
            "y": 0.07224693149328232,
            "z": 0.9204970002174377
        },
        "9": {
            "name": "Neck",
            "x": 0.11584646999835968,
            "y": 0.12025747448205948,
            "z": 0.950791597366333
        },
        "10": {
            "name": "Head",
            "x": 0.13165901601314545,
            "y": 0.1346588134765625,
            "z": 1.0
        },
        "11": {
            "name": "Right Shoulder",
            "x": -0.015720341354608536,
            "y": 0.11653666198253632,
            "z": 0.8949124217033386
        },
        "12": {
            "name": "Right Elbow",
            "x": -0.1011606752872467,
            "y": 0.23913463950157166,
            "z": 0.7719094753265381
        },
        "13": {
            "name": "Right Wrist",
            "x": 0.05413571745157242,
            "y": 0.26626306772232056,
            "z": 0.8287432193756104
        },
        "14": {
            "name": "Left Shoulder",
            "x": 0.18114721775054932,
            "y": -0.012501498684287071,
            "z": 0.8790950179100037
        },
        "15": {
            "name": "Left Elbow",
            "x": 0.22039341926574707,
            "y": -0.07657048106193542,
            "z": 0.6479761600494385
        },
        "16": {
            "name": "Left Wrist",
            "x": 0.29352372884750366,
            "y": -0.10507950931787491,
            "z": 0.5250680446624756
        }
    }
}