{
    "image_path": "00023/img/5.jpg",
    "shooter_tracklet_id": 7,
    "bbox": {
        "x": 370,
        "y": 528,
        "w": 100,
        "h": 100
    },
    "keypont_2d": {
        "0": {
            "name": "Center of Hips",
            "x": 49.14,
            "y": 39.39
        },
        "1": {
            "name": "Left Hip",
            "x": 41.28,
            "y": 40.45
        },
        "2": {
            "name": "Left Knee",
            "x": 37.48,
            "y": 67.12
        },
        "3": {
            "name": "Left Ankle",
            "x": 42.39,
            "y": 85.15
        },
        "4": {
            "name": "Right Hip",
            "x": 55.98,
            "y": 38.88
        },
        "5": {
            "name": "Right Knee",
            "x": 52.15,
            "y": 64.37
        },
        "6": {
            "name": "Right Ankle",
            "x": 61.17,
            "y": 74.11
        },
        "7": {
            "name": "Center of Body",
            "x": 47.67,
            "y": 26.87
        },
        "8": {
            "name": "Center of Shoulder",
            "x": 44.65,
            "y": 15.34
        },
        "9": {
            "name": "Neck",
            "x": 44.47,
            "y": 13.9
        },
        "10": {
            "name": "Head",
            "x": 44.24,
            "y": 10.5
        },
        "11": {
            "name": "Right Shoulder",
            "x": 53.06,
            "y": 17.42
        },
        "12": {
            "name": "Right Elbow",
            "x": 64.36,
            "y": 25.77
        },
        "13": {
            "name": "Right Wrist",
            "x": 79.31,
            "y": 25.53
        },
        "14": {
            "name": "Left Shoulder",
            "x": 35.83,
            "y": 17.96
        },
        "15": {
            "name": "Left Elbow",
            "x": 28.45,
            "y": 36.87
        },
        "16": {
            "name": "Left Wrist",
            "x": 26.87,
            "y": 46.15
        }
    },
    "keypont_3d": {
        "0": {
            "name": "Center of Hips",
            "x": 0.0,
            "y": 0.0,
            "z": 0.5938191413879395
        },
        "1": {
            "name": "Left Hip",
            "x": 0.09431227296590805,
            "y": -0.02663492038846016,
            "z": 0.5838878154754639
        },
        "2": {
            "name": "Left Knee",
            "x": 0.1775612086057663,
            "y": 0.02071995660662651,
            "z": 0.2300497442483902
        },
        "3": {
            "name": "Left Ankle",
            "x": 0.09354021400213242,
            "y": 0.02533324994146824,
            "z": 0.0
        },
        "4": {
            "name": "Right Hip",
            "x": -0.08167853951454163,
            "y": 0.04769965261220932,
            "z": 0.6024755835533142
        },
        "5": {
            "name": "Right Knee",
            "x": -0.027863916009664536,
            "y": 0.08061173558235168,
            "z": 0.27505889534950256
        },
        "6": {
            "name": "Right Ankle",
            "x": -0.19765721261501312,
            "y": 0.027614319697022438,
            "z": 0.12403999269008636
        },
        "7": {
            "name": "Center of Body",
            "x": 0.019238630309700966,
            "y": -0.006280334200710058,
            "z": 0.752119779586792
        },
        "8": {
            "name": "Center of Shoulder",
            "x": 0.09607014805078506,
            "y": 0.07068200409412384,
            "z": 0.9108903408050537
        },
        "9": {
            "name": "Neck",
            "x": 0.12535279989242554,
            "y": 0.12140350788831711,
            "z": 0.9437229633331299
        },
        "10": {
            "name": "Head",
            "x": 0.1396394968032837,
            "y": 0.1368756890296936,
            "z": 1.0
        },
        "11": {
            "name": "Right Shoulder",
            "x": 0.0031163448002189398,
            "y": 0.11831995844841003,
            "z": 0.8878400325775146
        },
        "12": {
            "name": "Right Elbow",
            "x": -0.10012903064489365,
            "y": 0.25191181898117065,
            "z": 0.8033865690231323
        },
        "13": {
            "name": "Right Wrist",
            "x": -0.00319667998701334,
            "y": 0.31632065773010254,
            "z": 0.832918107509613
        },
        "14": {
            "name": "Left Shoulder",
            "x": 0.18394634127616882,
            "y": -0.004990636836737394,
            "z": 0.8733850717544556
        },
        "15": {
            "name": "Left Elbow",
            "x": 0.23323267698287964,
            "y": -0.05541348084807396,
            "z": 0.6403987407684326
        },
        "16": {
            "name": "Left Wrist",
            "x": 0.2940881550312042,
            "y": -0.053168896585702896,
            "z": 0.5182715058326721
        }
    }
}