{
    "image_path": "00023/img/6.jpg",
    "shooter_tracklet_id": 7,
    "bbox": {
        "x": 370,
        "y": 533,
        "w": 100,
        "h": 100
    },
    "keypoint_2d": {
        "0": {
            "name": "Center of Hips",
            "x": 46.88,
            "y": 39.24
        },
        "1": {
            "name": "Left Hip",
            "x": 38.61,
            "y": 39.23
        },
        "2": {
            "name": "Left Knee",
            "x": 35.94,
            "y": 66.56
        },
        "3": {
            "name": "Left Ankle",
            "x": 41.53,
            "y": 85.4
        },
        "4": {
            "name": "Right Hip",
            "x": 54.14,
            "y": 39.03
        },
        "5": {
            "name": "Right Knee",
            "x": 48.46,
            "y": 61.14
        },
        "6": {
            "name": "Right Ankle",
            "x": 54.29,
            "y": 73.99
        },
        "7": {
            "name": "Center of Body",
            "x": 46.01,
            "y": 26.11
        },
        "8": {
            "name": "Center of Shoulder",
            "x": 44.32,
            "y": 15.39
        },
        "9": {
            "name": "Neck",
            "x": 44.29,
            "y": 13.78
        },
        "10": {
            "name": "Head",
            "x": 44.24,
            "y": 10.72
        },
        "11": {
            "name": "Right Shoulder",
            "x": 53.19,
            "y": 17.91
        },
        "12": {
            "name": "Right Elbow",
            "x": 66.28,
            "y": 25.66
        },
        "13": {
            "name": "Right Wrist",
            "x": 79.23,
            "y": 27.5
        },
        "14": {
            "name": "Left Shoulder",
            "x": 34.23,
            "y": 17.41
        },
        "15": {
            "name": "Left Elbow",
            "x": 28.16,
            "y": 34.36
        },
        "16": {
            "name": "Left Wrist",
            "x": 28.04,
            "y": 48.83
        }
    },
    "keypoint_3d": {
        "0": {
            "name": "Center of Hips",
            "x": 0.0,
            "y": 0.0,
            "z": 0.5982047915458679
        },
        "1": {
            "name": "Left Hip",
            "x": 0.10075140744447708,
            "y": -0.01301928237080574,
            "z": 0.592025101184845
        },
        "2": {
            "name": "Left Knee",
            "x": 0.16507753729820251,
            "y": 0.039268024265766144,
            "z": 0.2318824678659439
        },
        "3": {
            "name": "Left Ankle",
            "x": 0.07540349662303925,
            "y": 0.05624964460730553,
            "z": 0.0
        },
        "4": {
            "name": "Right Hip",
            "x": -0.08627946674823761,
            "y": 0.04160717874765396,
            "z": 0.6011882424354553
        },
        "5": {
            "name": "Right Knee",
            "x": -0.0340534932911396,
            "y": 0.026301078498363495,
            "z": 0.30288639664649963
        },
        "6": {
            "name": "Right Ankle",
            "x": -0.16362306475639343,
            "y": -0.020257985219359398,
            "z": 0.12526503205299377
        },
        "7": {
            "name": "Center of Body",
            "x": 0.013977020047605038,
            "y": 0.0024423748254776,
            "z": 0.7564312219619751
        },
        "8": {
            "name": "Center of Shoulder",
            "x": 0.08404278755187988,
            "y": 0.08322864025831223,
            "z": 0.9102763533592224
        },
        "9": {
            "name": "Neck",
            "x": 0.11345608532428741,
            "y": 0.13560794293880463,
            "z": 0.9446651935577393
        },
        "10": {
            "name": "Head",
            "x": 0.12714172899723053,
            "y": 0.15239351987838745,
            "z": 1.0
        },
        "11": {
            "name": "Right Shoulder",
            "x": -0.012758718803524971,
            "y": 0.12830451130867004,
            "z": 0.8843433856964111
        },
        "12": {
            "name": "Right Elbow",
            "x": -0.13779586553573608,
            "y": 0.2401297390460968,
            "z": 0.799356997013092
        },
        "13": {
            "name": "Right Wrist",
            "x": -0.17863574624061584,
            "y": 0.3638041317462921,
            "z": 0.7984681129455566
        },
        "14": {
            "name": "Left Shoulder",
            "x": 0.18177001178264618,
            "y": 0.004204809200018644,
            "z": 0.8822636008262634
        },
        "15": {
            "name": "Left Elbow",
            "x": 0.23746530711650848,
            "y": -0.041267797350883484,
            "z": 0.6574781537055969
        },
        "16": {
            "name": "Left Wrist",
            "x": 0.2718769609928131,
            "y": -0.017875082790851593,
            "z": 0.5159626007080078
        }
    }
}