{
    "image_path": "00023/img/7.jpg",
    "shooter_tracklet_id": 7,
    "bbox": {
        "x": 369,
        "y": 538,
        "w": 100,
        "h": 100
    },
    "keypoint_2d": {
        "0": {
            "name": "Center of Hips",
            "x": 44.05,
            "y": 39.17
        },
        "1": {
            "name": "Left Hip",
            "x": 35.7,
            "y": 39.37
        },
        "2": {
            "name": "Left Knee",
            "x": 36.05,
            "y": 67.59
        },
        "3": {
            "name": "Left Ankle",
            "x": 40.72,
            "y": 86.4
        },
        "4": {
            "name": "Right Hip",
            "x": 51.8,
            "y": 38.82
        },
        "5": {
            "name": "Right Knee",
            "x": 45.49,
            "y": 61.95
        },
        "6": {
            "name": "Right Ankle",
            "x": 47.71,
            "y": 75.04
        },
        "7": {
            "name": "Center of Body",
            "x": 43.35,
            "y": 26.5
        },
        "8": {
            "name": "Center of Shoulder",
            "x": 42.7,
            "y": 15.93
        },
        "9": {
            "name": "Neck",
            "x": 42.5,
            "y": 14.38
        },
        "10": {
            "name": "Head",
            "x": 42.19,
            "y": 10.54
        },
        "11": {
            "name": "Right Shoulder",
            "x": 49.91,
            "y": 17.64
        },
        "12": {
            "name": "Right Elbow",
            "x": 64.06,
            "y": 27.35
        },
        "13": {
            "name": "Right Wrist",
            "x": 76.99,
            "y": 29.45
        },
        "14": {
            "name": "Left Shoulder",
            "x": 32.72,
            "y": 17.55
        },
        "15": {
            "name": "Left Elbow",
            "x": 24.72,
            "y": 37.42
        },
        "16": {
            "name": "Left Wrist",
            "x": 27.3,
            "y": 44.29
        }
    },
    "keypoint_3d": {
        "0": {
            "name": "Center of Hips",
            "x": 0.0,
            "y": 0.0,
            "z": 0.6050765514373779
        },
        "1": {
            "name": "Left Hip",
            "x": 0.10749398916959763,
            "y": -0.005769593641161919,
            "z": 0.6011381149291992
        },
        "2": {
            "name": "Left Knee",
            "x": 0.1438966989517212,
            "y": 0.05870777368545532,
            "z": 0.22051259875297546
        },
        "3": {
            "name": "Left Ankle",
            "x": 0.05459868535399437,
            "y": 0.07570083439350128,
            "z": 0.0
        },
        "4": {
            "name": "Right Hip",
            "x": -0.08961589634418488,
            "y": 0.034786079078912735,
            "z": 0.6059657335281372
        },
        "5": {
            "name": "Right Knee",
            "x": -0.037063103169202805,
            "y": 0.008446329273283482,
            "z": 0.3136242628097534
        },
        "6": {
            "name": "Right Ankle",
            "x": -0.123801589012146,
            "y": -0.06191971153020859,
            "z": 0.12265262007713318
        },
        "7": {
            "name": "Center of Body",
            "x": 0.011639576405286789,
            "y": 0.005341123323887587,
            "z": 0.7643123269081116
        },
        "8": {
            "name": "Center of Shoulder",
            "x": 0.07160195708274841,
            "y": 0.0941915288567543,
            "z": 0.9193903803825378
        },
        "9": {
            "name": "Neck",
            "x": 0.09810338914394379,
            "y": 0.14494289457798004,
            "z": 0.9470803737640381
        },
        "10": {
            "name": "Head",
            "x": 0.11078091710805893,
            "y": 0.15754812955856323,
            "z": 1.0
        },
        "11": {
            "name": "Right Shoulder",
            "x": -0.0246796365827322,
            "y": 0.12682490050792694,
            "z": 0.8878762722015381
        },
        "12": {
            "name": "Right Elbow",
            "x": -0.18727847933769226,
            "y": 0.19575147330760956,
            "z": 0.7787524461746216
        },
        "13": {
            "name": "Right Wrist",
            "x": -0.3052007257938385,
            "y": 0.3011060059070587,
            "z": 0.7673757076263428
        },
        "14": {
            "name": "Left Shoulder",
            "x": 0.17668862640857697,
            "y": 0.014180208556354046,
            "z": 0.8953859210014343
        },
        "15": {
            "name": "Left Elbow",
            "x": 0.24802900850772858,
            "y": -0.007893111556768417,
            "z": 0.6723938584327698
        },
        "16": {
            "name": "Left Wrist",
            "x": 0.2931849956512451,
            "y": 0.09229345619678497,
            "z": 0.5538573265075684
        }
    }
}