{
    "image_path": "00023/img/8.jpg",
    "shooter_tracklet_id": 7,
    "bbox": {
        "x": 369,
        "y": 537,
        "w": 100,
        "h": 100
    },
    "keypoint_2d": {
        "0": {
            "name": "Center of Hips",
            "x": 46.56,
            "y": 39.02
        },
        "1": {
            "name": "Left Hip",
            "x": 38.93,
            "y": 38.72
        },
        "2": {
            "name": "Left Knee",
            "x": 39.45,
            "y": 66.87
        },
        "3": {
            "name": "Left Ankle",
            "x": 42.78,
            "y": 83.13
        },
        "4": {
            "name": "Right Hip",
            "x": 53.14,
            "y": 39.7
        },
        "5": {
            "name": "Right Knee",
            "x": 47.31,
            "y": 62.69
        },
        "6": {
            "name": "Right Ankle",
            "x": 46.95,
            "y": 73.32
        },
        "7": {
            "name": "Center of Body",
            "x": 47.67,
            "y": 26.62
        },
        "8": {
            "name": "Center of Shoulder",
            "x": 48.16,
            "y": 15.95
        },
        "9": {
            "name": "Neck",
            "x": 48.28,
            "y": 14.35
        },
        "10": {
            "name": "Head",
            "x": 48.16,
            "y": 10.8
        },
        "11": {
            "name": "Right Shoulder",
            "x": 55.32,
            "y": 18.28
        },
        "12": {
            "name": "Right Elbow",
            "x": 70.24,
            "y": 27.31
        },
        "13": {
            "name": "Right Wrist",
            "x": 81.9,
            "y": 29.69
        },
        "14": {
            "name": "Left Shoulder",
            "x": 39.13,
            "y": 16.39
        },
        "15": {
            "name": "Left Elbow",
            "x": 29.85,
            "y": 33.96
        },
        "16": {
            "name": "Left Wrist",
            "x": 30.19,
            "y": 44.7
        }
    },
    "keypoint_3d": {
        "0": {
            "name": "Center of Hips",
            "x": 0.0,
            "y": 0.0,
            "z": 0.5904228687286377
        },
        "1": {
            "name": "Left Hip",
            "x": 0.10686783492565155,
            "y": -0.009677286259829998,
            "z": 0.590335488319397
        },
        "2": {
            "name": "Left Knee",
            "x": 0.13464711606502533,
            "y": 0.06642565131187439,
            "z": 0.2224077582359314
        },
        "3": {
            "name": "Left Ankle",
            "x": 0.059043481945991516,
            "y": 0.06199394911527634,
            "z": 0.0
        },
        "4": {
            "name": "Right Hip",
            "x": -0.08742862939834595,
            "y": 0.03281759098172188,
            "z": 0.5863000154495239
        },
        "5": {
            "name": "Right Knee",
            "x": -0.026092827320098877,
            "y": 0.011837922036647797,
            "z": 0.2821314036846161
        },
        "6": {
            "name": "Right Ankle",
            "x": -0.0938783511519432,
            "y": -0.11292468756437302,
            "z": 0.09366855770349503
        },
        "7": {
            "name": "Center of Body",
            "x": -0.003071108367294073,
            "y": 0.006199647206813097,
            "z": 0.7562311887741089
        },
        "8": {
            "name": "Center of Shoulder",
            "x": 0.045879460871219635,
            "y": 0.09607858210802078,
            "z": 0.916610836982727
        },
        "9": {
            "name": "Neck",
            "x": 0.07080288231372833,
            "y": 0.15114551782608032,
            "z": 0.9443694949150085
        },
        "10": {
            "name": "Head",
            "x": 0.0834709107875824,
            "y": 0.16532482206821442,
            "z": 1.0
        },
        "11": {
            "name": "Right Shoulder",
            "x": -0.04570528864860535,
            "y": 0.12837280333042145,
            "z": 0.8797739148139954
        },
        "12": {
            "name": "Right Elbow",
            "x": -0.21351300179958344,
            "y": 0.20297065377235413,
            "z": 0.7669079899787903
        },
        "13": {
            "name": "Right Wrist",
            "x": -0.3420974910259247,
            "y": 0.3073144555091858,
            "z": 0.7550231218338013
        },
        "14": {
            "name": "Left Shoulder",
            "x": 0.14464110136032104,
            "y": 0.020980199798941612,
            "z": 0.9037868976593018
        },
        "15": {
            "name": "Left Elbow",
            "x": 0.2390861213207245,
            "y": -0.006749123800545931,
            "z": 0.6756980419158936
        },
        "16": {
            "name": "Left Wrist",
            "x": 0.2871604859828949,
            "y": 0.07927432656288147,
            "z": 0.5437659621238708
        }
    }
}