{
    "image_path": "00023/img/9.jpg",
    "shooter_tracklet_id": 7,
    "bbox": {
        "x": 368,
        "y": 538,
        "w": 100,
        "h": 100
    },
    "keypont_2d": {
        "0": {
            "name": "Center of Hips",
            "x": 46.56,
            "y": 41.1
        },
        "1": {
            "name": "Left Hip",
            "x": 39.2,
            "y": 41.35
        },
        "2": {
            "name": "Left Knee",
            "x": 36.87,
            "y": 67.61
        },
        "3": {
            "name": "Left Ankle",
            "x": 43.37,
            "y": 77.55
        },
        "4": {
            "name": "Right Hip",
            "x": 53.84,
            "y": 41.39
        },
        "5": {
            "name": "Right Knee",
            "x": 46.69,
            "y": 62.82
        },
        "6": {
            "name": "Right Ankle",
            "x": 41.61,
            "y": 81.05
        },
        "7": {
            "name": "Center of Body",
            "x": 50.04,
            "y": 28.33
        },
        "8": {
            "name": "Center of Shoulder",
            "x": 52.09,
            "y": 17.42
        },
        "9": {
            "name": "Neck",
            "x": 52.19,
            "y": 15.78
        },
        "10": {
            "name": "Head",
            "x": 52.33,
            "y": 11.9
        },
        "11": {
            "name": "Right Shoulder",
            "x": 58.88,
            "y": 19.68
        },
        "12": {
            "name": "Right Elbow",
            "x": 70.43,
            "y": 27.43
        },
        "13": {
            "name": "Right Wrist",
            "x": 84.85,
            "y": 29.32
        },
        "14": {
            "name": "Left Shoulder",
            "x": 42.74,
            "y": 17.93
        },
        "15": {
            "name": "Left Elbow",
            "x": 32.94,
            "y": 33.37
        },
        "16": {
            "name": "Left Wrist",
            "x": 27.79,
            "y": 44.29
        }
    },
    "keypont_3d": {
        "0": {
            "name": "Center of Hips",
            "x": 0.0,
            "y": 0.0,
            "z": 0.5553431510925293
        },
        "1": {
            "name": "Left Hip",
            "x": 0.11789456754922867,
            "y": -0.01116565614938736,
            "z": 0.5577976703643799
        },
        "2": {
            "name": "Left Knee",
            "x": 0.16776224970817566,
            "y": 0.05731615796685219,
            "z": 0.16794416308403015
        },
        "3": {
            "name": "Left Ankle",
            "x": 0.014369750395417213,
            "y": -0.057085271924734116,
            "z": 0.0
        },
        "4": {
            "name": "Right Hip",
            "x": -0.09440098702907562,
            "y": 0.03246831148862839,
            "z": 0.5454578995704651
        },
        "5": {
            "name": "Right Knee",
            "x": -0.018000777810811996,
            "y": -0.005870227701961994,
            "z": 0.2290506213903427
        },
        "6": {
            "name": "Right Ankle",
            "x": -0.057394322007894516,
            "y": -0.11986391246318817,
            "z": 0.016001872718334198
        },
        "7": {
            "name": "Center of Body",
            "x": -0.02624603733420372,
            "y": -0.0001492923911428079,
            "z": 0.7271854281425476
        },
        "8": {
            "name": "Center of Shoulder",
            "x": 0.0012201995123177767,
            "y": 0.09313374757766724,
            "z": 0.9056430459022522
        },
        "9": {
            "name": "Neck",
            "x": 0.028786102309823036,
            "y": 0.1599462777376175,
            "z": 0.9377301931381226
        },
        "10": {
            "name": "Head",
            "x": 0.04084829241037369,
            "y": 0.1798180788755417,
            "z": 1.0
        },
        "11": {
            "name": "Right Shoulder",
            "x": -0.09555629640817642,
            "y": 0.12100671976804733,
            "z": 0.8661830425262451
        },
        "12": {
            "name": "Right Elbow",
            "x": -0.2605486810207367,
            "y": 0.1996750384569168,
            "z": 0.7537992596626282
        },
        "13": {
            "name": "Right Wrist",
            "x": -0.39682427048683167,
            "y": 0.32404398918151855,
            "z": 0.7520177960395813
        },
        "14": {
            "name": "Left Shoulder",
            "x": 0.10210467875003815,
            "y": 0.02352060005068779,
            "z": 0.8894261121749878
        },
        "15": {
            "name": "Left Elbow",
            "x": 0.22111526131629944,
            "y": -0.027737611904740334,
            "z": 0.66690593957901
        },
        "16": {
            "name": "Left Wrist",
            "x": 0.2865578830242157,
            "y": -0.005768014583736658,
            "z": 0.5100764036178589
        }
    }
}