{
    "image_path": "00023/img/10.jpg",
    "shooter_tracklet_id": 7,
    "bbox": {
        "x": 366,
        "y": 546,
        "w": 100,
        "h": 100
    },
    "keypont_2d": {
        "0": {
            "name": "Center of Hips",
            "x": 44.83,
            "y": 49.97
        },
        "1": {
            "name": "Left Hip",
            "x": 37.31,
            "y": 48.09
        },
        "2": {
            "name": "Left Knee",
            "x": 25.26,
            "y": 67.72
        },
        "3": {
            "name": "Left Ankle",
            "x": 32.26,
            "y": 66.21
        },
        "4": {
            "name": "Right Hip",
            "x": 51.1,
            "y": 51.69
        },
        "5": {
            "name": "Right Knee",
            "x": 40.13,
            "y": 69.39
        },
        "6": {
            "name": "Right Ankle",
            "x": 32.06,
            "y": 79.6
        },
        "7": {
            "name": "Center of Body",
            "x": 48.12,
            "y": 36.5
        },
        "8": {
            "name": "Center of Shoulder",
            "x": 50.47,
            "y": 24.76
        },
        "9": {
            "name": "Neck",
            "x": 50.63,
            "y": 21.88
        },
        "10": {
            "name": "Head",
            "x": 50.06,
            "y": 15.95
        },
        "11": {
            "name": "Right Shoulder",
            "x": 56.89,
            "y": 26.16
        },
        "12": {
            "name": "Right Elbow",
            "x": 73.18,
            "y": 28.51
        },
        "13": {
            "name": "Right Wrist",
            "x": 83.51,
            "y": 27.42
        },
        "14": {
            "name": "Left Shoulder",
            "x": 42.64,
            "y": 23.5
        },
        "15": {
            "name": "Left Elbow",
            "x": 29.95,
            "y": 35.09
        },
        "16": {
            "name": "Left Wrist",
            "x": 21.81,
            "y": 40.89
        }
    },
    "keypont_3d": {
        "0": {
            "name": "Center of Hips",
            "x": 0.0,
            "y": 0.0,
            "z": 0.5080013275146484
        },
        "1": {
            "name": "Left Hip",
            "x": 0.10548413544893265,
            "y": -0.035477448254823685,
            "z": 0.5243798494338989
        },
        "2": {
            "name": "Left Knee",
            "x": 0.28713610768318176,
            "y": -0.011548694223165512,
            "z": 0.17292094230651855
        },
        "3": {
            "name": "Left Ankle",
            "x": 0.11307960003614426,
            "y": -0.24801428616046906,
            "z": 0.14339052140712738
        },
        "4": {
            "name": "Right Hip",
            "x": -0.09057491272687912,
            "y": 0.05832963064312935,
            "z": 0.4789327085018158
        },
        "5": {
            "name": "Right Knee",
            "x": 0.11931794881820679,
            "y": 0.1501368284225464,
            "z": 0.1917424499988556
        },
        "6": {
            "name": "Right Ankle",
            "x": 0.18011285364627838,
            "y": -0.052052877843379974,
            "z": 0.0
        },
        "7": {
            "name": "Center of Body",
            "x": -0.042842548340559006,
            "y": 0.0180438794195652,
            "z": 0.6844319701194763
        },
        "8": {
            "name": "Center of Shoulder",
            "x": -0.04780047386884689,
            "y": 0.061676301062107086,
            "z": 0.8653372526168823
        },
        "9": {
            "name": "Neck",
            "x": -0.022632615640759468,
            "y": 0.12164900451898575,
            "z": 0.9131312966346741
        },
        "10": {
            "name": "Head",
            "x": -0.012832190841436386,
            "y": 0.12165916711091995,
            "z": 1.0
        },
        "11": {
            "name": "Right Shoulder",
            "x": -0.14554844796657562,
            "y": 0.07513061910867691,
            "z": 0.8300789594650269
        },
        "12": {
            "name": "Right Elbow",
            "x": -0.31215164065361023,
            "y": 0.16313645243644714,
            "z": 0.7704062461853027
        },
        "13": {
            "name": "Right Wrist",
            "x": -0.46674227714538574,
            "y": 0.28631100058555603,
            "z": 0.790317952632904
        },
        "14": {
            "name": "Left Shoulder",
            "x": 0.04454460367560387,
            "y": -0.014275611378252506,
            "z": 0.8639557361602783
        },
        "15": {
            "name": "Left Elbow",
            "x": 0.24175450205802917,
            "y": -0.02633543312549591,
            "z": 0.7072085738182068
        },
        "16": {
            "name": "Left Wrist",
            "x": 0.3971737325191498,
            "y": 0.016714783385396004,
            "z": 0.6074442267417908
        }
    }
}