{
    "image_path": "00023/img/11.jpg",
    "shooter_tracklet_id": 7,
    "bbox": {
        "x": 366,
        "y": 548,
        "w": 100,
        "h": 100
    },
    "keypoint_2d": {
        "0": {
            "name": "Center of Hips",
            "x": 45.77,
            "y": 50.13
        },
        "1": {
            "name": "Left Hip",
            "x": 38.41,
            "y": 48.4
        },
        "2": {
            "name": "Left Knee",
            "x": 22.91,
            "y": 67.82
        },
        "3": {
            "name": "Left Ankle",
            "x": 26.67,
            "y": 67.38
        },
        "4": {
            "name": "Right Hip",
            "x": 52.35,
            "y": 51.69
        },
        "5": {
            "name": "Right Knee",
            "x": 40.13,
            "y": 69.39
        },
        "6": {
            "name": "Right Ankle",
            "x": 29.91,
            "y": 81.2
        },
        "7": {
            "name": "Center of Body",
            "x": 48.75,
            "y": 36.81
        },
        "8": {
            "name": "Center of Shoulder",
            "x": 51.1,
            "y": 26.16
        },
        "9": {
            "name": "Neck",
            "x": 51.72,
            "y": 23.35
        },
        "10": {
            "name": "Head",
            "x": 50.62,
            "y": 18.18
        },
        "11": {
            "name": "Right Shoulder",
            "x": 57.83,
            "y": 27.42
        },
        "12": {
            "name": "Right Elbow",
            "x": 68.64,
            "y": 31.18
        },
        "13": {
            "name": "Right Wrist",
            "x": 81.95,
            "y": 26.79
        },
        "14": {
            "name": "Left Shoulder",
            "x": 44.36,
            "y": 25.07
        },
        "15": {
            "name": "Left Elbow",
            "x": 29.33,
            "y": 35.09
        },
        "16": {
            "name": "Left Wrist",
            "x": 22.12,
            "y": 39.01
        }
    },
    "keypoint_3d": {
        "0": {
            "name": "Center of Hips",
            "x": 0.0,
            "y": 0.0,
            "z": 0.5119062066078186
        },
        "1": {
            "name": "Left Hip",
            "x": 0.10419328510761261,
            "y": -0.04214105382561684,
            "z": 0.5292089581489563
        },
        "2": {
            "name": "Left Knee",
            "x": 0.34353238344192505,
            "y": -0.04483824223279953,
            "z": 0.20483551919460297
        },
        "3": {
            "name": "Left Ankle",
            "x": 0.18987566232681274,
            "y": -0.2689804434776306,
            "z": 0.15615008771419525
        },
        "4": {
            "name": "Right Hip",
            "x": -0.09376576542854309,
            "y": 0.056549105793237686,
            "z": 0.48139190673828125
        },
        "5": {
            "name": "Right Knee",
            "x": 0.14277490973472595,
            "y": 0.14473140239715576,
            "z": 0.19840185344219208
        },
        "6": {
            "name": "Right Ankle",
            "x": 0.20823319256305695,
            "y": -0.0563531331717968,
            "z": 0.0
        },
        "7": {
            "name": "Center of Body",
            "x": -0.047788817435503006,
            "y": 0.02047995664179325,
            "z": 0.6951377987861633
        },
        "8": {
            "name": "Center of Shoulder",
            "x": -0.054042406380176544,
            "y": 0.06852953135967255,
            "z": 0.870202362537384
        },
        "9": {
            "name": "Neck",
            "x": -0.03249218687415123,
            "y": 0.12407969683408737,
            "z": 0.9188611507415771
        },
        "10": {
            "name": "Head",
            "x": -0.01953359879553318,
            "y": 0.11167211830615997,
            "z": 1.0
        },
        "11": {
            "name": "Right Shoulder",
            "x": -0.15697568655014038,
            "y": 0.07496695965528488,
            "z": 0.8379700779914856
        },
        "12": {
            "name": "Right Elbow",
            "x": -0.31209564208984375,
            "y": 0.15064683556556702,
            "z": 0.7777053117752075
        },
        "13": {
            "name": "Right Wrist",
            "x": -0.45920905470848083,
            "y": 0.2773990035057068,
            "z": 0.8575565218925476
        },
        "14": {
            "name": "Left Shoulder",
            "x": 0.027926994487643242,
            "y": -0.0186088215559721,
            "z": 0.8682011365890503
        },
        "15": {
            "name": "Left Elbow",
            "x": 0.2522636950016022,
            "y": -0.04322176054120064,
            "z": 0.7278920412063599
        },
        "16": {
            "name": "Left Wrist",
            "x": 0.4192277491092682,
            "y": 0.006871976889669895,
            "z": 0.6704362630844116
        }
    }
}