{
    "image_path": "00023/img/12.jpg",
    "shooter_tracklet_id": 7,
    "bbox": {
        "x": 366,
        "y": 548,
        "w": 100,
        "h": 100
    },
    "keypoint_2d": {
        "0": {
            "name": "Center of Hips",
            "x": 47.96,
            "y": 50.6
        },
        "1": {
            "name": "Left Hip",
            "x": 40.76,
            "y": 48.72
        },
        "2": {
            "name": "Left Knee",
            "x": 26.31,
            "y": 66.73
        },
        "3": {
            "name": "Left Ankle",
            "x": 15.37,
            "y": 74.92
        },
        "4": {
            "name": "Right Hip",
            "x": 54.92,
            "y": 52.27
        },
        "5": {
            "name": "Right Knee",
            "x": 42.95,
            "y": 70.64
        },
        "6": {
            "name": "Right Ankle",
            "x": 33.26,
            "y": 81.14
        },
        "7": {
            "name": "Center of Body",
            "x": 51.72,
            "y": 38.69
        },
        "8": {
            "name": "Center of Shoulder",
            "x": 55.01,
            "y": 27.57
        },
        "9": {
            "name": "Neck",
            "x": 54.7,
            "y": 24.13
        },
        "10": {
            "name": "Head",
            "x": 52.82,
            "y": 18.82
        },
        "11": {
            "name": "Right Shoulder",
            "x": 61.9,
            "y": 28.36
        },
        "12": {
            "name": "Right Elbow",
            "x": 72.08,
            "y": 31.96
        },
        "13": {
            "name": "Right Wrist",
            "x": 82.1,
            "y": 27.42
        },
        "14": {
            "name": "Left Shoulder",
            "x": 47.34,
            "y": 26.32
        },
        "15": {
            "name": "Left Elbow",
            "x": 33.2,
            "y": 34.19
        },
        "16": {
            "name": "Left Wrist",
            "x": 26.98,
            "y": 36.97
        }
    },
    "keypoint_3d": {
        "0": {
            "name": "Center of Hips",
            "x": 0.0,
            "y": 0.0,
            "z": 0.5150798559188843
        },
        "1": {
            "name": "Left Hip",
            "x": 0.10395735502243042,
            "y": -0.04426761716604233,
            "z": 0.5349226593971252
        },
        "2": {
            "name": "Left Knee",
            "x": 0.36575016379356384,
            "y": -0.04967406764626503,
            "z": 0.23622389137744904
        },
        "3": {
            "name": "Left Ankle",
            "x": 0.2807917296886444,
            "y": -0.2578686475753784,
            "z": 0.1312347948551178
        },
        "4": {
            "name": "Right Hip",
            "x": -0.09715734422206879,
            "y": 0.05501924455165863,
            "z": 0.4858052432537079
        },
        "5": {
            "name": "Right Knee",
            "x": 0.1435243934392929,
            "y": 0.1394437700510025,
            "z": 0.20098315179347992
        },
        "6": {
            "name": "Right Ankle",
            "x": 0.22963595390319824,
            "y": -0.05902991443872452,
            "z": 0.0
        },
        "7": {
            "name": "Center of Body",
            "x": -0.053999241441488266,
            "y": 0.02571730501949787,
            "z": 0.6936405897140503
        },
        "8": {
            "name": "Center of Shoulder",
            "x": -0.06220538914203644,
            "y": 0.08229707181453705,
            "z": 0.8708476424217224
        },
        "9": {
            "name": "Neck",
            "x": -0.03614272177219391,
            "y": 0.13332514464855194,
            "z": 0.9223763942718506
        },
        "10": {
            "name": "Head",
            "x": -0.0203108973801136,
            "y": 0.10717177391052246,
            "z": 1.0
        },
        "11": {
            "name": "Right Shoulder",
            "x": -0.17069536447525024,
            "y": 0.08144982159137726,
            "z": 0.8398534059524536
        },
        "12": {
            "name": "Right Elbow",
            "x": -0.31076663732528687,
            "y": 0.1892165243625641,
            "z": 0.7970510125160217
        },
        "13": {
            "name": "Right Wrist",
            "x": -0.39648327231407166,
            "y": 0.3489615321159363,
            "z": 0.8944236040115356
        },
        "14": {
            "name": "Left Shoulder",
            "x": 0.019645610824227333,
            "y": -0.010590583086013794,
            "z": 0.8725920915603638
        },
        "15": {
            "name": "Left Elbow",
            "x": 0.25360310077667236,
            "y": -0.02696208842098713,
            "z": 0.7584697604179382
        },
        "16": {
            "name": "Left Wrist",
            "x": 0.40959978103637695,
            "y": 0.040706817060709,
            "z": 0.736905574798584
        }
    }
}