{
    "image_path": "00023/img/13.jpg",
    "shooter_tracklet_id": 7,
    "bbox": {
        "x": 366,
        "y": 547,
        "w": 100,
        "h": 100
    },
    "keypont_2d": {
        "0": {
            "name": "Center of Hips",
            "x": 52.04,
            "y": 51.06
        },
        "1": {
            "name": "Left Hip",
            "x": 45.13,
            "y": 49.83
        },
        "2": {
            "name": "Left Knee",
            "x": 30.42,
            "y": 66.1
        },
        "3": {
            "name": "Left Ankle",
            "x": 21.65,
            "y": 70.64
        },
        "4": {
            "name": "Right Hip",
            "x": 59.44,
            "y": 52.49
        },
        "5": {
            "name": "Right Knee",
            "x": 46.71,
            "y": 70.17
        },
        "6": {
            "name": "Right Ankle",
            "x": 37.44,
            "y": 81.59
        },
        "7": {
            "name": "Center of Body",
            "x": 56.27,
            "y": 38.22
        },
        "8": {
            "name": "Center of Shoulder",
            "x": 58.93,
            "y": 26.63
        },
        "9": {
            "name": "Neck",
            "x": 59.4,
            "y": 22.88
        },
        "10": {
            "name": "Head",
            "x": 56.21,
            "y": 17.95
        },
        "11": {
            "name": "Right Shoulder",
            "x": 66.13,
            "y": 28.2
        },
        "12": {
            "name": "Right Elbow",
            "x": 73.18,
            "y": 33.06
        },
        "13": {
            "name": "Right Wrist",
            "x": 79.91,
            "y": 29.77
        },
        "14": {
            "name": "Left Shoulder",
            "x": 51.72,
            "y": 25.38
        },
        "15": {
            "name": "Left Elbow",
            "x": 40.13,
            "y": 33.37
        },
        "16": {
            "name": "Left Wrist",
            "x": 34.81,
            "y": 36.34
        }
    },
    "keypont_3d": {
        "0": {
            "name": "Center of Hips",
            "x": 0.0,
            "y": 0.0,
            "z": 0.5131360292434692
        },
        "1": {
            "name": "Left Hip",
            "x": 0.09276444464921951,
            "y": -0.06274764239788055,
            "z": 0.5242618918418884
        },
        "2": {
            "name": "Left Knee",
            "x": 0.27948155999183655,
            "y": -0.14695170521736145,
            "z": 0.24848997592926025
        },
        "3": {
            "name": "Left Ankle",
            "x": 0.27640649676322937,
            "y": -0.33961084485054016,
            "z": 0.15755775570869446
        },
        "4": {
            "name": "Right Hip",
            "x": -0.09723939001560211,
            "y": 0.0614628791809082,
            "z": 0.48489832878112793
        },
        "5": {
            "name": "Right Knee",
            "x": 0.14955277740955353,
            "y": 0.13973726332187653,
            "z": 0.2044568657875061
        },
        "6": {
            "name": "Right Ankle",
            "x": 0.2265181988477707,
            "y": -0.06661207228899002,
            "z": 0.0
        },
        "7": {
            "name": "Center of Body",
            "x": -0.054169800132513046,
            "y": 0.02404933236539364,
            "z": 0.691800057888031
        },
        "8": {
            "name": "Center of Shoulder",
            "x": -0.0690537542104721,
            "y": 0.07081697136163712,
            "z": 0.8660597205162048
        },
        "9": {
            "name": "Neck",
            "x": -0.04406357929110527,
            "y": 0.12179706245660782,
            "z": 0.9254355430603027
        },
        "10": {
            "name": "Head",
            "x": -0.01707526482641697,
            "y": 0.08400668948888779,
            "z": 1.0
        },
        "11": {
            "name": "Right Shoulder",
            "x": -0.17759139835834503,
            "y": 0.09146249294281006,
            "z": 0.8384373188018799
        },
        "12": {
            "name": "Right Elbow",
            "x": -0.23067742586135864,
            "y": 0.2652718722820282,
            "z": 0.7963986992835999
        },
        "13": {
            "name": "Right Wrist",
            "x": -0.1887081265449524,
            "y": 0.3940410017967224,
            "z": 0.8461814522743225
        },
        "14": {
            "name": "Left Shoulder",
            "x": 0.01284743845462799,
            "y": -0.01699265092611313,
            "z": 0.8705127835273743
        },
        "15": {
            "name": "Left Elbow",
            "x": 0.22930030524730682,
            "y": 0.008870735764503479,
            "z": 0.7760432958602905
        },
        "16": {
            "name": "Left Wrist",
            "x": 0.3723323941230774,
            "y": 0.09113035351037979,
            "z": 0.7637971043586731
        }
    }
}