{
    "image_path": "00023/img/14.jpg",
    "shooter_tracklet_id": 7,
    "bbox": {
        "x": 366,
        "y": 547,
        "w": 100,
        "h": 100
    },
    "keypoint_2d": {
        "0": {
            "name": "Center of Hips",
            "x": 53.6,
            "y": 50.13
        },
        "1": {
            "name": "Left Hip",
            "x": 47.81,
            "y": 47.78
        },
        "2": {
            "name": "Left Knee",
            "x": 38.21,
            "y": 63.99
        },
        "3": {
            "name": "Left Ankle",
            "x": 31.05,
            "y": 65.94
        },
        "4": {
            "name": "Right Hip",
            "x": 60.23,
            "y": 52.73
        },
        "5": {
            "name": "Right Knee",
            "x": 47.96,
            "y": 71.11
        },
        "6": {
            "name": "Right Ankle",
            "x": 40.92,
            "y": 81.92
        },
        "7": {
            "name": "Center of Body",
            "x": 59.55,
            "y": 36.66
        },
        "8": {
            "name": "Center of Shoulder",
            "x": 62.69,
            "y": 26.32
        },
        "9": {
            "name": "Neck",
            "x": 61.75,
            "y": 23.19
        },
        "10": {
            "name": "Head",
            "x": 60.51,
            "y": 18.99
        },
        "11": {
            "name": "Right Shoulder",
            "x": 70.36,
            "y": 28.36
        },
        "12": {
            "name": "Right Elbow",
            "x": 74.65,
            "y": 34.49
        },
        "13": {
            "name": "Right Wrist",
            "x": 63.62,
            "y": 34.15
        },
        "14": {
            "name": "Left Shoulder",
            "x": 55.95,
            "y": 24.76
        },
        "15": {
            "name": "Left Elbow",
            "x": 45.15,
            "y": 32.59
        },
        "16": {
            "name": "Left Wrist",
            "x": 40.13,
            "y": 36.97
        }
    },
    "keypoint_3d": {
        "0": {
            "name": "Center of Hips",
            "x": 0.0,
            "y": 0.0,
            "z": 0.5330742001533508
        },
        "1": {
            "name": "Left Hip",
            "x": 0.07658466696739197,
            "y": -0.07571270316839218,
            "z": 0.5508947372436523
        },
        "2": {
            "name": "Left Knee",
            "x": 0.20539037883281708,
            "y": -0.18277741968631744,
            "z": 0.26770785450935364
        },
        "3": {
            "name": "Left Ankle",
            "x": 0.25854507088661194,
            "y": -0.378683865070343,
            "z": 0.18692004680633545
        },
        "4": {
            "name": "Right Hip",
            "x": -0.08166727423667908,
            "y": 0.06681391596794128,
            "z": 0.4971795976161957
        },
        "5": {
            "name": "Right Knee",
            "x": 0.14905618131160736,
            "y": 0.10662233084440231,
            "z": 0.20528832077980042
        },
        "6": {
            "name": "Right Ankle",
            "x": 0.19361314177513123,
            "y": -0.09125953167676926,
            "z": 0.0
        },
        "7": {
            "name": "Center of Body",
            "x": -0.07244649529457092,
            "y": 0.009256097488105297,
            "z": 0.7062940001487732
        },
        "8": {
            "name": "Center of Shoulder",
            "x": -0.08813236653804779,
            "y": 0.05393476039171219,
            "z": 0.8782767653465271
        },
        "9": {
            "name": "Neck",
            "x": -0.05163780599832535,
            "y": 0.11450975388288498,
            "z": 0.9344564080238342
        },
        "10": {
            "name": "Head",
            "x": -0.02803637832403183,
            "y": 0.09059406071901321,
            "z": 1.0
        },
        "11": {
            "name": "Right Shoulder",
            "x": -0.1953348070383072,
            "y": 0.0900796502828598,
            "z": 0.8504824042320251
        },
        "12": {
            "name": "Right Elbow",
            "x": -0.2055172324180603,
            "y": 0.26065897941589355,
            "z": 0.78755784034729
        },
        "13": {
            "name": "Right Wrist",
            "x": -0.025608006864786148,
            "y": 0.30004528164863586,
            "z": 0.8208844661712646
        },
        "14": {
            "name": "Left Shoulder",
            "x": -0.015598688274621964,
            "y": -0.031033048406243324,
            "z": 0.8814187049865723
        },
        "15": {
            "name": "Left Elbow",
            "x": 0.1872156411409378,
            "y": 0.008440091274678707,
            "z": 0.7923211455345154
        },
        "16": {
            "name": "Left Wrist",
            "x": 0.3178536295890808,
            "y": 0.10112522542476654,
            "z": 0.763036847114563
        }
    }
}