{
    "image_path": "00023/img/15.jpg",
    "shooter_tracklet_id": 7,
    "bbox": {
        "x": 368,
        "y": 554,
        "w": 100,
        "h": 100
    },
    "keypont_2d": {
        "0": {
            "name": "Center of Hips",
            "x": 50.17,
            "y": 47.53
        },
        "1": {
            "name": "Left Hip",
            "x": 44.22,
            "y": 44.56
        },
        "2": {
            "name": "Left Knee",
            "x": 52.6,
            "y": 47.08
        },
        "3": {
            "name": "Left Ankle",
            "x": 59.48,
            "y": 50.93
        },
        "4": {
            "name": "Right Hip",
            "x": 55.97,
            "y": 49.88
        },
        "5": {
            "name": "Right Knee",
            "x": 45.77,
            "y": 65.63
        },
        "6": {
            "name": "Right Ankle",
            "x": 39.35,
            "y": 83.01
        },
        "7": {
            "name": "Center of Body",
            "x": 55.01,
            "y": 36.97
        },
        "8": {
            "name": "Center of Shoulder",
            "x": 59.71,
            "y": 23.82
        },
        "9": {
            "name": "Neck",
            "x": 60.02,
            "y": 21.15
        },
        "10": {
            "name": "Head",
            "x": 60.81,
            "y": 16.14
        },
        "11": {
            "name": "Right Shoulder",
            "x": 65.35,
            "y": 26.48
        },
        "12": {
            "name": "Right Elbow",
            "x": 62.37,
            "y": 37.6
        },
        "13": {
            "name": "Right Wrist",
            "x": 52.19,
            "y": 38.85
        },
        "14": {
            "name": "Left Shoulder",
            "x": 54.07,
            "y": 21.78
        },
        "15": {
            "name": "Left Elbow",
            "x": 45.85,
            "y": 31.14
        },
        "16": {
            "name": "Left Wrist",
            "x": 42.64,
            "y": 37.6
        }
    },
    "keypont_3d": {
        "0": {
            "name": "Center of Hips",
            "x": 0.0,
            "y": 0.0,
            "z": 0.5453234314918518
        },
        "1": {
            "name": "Left Hip",
            "x": 0.07441338151693344,
            "y": -0.055356577038764954,
            "z": 0.5771130919456482
        },
        "2": {
            "name": "Left Knee",
            "x": -0.11768883466720581,
            "y": -0.23627959191799164,
            "z": 0.4834306538105011
        },
        "3": {
            "name": "Left Ankle",
            "x": -0.2554725408554077,
            "y": -0.3045729994773865,
            "z": 0.3873734474182129
        },
        "4": {
            "name": "Right Hip",
            "x": -0.06321395188570023,
            "y": 0.05921858176589012,
            "z": 0.5055926442146301
        },
        "5": {
            "name": "Right Knee",
            "x": 0.14388412237167358,
            "y": 0.1377463936805725,
            "z": 0.26138606667518616
        },
        "6": {
            "name": "Right Ankle",
            "x": 0.19935905933380127,
            "y": 0.023088714107871056,
            "z": 0.0
        },
        "7": {
            "name": "Center of Body",
            "x": -0.054528165608644485,
            "y": 0.03671739250421524,
            "z": 0.7042298316955566
        },
        "8": {
            "name": "Center of Shoulder",
            "x": -0.0911293551325798,
            "y": 0.06504415720701218,
            "z": 0.8766294717788696
        },
        "9": {
            "name": "Neck",
            "x": -0.06115761771798134,
            "y": 0.12564057111740112,
            "z": 0.928960919380188
        },
        "10": {
            "name": "Head",
            "x": -0.058079954236745834,
            "y": 0.12363816052675247,
            "z": 1.0
        },
        "11": {
            "name": "Right Shoulder",
            "x": -0.16749562323093414,
            "y": 0.10293509066104889,
            "z": 0.8425933122634888
        },
        "12": {
            "name": "Right Elbow",
            "x": -0.07320496439933777,
            "y": 0.2138148695230484,
            "z": 0.705508828163147
        },
        "13": {
            "name": "Right Wrist",
            "x": 0.09386870265007019,
            "y": 0.2666066288948059,
            "z": 0.7173700928688049
        },
        "14": {
            "name": "Left Shoulder",
            "x": -0.03443510830402374,
            "y": -0.013997954316437244,
            "z": 0.8872948884963989
        },
        "15": {
            "name": "Left Elbow",
            "x": 0.07509568333625793,
            "y": -0.10156344622373581,
            "z": 0.768278956413269
        },
        "16": {
            "name": "Left Wrist",
            "x": 0.18315109610557556,
            "y": 0.02419884502887726,
            "z": 0.704919695854187
        }
    }
}