{
    "image_path": "00023/img/16.jpg",
    "shooter_tracklet_id": 7,
    "bbox": {
        "x": 368,
        "y": 562,
        "w": 100,
        "h": 100
    },
    "keypoint_2d": {
        "0": {
            "name": "Center of Hips",
            "x": 44.05,
            "y": 45.21
        },
        "1": {
            "name": "Left Hip",
            "x": 39.04,
            "y": 43.23
        },
        "2": {
            "name": "Left Knee",
            "x": 51.2,
            "y": 50.37
        },
        "3": {
            "name": "Left Ankle",
            "x": 61.28,
            "y": 52.1
        },
        "4": {
            "name": "Right Hip",
            "x": 49.97,
            "y": 47.76
        },
        "5": {
            "name": "Right Knee",
            "x": 39.82,
            "y": 67.82
        },
        "6": {
            "name": "Right Ankle",
            "x": 34.5,
            "y": 82.86
        },
        "7": {
            "name": "Center of Body",
            "x": 48.9,
            "y": 35.09
        },
        "8": {
            "name": "Center of Shoulder",
            "x": 52.98,
            "y": 25.06
        },
        "9": {
            "name": "Neck",
            "x": 54.54,
            "y": 21.93
        },
        "10": {
            "name": "Head",
            "x": 54.54,
            "y": 18.17
        },
        "11": {
            "name": "Right Shoulder",
            "x": 59.87,
            "y": 28.04
        },
        "12": {
            "name": "Right Elbow",
            "x": 53.92,
            "y": 40.1
        },
        "13": {
            "name": "Right Wrist",
            "x": 39.51,
            "y": 38.07
        },
        "14": {
            "name": "Left Shoulder",
            "x": 46.71,
            "y": 22.72
        },
        "15": {
            "name": "Left Elbow",
            "x": 38.57,
            "y": 33.53
        },
        "16": {
            "name": "Left Wrist",
            "x": 35.59,
            "y": 40.73
        }
    },
    "keypoint_3d": {
        "0": {
            "name": "Center of Hips",
            "x": 0.0,
            "y": 0.0,
            "z": 0.5681300163269043
        },
        "1": {
            "name": "Left Hip",
            "x": 0.0669073760509491,
            "y": -0.053324583917856216,
            "z": 0.6001505255699158
        },
        "2": {
            "name": "Left Knee",
            "x": -0.17575585842132568,
            "y": -0.17452487349510193,
            "z": 0.4737480878829956
        },
        "3": {
            "name": "Left Ankle",
            "x": -0.36466777324676514,
            "y": -0.24702951312065125,
            "z": 0.40030622482299805
        },
        "4": {
            "name": "Right Hip",
            "x": -0.05423968657851219,
            "y": 0.06580781191587448,
            "z": 0.5376426577568054
        },
        "5": {
            "name": "Right Knee",
            "x": 0.12780873477458954,
            "y": 0.12733693420886993,
            "z": 0.2612152099609375
        },
        "6": {
            "name": "Right Ankle",
            "x": 0.16916623711585999,
            "y": 0.03164849802851677,
            "z": 0.0
        },
        "7": {
            "name": "Center of Body",
            "x": -0.03851117193698883,
            "y": 0.047651588916778564,
            "z": 0.7295377850532532
        },
        "8": {
            "name": "Center of Shoulder",
            "x": -0.0703907459974289,
            "y": 0.1045490950345993,
            "z": 0.8869373202323914
        },
        "9": {
            "name": "Neck",
            "x": -0.06448480486869812,
            "y": 0.16400323808193207,
            "z": 0.9405052065849304
        },
        "10": {
            "name": "Head",
            "x": -0.05920301377773285,
            "y": 0.16490226984024048,
            "z": 1.0
        },
        "11": {
            "name": "Right Shoulder",
            "x": -0.15945594012737274,
            "y": 0.12998566031455994,
            "z": 0.8388149738311768
        },
        "12": {
            "name": "Right Elbow",
            "x": -0.05920098349452019,
            "y": 0.19592620432376862,
            "z": 0.6863058805465698
        },
        "13": {
            "name": "Right Wrist",
            "x": 0.1365709751844406,
            "y": 0.19888117909431458,
            "z": 0.716741681098938
        },
        "14": {
            "name": "Left Shoulder",
            "x": -0.0156781654804945,
            "y": 0.006186946295201778,
            "z": 0.9023759961128235
        },
        "15": {
            "name": "Left Elbow",
            "x": 0.05191590264439583,
            "y": -0.10378533601760864,
            "z": 0.7398286461830139
        },
        "16": {
            "name": "Left Wrist",
            "x": 0.14278896152973175,
            "y": -0.01120694074779749,
            "z": 0.6519561409950256
        }
    }
}