{
    "image_path": "00004/img/1.jpg",
    "shooter_tracklet_id": 5,
    "bbox": {
        "x": 254,
        "y": 952,
        "w": 100,
        "h": 100
    },
    "keypont_2d": {
        "0": {
            "name": "Center of Hips",
            "x": 51.97,
            "y": 43.53
        },
        "1": {
            "name": "Left Hip",
            "x": 49.78,
            "y": 44.96
        },
        "2": {
            "name": "Left Knee",
            "x": 48.31,
            "y": 59.39
        },
        "3": {
            "name": "Left Ankle",
            "x": 59.42,
            "y": 61.87
        },
        "4": {
            "name": "Right Hip",
            "x": 53.6,
            "y": 42.46
        },
        "5": {
            "name": "Right Knee",
            "x": 51.78,
            "y": 65.09
        },
        "6": {
            "name": "Right Ankle",
            "x": 59.57,
            "y": 69.89
        },
        "7": {
            "name": "Center of Body",
            "x": 47.66,
            "y": 37.66
        },
        "8": {
            "name": "Center of Shoulder",
            "x": 42.71,
            "y": 32.25
        },
        "9": {
            "name": "Neck",
            "x": 41.94,
            "y": 31.62
        },
        "10": {
            "name": "Head",
            "x": 39.74,
            "y": 29.83
        },
        "11": {
            "name": "Right Shoulder",
            "x": 43.98,
            "y": 31.28
        },
        "12": {
            "name": "Right Elbow",
            "x": 50.72,
            "y": 36.74
        },
        "13": {
            "name": "Right Wrist",
            "x": 55.57,
            "y": 41.93
        },
        "14": {
            "name": "Left Shoulder",
            "x": 40.88,
            "y": 33.65
        },
        "15": {
            "name": "Left Elbow",
            "x": 41.96,
            "y": 42.69
        },
        "16": {
            "name": "Left Wrist",
            "x": 41.27,
            "y": 50.04
        }
    },
    "keypont_3d": {
        "0": {
            "name": "Center of Hips",
            "x": 0.0,
            "y": 0.0,
            "z": 0.6315010786056519
        },
        "1": {
            "name": "Left Hip",
            "x": 0.007885172963142395,
            "y": -0.09739384800195694,
            "z": 0.5872406959533691
        },
        "2": {
            "name": "Left Knee",
            "x": 0.049564335495233536,
            "y": -0.07566872239112854,
            "z": 0.24321269989013672
        },
        "3": {
            "name": "Left Ankle",
            "x": -0.2593710422515869,
            "y": -0.06346452236175537,
            "z": 0.14662763476371765
        },
        "4": {
            "name": "Right Hip",
            "x": -0.008177016861736774,
            "y": 0.10239537060260773,
            "z": 0.664789617061615
        },
        "5": {
            "name": "Right Knee",
            "x": 0.07996660470962524,
            "y": 0.23274114727973938,
            "z": 0.16910217702388763
        },
        "6": {
            "name": "Right Ankle",
            "x": -0.14740566909313202,
            "y": 0.23666881024837494,
            "z": 0.0
        },
        "7": {
            "name": "Center of Body",
            "x": 0.08302942663431168,
            "y": -0.07289904356002808,
            "z": 0.7906847596168518
        },
        "8": {
            "name": "Center of Shoulder",
            "x": 0.20509406924247742,
            "y": -0.11713682860136032,
            "z": 0.9270381927490234
        },
        "9": {
            "name": "Neck",
            "x": 0.24440713226795197,
            "y": -0.07770765572786331,
            "z": 0.9444229006767273
        },
        "10": {
            "name": "Head",
            "x": 0.3099968731403351,
            "y": -0.08054553717374802,
            "z": 1.0
        },
        "11": {
            "name": "Right Shoulder",
            "x": 0.212077796459198,
            "y": -0.004340036306530237,
            "z": 0.9645336270332336
        },
        "12": {
            "name": "Right Elbow",
            "x": 0.10364983230829239,
            "y": 0.16052894294261932,
            "z": 0.8536849021911621
        },
        "13": {
            "name": "Right Wrist",
            "x": 0.04239265248179436,
            "y": 0.33785536885261536,
            "z": 0.747167706489563
        },
        "14": {
            "name": "Left Shoulder",
            "x": 0.21013371646404266,
            "y": -0.20912225544452667,
            "z": 0.8656529784202576
        },
        "15": {
            "name": "Left Elbow",
            "x": 0.15542744100093842,
            "y": -0.2442479282617569,
            "z": 0.6286746263504028
        },
        "16": {
            "name": "Left Wrist",
            "x": 0.18014095723628998,
            "y": -0.23703549802303314,
            "z": 0.4409346580505371
        }
    }
}