{
    "image_path": "00004/img/2.jpg",
    "shooter_tracklet_id": 5,
    "bbox": {
        "x": 254,
        "y": 953,
        "w": 100,
        "h": 100
    },
    "keypoint_2d": {
        "0": {
            "name": "Center of Hips",
            "x": 49.0,
            "y": 44.15
        },
        "1": {
            "name": "Left Hip",
            "x": 46.6,
            "y": 45.66
        },
        "2": {
            "name": "Left Knee",
            "x": 50.62,
            "y": 58.85
        },
        "3": {
            "name": "Left Ankle",
            "x": 60.44,
            "y": 68.55
        },
        "4": {
            "name": "Right Hip",
            "x": 51.04,
            "y": 42.91
        },
        "5": {
            "name": "Right Knee",
            "x": 44.68,
            "y": 56.33
        },
        "6": {
            "name": "Right Ankle",
            "x": 48.0,
            "y": 64.67
        },
        "7": {
            "name": "Center of Body",
            "x": 45.22,
            "y": 37.93
        },
        "8": {
            "name": "Center of Shoulder",
            "x": 40.66,
            "y": 32.36
        },
        "9": {
            "name": "Neck",
            "x": 39.66,
            "y": 31.7
        },
        "10": {
            "name": "Head",
            "x": 37.39,
            "y": 29.92
        },
        "11": {
            "name": "Right Shoulder",
            "x": 43.34,
            "y": 31.27
        },
        "12": {
            "name": "Right Elbow",
            "x": 50.47,
            "y": 38.01
        },
        "13": {
            "name": "Right Wrist",
            "x": 57.02,
            "y": 40.69
        },
        "14": {
            "name": "Left Shoulder",
            "x": 38.4,
            "y": 33.61
        },
        "15": {
            "name": "Left Elbow",
            "x": 37.94,
            "y": 40.86
        },
        "16": {
            "name": "Left Wrist",
            "x": 30.65,
            "y": 40.86
        }
    },
    "keypoint_3d": {
        "0": {
            "name": "Center of Hips",
            "x": 0.0,
            "y": 0.0,
            "z": 0.5926605463027954
        },
        "1": {
            "name": "Left Hip",
            "x": 0.0287479218095541,
            "y": -0.09527082741260529,
            "z": 0.5404726266860962
        },
        "2": {
            "name": "Left Knee",
            "x": -0.013954070396721363,
            "y": 0.06303671002388,
            "z": 0.19658081233501434
        },
        "3": {
            "name": "Left Ankle",
            "x": -0.27233046293258667,
            "y": 0.12547029554843903,
            "z": 0.0
        },
        "4": {
            "name": "Right Hip",
            "x": -0.02721116878092289,
            "y": 0.09630025178194046,
            "z": 0.6359273195266724
        },
        "5": {
            "name": "Right Knee",
            "x": 0.18141788244247437,
            "y": 0.16945429146289825,
            "z": 0.2895762026309967
        },
        "6": {
            "name": "Right Ankle",
            "x": -0.032529447227716446,
            "y": -0.04689464345574379,
            "z": 0.01846441440284252
        },
        "7": {
            "name": "Center of Body",
            "x": 0.0773581713438034,
            "y": -0.08721156418323517,
            "z": 0.7612864375114441
        },
        "8": {
            "name": "Center of Shoulder",
            "x": 0.21168483793735504,
            "y": -0.11421433091163635,
            "z": 0.9185477495193481
        },
        "9": {
            "name": "Neck",
            "x": 0.2594304084777832,
            "y": -0.0715225338935852,
            "z": 0.9378594756126404
        },
        "10": {
            "name": "Head",
            "x": 0.3313947916030884,
            "y": -0.08016028255224228,
            "z": 1.0
        },
        "11": {
            "name": "Right Shoulder",
            "x": 0.19004811346530914,
            "y": 0.014493126422166824,
            "z": 0.9556330442428589
        },
        "12": {
            "name": "Right Elbow",
            "x": 0.042426470667123795,
            "y": 0.1547544002532959,
            "z": 0.8203508257865906
        },
        "13": {
            "name": "Right Wrist",
            "x": -0.09631448984146118,
            "y": 0.28817760944366455,
            "z": 0.7263460755348206
        },
        "14": {
            "name": "Left Shoulder",
            "x": 0.21979765594005585,
            "y": -0.2236432135105133,
            "z": 0.8560367822647095
        },
        "15": {
            "name": "Left Elbow",
            "x": 0.1790934056043625,
            "y": -0.3205084204673767,
            "z": 0.6292440295219421
        },
        "16": {
            "name": "Left Wrist",
            "x": 0.3474440574645996,
            "y": -0.4193665683269501,
            "z": 0.6153261661529541
        }
    }
}