{
    "image_path": "00004/img/3.jpg",
    "shooter_tracklet_id": 5,
    "bbox": {
        "x": 254,
        "y": 951,
        "w": 100,
        "h": 100
    },
    "keypont_2d": {
        "0": {
            "name": "Center of Hips",
            "x": 49.5,
            "y": 46.2
        },
        "1": {
            "name": "Left Hip",
            "x": 46.83,
            "y": 46.4
        },
        "2": {
            "name": "Left Knee",
            "x": 53.19,
            "y": 60.15
        },
        "3": {
            "name": "Left Ankle",
            "x": 65.25,
            "y": 69.57
        },
        "4": {
            "name": "Right Hip",
            "x": 52.46,
            "y": 45.97
        },
        "5": {
            "name": "Right Knee",
            "x": 42.91,
            "y": 57.29
        },
        "6": {
            "name": "Right Ankle",
            "x": 44.18,
            "y": 66.47
        },
        "7": {
            "name": "Center of Body",
            "x": 44.28,
            "y": 38.63
        },
        "8": {
            "name": "Center of Shoulder",
            "x": 39.99,
            "y": 33.14
        },
        "9": {
            "name": "Neck",
            "x": 39.43,
            "y": 32.21
        },
        "10": {
            "name": "Head",
            "x": 38.06,
            "y": 29.73
        },
        "11": {
            "name": "Right Shoulder",
            "x": 43.56,
            "y": 32.48
        },
        "12": {
            "name": "Right Elbow",
            "x": 50.46,
            "y": 38.02
        },
        "13": {
            "name": "Right Wrist",
            "x": 58.1,
            "y": 40.13
        },
        "14": {
            "name": "Left Shoulder",
            "x": 36.38,
            "y": 33.97
        },
        "15": {
            "name": "Left Elbow",
            "x": 33.49,
            "y": 41.13
        },
        "16": {
            "name": "Left Wrist",
            "x": 27.43,
            "y": 43.14
        }
    },
    "keypont_3d": {
        "0": {
            "name": "Center of Hips",
            "x": 0.0,
            "y": 0.0,
            "z": 0.5846841931343079
        },
        "1": {
            "name": "Left Hip",
            "x": 0.031835928559303284,
            "y": -0.08672301471233368,
            "z": 0.5444629192352295
        },
        "2": {
            "name": "Left Knee",
            "x": -0.05687643587589264,
            "y": 0.10234503448009491,
            "z": 0.24157753586769104
        },
        "3": {
            "name": "Left Ankle",
            "x": -0.27378174662590027,
            "y": 0.3106316328048706,
            "z": 0.0
        },
        "4": {
            "name": "Right Hip",
            "x": -0.04286935552954674,
            "y": 0.08318307250738144,
            "z": 0.6110982894897461
        },
        "5": {
            "name": "Right Knee",
            "x": 0.1784248650074005,
            "y": 0.07950961589813232,
            "z": 0.3036539852619171
        },
        "6": {
            "name": "Right Ankle",
            "x": 0.033574428409338,
            "y": -0.10854333639144897,
            "z": 0.04130188003182411
        },
        "7": {
            "name": "Center of Body",
            "x": 0.08798155188560486,
            "y": -0.061489954590797424,
            "z": 0.7518087029457092
        },
        "8": {
            "name": "Center of Shoulder",
            "x": 0.21073435246944427,
            "y": -0.08333010226488113,
            "z": 0.9044488668441772
        },
        "9": {
            "name": "Neck",
            "x": 0.2569442391395569,
            "y": -0.03574620932340622,
            "z": 0.9342018961906433
        },
        "10": {
            "name": "Head",
            "x": 0.31183356046676636,
            "y": -0.0408434234559536,
            "z": 1.0
        },
        "11": {
            "name": "Right Shoulder",
            "x": 0.1700509637594223,
            "y": 0.027688030153512955,
            "z": 0.9362409114837646
        },
        "12": {
            "name": "Right Elbow",
            "x": 0.028302691876888275,
            "y": 0.15247079730033875,
            "z": 0.8167365789413452
        },
        "13": {
            "name": "Right Wrist",
            "x": -0.13262242078781128,
            "y": 0.2719809412956238,
            "z": 0.761427640914917
        },
        "14": {
            "name": "Left Shoulder",
            "x": 0.2516486942768097,
            "y": -0.16445143520832062,
            "z": 0.8540971279144287
        },
        "15": {
            "name": "Left Elbow",
            "x": 0.26163551211357117,
            "y": -0.2738669216632843,
            "z": 0.6514587998390198
        },
        "16": {
            "name": "Left Wrist",
            "x": 0.41481104493141174,
            "y": -0.3456849455833435,
            "z": 0.6165578961372375
        }
    }
}