{
    "image_path": "00004/img/4.jpg",
    "shooter_tracklet_id": 5,
    "bbox": {
        "x": 254,
        "y": 948,
        "w": 100,
        "h": 100
    },
    "keypoint_2d": {
        "0": {
            "name": "Center of Hips",
            "x": 49.19,
            "y": 47.09
        },
        "1": {
            "name": "Left Hip",
            "x": 48.13,
            "y": 48.3
        },
        "2": {
            "name": "Left Knee",
            "x": 52.98,
            "y": 60.78
        },
        "3": {
            "name": "Left Ankle",
            "x": 66.11,
            "y": 66.59
        },
        "4": {
            "name": "Right Hip",
            "x": 50.52,
            "y": 45.91
        },
        "5": {
            "name": "Right Knee",
            "x": 45.31,
            "y": 55.21
        },
        "6": {
            "name": "Right Ankle",
            "x": 45.44,
            "y": 69.48
        },
        "7": {
            "name": "Center of Body",
            "x": 46.13,
            "y": 39.1
        },
        "8": {
            "name": "Center of Shoulder",
            "x": 42.72,
            "y": 33.11
        },
        "9": {
            "name": "Neck",
            "x": 41.72,
            "y": 32.03
        },
        "10": {
            "name": "Head",
            "x": 39.69,
            "y": 29.76
        },
        "11": {
            "name": "Right Shoulder",
            "x": 46.12,
            "y": 32.33
        },
        "12": {
            "name": "Right Elbow",
            "x": 52.91,
            "y": 39.39
        },
        "13": {
            "name": "Right Wrist",
            "x": 57.82,
            "y": 40.68
        },
        "14": {
            "name": "Left Shoulder",
            "x": 38.87,
            "y": 34.14
        },
        "15": {
            "name": "Left Elbow",
            "x": 35.93,
            "y": 40.04
        },
        "16": {
            "name": "Left Wrist",
            "x": 28.17,
            "y": 42.51
        }
    },
    "keypoint_3d": {
        "0": {
            "name": "Center of Hips",
            "x": 0.0,
            "y": 0.0,
            "z": 0.5446553230285645
        },
        "1": {
            "name": "Left Hip",
            "x": 0.03290703147649765,
            "y": -0.05855655297636986,
            "z": 0.5035065412521362
        },
        "2": {
            "name": "Left Knee",
            "x": -0.08691488951444626,
            "y": 0.10760406404733658,
            "z": 0.1955725997686386
        },
        "3": {
            "name": "Left Ankle",
            "x": -0.36049649119377136,
            "y": 0.33624547719955444,
            "z": 0.03633240610361099
        },
        "4": {
            "name": "Right Hip",
            "x": -0.029241332784295082,
            "y": 0.07161562889814377,
            "z": 0.5749045610427856
        },
        "5": {
            "name": "Right Knee",
            "x": 0.20937420427799225,
            "y": 0.19287073612213135,
            "z": 0.3205866813659668
        },
        "6": {
            "name": "Right Ankle",
            "x": 0.1208660677075386,
            "y": 0.057138506323099136,
            "z": 0.0
        },
        "7": {
            "name": "Center of Body",
            "x": 0.07760031521320343,
            "y": -0.055217623710632324,
            "z": 0.7268084287643433
        },
        "8": {
            "name": "Center of Shoulder",
            "x": 0.18429142236709595,
            "y": -0.05685431510210037,
            "z": 0.8952665328979492
        },
        "9": {
            "name": "Neck",
            "x": 0.23369158804416656,
            "y": -0.013389510102570057,
            "z": 0.9300965666770935
        },
        "10": {
            "name": "Head",
            "x": 0.28669092059135437,
            "y": -0.02509920857846737,
            "z": 1.0
        },
        "11": {
            "name": "Right Shoulder",
            "x": 0.13000258803367615,
            "y": 0.04110359400510788,
            "z": 0.9198959469795227
        },
        "12": {
            "name": "Right Elbow",
            "x": -0.0005662975017912686,
            "y": 0.17976704239845276,
            "z": 0.786630392074585
        },
        "13": {
            "name": "Right Wrist",
            "x": -0.11472851037979126,
            "y": 0.32542017102241516,
            "z": 0.7521864175796509
        },
        "14": {
            "name": "Left Shoulder",
            "x": 0.2528534531593323,
            "y": -0.14258553087711334,
            "z": 0.8482980132102966
        },
        "15": {
            "name": "Left Elbow",
            "x": 0.28967878222465515,
            "y": -0.2632995843887329,
            "z": 0.6607151627540588
        },
        "16": {
            "name": "Left Wrist",
            "x": 0.44920504093170166,
            "y": -0.3352673649787903,
            "z": 0.598407506942749
        }
    }
}