{
    "image_path": "00004/img/5.jpg",
    "shooter_tracklet_id": 5,
    "bbox": {
        "x": 254,
        "y": 946,
        "w": 100,
        "h": 100
    },
    "keypoint_2d": {
        "0": {
            "name": "Center of Hips",
            "x": 50.77,
            "y": 45.21
        },
        "1": {
            "name": "Left Hip",
            "x": 47.73,
            "y": 45.78
        },
        "2": {
            "name": "Left Knee",
            "x": 48.11,
            "y": 63.21
        },
        "3": {
            "name": "Left Ankle",
            "x": 64.21,
            "y": 64.71
        },
        "4": {
            "name": "Right Hip",
            "x": 52.9,
            "y": 45.11
        },
        "5": {
            "name": "Right Knee",
            "x": 50.81,
            "y": 58.76
        },
        "6": {
            "name": "Right Ankle",
            "x": 51.47,
            "y": 70.33
        },
        "7": {
            "name": "Center of Body",
            "x": 47.19,
            "y": 38.88
        },
        "8": {
            "name": "Center of Shoulder",
            "x": 43.11,
            "y": 33.59
        },
        "9": {
            "name": "Neck",
            "x": 42.34,
            "y": 32.76
        },
        "10": {
            "name": "Head",
            "x": 40.53,
            "y": 29.9
        },
        "11": {
            "name": "Right Shoulder",
            "x": 46.43,
            "y": 32.83
        },
        "12": {
            "name": "Right Elbow",
            "x": 52.33,
            "y": 36.64
        },
        "13": {
            "name": "Right Wrist",
            "x": 53.0,
            "y": 42.73
        },
        "14": {
            "name": "Left Shoulder",
            "x": 39.09,
            "y": 34.69
        },
        "15": {
            "name": "Left Elbow",
            "x": 38.6,
            "y": 39.98
        },
        "16": {
            "name": "Left Wrist",
            "x": 32.65,
            "y": 42.51
        }
    },
    "keypoint_3d": {
        "0": {
            "name": "Center of Hips",
            "x": 0.0,
            "y": 0.0,
            "z": 0.585516095161438
        },
        "1": {
            "name": "Left Hip",
            "x": 0.018146606162190437,
            "y": -0.11331687867641449,
            "z": 0.5387974381446838
        },
        "2": {
            "name": "Left Knee",
            "x": 0.009964282624423504,
            "y": 0.09658250957727432,
            "z": 0.20940279960632324
        },
        "3": {
            "name": "Left Ankle",
            "x": -0.31085407733917236,
            "y": 0.2568376362323761,
            "z": 0.12771649658679962
        },
        "4": {
            "name": "Right Hip",
            "x": -0.02820233255624771,
            "y": 0.08049987256526947,
            "z": 0.6126675605773926
        },
        "5": {
            "name": "Right Knee",
            "x": 0.10034134238958359,
            "y": 0.2248171716928482,
            "z": 0.32434752583503723
        },
        "6": {
            "name": "Right Ankle",
            "x": 0.03834479674696922,
            "y": 0.12151148915290833,
            "z": 0.0
        },
        "7": {
            "name": "Center of Body",
            "x": 0.06783340871334076,
            "y": -0.05931733548641205,
            "z": 0.7542048692703247
        },
        "8": {
            "name": "Center of Shoulder",
            "x": 0.1969461590051651,
            "y": -0.04297558218240738,
            "z": 0.9155232906341553
        },
        "9": {
            "name": "Neck",
            "x": 0.23102089762687683,
            "y": -0.008025223389267921,
            "z": 0.9354392290115356
        },
        "10": {
            "name": "Head",
            "x": 0.2792930006980896,
            "y": -0.01660211756825447,
            "z": 1.0
        },
        "11": {
            "name": "Right Shoulder",
            "x": 0.13373440504074097,
            "y": 0.06148397549986839,
            "z": 0.9358006715774536
        },
        "12": {
            "name": "Right Elbow",
            "x": 0.040637653321027756,
            "y": 0.2246694266796112,
            "z": 0.8526254296302795
        },
        "13": {
            "name": "Right Wrist",
            "x": 0.056793488562107086,
            "y": 0.3811618387699127,
            "z": 0.7495824694633484
        },
        "14": {
            "name": "Left Shoulder",
            "x": 0.2508390247821808,
            "y": -0.12906455993652344,
            "z": 0.8604142069816589
        },
        "15": {
            "name": "Left Elbow",
            "x": 0.20937825739383698,
            "y": -0.28806862235069275,
            "z": 0.6875789761543274
        },
        "16": {
            "name": "Left Wrist",
            "x": 0.3390819728374481,
            "y": -0.3766363561153412,
            "z": 0.6205878257751465
        }
    }
}