{
    "image_path": "00004/img/6.jpg",
    "shooter_tracklet_id": 5,
    "bbox": {
        "x": 254,
        "y": 942,
        "w": 100,
        "h": 100
    },
    "keypont_2d": {
        "0": {
            "name": "Center of Hips",
            "x": 52.64,
            "y": 45.95
        },
        "1": {
            "name": "Left Hip",
            "x": 49.43,
            "y": 46.46
        },
        "2": {
            "name": "Left Knee",
            "x": 50.5,
            "y": 63.02
        },
        "3": {
            "name": "Left Ankle",
            "x": 60.65,
            "y": 64.53
        },
        "4": {
            "name": "Right Hip",
            "x": 55.02,
            "y": 45.66
        },
        "5": {
            "name": "Right Knee",
            "x": 54.08,
            "y": 60.37
        },
        "6": {
            "name": "Right Ankle",
            "x": 57.88,
            "y": 69.64
        },
        "7": {
            "name": "Center of Body",
            "x": 49.35,
            "y": 38.4
        },
        "8": {
            "name": "Center of Shoulder",
            "x": 44.96,
            "y": 32.53
        },
        "9": {
            "name": "Neck",
            "x": 44.46,
            "y": 32.19
        },
        "10": {
            "name": "Head",
            "x": 42.75,
            "y": 29.77
        },
        "11": {
            "name": "Right Shoulder",
            "x": 47.15,
            "y": 31.91
        },
        "12": {
            "name": "Right Elbow",
            "x": 52.08,
            "y": 35.42
        },
        "13": {
            "name": "Right Wrist",
            "x": 53.41,
            "y": 41.37
        },
        "14": {
            "name": "Left Shoulder",
            "x": 42.14,
            "y": 33.21
        },
        "15": {
            "name": "Left Elbow",
            "x": 42.78,
            "y": 40.42
        },
        "16": {
            "name": "Left Wrist",
            "x": 37.09,
            "y": 42.62
        }
    },
    "keypont_3d": {
        "0": {
            "name": "Center of Hips",
            "x": 0.0,
            "y": 0.0,
            "z": 0.59104984998703
        },
        "1": {
            "name": "Left Hip",
            "x": 0.03299597650766373,
            "y": -0.11235915124416351,
            "z": 0.5457841157913208
        },
        "2": {
            "name": "Left Knee",
            "x": 0.07179499417543411,
            "y": 0.0764484852552414,
            "z": 0.19521428644657135
        },
        "3": {
            "name": "Left Ankle",
            "x": -0.2490583211183548,
            "y": 0.057908035814762115,
            "z": 0.12339756637811661
        },
        "4": {
            "name": "Right Hip",
            "x": -0.03709045797586441,
            "y": 0.08940502256155014,
            "z": 0.6199490427970886
        },
        "5": {
            "name": "Right Knee",
            "x": 0.04919044300913811,
            "y": 0.2212478220462799,
            "z": 0.2844972312450409
        },
        "6": {
            "name": "Right Ankle",
            "x": -0.10101378709077835,
            "y": 0.08553203195333481,
            "z": 0.0
        },
        "7": {
            "name": "Center of Body",
            "x": 0.06308136135339737,
            "y": -0.06367309391498566,
            "z": 0.7641603350639343
        },
        "8": {
            "name": "Center of Shoulder",
            "x": 0.18427550792694092,
            "y": -0.0719081237912178,
            "z": 0.9183710217475891
        },
        "9": {
            "name": "Neck",
            "x": 0.2193823903799057,
            "y": -0.028026754036545753,
            "z": 0.936367392539978
        },
        "10": {
            "name": "Head",
            "x": 0.2718811333179474,
            "y": -0.02952449955046177,
            "z": 1.0
        },
        "11": {
            "name": "Right Shoulder",
            "x": 0.15334749221801758,
            "y": 0.044978659600019455,
            "z": 0.9471703171730042
        },
        "12": {
            "name": "Right Elbow",
            "x": 0.09317903965711594,
            "y": 0.22383704781532288,
            "z": 0.8861897587776184
        },
        "13": {
            "name": "Right Wrist",
            "x": 0.1140824556350708,
            "y": 0.34959739446640015,
            "z": 0.7627432346343994
        },
        "14": {
            "name": "Left Shoulder",
            "x": 0.2234029918909073,
            "y": -0.16217124462127686,
            "z": 0.8760485649108887
        },
        "15": {
            "name": "Left Elbow",
            "x": 0.144972562789917,
            "y": -0.3090207278728485,
            "z": 0.6798498034477234
        },
        "16": {
            "name": "Left Wrist",
            "x": 0.25748440623283386,
            "y": -0.4054485857486725,
            "z": 0.6134243011474609
        }
    }
}