{
    "image_path": "00004/img/7.jpg",
    "shooter_tracklet_id": 5,
    "bbox": {
        "x": 254,
        "y": 943,
        "w": 100,
        "h": 100
    },
    "keypont_2d": {
        "0": {
            "name": "Center of Hips",
            "x": 49.59,
            "y": 47.02
        },
        "1": {
            "name": "Left Hip",
            "x": 46.59,
            "y": 47.22
        },
        "2": {
            "name": "Left Knee",
            "x": 42.59,
            "y": 63.6
        },
        "3": {
            "name": "Left Ankle",
            "x": 52.19,
            "y": 67.61
        },
        "4": {
            "name": "Right Hip",
            "x": 51.22,
            "y": 46.63
        },
        "5": {
            "name": "Right Knee",
            "x": 53.15,
            "y": 61.32
        },
        "6": {
            "name": "Right Ankle",
            "x": 60.86,
            "y": 69.98
        },
        "7": {
            "name": "Center of Body",
            "x": 46.53,
            "y": 39.53
        },
        "8": {
            "name": "Center of Shoulder",
            "x": 42.43,
            "y": 34.1
        },
        "9": {
            "name": "Neck",
            "x": 41.85,
            "y": 33.26
        },
        "10": {
            "name": "Head",
            "x": 39.14,
            "y": 30.51
        },
        "11": {
            "name": "Right Shoulder",
            "x": 43.32,
            "y": 31.75
        },
        "12": {
            "name": "Right Elbow",
            "x": 48.12,
            "y": 35.17
        },
        "13": {
            "name": "Right Wrist",
            "x": 49.9,
            "y": 40.52
        },
        "14": {
            "name": "Left Shoulder",
            "x": 41.31,
            "y": 35.69
        },
        "15": {
            "name": "Left Elbow",
            "x": 44.22,
            "y": 39.26
        },
        "16": {
            "name": "Left Wrist",
            "x": 39.99,
            "y": 40.72
        }
    },
    "keypont_3d": {
        "0": {
            "name": "Center of Hips",
            "x": 0.0,
            "y": 0.0,
            "z": 0.585087776184082
        },
        "1": {
            "name": "Left Hip",
            "x": 0.030409391969442368,
            "y": -0.10153060406446457,
            "z": 0.5451844334602356
        },
        "2": {
            "name": "Left Knee",
            "x": 0.15066421031951904,
            "y": 0.007386434823274612,
            "z": 0.18708428740501404
        },
        "3": {
            "name": "Left Ankle",
            "x": -0.15228351950645447,
            "y": -0.06810666620731354,
            "z": 0.056071311235427856
        },
        "4": {
            "name": "Right Hip",
            "x": -0.024571241810917854,
            "y": 0.09794402122497559,
            "z": 0.6155217885971069
        },
        "5": {
            "name": "Right Knee",
            "x": -0.026228029280900955,
            "y": 0.18016532063484192,
            "z": 0.25391316413879395
        },
        "6": {
            "name": "Right Ankle",
            "x": -0.2489631474018097,
            "y": 0.12220156192779541,
            "z": 0.0
        },
        "7": {
            "name": "Center of Body",
            "x": 0.042743563652038574,
            "y": -0.08329750597476959,
            "z": 0.7660560011863708
        },
        "8": {
            "name": "Center of Shoulder",
            "x": 0.14517465233802795,
            "y": -0.136390820145607,
            "z": 0.9164401888847351
        },
        "9": {
            "name": "Neck",
            "x": 0.17631040513515472,
            "y": -0.10698395222425461,
            "z": 0.9371277093887329
        },
        "10": {
            "name": "Head",
            "x": 0.23985444009304047,
            "y": -0.1139393001794815,
            "z": 1.0
        },
        "11": {
            "name": "Right Shoulder",
            "x": 0.14407013356685638,
            "y": -0.026067478582262993,
            "z": 0.9712008237838745
        },
        "12": {
            "name": "Right Elbow",
            "x": 0.10246772319078445,
            "y": 0.17234313488006592,
            "z": 0.9142752885818481
        },
        "13": {
            "name": "Right Wrist",
            "x": 0.1118619441986084,
            "y": 0.312831312417984,
            "z": 0.8004613518714905
        },
        "14": {
            "name": "Left Shoulder",
            "x": 0.13372793793678284,
            "y": -0.23183120787143707,
            "z": 0.8566558361053467
        },
        "15": {
            "name": "Left Elbow",
            "x": 0.007579178083688021,
            "y": -0.36164313554763794,
            "z": 0.7126400470733643
        },
        "16": {
            "name": "Left Wrist",
            "x": 0.12789055705070496,
            "y": -0.40903225541114807,
            "z": 0.6623305678367615
        }
    }
}