{
    "image_path": "00004/img/8.jpg",
    "shooter_tracklet_id": 5,
    "bbox": {
        "x": 254,
        "y": 943,
        "w": 100,
        "h": 100
    },
    "keypont_2d": {
        "0": {
            "name": "Center of Hips",
            "x": 47.82,
            "y": 46.98
        },
        "1": {
            "name": "Left Hip",
            "x": 45.49,
            "y": 48.58
        },
        "2": {
            "name": "Left Knee",
            "x": 35.25,
            "y": 57.55
        },
        "3": {
            "name": "Left Ankle",
            "x": 42.96,
            "y": 69.44
        },
        "4": {
            "name": "Right Hip",
            "x": 49.67,
            "y": 47.01
        },
        "5": {
            "name": "Right Knee",
            "x": 52.48,
            "y": 60.02
        },
        "6": {
            "name": "Right Ankle",
            "x": 62.54,
            "y": 69.72
        },
        "7": {
            "name": "Center of Body",
            "x": 44.92,
            "y": 40.15
        },
        "8": {
            "name": "Center of Shoulder",
            "x": 41.45,
            "y": 34.09
        },
        "9": {
            "name": "Neck",
            "x": 40.57,
            "y": 33.1
        },
        "10": {
            "name": "Head",
            "x": 37.65,
            "y": 30.57
        },
        "11": {
            "name": "Right Shoulder",
            "x": 43.41,
            "y": 33.48
        },
        "12": {
            "name": "Right Elbow",
            "x": 46.93,
            "y": 39.0
        },
        "13": {
            "name": "Right Wrist",
            "x": 47.03,
            "y": 44.23
        },
        "14": {
            "name": "Left Shoulder",
            "x": 41.39,
            "y": 36.96
        },
        "15": {
            "name": "Left Elbow",
            "x": 42.17,
            "y": 42.04
        },
        "16": {
            "name": "Left Wrist",
            "x": 41.41,
            "y": 46.89
        }
    },
    "keypont_3d": {
        "0": {
            "name": "Center of Hips",
            "x": 0.0,
            "y": 0.0,
            "z": 0.5738621354103088
        },
        "1": {
            "name": "Left Hip",
            "x": 0.012101991102099419,
            "y": -0.09758904576301575,
            "z": 0.5367533564567566
        },
        "2": {
            "name": "Left Knee",
            "x": 0.2581731081008911,
            "y": -0.16146402060985565,
            "z": 0.28477925062179565
        },
        "3": {
            "name": "Left Ankle",
            "x": 0.053635627031326294,
            "y": -0.07466176897287369,
            "z": 0.0029968617018312216
        },
        "4": {
            "name": "Right Hip",
            "x": -0.012835431843996048,
            "y": 0.10572207719087601,
            "z": 0.6023961901664734
        },
        "5": {
            "name": "Right Knee",
            "x": -0.083465076982975,
            "y": 0.16632768511772156,
            "z": 0.25606289505958557
        },
        "6": {
            "name": "Right Ankle",
            "x": -0.33130279183387756,
            "y": 0.2059059739112854,
            "z": 0.0
        },
        "7": {
            "name": "Center of Body",
            "x": 0.03954004496335983,
            "y": -0.08027566969394684,
            "z": 0.7553961873054504
        },
        "8": {
            "name": "Center of Shoulder",
            "x": 0.12417379766702652,
            "y": -0.15264038741588593,
            "z": 0.9060018658638
        },
        "9": {
            "name": "Neck",
            "x": 0.1609124094247818,
            "y": -0.12947043776512146,
            "z": 0.9354400038719177
        },
        "10": {
            "name": "Head",
            "x": 0.22953848540782928,
            "y": -0.14823363721370697,
            "z": 1.0
        },
        "11": {
            "name": "Right Shoulder",
            "x": 0.1282331347465515,
            "y": -0.029922345653176308,
            "z": 0.9467232823371887
        },
        "12": {
            "name": "Right Elbow",
            "x": 0.10349445790052414,
            "y": 0.15878090262413025,
            "z": 0.8487722277641296
        },
        "13": {
            "name": "Right Wrist",
            "x": 0.13443684577941895,
            "y": 0.2742983400821686,
            "z": 0.7334898710250854
        },
        "14": {
            "name": "Left Shoulder",
            "x": 0.08626631647348404,
            "y": -0.23963838815689087,
            "z": 0.8235343098640442
        },
        "15": {
            "name": "Left Elbow",
            "x": 0.002011518692597747,
            "y": -0.321933776140213,
            "z": 0.6660155653953552
        },
        "16": {
            "name": "Left Wrist",
            "x": 0.12169861048460007,
            "y": -0.16726815700531006,
            "z": 0.5980494022369385
        }
    }
}