{
    "image_path": "00004/img/9.jpg",
    "shooter_tracklet_id": 5,
    "bbox": {
        "x": 254,
        "y": 941,
        "w": 100,
        "h": 100
    },
    "keypont_2d": {
        "0": {
            "name": "Center of Hips",
            "x": 46.25,
            "y": 49.99
        },
        "1": {
            "name": "Left Hip",
            "x": 43.87,
            "y": 50.65
        },
        "2": {
            "name": "Left Knee",
            "x": 33.02,
            "y": 58.05
        },
        "3": {
            "name": "Left Ankle",
            "x": 35.2,
            "y": 69.86
        },
        "4": {
            "name": "Right Hip",
            "x": 48.6,
            "y": 49.67
        },
        "5": {
            "name": "Right Knee",
            "x": 53.78,
            "y": 60.19
        },
        "6": {
            "name": "Right Ankle",
            "x": 67.39,
            "y": 66.66
        },
        "7": {
            "name": "Center of Body",
            "x": 44.39,
            "y": 40.3
        },
        "8": {
            "name": "Center of Shoulder",
            "x": 41.62,
            "y": 33.7
        },
        "9": {
            "name": "Neck",
            "x": 40.69,
            "y": 32.91
        },
        "10": {
            "name": "Head",
            "x": 38.0,
            "y": 30.89
        },
        "11": {
            "name": "Right Shoulder",
            "x": 42.85,
            "y": 32.43
        },
        "12": {
            "name": "Right Elbow",
            "x": 46.8,
            "y": 36.0
        },
        "13": {
            "name": "Right Wrist",
            "x": 46.89,
            "y": 43.34
        },
        "14": {
            "name": "Left Shoulder",
            "x": 40.14,
            "y": 35.78
        },
        "15": {
            "name": "Left Elbow",
            "x": 41.32,
            "y": 40.79
        },
        "16": {
            "name": "Left Wrist",
            "x": 40.78,
            "y": 48.08
        }
    },
    "keypont_3d": {
        "0": {
            "name": "Center of Hips",
            "x": 0.0,
            "y": 0.0,
            "z": 0.5524635314941406
        },
        "1": {
            "name": "Left Hip",
            "x": 0.01178579032421112,
            "y": -0.09142978489398956,
            "z": 0.5163494944572449
        },
        "2": {
            "name": "Left Knee",
            "x": 0.27379992604255676,
            "y": -0.16116802394390106,
            "z": 0.3052522838115692
        },
        "3": {
            "name": "Left Ankle",
            "x": 0.14469319581985474,
            "y": -0.1079205870628357,
            "z": 0.0
        },
        "4": {
            "name": "Right Hip",
            "x": -0.01909724995493889,
            "y": 0.10415033996105194,
            "z": 0.5793777704238892
        },
        "5": {
            "name": "Right Knee",
            "x": -0.13158656656742096,
            "y": 0.1895369589328766,
            "z": 0.2774965465068817
        },
        "6": {
            "name": "Right Ankle",
            "x": -0.3927215039730072,
            "y": 0.30650073289871216,
            "z": 0.05515829473733902
        },
        "7": {
            "name": "Center of Body",
            "x": 0.03453783318400383,
            "y": -0.06141366437077522,
            "z": 0.7438604235649109
        },
        "8": {
            "name": "Center of Shoulder",
            "x": 0.10466165095567703,
            "y": -0.1262173056602478,
            "z": 0.9048418402671814
        },
        "9": {
            "name": "Neck",
            "x": 0.142866849899292,
            "y": -0.10340914130210876,
            "z": 0.9390050768852234
        },
        "10": {
            "name": "Head",
            "x": 0.20604367554187775,
            "y": -0.1334139108657837,
            "z": 1.0
        },
        "11": {
            "name": "Right Shoulder",
            "x": 0.10593178123235703,
            "y": -0.015671376138925552,
            "z": 0.9467886090278625
        },
        "12": {
            "name": "Right Elbow",
            "x": 0.08686727285385132,
            "y": 0.17794595658779144,
            "z": 0.8739124536514282
        },
        "13": {
            "name": "Right Wrist",
            "x": 0.11138178408145905,
            "y": 0.2669236660003662,
            "z": 0.7318492531776428
        },
        "14": {
            "name": "Left Shoulder",
            "x": 0.07908604294061661,
            "y": -0.20940886437892914,
            "z": 0.8329373598098755
        },
        "15": {
            "name": "Left Elbow",
            "x": 0.03882511332631111,
            "y": -0.27010661363601685,
            "z": 0.6793115139007568
        },
        "16": {
            "name": "Left Wrist",
            "x": 0.10867669433355331,
            "y": -0.12048382312059402,
            "z": 0.5629030466079712
        }
    }
}