{
    "image_path": "00004/img/10.jpg",
    "shooter_tracklet_id": 5,
    "bbox": {
        "x": 254,
        "y": 936,
        "w": 100,
        "h": 100
    },
    "keypont_2d": {
        "0": {
            "name": "Center of Hips",
            "x": 49.25,
            "y": 50.98
        },
        "1": {
            "name": "Left Hip",
            "x": 48.05,
            "y": 52.75
        },
        "2": {
            "name": "Left Knee",
            "x": 36.22,
            "y": 61.06
        },
        "3": {
            "name": "Left Ankle",
            "x": 31.21,
            "y": 70.14
        },
        "4": {
            "name": "Right Hip",
            "x": 49.82,
            "y": 49.69
        },
        "5": {
            "name": "Right Knee",
            "x": 53.15,
            "y": 60.59
        },
        "6": {
            "name": "Right Ankle",
            "x": 68.44,
            "y": 61.61
        },
        "7": {
            "name": "Center of Body",
            "x": 47.51,
            "y": 43.64
        },
        "8": {
            "name": "Center of Shoulder",
            "x": 44.93,
            "y": 33.94
        },
        "9": {
            "name": "Neck",
            "x": 43.55,
            "y": 33.16
        },
        "10": {
            "name": "Head",
            "x": 41.79,
            "y": 31.59
        },
        "11": {
            "name": "Right Shoulder",
            "x": 45.58,
            "y": 33.06
        },
        "12": {
            "name": "Right Elbow",
            "x": 48.6,
            "y": 38.19
        },
        "13": {
            "name": "Right Wrist",
            "x": 48.87,
            "y": 44.84
        },
        "14": {
            "name": "Left Shoulder",
            "x": 44.13,
            "y": 34.9
        },
        "15": {
            "name": "Left Elbow",
            "x": 47.22,
            "y": 36.46
        },
        "16": {
            "name": "Left Wrist",
            "x": 46.71,
            "y": 43.25
        }
    },
    "keypont_3d": {
        "0": {
            "name": "Center of Hips",
            "x": 0.0,
            "y": 0.0,
            "z": 0.5283189415931702
        },
        "1": {
            "name": "Left Hip",
            "x": -0.005823697429150343,
            "y": -0.0862777978181839,
            "z": 0.4869759976863861
        },
        "2": {
            "name": "Left Knee",
            "x": 0.26008254289627075,
            "y": -0.17095205187797546,
            "z": 0.2865493893623352
        },
        "3": {
            "name": "Left Ankle",
            "x": 0.2609265446662903,
            "y": -0.2548266053199768,
            "z": 0.0
        },
        "4": {
            "name": "Right Hip",
            "x": -0.000948722125031054,
            "y": 0.10068376362323761,
            "z": 0.5611897110939026
        },
        "5": {
            "name": "Right Knee",
            "x": -0.1283375471830368,
            "y": 0.120123490691185,
            "z": 0.2861323952674866
        },
        "6": {
            "name": "Right Ankle",
            "x": -0.46433505415916443,
            "y": 0.24536025524139404,
            "z": 0.25168749690055847
        },
        "7": {
            "name": "Center of Body",
            "x": 0.023794716224074364,
            "y": -0.05430251732468605,
            "z": 0.7172881364822388
        },
        "8": {
            "name": "Center of Shoulder",
            "x": 0.07982847094535828,
            "y": -0.10145941376686096,
            "z": 0.9099894762039185
        },
        "9": {
            "name": "Neck",
            "x": 0.12146542221307755,
            "y": -0.08779112994670868,
            "z": 0.944129228591919
        },
        "10": {
            "name": "Head",
            "x": 0.16574764251708984,
            "y": -0.12342546135187149,
            "z": 1.0
        },
        "11": {
            "name": "Right Shoulder",
            "x": 0.0896788239479065,
            "y": -0.010032592341303825,
            "z": 0.9574493765830994
        },
        "12": {
            "name": "Right Elbow",
            "x": 0.08300527185201645,
            "y": 0.18210691213607788,
            "z": 0.8812652230262756
        },
        "13": {
            "name": "Right Wrist",
            "x": 0.10747633129358292,
            "y": 0.2562579810619354,
            "z": 0.7266982197761536
        },
        "14": {
            "name": "Left Shoulder",
            "x": 0.0775984600186348,
            "y": -0.16349495947360992,
            "z": 0.8776111602783203
        },
        "15": {
            "name": "Left Elbow",
            "x": 0.07552428543567657,
            "y": -0.05712281912565231,
            "z": 0.8405520915985107
        },
        "16": {
            "name": "Left Wrist",
            "x": 0.09085892885923386,
            "y": 0.013038807548582554,
            "z": 0.6794710159301758
        }
    }
}