{
    "image_path": "00004/img/11.jpg",
    "shooter_tracklet_id": 5,
    "bbox": {
        "x": 255,
        "y": 934,
        "w": 100,
        "h": 100
    },
    "keypont_2d": {
        "0": {
            "name": "Center of Hips",
            "x": 48.73,
            "y": 51.97
        },
        "1": {
            "name": "Left Hip",
            "x": 47.97,
            "y": 53.3
        },
        "2": {
            "name": "Left Knee",
            "x": 36.43,
            "y": 60.7
        },
        "3": {
            "name": "Left Ankle",
            "x": 30.57,
            "y": 71.55
        },
        "4": {
            "name": "Right Hip",
            "x": 49.35,
            "y": 50.6
        },
        "5": {
            "name": "Right Knee",
            "x": 52.3,
            "y": 60.69
        },
        "6": {
            "name": "Right Ankle",
            "x": 65.06,
            "y": 58.11
        },
        "7": {
            "name": "Center of Body",
            "x": 46.55,
            "y": 43.93
        },
        "8": {
            "name": "Center of Shoulder",
            "x": 44.55,
            "y": 33.69
        },
        "9": {
            "name": "Neck",
            "x": 42.65,
            "y": 33.02
        },
        "10": {
            "name": "Head",
            "x": 40.69,
            "y": 31.18
        },
        "11": {
            "name": "Right Shoulder",
            "x": 45.77,
            "y": 32.97
        },
        "12": {
            "name": "Right Elbow",
            "x": 48.91,
            "y": 41.23
        },
        "13": {
            "name": "Right Wrist",
            "x": 45.29,
            "y": 44.99
        },
        "14": {
            "name": "Left Shoulder",
            "x": 43.81,
            "y": 34.67
        },
        "15": {
            "name": "Left Elbow",
            "x": 48.03,
            "y": 36.53
        },
        "16": {
            "name": "Left Wrist",
            "x": 43.8,
            "y": 40.37
        }
    },
    "keypont_3d": {
        "0": {
            "name": "Center of Hips",
            "x": 0.0,
            "y": 0.0,
            "z": 0.5201154351234436
        },
        "1": {
            "name": "Left Hip",
            "x": -0.022185875102877617,
            "y": -0.07712025195360184,
            "z": 0.47635695338249207
        },
        "2": {
            "name": "Left Knee",
            "x": 0.23558831214904785,
            "y": -0.17756105959415436,
            "z": 0.2569977045059204
        },
        "3": {
            "name": "Left Ankle",
            "x": 0.35642656683921814,
            "y": -0.2455030083656311,
            "z": 0.0
        },
        "4": {
            "name": "Right Hip",
            "x": 0.014879908412694931,
            "y": 0.09607908874750137,
            "z": 0.5553690195083618
        },
        "5": {
            "name": "Right Knee",
            "x": -0.11172372102737427,
            "y": 0.07147775590419769,
            "z": 0.2863205373287201
        },
        "6": {
            "name": "Right Ankle",
            "x": -0.4630265235900879,
            "y": 0.1018318459391594,
            "z": 0.31540748476982117
        },
        "7": {
            "name": "Center of Body",
            "x": 0.0282983910292387,
            "y": -0.051946207880973816,
            "z": 0.6999534368515015
        },
        "8": {
            "name": "Center of Shoulder",
            "x": 0.07071299850940704,
            "y": -0.09413541853427887,
            "z": 0.9108170866966248
        },
        "9": {
            "name": "Neck",
            "x": 0.12052380293607712,
            "y": -0.08805772662162781,
            "z": 0.9458166360855103
        },
        "10": {
            "name": "Head",
            "x": 0.163884699344635,
            "y": -0.11922362446784973,
            "z": 1.0
        },
        "11": {
            "name": "Right Shoulder",
            "x": 0.08158323913812637,
            "y": -0.003579163458198309,
            "z": 0.9472386240959167
        },
        "12": {
            "name": "Right Elbow",
            "x": 0.0724279060959816,
            "y": 0.16950342059135437,
            "z": 0.8104409575462341
        },
        "13": {
            "name": "Right Wrist",
            "x": 0.1759408563375473,
            "y": 0.2488396018743515,
            "z": 0.7172421216964722
        },
        "14": {
            "name": "Left Shoulder",
            "x": 0.0687142014503479,
            "y": -0.140334352850914,
            "z": 0.8949717879295349
        },
        "15": {
            "name": "Left Elbow",
            "x": 0.04652641341090202,
            "y": 0.008141405880451202,
            "z": 0.8850454092025757
        },
        "16": {
            "name": "Left Wrist",
            "x": 0.14172318577766418,
            "y": 0.06853676587343216,
            "z": 0.7616072297096252
        }
    }
}