{
    "image_path": "00004/img/12.jpg",
    "shooter_tracklet_id": 5,
    "bbox": {
        "x": 255,
        "y": 930,
        "w": 100,
        "h": 100
    },
    "keypoint_2d": {
        "0": {
            "name": "Center of Hips",
            "x": 50.17,
            "y": 52.77
        },
        "1": {
            "name": "Left Hip",
            "x": 49.03,
            "y": 54.06
        },
        "2": {
            "name": "Left Knee",
            "x": 37.07,
            "y": 62.43
        },
        "3": {
            "name": "Left Ankle",
            "x": 35.22,
            "y": 73.2
        },
        "4": {
            "name": "Right Hip",
            "x": 51.07,
            "y": 51.74
        },
        "5": {
            "name": "Right Knee",
            "x": 51.14,
            "y": 63.18
        },
        "6": {
            "name": "Right Ankle",
            "x": 62.24,
            "y": 59.13
        },
        "7": {
            "name": "Center of Body",
            "x": 49.38,
            "y": 44.25
        },
        "8": {
            "name": "Center of Shoulder",
            "x": 48.71,
            "y": 36.25
        },
        "9": {
            "name": "Neck",
            "x": 47.65,
            "y": 35.31
        },
        "10": {
            "name": "Head",
            "x": 45.22,
            "y": 33.72
        },
        "11": {
            "name": "Right Shoulder",
            "x": 51.18,
            "y": 36.12
        },
        "12": {
            "name": "Right Elbow",
            "x": 52.65,
            "y": 44.24
        },
        "13": {
            "name": "Right Wrist",
            "x": 58.07,
            "y": 46.81
        },
        "14": {
            "name": "Left Shoulder",
            "x": 46.55,
            "y": 36.34
        },
        "15": {
            "name": "Left Elbow",
            "x": 41.69,
            "y": 34.27
        },
        "16": {
            "name": "Left Wrist",
            "x": 41.18,
            "y": 31.07
        }
    },
    "keypoint_3d": {
        "0": {
            "name": "Center of Hips",
            "x": 0.0,
            "y": 0.0,
            "z": 0.5284455418586731
        },
        "1": {
            "name": "Left Hip",
            "x": -0.01916445419192314,
            "y": -0.08128511905670166,
            "z": 0.48789113759994507
        },
        "2": {
            "name": "Left Knee",
            "x": 0.26203453540802,
            "y": -0.146171435713768,
            "z": 0.2751627266407013
        },
        "3": {
            "name": "Left Ankle",
            "x": 0.31044840812683105,
            "y": -0.20867957174777985,
            "z": 0.0
        },
        "4": {
            "name": "Right Hip",
            "x": 0.010679510422050953,
            "y": 0.09117024391889572,
            "z": 0.5586767792701721
        },
        "5": {
            "name": "Right Knee",
            "x": -0.05821233242750168,
            "y": 0.02529556304216385,
            "z": 0.2693384885787964
        },
        "6": {
            "name": "Right Ankle",
            "x": -0.4050104022026062,
            "y": -0.031490713357925415,
            "z": 0.3418053090572357
        },
        "7": {
            "name": "Center of Body",
            "x": 0.001684885355643928,
            "y": -0.05689503625035286,
            "z": 0.7148808836936951
        },
        "8": {
            "name": "Center of Shoulder",
            "x": 0.017927946522831917,
            "y": -0.08440084010362625,
            "z": 0.9115269780158997
        },
        "9": {
            "name": "Neck",
            "x": 0.0625782385468483,
            "y": -0.07219799607992172,
            "z": 0.9478039741516113
        },
        "10": {
            "name": "Head",
            "x": 0.12078695744276047,
            "y": -0.10020794719457626,
            "z": 1.0
        },
        "11": {
            "name": "Right Shoulder",
            "x": -0.003871377557516098,
            "y": 0.016282768920063972,
            "z": 0.9313956499099731
        },
        "12": {
            "name": "Right Elbow",
            "x": 0.026110973209142685,
            "y": 0.17793890833854675,
            "z": 0.7769587635993958
        },
        "13": {
            "name": "Right Wrist",
            "x": 0.07424095273017883,
            "y": 0.32220086455345154,
            "z": 0.7317716479301453
        },
        "14": {
            "name": "Left Shoulder",
            "x": 0.021482225507497787,
            "y": -0.1789533495903015,
            "z": 0.8923410177230835
        },
        "15": {
            "name": "Left Elbow",
            "x": 0.03360028937458992,
            "y": -0.3188703656196594,
            "z": 0.9145563244819641
        },
        "16": {
            "name": "Left Wrist",
            "x": 0.12307102233171463,
            "y": -0.23074862360954285,
            "z": 0.9813306927680969
        }
    }
}