{
    "image_path": "00004/img/13.jpg",
    "shooter_tracklet_id": 5,
    "bbox": {
        "x": 256,
        "y": 925,
        "w": 100,
        "h": 100
    },
    "keypoint_2d": {
        "0": {
            "name": "Center of Hips",
            "x": 54.73,
            "y": 52.58
        },
        "1": {
            "name": "Left Hip",
            "x": 53.9,
            "y": 53.5
        },
        "2": {
            "name": "Left Knee",
            "x": 42.33,
            "y": 60.64
        },
        "3": {
            "name": "Left Ankle",
            "x": 40.88,
            "y": 73.06
        },
        "4": {
            "name": "Right Hip",
            "x": 55.77,
            "y": 51.36
        },
        "5": {
            "name": "Right Knee",
            "x": 43.75,
            "y": 61.59
        },
        "6": {
            "name": "Right Ankle",
            "x": 37.81,
            "y": 69.68
        },
        "7": {
            "name": "Center of Body",
            "x": 54.71,
            "y": 43.99
        },
        "8": {
            "name": "Center of Shoulder",
            "x": 53.76,
            "y": 35.92
        },
        "9": {
            "name": "Neck",
            "x": 52.97,
            "y": 34.95
        },
        "10": {
            "name": "Head",
            "x": 50.13,
            "y": 34.02
        },
        "11": {
            "name": "Right Shoulder",
            "x": 56.98,
            "y": 37.32
        },
        "12": {
            "name": "Right Elbow",
            "x": 59.94,
            "y": 44.0
        },
        "13": {
            "name": "Right Wrist",
            "x": 63.83,
            "y": 48.72
        },
        "14": {
            "name": "Left Shoulder",
            "x": 49.24,
            "y": 35.85
        },
        "15": {
            "name": "Left Elbow",
            "x": 43.69,
            "y": 34.32
        },
        "16": {
            "name": "Left Wrist",
            "x": 39.64,
            "y": 30.41
        }
    },
    "keypoint_3d": {
        "0": {
            "name": "Center of Hips",
            "x": 0.0,
            "y": 0.0,
            "z": 0.4947308599948883
        },
        "1": {
            "name": "Left Hip",
            "x": -0.016505254432559013,
            "y": -0.08169493824243546,
            "z": 0.4571378827095032
        },
        "2": {
            "name": "Left Knee",
            "x": 0.28903645277023315,
            "y": -0.05034967139363289,
            "z": 0.2870445251464844
        },
        "3": {
            "name": "Left Ankle",
            "x": 0.2982254922389984,
            "y": -0.09463717043399811,
            "z": 0.0
        },
        "4": {
            "name": "Right Hip",
            "x": 0.0049102045595645905,
            "y": 0.0877394750714302,
            "z": 0.5248227119445801
        },
        "5": {
            "name": "Right Knee",
            "x": 0.29523342847824097,
            "y": 0.1618119180202484,
            "z": 0.30946189165115356
        },
        "6": {
            "name": "Right Ankle",
            "x": 0.23447035253047943,
            "y": -0.0676472932100296,
            "z": 0.11954111605882645
        },
        "7": {
            "name": "Center of Body",
            "x": -0.009649045765399933,
            "y": -0.048192381858825684,
            "z": 0.6781984567642212
        },
        "8": {
            "name": "Center of Shoulder",
            "x": 0.011732522398233414,
            "y": -0.05989788472652435,
            "z": 0.8655568361282349
        },
        "9": {
            "name": "Neck",
            "x": 0.054751332849264145,
            "y": -0.03149968758225441,
            "z": 0.8998938202857971
        },
        "10": {
            "name": "Head",
            "x": 0.11052528768777847,
            "y": -0.04654442518949509,
            "z": 0.9446025490760803
        },
        "11": {
            "name": "Right Shoulder",
            "x": -0.025313954800367355,
            "y": 0.043987683951854706,
            "z": 0.8701971769332886
        },
        "12": {
            "name": "Right Elbow",
            "x": -0.03542463853955269,
            "y": 0.2055913358926773,
            "z": 0.7283147573471069
        },
        "13": {
            "name": "Right Wrist",
            "x": -0.07017454504966736,
            "y": 0.3558773696422577,
            "z": 0.646215558052063
        },
        "14": {
            "name": "Left Shoulder",
            "x": 0.05693535879254341,
            "y": -0.1580316722393036,
            "z": 0.8528885841369629
        },
        "15": {
            "name": "Left Elbow",
            "x": 0.1521424651145935,
            "y": -0.2958659827709198,
            "z": 0.8840400576591492
        },
        "16": {
            "name": "Left Wrist",
            "x": 0.26887047290802,
            "y": -0.19205822050571442,
            "z": 1.0
        }
    }
}