{
    "image_path": "00004/img/14.jpg",
    "shooter_tracklet_id": 5,
    "bbox": {
        "x": 258,
        "y": 923,
        "w": 100,
        "h": 100
    },
    "keypont_2d": {
        "0": {
            "name": "Center of Hips",
            "x": 56.44,
            "y": 50.3
        },
        "1": {
            "name": "Left Hip",
            "x": 55.07,
            "y": 51.49
        },
        "2": {
            "name": "Left Knee",
            "x": 45.47,
            "y": 57.65
        },
        "3": {
            "name": "Left Ankle",
            "x": 46.78,
            "y": 71.84
        },
        "4": {
            "name": "Right Hip",
            "x": 57.45,
            "y": 49.01
        },
        "5": {
            "name": "Right Knee",
            "x": 48.34,
            "y": 57.67
        },
        "6": {
            "name": "Right Ankle",
            "x": 41.18,
            "y": 65.44
        },
        "7": {
            "name": "Center of Body",
            "x": 55.69,
            "y": 43.02
        },
        "8": {
            "name": "Center of Shoulder",
            "x": 54.33,
            "y": 35.35
        },
        "9": {
            "name": "Neck",
            "x": 53.91,
            "y": 34.19
        },
        "10": {
            "name": "Head",
            "x": 52.18,
            "y": 32.53
        },
        "11": {
            "name": "Right Shoulder",
            "x": 57.51,
            "y": 36.1
        },
        "12": {
            "name": "Right Elbow",
            "x": 62.32,
            "y": 43.46
        },
        "13": {
            "name": "Right Wrist",
            "x": 68.07,
            "y": 44.47
        },
        "14": {
            "name": "Left Shoulder",
            "x": 51.91,
            "y": 34.95
        },
        "15": {
            "name": "Left Elbow",
            "x": 50.82,
            "y": 38.46
        },
        "16": {
            "name": "Left Wrist",
            "x": 44.27,
            "y": 35.1
        }
    },
    "keypont_3d": {
        "0": {
            "name": "Center of Hips",
            "x": 0.0,
            "y": 0.0,
            "z": 0.529090940952301
        },
        "1": {
            "name": "Left Hip",
            "x": -0.004962952807545662,
            "y": -0.0821746364235878,
            "z": 0.48840171098709106
        },
        "2": {
            "name": "Left Knee",
            "x": 0.3142557442188263,
            "y": 0.022636545822024345,
            "z": 0.3374429941177368
        },
        "3": {
            "name": "Left Ankle",
            "x": 0.31360843777656555,
            "y": 0.09195911884307861,
            "z": 0.0
        },
        "4": {
            "name": "Right Hip",
            "x": 0.0012215740280225873,
            "y": 0.09532712399959564,
            "z": 0.5656940340995789
        },
        "5": {
            "name": "Right Knee",
            "x": 0.315202921628952,
            "y": 0.192830890417099,
            "z": 0.38178175687789917
        },
        "6": {
            "name": "Right Ankle",
            "x": 0.38085198402404785,
            "y": -0.08488824218511581,
            "z": 0.13357049226760864
        },
        "7": {
            "name": "Center of Body",
            "x": -0.004941051360219717,
            "y": -0.05634124204516411,
            "z": 0.7141621708869934
        },
        "8": {
            "name": "Center of Shoulder",
            "x": 0.023086560890078545,
            "y": -0.0704207643866539,
            "z": 0.907927930355072
        },
        "9": {
            "name": "Neck",
            "x": 0.060449689626693726,
            "y": -0.03559230640530586,
            "z": 0.947587251663208
        },
        "10": {
            "name": "Head",
            "x": 0.10418076068162918,
            "y": -0.061973053961992264,
            "z": 1.0
        },
        "11": {
            "name": "Right Shoulder",
            "x": -0.017348529770970345,
            "y": 0.04301660507917404,
            "z": 0.9103362560272217
        },
        "12": {
            "name": "Right Elbow",
            "x": -0.08053764700889587,
            "y": 0.19669562578201294,
            "z": 0.7542775273323059
        },
        "13": {
            "name": "Right Wrist",
            "x": -0.15005330741405487,
            "y": 0.3797897696495056,
            "z": 0.7108829617500305
        },
        "14": {
            "name": "Left Shoulder",
            "x": 0.057886797934770584,
            "y": -0.16596285998821259,
            "z": 0.8984940052032471
        },
        "15": {
            "name": "Left Elbow",
            "x": 0.030797209590673447,
            "y": -0.339152067899704,
            "z": 0.7907208204269409
        },
        "16": {
            "name": "Left Wrist",
            "x": 0.2218550741672516,
            "y": -0.2982732355594635,
            "z": 0.8904085159301758
        }
    }
}