{
    "image_path": "00004/img/15.jpg",
    "shooter_tracklet_id": 5,
    "bbox": {
        "x": 259,
        "y": 921,
        "w": 100,
        "h": 100
    },
    "keypont_2d": {
        "0": {
            "name": "Center of Hips",
            "x": 58.22,
            "y": 49.22
        },
        "1": {
            "name": "Left Hip",
            "x": 56.53,
            "y": 49.87
        },
        "2": {
            "name": "Left Knee",
            "x": 45.77,
            "y": 61.45
        },
        "3": {
            "name": "Left Ankle",
            "x": 52.43,
            "y": 70.58
        },
        "4": {
            "name": "Right Hip",
            "x": 59.53,
            "y": 48.87
        },
        "5": {
            "name": "Right Knee",
            "x": 45.51,
            "y": 59.23
        },
        "6": {
            "name": "Right Ankle",
            "x": 36.51,
            "y": 66.8
        },
        "7": {
            "name": "Center of Body",
            "x": 57.07,
            "y": 42.13
        },
        "8": {
            "name": "Center of Shoulder",
            "x": 56.18,
            "y": 36.12
        },
        "9": {
            "name": "Neck",
            "x": 55.29,
            "y": 34.86
        },
        "10": {
            "name": "Head",
            "x": 52.47,
            "y": 32.63
        },
        "11": {
            "name": "Right Shoulder",
            "x": 58.75,
            "y": 35.73
        },
        "12": {
            "name": "Right Elbow",
            "x": 65.47,
            "y": 42.83
        },
        "13": {
            "name": "Right Wrist",
            "x": 70.36,
            "y": 40.54
        },
        "14": {
            "name": "Left Shoulder",
            "x": 53.26,
            "y": 36.31
        },
        "15": {
            "name": "Left Elbow",
            "x": 51.45,
            "y": 37.99
        },
        "16": {
            "name": "Left Wrist",
            "x": 47.4,
            "y": 35.22
        }
    },
    "keypont_3d": {
        "0": {
            "name": "Center of Hips",
            "x": 0.0,
            "y": 0.0,
            "z": 0.5480234026908875
        },
        "1": {
            "name": "Left Hip",
            "x": -0.001190735842101276,
            "y": -0.09474611282348633,
            "z": 0.5114629864692688
        },
        "2": {
            "name": "Left Knee",
            "x": 0.3149995505809784,
            "y": -0.010876120999455452,
            "z": 0.2988632917404175
        },
        "3": {
            "name": "Left Ankle",
            "x": 0.1710878610610962,
            "y": 0.018095947802066803,
            "z": 0.0
        },
        "4": {
            "name": "Right Hip",
            "x": 0.0026543547865003347,
            "y": 0.10316240787506104,
            "z": 0.5809146761894226
        },
        "5": {
            "name": "Right Knee",
            "x": 0.3323881924152374,
            "y": 0.08131454139947891,
            "z": 0.3403721749782562
        },
        "6": {
            "name": "Right Ankle",
            "x": 0.4478004574775696,
            "y": -0.1750372052192688,
            "z": 0.10173895955085754
        },
        "7": {
            "name": "Center of Body",
            "x": -0.006328578107059002,
            "y": -0.07920952141284943,
            "z": 0.7246005535125732
        },
        "8": {
            "name": "Center of Shoulder",
            "x": 0.017865875735878944,
            "y": -0.11245637387037277,
            "z": 0.9040602445602417
        },
        "9": {
            "name": "Neck",
            "x": 0.05746123567223549,
            "y": -0.08148812502622604,
            "z": 0.9416735172271729
        },
        "10": {
            "name": "Head",
            "x": 0.1114673763513565,
            "y": -0.10813615471124649,
            "z": 1.0
        },
        "11": {
            "name": "Right Shoulder",
            "x": -0.01623658277094364,
            "y": 0.0002411775494692847,
            "z": 0.914207398891449
        },
        "12": {
            "name": "Right Elbow",
            "x": -0.14347539842128754,
            "y": 0.1244247779250145,
            "z": 0.753625750541687
        },
        "13": {
            "name": "Right Wrist",
            "x": -0.215926393866539,
            "y": 0.31459730863571167,
            "z": 0.7969237565994263
        },
        "14": {
            "name": "Left Shoulder",
            "x": 0.05198722705245018,
            "y": -0.20610463619232178,
            "z": 0.880760669708252
        },
        "15": {
            "name": "Left Elbow",
            "x": 0.018299434334039688,
            "y": -0.37752512097358704,
            "z": 0.7853207588195801
        },
        "16": {
            "name": "Left Wrist",
            "x": 0.19098056852817535,
            "y": -0.2873855233192444,
            "z": 0.88511723279953
        }
    }
}