{
    "image_path": "00004/img/16.jpg",
    "shooter_tracklet_id": 5,
    "bbox": {
        "x": 260,
        "y": 920,
        "w": 100,
        "h": 100
    },
    "keypont_2d": {
        "0": {
            "name": "Center of Hips",
            "x": 58.72,
            "y": 48.55
        },
        "1": {
            "name": "Left Hip",
            "x": 57.64,
            "y": 49.89
        },
        "2": {
            "name": "Left Knee",
            "x": 47.26,
            "y": 62.23
        },
        "3": {
            "name": "Left Ankle",
            "x": 55.12,
            "y": 69.35
        },
        "4": {
            "name": "Right Hip",
            "x": 59.83,
            "y": 47.2
        },
        "5": {
            "name": "Right Knee",
            "x": 46.57,
            "y": 57.48
        },
        "6": {
            "name": "Right Ankle",
            "x": 36.13,
            "y": 67.98
        },
        "7": {
            "name": "Center of Body",
            "x": 58.32,
            "y": 41.35
        },
        "8": {
            "name": "Center of Shoulder",
            "x": 57.75,
            "y": 35.0
        },
        "9": {
            "name": "Neck",
            "x": 56.57,
            "y": 33.73
        },
        "10": {
            "name": "Head",
            "x": 53.42,
            "y": 31.93
        },
        "11": {
            "name": "Right Shoulder",
            "x": 61.17,
            "y": 35.2
        },
        "12": {
            "name": "Right Elbow",
            "x": 69.19,
            "y": 40.63
        },
        "13": {
            "name": "Right Wrist",
            "x": 72.67,
            "y": 35.19
        },
        "14": {
            "name": "Left Shoulder",
            "x": 54.65,
            "y": 34.83
        },
        "15": {
            "name": "Left Elbow",
            "x": 48.75,
            "y": 36.82
        },
        "16": {
            "name": "Left Wrist",
            "x": 44.72,
            "y": 39.32
        }
    },
    "keypont_3d": {
        "0": {
            "name": "Center of Hips",
            "x": 0.0,
            "y": 0.0,
            "z": 0.5602181553840637
        },
        "1": {
            "name": "Left Hip",
            "x": -0.0002408718573860824,
            "y": -0.09784259647130966,
            "z": 0.5179116725921631
        },
        "2": {
            "name": "Left Knee",
            "x": 0.2998388111591339,
            "y": -0.03480134531855583,
            "z": 0.2438981533050537
        },
        "3": {
            "name": "Left Ankle",
            "x": 0.08654800802469254,
            "y": -0.04338081181049347,
            "z": 0.0
        },
        "4": {
            "name": "Right Hip",
            "x": 0.009547464549541473,
            "y": 0.10087709128856659,
            "z": 0.5934413075447083
        },
        "5": {
            "name": "Right Knee",
            "x": 0.3550403416156769,
            "y": 0.04680558294057846,
            "z": 0.34818729758262634
        },
        "6": {
            "name": "Right Ankle",
            "x": 0.57493656873703,
            "y": -0.07511917501688004,
            "z": 0.09032665193080902
        },
        "7": {
            "name": "Center of Body",
            "x": -0.00987890362739563,
            "y": -0.0844956710934639,
            "z": 0.7327508330345154
        },
        "8": {
            "name": "Center of Shoulder",
            "x": 0.011036129668354988,
            "y": -0.10524993389844894,
            "z": 0.9135454893112183
        },
        "9": {
            "name": "Neck",
            "x": 0.05299762263894081,
            "y": -0.08870235085487366,
            "z": 0.948523223400116
        },
        "10": {
            "name": "Head",
            "x": 0.1200232207775116,
            "y": -0.12387543171644211,
            "z": 1.0
        },
        "11": {
            "name": "Right Shoulder",
            "x": -0.04230005666613579,
            "y": -0.006241390481591225,
            "z": 0.912441611289978
        },
        "12": {
            "name": "Right Elbow",
            "x": -0.2186102569103241,
            "y": 0.10447429865598679,
            "z": 0.7766237258911133
        },
        "13": {
            "name": "Right Wrist",
            "x": -0.26630789041519165,
            "y": 0.2616417706012726,
            "z": 0.9188238382339478
        },
        "14": {
            "name": "Left Shoulder",
            "x": 0.050953514873981476,
            "y": -0.20283541083335876,
            "z": 0.8923439979553223
        },
        "15": {
            "name": "Left Elbow",
            "x": 0.09831058979034424,
            "y": -0.38420483469963074,
            "z": 0.8122507929801941
        },
        "16": {
            "name": "Left Wrist",
            "x": 0.2651626467704773,
            "y": -0.26330673694610596,
            "z": 0.8091375827789307
        }
    }
}