{
    "image_path": "00004/img/17.jpg",
    "shooter_tracklet_id": 5,
    "bbox": {
        "x": 261,
        "y": 920,
        "w": 100,
        "h": 100
    },
    "keypoint_2d": {
        "0": {
            "name": "Center of Hips",
            "x": 57.7,
            "y": 50.8
        },
        "1": {
            "name": "Left Hip",
            "x": 55.54,
            "y": 49.16
        },
        "2": {
            "name": "Left Knee",
            "x": 44.92,
            "y": 58.22
        },
        "3": {
            "name": "Left Ankle",
            "x": 54.65,
            "y": 68.21
        },
        "4": {
            "name": "Right Hip",
            "x": 59.63,
            "y": 52.34
        },
        "5": {
            "name": "Right Knee",
            "x": 47.86,
            "y": 59.6
        },
        "6": {
            "name": "Right Ankle",
            "x": 38.86,
            "y": 70.47
        },
        "7": {
            "name": "Center of Body",
            "x": 57.64,
            "y": 42.99
        },
        "8": {
            "name": "Center of Shoulder",
            "x": 57.17,
            "y": 35.12
        },
        "9": {
            "name": "Neck",
            "x": 56.18,
            "y": 33.69
        },
        "10": {
            "name": "Head",
            "x": 53.59,
            "y": 31.25
        },
        "11": {
            "name": "Right Shoulder",
            "x": 61.03,
            "y": 35.42
        },
        "12": {
            "name": "Right Elbow",
            "x": 68.73,
            "y": 39.41
        },
        "13": {
            "name": "Right Wrist",
            "x": 73.17,
            "y": 32.7
        },
        "14": {
            "name": "Left Shoulder",
            "x": 53.66,
            "y": 34.86
        },
        "15": {
            "name": "Left Elbow",
            "x": 49.42,
            "y": 40.32
        },
        "16": {
            "name": "Left Wrist",
            "x": 43.99,
            "y": 41.49
        }
    },
    "keypoint_3d": {
        "0": {
            "name": "Center of Hips",
            "x": 0.0,
            "y": 0.0,
            "z": 0.502093493938446
        },
        "1": {
            "name": "Left Hip",
            "x": -0.000666867068503052,
            "y": -0.10147175937891006,
            "z": 0.4960120916366577
        },
        "2": {
            "name": "Left Knee",
            "x": 0.3209298551082611,
            "y": -0.061207979917526245,
            "z": 0.28460943698883057
        },
        "3": {
            "name": "Left Ankle",
            "x": 0.08545191586017609,
            "y": 0.024822065606713295,
            "z": 0.03448064997792244
        },
        "4": {
            "name": "Right Hip",
            "x": -0.007205512374639511,
            "y": 0.11593969166278839,
            "z": 0.5052655935287476
        },
        "5": {
            "name": "Right Knee",
            "x": 0.3245927393436432,
            "y": 0.08714921027421951,
            "z": 0.2915879786014557
        },
        "6": {
            "name": "Right Ankle",
            "x": 0.5227558612823486,
            "y": 0.004501583520323038,
            "z": 0.0
        },
        "7": {
            "name": "Center of Body",
            "x": -0.0067157745361328125,
            "y": -0.014292718842625618,
            "z": 0.6985483765602112
        },
        "8": {
            "name": "Center of Shoulder",
            "x": 0.019393647089600563,
            "y": -0.016164330765604973,
            "z": 0.8957441449165344
        },
        "9": {
            "name": "Neck",
            "x": 0.06650955229997635,
            "y": 0.017258258536458015,
            "z": 0.9348807334899902
        },
        "10": {
            "name": "Head",
            "x": 0.12756089866161346,
            "y": -0.024142183363437653,
            "z": 1.0
        },
        "11": {
            "name": "Right Shoulder",
            "x": -0.043608855456113815,
            "y": 0.08840861171483994,
            "z": 0.8999483585357666
        },
        "12": {
            "name": "Right Elbow",
            "x": -0.20724907517433167,
            "y": 0.2561495900154114,
            "z": 0.8171319961547852
        },
        "13": {
            "name": "Right Wrist",
            "x": -0.26235246658325195,
            "y": 0.3821134865283966,
            "z": 0.9880794286727905
        },
        "14": {
            "name": "Left Shoulder",
            "x": 0.06079023331403732,
            "y": -0.12410850077867508,
            "z": 0.8762322068214417
        },
        "15": {
            "name": "Left Elbow",
            "x": 0.12435757368803024,
            "y": -0.28956523537635803,
            "z": 0.7358644008636475
        },
        "16": {
            "name": "Left Wrist",
            "x": 0.3039264678955078,
            "y": -0.21676190197467804,
            "z": 0.7182473540306091
        }
    }
}