{
    "image_path": "00004/img/18.jpg",
    "shooter_tracklet_id": 5,
    "bbox": {
        "x": 261,
        "y": 921,
        "w": 100,
        "h": 100
    },
    "keypoint_2d": {
        "0": {
            "name": "Center of Hips",
            "x": 57.28,
            "y": 50.15
        },
        "1": {
            "name": "Left Hip",
            "x": 55.03,
            "y": 48.81
        },
        "2": {
            "name": "Left Knee",
            "x": 43.34,
            "y": 57.97
        },
        "3": {
            "name": "Left Ankle",
            "x": 50.63,
            "y": 67.71
        },
        "4": {
            "name": "Right Hip",
            "x": 59.62,
            "y": 51.53
        },
        "5": {
            "name": "Right Knee",
            "x": 48.69,
            "y": 59.69
        },
        "6": {
            "name": "Right Ankle",
            "x": 41.44,
            "y": 71.29
        },
        "7": {
            "name": "Center of Body",
            "x": 57.32,
            "y": 42.84
        },
        "8": {
            "name": "Center of Shoulder",
            "x": 56.32,
            "y": 35.76
        },
        "9": {
            "name": "Neck",
            "x": 55.82,
            "y": 34.37
        },
        "10": {
            "name": "Head",
            "x": 53.95,
            "y": 31.62
        },
        "11": {
            "name": "Right Shoulder",
            "x": 60.23,
            "y": 35.85
        },
        "12": {
            "name": "Right Elbow",
            "x": 67.79,
            "y": 39.46
        },
        "13": {
            "name": "Right Wrist",
            "x": 71.77,
            "y": 35.02
        },
        "14": {
            "name": "Left Shoulder",
            "x": 51.84,
            "y": 35.79
        },
        "15": {
            "name": "Left Elbow",
            "x": 52.17,
            "y": 43.02
        },
        "16": {
            "name": "Left Wrist",
            "x": 46.7,
            "y": 42.35
        }
    },
    "keypoint_3d": {
        "0": {
            "name": "Center of Hips",
            "x": 0.0,
            "y": 0.0,
            "z": 0.5068194270133972
        },
        "1": {
            "name": "Left Hip",
            "x": 0.012380518950521946,
            "y": -0.09435949474573135,
            "z": 0.5162204504013062
        },
        "2": {
            "name": "Left Knee",
            "x": 0.33311283588409424,
            "y": -0.05853050574660301,
            "z": 0.3136512041091919
        },
        "3": {
            "name": "Left Ankle",
            "x": 0.1165274977684021,
            "y": -0.00802399031817913,
            "z": 0.058137450367212296
        },
        "4": {
            "name": "Right Hip",
            "x": -0.025365693494677544,
            "y": 0.10949964821338654,
            "z": 0.4907890260219574
        },
        "5": {
            "name": "Right Knee",
            "x": 0.2911606431007385,
            "y": 0.11062023043632507,
            "z": 0.29121750593185425
        },
        "6": {
            "name": "Right Ankle",
            "x": 0.43986010551452637,
            "y": 0.00602723378688097,
            "z": 0.0
        },
        "7": {
            "name": "Center of Body",
            "x": 0.00791973527520895,
            "y": 0.014057083986699581,
            "z": 0.6964396834373474
        },
        "8": {
            "name": "Center of Shoulder",
            "x": 0.046164046972990036,
            "y": 0.030184516683220863,
            "z": 0.8913153409957886
        },
        "9": {
            "name": "Neck",
            "x": 0.08133005350828171,
            "y": 0.0684070736169815,
            "z": 0.9309766888618469
        },
        "10": {
            "name": "Head",
            "x": 0.12665273249149323,
            "y": 0.02783636562526226,
            "z": 1.0
        },
        "11": {
            "name": "Right Shoulder",
            "x": -0.025829458609223366,
            "y": 0.12403762340545654,
            "z": 0.8964295983314514
        },
        "12": {
            "name": "Right Elbow",
            "x": -0.19172003865242004,
            "y": 0.2637498378753662,
            "z": 0.8273500204086304
        },
        "13": {
            "name": "Right Wrist",
            "x": -0.23801088333129883,
            "y": 0.4027111232280731,
            "z": 0.9745675325393677
        },
        "14": {
            "name": "Left Shoulder",
            "x": 0.1019713282585144,
            "y": -0.07851989567279816,
            "z": 0.8658977746963501
        },
        "15": {
            "name": "Left Elbow",
            "x": 0.08725982159376144,
            "y": -0.1993096023797989,
            "z": 0.6806394457817078
        },
        "16": {
            "name": "Left Wrist",
            "x": 0.2600797712802887,
            "y": -0.14201442897319794,
            "z": 0.7043904662132263
        }
    }
}