{
    "image_path": "00004/img/19.jpg",
    "shooter_tracklet_id": 5,
    "bbox": {
        "x": 262,
        "y": 923,
        "w": 100,
        "h": 100
    },
    "keypont_2d": {
        "0": {
            "name": "Center of Hips",
            "x": 56.3,
            "y": 49.06
        },
        "1": {
            "name": "Left Hip",
            "x": 54.06,
            "y": 47.86
        },
        "2": {
            "name": "Left Knee",
            "x": 43.24,
            "y": 57.3
        },
        "3": {
            "name": "Left Ankle",
            "x": 44.11,
            "y": 67.52
        },
        "4": {
            "name": "Right Hip",
            "x": 58.65,
            "y": 50.34
        },
        "5": {
            "name": "Right Knee",
            "x": 48.03,
            "y": 59.8
        },
        "6": {
            "name": "Right Ankle",
            "x": 42.89,
            "y": 70.34
        },
        "7": {
            "name": "Center of Body",
            "x": 56.62,
            "y": 42.18
        },
        "8": {
            "name": "Center of Shoulder",
            "x": 56.65,
            "y": 34.11
        },
        "9": {
            "name": "Neck",
            "x": 55.93,
            "y": 33.27
        },
        "10": {
            "name": "Head",
            "x": 53.8,
            "y": 30.76
        },
        "11": {
            "name": "Right Shoulder",
            "x": 59.06,
            "y": 34.07
        },
        "12": {
            "name": "Right Elbow",
            "x": 64.45,
            "y": 39.74
        },
        "13": {
            "name": "Right Wrist",
            "x": 68.78,
            "y": 35.69
        },
        "14": {
            "name": "Left Shoulder",
            "x": 53.44,
            "y": 34.42
        },
        "15": {
            "name": "Left Elbow",
            "x": 51.61,
            "y": 42.9
        },
        "16": {
            "name": "Left Wrist",
            "x": 45.8,
            "y": 43.75
        }
    },
    "keypont_3d": {
        "0": {
            "name": "Center of Hips",
            "x": 0.0,
            "y": 0.0,
            "z": 0.5235553979873657
        },
        "1": {
            "name": "Left Hip",
            "x": 0.013871323317289352,
            "y": -0.094586081802845,
            "z": 0.5312312245368958
        },
        "2": {
            "name": "Left Knee",
            "x": 0.33143627643585205,
            "y": -0.05513868108391762,
            "z": 0.32699495553970337
        },
        "3": {
            "name": "Left Ankle",
            "x": 0.19668373465538025,
            "y": -0.1196974515914917,
            "z": 0.04397091269493103
        },
        "4": {
            "name": "Right Hip",
            "x": -0.02580498717725277,
            "y": 0.10715187340974808,
            "z": 0.5072898268699646
        },
        "5": {
            "name": "Right Knee",
            "x": 0.27425044775009155,
            "y": 0.11779703944921494,
            "z": 0.29024699330329895
        },
        "6": {
            "name": "Right Ankle",
            "x": 0.363179087638855,
            "y": -0.02322046458721161,
            "z": 0.0
        },
        "7": {
            "name": "Center of Body",
            "x": -0.0022131260484457016,
            "y": -0.0001524109102319926,
            "z": 0.7101108431816101
        },
        "8": {
            "name": "Center of Shoulder",
            "x": 0.017762400209903717,
            "y": -0.0005669395322911441,
            "z": 0.903680682182312
        },
        "9": {
            "name": "Neck",
            "x": 0.05002507567405701,
            "y": 0.03606855869293213,
            "z": 0.9333245158195496
        },
        "10": {
            "name": "Head",
            "x": 0.09239155799150467,
            "y": -0.004317556973546743,
            "z": 1.0
        },
        "11": {
            "name": "Right Shoulder",
            "x": -0.027758203446865082,
            "y": 0.09588143974542618,
            "z": 0.9140567779541016
        },
        "12": {
            "name": "Right Elbow",
            "x": -0.14373664557933807,
            "y": 0.24971845746040344,
            "z": 0.8112310171127319
        },
        "13": {
            "name": "Right Wrist",
            "x": -0.18684235215187073,
            "y": 0.39663198590278625,
            "z": 0.9404066205024719
        },
        "14": {
            "name": "Left Shoulder",
            "x": 0.06040135398507118,
            "y": -0.10611290484666824,
            "z": 0.8706485033035278
        },
        "15": {
            "name": "Left Elbow",
            "x": 0.054058369249105453,
            "y": -0.18291446566581726,
            "z": 0.6571372151374817
        },
        "16": {
            "name": "Left Wrist",
            "x": 0.23378023505210876,
            "y": -0.1385776847600937,
            "z": 0.669192910194397
        }
    }
}