{
    "image_path": "00004/img/20.jpg",
    "shooter_tracklet_id": 5,
    "bbox": {
        "x": 262,
        "y": 922,
        "w": 100,
        "h": 100
    },
    "keypont_2d": {
        "0": {
            "name": "Center of Hips",
            "x": 59.13,
            "y": 49.32
        },
        "1": {
            "name": "Left Hip",
            "x": 56.05,
            "y": 48.77
        },
        "2": {
            "name": "Left Knee",
            "x": 46.69,
            "y": 57.07
        },
        "3": {
            "name": "Left Ankle",
            "x": 42.61,
            "y": 64.44
        },
        "4": {
            "name": "Right Hip",
            "x": 61.72,
            "y": 50.22
        },
        "5": {
            "name": "Right Knee",
            "x": 52.53,
            "y": 60.65
        },
        "6": {
            "name": "Right Ankle",
            "x": 51.48,
            "y": 69.58
        },
        "7": {
            "name": "Center of Body",
            "x": 59.56,
            "y": 42.2
        },
        "8": {
            "name": "Center of Shoulder",
            "x": 58.94,
            "y": 34.44
        },
        "9": {
            "name": "Neck",
            "x": 58.32,
            "y": 33.14
        },
        "10": {
            "name": "Head",
            "x": 56.03,
            "y": 30.61
        },
        "11": {
            "name": "Right Shoulder",
            "x": 62.0,
            "y": 34.04
        },
        "12": {
            "name": "Right Elbow",
            "x": 65.87,
            "y": 40.44
        },
        "13": {
            "name": "Right Wrist",
            "x": 70.07,
            "y": 41.87
        },
        "14": {
            "name": "Left Shoulder",
            "x": 55.67,
            "y": 35.2
        },
        "15": {
            "name": "Left Elbow",
            "x": 57.11,
            "y": 40.25
        },
        "16": {
            "name": "Left Wrist",
            "x": 55.6,
            "y": 45.41
        }
    },
    "keypont_3d": {
        "0": {
            "name": "Center of Hips",
            "x": 0.0,
            "y": 0.0,
            "z": 0.5156631469726562
        },
        "1": {
            "name": "Left Hip",
            "x": 0.02513033337891102,
            "y": -0.09455030411481857,
            "z": 0.5202966332435608
        },
        "2": {
            "name": "Left Knee",
            "x": 0.322558730840683,
            "y": -0.02172057144343853,
            "z": 0.3280242085456848
        },
        "3": {
            "name": "Left Ankle",
            "x": 0.3236790597438812,
            "y": -0.20923350751399994,
            "z": 0.08026058971881866
        },
        "4": {
            "name": "Right Hip",
            "x": -0.032757047563791275,
            "y": 0.10558056831359863,
            "z": 0.5063332915306091
        },
        "5": {
            "name": "Right Knee",
            "x": 0.2549181878566742,
            "y": 0.1679849922657013,
            "z": 0.2703530192375183
        },
        "6": {
            "name": "Right Ankle",
            "x": 0.2017902135848999,
            "y": -0.023511547595262527,
            "z": 0.0
        },
        "7": {
            "name": "Center of Body",
            "x": -0.012216531671583652,
            "y": -0.0022966645192354918,
            "z": 0.703734815120697
        },
        "8": {
            "name": "Center of Shoulder",
            "x": 0.006352298427373171,
            "y": -0.005076335743069649,
            "z": 0.8986165523529053
        },
        "9": {
            "name": "Neck",
            "x": 0.04246397316455841,
            "y": 0.03409591317176819,
            "z": 0.9346765875816345
        },
        "10": {
            "name": "Head",
            "x": 0.08960176259279251,
            "y": -0.006359453313052654,
            "z": 1.0
        },
        "11": {
            "name": "Right Shoulder",
            "x": -0.035063598304986954,
            "y": 0.09666699171066284,
            "z": 0.9194933772087097
        },
        "12": {
            "name": "Right Elbow",
            "x": -0.09492027759552002,
            "y": 0.26490941643714905,
            "z": 0.7923250198364258
        },
        "13": {
            "name": "Right Wrist",
            "x": -0.12243980169296265,
            "y": 0.44175663590431213,
            "z": 0.7980807423591614
        },
        "14": {
            "name": "Left Shoulder",
            "x": 0.04463506117463112,
            "y": -0.11140644550323486,
            "z": 0.8639658689498901
        },
        "15": {
            "name": "Left Elbow",
            "x": -0.01990400068461895,
            "y": -0.219689279794693,
            "z": 0.6808489561080933
        },
        "16": {
            "name": "Left Wrist",
            "x": 0.11354441195726395,
            "y": -0.10836469382047653,
            "z": 0.6126402616500854
        }
    }
}