{
    "image_path": "00022/img/1.jpg",
    "shooter_tracklet_id": 3,
    "bbox": {
        "x": 300,
        "y": 483,
        "w": 100,
        "h": 100
    },
    "keypont_2d": {
        "0": {
            "name": "Center of Hips",
            "x": 51.42,
            "y": 47.62
        },
        "1": {
            "name": "Left Hip",
            "x": 43.04,
            "y": 51.35
        },
        "2": {
            "name": "Left Knee",
            "x": 47.74,
            "y": 76.86
        },
        "3": {
            "name": "Left Ankle",
            "x": 58.87,
            "y": 86.09
        },
        "4": {
            "name": "Right Hip",
            "x": 58.12,
            "y": 44.4
        },
        "5": {
            "name": "Right Knee",
            "x": 57.89,
            "y": 65.98
        },
        "6": {
            "name": "Right Ankle",
            "x": 63.65,
            "y": 80.12
        },
        "7": {
            "name": "Center of Body",
            "x": 49.24,
            "y": 30.95
        },
        "8": {
            "name": "Center of Shoulder",
            "x": 47.81,
            "y": 21.46
        },
        "9": {
            "name": "Neck",
            "x": 47.05,
            "y": 18.87
        },
        "10": {
            "name": "Head",
            "x": 44.1,
            "y": 15.82
        },
        "11": {
            "name": "Right Shoulder",
            "x": 55.45,
            "y": 21.07
        },
        "12": {
            "name": "Right Elbow",
            "x": 62.63,
            "y": 37.44
        },
        "13": {
            "name": "Right Wrist",
            "x": 61.82,
            "y": 46.43
        },
        "14": {
            "name": "Left Shoulder",
            "x": 38.68,
            "y": 22.65
        },
        "15": {
            "name": "Left Elbow",
            "x": 36.92,
            "y": 38.26
        },
        "16": {
            "name": "Left Wrist",
            "x": 39.85,
            "y": 46.91
        }
    },
    "keypont_3d": {
        "0": {
            "name": "Center of Hips",
            "x": 0.0,
            "y": 0.0,
            "z": 0.5572269558906555
        },
        "1": {
            "name": "Left Hip",
            "x": 0.10135214030742645,
            "y": -0.06270172446966171,
            "z": 0.4932844638824463
        },
        "2": {
            "name": "Left Knee",
            "x": 0.0701570063829422,
            "y": 0.027543505653738976,
            "z": 0.17194105684757233
        },
        "3": {
            "name": "Left Ankle",
            "x": -0.11065798997879028,
            "y": 0.04631660878658295,
            "z": 0.0
        },
        "4": {
            "name": "Right Hip",
            "x": -0.0956386849284172,
            "y": 0.01397057343274355,
            "z": 0.5757573843002319
        },
        "5": {
            "name": "Right Knee",
            "x": -0.12479256093502045,
            "y": -0.011581143364310265,
            "z": 0.27246737480163574
        },
        "6": {
            "name": "Right Ankle",
            "x": -0.23766353726387024,
            "y": -0.05455239117145538,
            "z": 0.05474080517888069
        },
        "7": {
            "name": "Center of Body",
            "x": 0.028634149581193924,
            "y": -0.02656649611890316,
            "z": 0.7451056838035583
        },
        "8": {
            "name": "Center of Shoulder",
            "x": 0.08093500137329102,
            "y": 0.039215344935655594,
            "z": 0.9041576981544495
        },
        "9": {
            "name": "Neck",
            "x": 0.11679024994373322,
            "y": 0.09428045153617859,
            "z": 0.9408862590789795
        },
        "10": {
            "name": "Head",
            "x": 0.1664833426475525,
            "y": 0.09546013176441193,
            "z": 1.0
        },
        "11": {
            "name": "Right Shoulder",
            "x": -0.030884791165590286,
            "y": 0.0456988625228405,
            "z": 0.8974606394767761
        },
        "12": {
            "name": "Right Elbow",
            "x": -0.12768448889255524,
            "y": 0.06845458596944809,
            "z": 0.6820545196533203
        },
        "13": {
            "name": "Right Wrist",
            "x": -0.0769142359495163,
            "y": 0.2019689381122589,
            "z": 0.5920206308364868
        },
        "14": {
            "name": "Left Shoulder",
            "x": 0.17501582205295563,
            "y": -0.04592004790902138,
            "z": 0.8750916719436646
        },
        "15": {
            "name": "Left Elbow",
            "x": 0.15522751212120056,
            "y": -0.12980790436267853,
            "z": 0.649177610874176
        },
        "16": {
            "name": "Left Wrist",
            "x": 0.17841170728206635,
            "y": -0.007147409021854401,
            "z": 0.562995433807373
        }
    }
}