{
    "image_path": "00022/img/2.jpg",
    "shooter_tracklet_id": 3,
    "bbox": {
        "x": 300,
        "y": 483,
        "w": 100,
        "h": 100
    },
    "keypoint_2d": {
        "0": {
            "name": "Center of Hips",
            "x": 51.28,
            "y": 49.05
        },
        "1": {
            "name": "Left Hip",
            "x": 43.67,
            "y": 52.53
        },
        "2": {
            "name": "Left Knee",
            "x": 47.38,
            "y": 75.02
        },
        "3": {
            "name": "Left Ankle",
            "x": 59.7,
            "y": 87.85
        },
        "4": {
            "name": "Right Hip",
            "x": 59.55,
            "y": 46.22
        },
        "5": {
            "name": "Right Knee",
            "x": 57.11,
            "y": 66.25
        },
        "6": {
            "name": "Right Ankle",
            "x": 62.86,
            "y": 79.13
        },
        "7": {
            "name": "Center of Body",
            "x": 49.98,
            "y": 33.93
        },
        "8": {
            "name": "Center of Shoulder",
            "x": 48.67,
            "y": 21.5
        },
        "9": {
            "name": "Neck",
            "x": 48.08,
            "y": 18.58
        },
        "10": {
            "name": "Head",
            "x": 43.92,
            "y": 15.99
        },
        "11": {
            "name": "Right Shoulder",
            "x": 56.81,
            "y": 21.22
        },
        "12": {
            "name": "Right Elbow",
            "x": 62.13,
            "y": 37.25
        },
        "13": {
            "name": "Right Wrist",
            "x": 61.66,
            "y": 50.19
        },
        "14": {
            "name": "Left Shoulder",
            "x": 37.85,
            "y": 22.12
        },
        "15": {
            "name": "Left Elbow",
            "x": 36.35,
            "y": 38.19
        },
        "16": {
            "name": "Left Wrist",
            "x": 41.35,
            "y": 48.03
        }
    },
    "keypoint_3d": {
        "0": {
            "name": "Center of Hips",
            "x": 0.0,
            "y": 0.0,
            "z": 0.563409149646759
        },
        "1": {
            "name": "Left Hip",
            "x": 0.09674130380153656,
            "y": -0.0646451935172081,
            "z": 0.5017822980880737
        },
        "2": {
            "name": "Left Knee",
            "x": 0.07281044870615005,
            "y": 0.0349108949303627,
            "z": 0.16556604206562042
        },
        "3": {
            "name": "Left Ankle",
            "x": -0.11489374935626984,
            "y": 0.04738953337073326,
            "z": 0.0
        },
        "4": {
            "name": "Right Hip",
            "x": -0.09820134192705154,
            "y": 0.015895189717411995,
            "z": 0.5814034342765808
        },
        "5": {
            "name": "Right Knee",
            "x": -0.11908343434333801,
            "y": -0.033805832266807556,
            "z": 0.2959807515144348
        },
        "6": {
            "name": "Right Ankle",
            "x": -0.23247593641281128,
            "y": -0.07461323589086533,
            "z": 0.08796640485525131
        },
        "7": {
            "name": "Center of Body",
            "x": 0.02186610735952854,
            "y": -0.031011391431093216,
            "z": 0.7369445562362671
        },
        "8": {
            "name": "Center of Shoulder",
            "x": 0.07214513421058655,
            "y": 0.02822723239660263,
            "z": 0.9063584208488464
        },
        "9": {
            "name": "Neck",
            "x": 0.10848771780729294,
            "y": 0.0868145301938057,
            "z": 0.9460393190383911
        },
        "10": {
            "name": "Head",
            "x": 0.16269579529762268,
            "y": 0.08515451103448868,
            "z": 1.0
        },
        "11": {
            "name": "Right Shoulder",
            "x": -0.03408107906579971,
            "y": 0.04320523142814636,
            "z": 0.9063103199005127
        },
        "12": {
            "name": "Right Elbow",
            "x": -0.12753842771053314,
            "y": 0.04116770997643471,
            "z": 0.6891013979911804
        },
        "13": {
            "name": "Right Wrist",
            "x": -0.09537672996520996,
            "y": 0.13609899580478668,
            "z": 0.5647733211517334
        },
        "14": {
            "name": "Left Shoulder",
            "x": 0.17404580116271973,
            "y": -0.05643703415989876,
            "z": 0.8887108564376831
        },
        "15": {
            "name": "Left Elbow",
            "x": 0.15511181950569153,
            "y": -0.1357291042804718,
            "z": 0.6639445424079895
        },
        "16": {
            "name": "Left Wrist",
            "x": 0.1606924682855606,
            "y": -0.013057593256235123,
            "z": 0.5699939727783203
        }
    }
}