{
    "image_path": "00022/img/3.jpg",
    "shooter_tracklet_id": 3,
    "bbox": {
        "x": 303,
        "y": 476,
        "w": 100,
        "h": 100
    },
    "keypont_2d": {
        "0": {
            "name": "Center of Hips",
            "x": 56.49,
            "y": 46.41
        },
        "1": {
            "name": "Left Hip",
            "x": 48.36,
            "y": 48.83
        },
        "2": {
            "name": "Left Knee",
            "x": 41.79,
            "y": 68.01
        },
        "3": {
            "name": "Left Ankle",
            "x": 54.32,
            "y": 81.81
        },
        "4": {
            "name": "Right Hip",
            "x": 63.65,
            "y": 44.28
        },
        "5": {
            "name": "Right Knee",
            "x": 57.24,
            "y": 64.01
        },
        "6": {
            "name": "Right Ankle",
            "x": 63.65,
            "y": 80.78
        },
        "7": {
            "name": "Center of Body",
            "x": 54.12,
            "y": 30.33
        },
        "8": {
            "name": "Center of Shoulder",
            "x": 48.99,
            "y": 18.49
        },
        "9": {
            "name": "Neck",
            "x": 48.09,
            "y": 16.63
        },
        "10": {
            "name": "Head",
            "x": 44.39,
            "y": 13.89
        },
        "11": {
            "name": "Right Shoulder",
            "x": 58.37,
            "y": 17.04
        },
        "12": {
            "name": "Right Elbow",
            "x": 64.94,
            "y": 31.43
        },
        "13": {
            "name": "Right Wrist",
            "x": 66.45,
            "y": 42.94
        },
        "14": {
            "name": "Left Shoulder",
            "x": 38.42,
            "y": 21.94
        },
        "15": {
            "name": "Left Elbow",
            "x": 39.28,
            "y": 42.42
        },
        "16": {
            "name": "Left Wrist",
            "x": 45.76,
            "y": 38.96
        }
    },
    "keypont_3d": {
        "0": {
            "name": "Center of Hips",
            "x": 0.0,
            "y": 0.0,
            "z": 0.5546782612800598
        },
        "1": {
            "name": "Left Hip",
            "x": 0.07124849408864975,
            "y": -0.10031262040138245,
            "z": 0.49242910742759705
        },
        "2": {
            "name": "Left Knee",
            "x": 0.16110891103744507,
            "y": -0.06368131935596466,
            "z": 0.21572528779506683
        },
        "3": {
            "name": "Left Ankle",
            "x": -0.027769923210144043,
            "y": -0.0003904381301254034,
            "z": 0.0
        },
        "4": {
            "name": "Right Hip",
            "x": -0.10580095648765564,
            "y": 0.03108111210167408,
            "z": 0.5653941631317139
        },
        "5": {
            "name": "Right Knee",
            "x": -0.09057099372148514,
            "y": -0.039298396557569504,
            "z": 0.26457086205482483
        },
        "6": {
            "name": "Right Ankle",
            "x": -0.19013282656669617,
            "y": -0.044726986438035965,
            "z": 0.04508590325713158
        },
        "7": {
            "name": "Center of Body",
            "x": 0.008890213444828987,
            "y": -0.03312832862138748,
            "z": 0.7331418395042419
        },
        "8": {
            "name": "Center of Shoulder",
            "x": 0.08174727112054825,
            "y": 0.011687117628753185,
            "z": 0.9056447744369507
        },
        "9": {
            "name": "Neck",
            "x": 0.12476062029600143,
            "y": 0.07199247926473618,
            "z": 0.9486994743347168
        },
        "10": {
            "name": "Head",
            "x": 0.1841643750667572,
            "y": 0.07037246227264404,
            "z": 1.0
        },
        "11": {
            "name": "Right Shoulder",
            "x": -0.03774861991405487,
            "y": 0.031181838363409042,
            "z": 0.9161859750747681
        },
        "12": {
            "name": "Right Elbow",
            "x": -0.14786505699157715,
            "y": -0.007068338338285685,
            "z": 0.712066650390625
        },
        "13": {
            "name": "Right Wrist",
            "x": -0.16855812072753906,
            "y": 0.011476495303213596,
            "z": 0.5512052774429321
        },
        "14": {
            "name": "Left Shoulder",
            "x": 0.19392545521259308,
            "y": -0.07187329977750778,
            "z": 0.87655109167099
        },
        "15": {
            "name": "Left Elbow",
            "x": 0.18621475994586945,
            "y": -0.1083337664604187,
            "z": 0.6216387152671814
        },
        "16": {
            "name": "Left Wrist",
            "x": 0.17830874025821686,
            "y": 0.04198179021477699,
            "z": 0.6185773015022278
        }
    }
}