{
    "image_path": "00022/img/4.jpg",
    "shooter_tracklet_id": 3,
    "bbox": {
        "x": 305,
        "y": 475,
        "w": 100,
        "h": 100
    },
    "keypoint_2d": {
        "0": {
            "name": "Center of Hips",
            "x": 55.59,
            "y": 43.95
        },
        "1": {
            "name": "Left Hip",
            "x": 49.34,
            "y": 46.25
        },
        "2": {
            "name": "Left Knee",
            "x": 37.86,
            "y": 67.3
        },
        "3": {
            "name": "Left Ankle",
            "x": 51.64,
            "y": 81.44
        },
        "4": {
            "name": "Right Hip",
            "x": 62.5,
            "y": 41.65
        },
        "5": {
            "name": "Right Knee",
            "x": 55.26,
            "y": 61.71
        },
        "6": {
            "name": "Right Ankle",
            "x": 61.35,
            "y": 80.12
        },
        "7": {
            "name": "Center of Body",
            "x": 51.97,
            "y": 29.31
        },
        "8": {
            "name": "Center of Shoulder",
            "x": 48.03,
            "y": 15.67
        },
        "9": {
            "name": "Neck",
            "x": 46.22,
            "y": 14.35
        },
        "10": {
            "name": "Head",
            "x": 43.26,
            "y": 12.38
        },
        "11": {
            "name": "Right Shoulder",
            "x": 55.1,
            "y": 13.36
        },
        "12": {
            "name": "Right Elbow",
            "x": 64.31,
            "y": 30.14
        },
        "13": {
            "name": "Right Wrist",
            "x": 65.79,
            "y": 44.61
        },
        "14": {
            "name": "Left Shoulder",
            "x": 38.16,
            "y": 19.61
        },
        "15": {
            "name": "Left Elbow",
            "x": 35.04,
            "y": 40.84
        },
        "16": {
            "name": "Left Wrist",
            "x": 45.07,
            "y": 38.85
        }
    },
    "keypoint_3d": {
        "0": {
            "name": "Center of Hips",
            "x": 0.0,
            "y": 0.0,
            "z": 0.553034245967865
        },
        "1": {
            "name": "Left Hip",
            "x": 0.0583590492606163,
            "y": -0.09823548793792725,
            "z": 0.4955737292766571
        },
        "2": {
            "name": "Left Knee",
            "x": 0.17881380021572113,
            "y": -0.07113800197839737,
            "z": 0.22406503558158875
        },
        "3": {
            "name": "Left Ankle",
            "x": 0.010933509096503258,
            "y": -0.012997163459658623,
            "z": 0.0
        },
        "4": {
            "name": "Right Hip",
            "x": -0.10369160026311874,
            "y": 0.041117507964372635,
            "z": 0.5653887391090393
        },
        "5": {
            "name": "Right Knee",
            "x": -0.051298536360263824,
            "y": -0.031861864030361176,
            "z": 0.2668183445930481
        },
        "6": {
            "name": "Right Ankle",
            "x": -0.13478229939937592,
            "y": -0.005851719994097948,
            "z": 0.028265001252293587
        },
        "7": {
            "name": "Center of Body",
            "x": 0.021221116185188293,
            "y": -0.02788737043738365,
            "z": 0.7357308268547058
        },
        "8": {
            "name": "Center of Shoulder",
            "x": 0.1036788746714592,
            "y": -0.003913372289389372,
            "z": 0.9090108871459961
        },
        "9": {
            "name": "Neck",
            "x": 0.155250683426857,
            "y": 0.058719243854284286,
            "z": 0.948668360710144
        },
        "10": {
            "name": "Head",
            "x": 0.21446754038333893,
            "y": 0.06472308933734894,
            "z": 1.0
        },
        "11": {
            "name": "Right Shoulder",
            "x": -0.013019202277064323,
            "y": 0.020124932751059532,
            "z": 0.9362322092056274
        },
        "12": {
            "name": "Right Elbow",
            "x": -0.1356995403766632,
            "y": 0.009432141669094563,
            "z": 0.7180511951446533
        },
        "13": {
            "name": "Right Wrist",
            "x": -0.15951776504516602,
            "y": 0.03209620341658592,
            "z": 0.5317366719245911
        },
        "14": {
            "name": "Left Shoulder",
            "x": 0.2221682071685791,
            "y": -0.07544942945241928,
            "z": 0.8694288730621338
        },
        "15": {
            "name": "Left Elbow",
            "x": 0.24277830123901367,
            "y": -0.056489862501621246,
            "z": 0.591625988483429
        },
        "16": {
            "name": "Left Wrist",
            "x": 0.21021009981632233,
            "y": 0.09748542308807373,
            "z": 0.6477072834968567
        }
    }
}