{
    "image_path": "00022/img/5.jpg",
    "shooter_tracklet_id": 3,
    "bbox": {
        "x": 311,
        "y": 471,
        "w": 100,
        "h": 100
    },
    "keypoint_2d": {
        "0": {
            "name": "Center of Hips",
            "x": 57.56,
            "y": 38.36
        },
        "1": {
            "name": "Left Hip",
            "x": 50.99,
            "y": 40.0
        },
        "2": {
            "name": "Left Knee",
            "x": 39.97,
            "y": 59.9
        },
        "3": {
            "name": "Left Ankle",
            "x": 51.97,
            "y": 77.33
        },
        "4": {
            "name": "Right Hip",
            "x": 64.96,
            "y": 36.22
        },
        "5": {
            "name": "Right Knee",
            "x": 56.74,
            "y": 55.95
        },
        "6": {
            "name": "Right Ankle",
            "x": 62.33,
            "y": 72.23
        },
        "7": {
            "name": "Center of Body",
            "x": 52.39,
            "y": 22.16
        },
        "8": {
            "name": "Center of Shoulder",
            "x": 48.04,
            "y": 10.35
        },
        "9": {
            "name": "Neck",
            "x": 47.5,
            "y": 7.95
        },
        "10": {
            "name": "Head",
            "x": 42.6,
            "y": 6.46
        },
        "11": {
            "name": "Right Shoulder",
            "x": 55.78,
            "y": 10.53
        },
        "12": {
            "name": "Right Elbow",
            "x": 65.29,
            "y": 23.56
        },
        "13": {
            "name": "Right Wrist",
            "x": 68.09,
            "y": 36.55
        },
        "14": {
            "name": "Left Shoulder",
            "x": 37.75,
            "y": 12.36
        },
        "15": {
            "name": "Left Elbow",
            "x": 34.46,
            "y": 33.68
        },
        "16": {
            "name": "Left Wrist",
            "x": 42.6,
            "y": 36.06
        }
    },
    "keypoint_3d": {
        "0": {
            "name": "Center of Hips",
            "x": 0.0,
            "y": 0.0,
            "z": 0.5689830780029297
        },
        "1": {
            "name": "Left Hip",
            "x": 0.05633867532014847,
            "y": -0.09561040997505188,
            "z": 0.515935480594635
        },
        "2": {
            "name": "Left Knee",
            "x": 0.211266428232193,
            "y": -0.04673013091087341,
            "z": 0.2415418028831482
        },
        "3": {
            "name": "Left Ankle",
            "x": 0.050365280359983444,
            "y": 0.039820753037929535,
            "z": 0.0
        },
        "4": {
            "name": "Right Hip",
            "x": -0.1029982715845108,
            "y": 0.05139487236738205,
            "z": 0.5867233872413635
        },
        "5": {
            "name": "Right Knee",
            "x": -0.04023685306310654,
            "y": -0.025719085708260536,
            "z": 0.28762105107307434
        },
        "6": {
            "name": "Right Ankle",
            "x": -0.13240589201450348,
            "y": -0.02908777818083763,
            "z": 0.0657791867852211
        },
        "7": {
            "name": "Center of Body",
            "x": 0.04422880336642265,
            "y": -0.015135537832975388,
            "z": 0.7527876496315002
        },
        "8": {
            "name": "Center of Shoulder",
            "x": 0.12504462897777557,
            "y": 0.00483289547264576,
            "z": 0.9316959977149963
        },
        "9": {
            "name": "Neck",
            "x": 0.1633918583393097,
            "y": 0.05695520341396332,
            "z": 0.9604180455207825
        },
        "10": {
            "name": "Head",
            "x": 0.22886855900287628,
            "y": 0.058785583823919296,
            "z": 1.0
        },
        "11": {
            "name": "Right Shoulder",
            "x": 0.024067247286438942,
            "y": 0.030932703986763954,
            "z": 0.941027820110321
        },
        "12": {
            "name": "Right Elbow",
            "x": -0.12011468410491943,
            "y": 0.030124884098768234,
            "z": 0.7418825626373291
        },
        "13": {
            "name": "Right Wrist",
            "x": -0.16007757186889648,
            "y": 0.05345182865858078,
            "z": 0.5568675398826599
        },
        "14": {
            "name": "Left Shoulder",
            "x": 0.23253415524959564,
            "y": -0.06461977958679199,
            "z": 0.8760839104652405
        },
        "15": {
            "name": "Left Elbow",
            "x": 0.2894170880317688,
            "y": -0.05751208961009979,
            "z": 0.6149507761001587
        },
        "16": {
            "name": "Left Wrist",
            "x": 0.2616163492202759,
            "y": 0.10386538505554199,
            "z": 0.6248469948768616
        }
    }
}