{
    "image_path": "00022/img/7.jpg",
    "shooter_tracklet_id": 3,
    "bbox": {
        "x": 306,
        "y": 468,
        "w": 100,
        "h": 100
    },
    "keypoint_2d": {
        "0": {
            "name": "Center of Hips",
            "x": 54.49,
            "y": 39.1
        },
        "1": {
            "name": "Left Hip",
            "x": 46.34,
            "y": 40.16
        },
        "2": {
            "name": "Left Knee",
            "x": 38.33,
            "y": 64.17
        },
        "3": {
            "name": "Left Ankle",
            "x": 49.18,
            "y": 83.08
        },
        "4": {
            "name": "Right Hip",
            "x": 62.05,
            "y": 38.53
        },
        "5": {
            "name": "Right Knee",
            "x": 52.7,
            "y": 56.95
        },
        "6": {
            "name": "Right Ankle",
            "x": 56.91,
            "y": 78.48
        },
        "7": {
            "name": "Center of Body",
            "x": 50.49,
            "y": 25.42
        },
        "8": {
            "name": "Center of Shoulder",
            "x": 46.49,
            "y": 14.49
        },
        "9": {
            "name": "Neck",
            "x": 45.72,
            "y": 12.54
        },
        "10": {
            "name": "Head",
            "x": 42.6,
            "y": 10.24
        },
        "11": {
            "name": "Right Shoulder",
            "x": 54.01,
            "y": 14.88
        },
        "12": {
            "name": "Right Elbow",
            "x": 64.14,
            "y": 26.85
        },
        "13": {
            "name": "Right Wrist",
            "x": 70.72,
            "y": 36.06
        },
        "14": {
            "name": "Left Shoulder",
            "x": 37.22,
            "y": 15.93
        },
        "15": {
            "name": "Left Elbow",
            "x": 31.42,
            "y": 29.81
        },
        "16": {
            "name": "Left Wrist",
            "x": 29.63,
            "y": 41.1
        }
    },
    "keypoint_3d": {
        "0": {
            "name": "Center of Hips",
            "x": 0.0,
            "y": 0.0,
            "z": 0.591532826423645
        },
        "1": {
            "name": "Left Hip",
            "x": 0.08243227750062943,
            "y": -0.0631638765335083,
            "z": 0.5564166307449341
        },
        "2": {
            "name": "Left Knee",
            "x": 0.20100662112236023,
            "y": -0.006251075770705938,
            "z": 0.2554381191730499
        },
        "3": {
            "name": "Left Ankle",
            "x": 0.06774087995290756,
            "y": 0.08695918321609497,
            "z": 0.0
        },
        "4": {
            "name": "Right Hip",
            "x": -0.10843160003423691,
            "y": 0.058389414101839066,
            "z": 0.6068453192710876
        },
        "5": {
            "name": "Right Knee",
            "x": -0.024085337296128273,
            "y": -0.023386787623167038,
            "z": 0.32544732093811035
        },
        "6": {
            "name": "Right Ankle",
            "x": -0.09741034358739853,
            "y": -0.025459274649620056,
            "z": 0.09688218683004379
        },
        "7": {
            "name": "Center of Body",
            "x": 0.03963828831911087,
            "y": -0.015571312978863716,
            "z": 0.7639274001121521
        },
        "8": {
            "name": "Center of Shoulder",
            "x": 0.12076910585165024,
            "y": 0.028781849890947342,
            "z": 0.9239846467971802
        },
        "9": {
            "name": "Neck",
            "x": 0.15514597296714783,
            "y": 0.072173573076725,
            "z": 0.9574474096298218
        },
        "10": {
            "name": "Head",
            "x": 0.20929330587387085,
            "y": 0.07623399049043655,
            "z": 1.0
        },
        "11": {
            "name": "Right Shoulder",
            "x": 0.023449871689081192,
            "y": 0.061851780861616135,
            "z": 0.9189645051956177
        },
        "12": {
            "name": "Right Elbow",
            "x": -0.1232910081744194,
            "y": 0.07734498381614685,
            "z": 0.7469941973686218
        },
        "13": {
            "name": "Right Wrist",
            "x": -0.19892898201942444,
            "y": 0.14206747710704803,
            "z": 0.6264491081237793
        },
        "14": {
            "name": "Left Shoulder",
            "x": 0.21027109026908875,
            "y": -0.06329226493835449,
            "z": 0.903804361820221
        },
        "15": {
            "name": "Left Elbow",
            "x": 0.25135916471481323,
            "y": -0.13143502175807953,
            "z": 0.6865708827972412
        },
        "16": {
            "name": "Left Wrist",
            "x": 0.29435813426971436,
            "y": -0.05477089434862137,
            "z": 0.5486115217208862
        }
    }
}