{
    "image_path": "00022/img/8.jpg",
    "shooter_tracklet_id": 3,
    "bbox": {
        "x": 307,
        "y": 464,
        "w": 100,
        "h": 100
    },
    "keypont_2d": {
        "0": {
            "name": "Center of Hips",
            "x": 51.8,
            "y": 39.63
        },
        "1": {
            "name": "Left Hip",
            "x": 42.98,
            "y": 42.28
        },
        "2": {
            "name": "Left Knee",
            "x": 41.75,
            "y": 62.84
        },
        "3": {
            "name": "Left Ankle",
            "x": 47.17,
            "y": 81.11
        },
        "4": {
            "name": "Right Hip",
            "x": 59.85,
            "y": 38.46
        },
        "5": {
            "name": "Right Knee",
            "x": 51.24,
            "y": 60.62
        },
        "6": {
            "name": "Right Ankle",
            "x": 49.61,
            "y": 76.35
        },
        "7": {
            "name": "Center of Body",
            "x": 48.86,
            "y": 25.58
        },
        "8": {
            "name": "Center of Shoulder",
            "x": 45.15,
            "y": 14.45
        },
        "9": {
            "name": "Neck",
            "x": 43.94,
            "y": 11.93
        },
        "10": {
            "name": "Head",
            "x": 41.11,
            "y": 8.84
        },
        "11": {
            "name": "Right Shoulder",
            "x": 54.27,
            "y": 13.36
        },
        "12": {
            "name": "Right Elbow",
            "x": 64.63,
            "y": 23.72
        },
        "13": {
            "name": "Right Wrist",
            "x": 74.21,
            "y": 30.53
        },
        "14": {
            "name": "Left Shoulder",
            "x": 35.72,
            "y": 17.38
        },
        "15": {
            "name": "Left Elbow",
            "x": 31.08,
            "y": 32.07
        },
        "16": {
            "name": "Left Wrist",
            "x": 26.29,
            "y": 46.45
        }
    },
    "keypont_3d": {
        "0": {
            "name": "Center of Hips",
            "x": 0.0,
            "y": 0.0,
            "z": 0.5659324526786804
        },
        "1": {
            "name": "Left Hip",
            "x": 0.08882087469100952,
            "y": -0.06208868324756622,
            "z": 0.5301346778869629
        },
        "2": {
            "name": "Left Knee",
            "x": 0.13073933124542236,
            "y": 0.0046521518379449844,
            "z": 0.2477037012577057
        },
        "3": {
            "name": "Left Ankle",
            "x": 0.04020915925502777,
            "y": 0.024324066936969757,
            "z": 0.0
        },
        "4": {
            "name": "Right Hip",
            "x": -0.10666119307279587,
            "y": 0.049962688237428665,
            "z": 0.5793827176094055
        },
        "5": {
            "name": "Right Knee",
            "x": -0.02663164772093296,
            "y": -0.013871606439352036,
            "z": 0.2843402326107025
        },
        "6": {
            "name": "Right Ankle",
            "x": -0.045540351420640945,
            "y": -0.0616762712597847,
            "z": 0.049034591764211655
        },
        "7": {
            "name": "Center of Body",
            "x": 0.031306881457567215,
            "y": -0.013373397290706635,
            "z": 0.7389180660247803
        },
        "8": {
            "name": "Center of Shoulder",
            "x": 0.1127697080373764,
            "y": 0.03550300747156143,
            "z": 0.9006703495979309
        },
        "9": {
            "name": "Neck",
            "x": 0.15095306932926178,
            "y": 0.08205776661634445,
            "z": 0.9421173930168152
        },
        "10": {
            "name": "Head",
            "x": 0.20313474535942078,
            "y": 0.08909305930137634,
            "z": 1.0
        },
        "11": {
            "name": "Right Shoulder",
            "x": 0.0038988797459751368,
            "y": 0.06557188928127289,
            "z": 0.9057061672210693
        },
        "12": {
            "name": "Right Elbow",
            "x": -0.15122449398040771,
            "y": 0.0732387900352478,
            "z": 0.7528858780860901
        },
        "13": {
            "name": "Right Wrist",
            "x": -0.2466738075017929,
            "y": 0.1431986689567566,
            "z": 0.646854043006897
        },
        "14": {
            "name": "Left Shoulder",
            "x": 0.20499491691589355,
            "y": -0.05355844646692276,
            "z": 0.8637978434562683
        },
        "15": {
            "name": "Left Elbow",
            "x": 0.23304836452007294,
            "y": -0.13819678127765656,
            "z": 0.6503827571868896
        },
        "16": {
            "name": "Left Wrist",
            "x": 0.292651504278183,
            "y": -0.15903644263744354,
            "z": 0.49195337295532227
        }
    }
}