{
    "image_path": "00022/img/9.jpg",
    "shooter_tracklet_id": 3,
    "bbox": {
        "x": 301,
        "y": 463,
        "w": 100,
        "h": 100
    },
    "keypoint_2d": {
        "0": {
            "name": "Center of Hips",
            "x": 50.64,
            "y": 45.43
        },
        "1": {
            "name": "Left Hip",
            "x": 41.88,
            "y": 46.46
        },
        "2": {
            "name": "Left Knee",
            "x": 41.37,
            "y": 73.26
        },
        "3": {
            "name": "Left Ankle",
            "x": 48.84,
            "y": 85.75
        },
        "4": {
            "name": "Right Hip",
            "x": 58.54,
            "y": 45.37
        },
        "5": {
            "name": "Right Knee",
            "x": 51.8,
            "y": 65.01
        },
        "6": {
            "name": "Right Ankle",
            "x": 49.78,
            "y": 79.94
        },
        "7": {
            "name": "Center of Body",
            "x": 49.48,
            "y": 33.57
        },
        "8": {
            "name": "Center of Shoulder",
            "x": 46.39,
            "y": 20.82
        },
        "9": {
            "name": "Neck",
            "x": 44.85,
            "y": 19.01
        },
        "10": {
            "name": "Head",
            "x": 40.21,
            "y": 16.31
        },
        "11": {
            "name": "Right Shoulder",
            "x": 55.67,
            "y": 19.92
        },
        "12": {
            "name": "Right Elbow",
            "x": 63.79,
            "y": 27.52
        },
        "13": {
            "name": "Right Wrist",
            "x": 74.35,
            "y": 34.35
        },
        "14": {
            "name": "Left Shoulder",
            "x": 37.5,
            "y": 22.88
        },
        "15": {
            "name": "Left Elbow",
            "x": 30.55,
            "y": 42.21
        },
        "16": {
            "name": "Left Wrist",
            "x": 26.16,
            "y": 55.35
        }
    },
    "keypoint_3d": {
        "0": {
            "name": "Center of Hips",
            "x": 0.0,
            "y": 0.0,
            "z": 0.5612882375717163
        },
        "1": {
            "name": "Left Hip",
            "x": 0.10747192800045013,
            "y": -0.044814106076955795,
            "z": 0.539196789264679
        },
        "2": {
            "name": "Left Knee",
            "x": 0.14745430648326874,
            "y": 0.04630890488624573,
            "z": 0.21961742639541626
        },
        "3": {
            "name": "Left Ankle",
            "x": 0.011256362311542034,
            "y": 0.025760473683476448,
            "z": 0.0
        },
        "4": {
            "name": "Right Hip",
            "x": -0.10960391163825989,
            "y": 0.03340167924761772,
            "z": 0.5628911256790161
        },
        "5": {
            "name": "Right Knee",
            "x": -0.05484614148736,
            "y": -0.036407604813575745,
            "z": 0.2785611152648926
        },
        "6": {
            "name": "Right Ankle",
            "x": -0.07590118050575256,
            "y": -0.12487331032752991,
            "z": 0.04149801656603813
        },
        "7": {
            "name": "Center of Body",
            "x": 0.013550780713558197,
            "y": 0.016211550682783127,
            "z": 0.7497385740280151
        },
        "8": {
            "name": "Center of Shoulder",
            "x": 0.0986209586262703,
            "y": 0.07431942224502563,
            "z": 0.9158830642700195
        },
        "9": {
            "name": "Neck",
            "x": 0.14287106692790985,
            "y": 0.11017805337905884,
            "z": 0.9484996199607849
        },
        "10": {
            "name": "Head",
            "x": 0.20784547924995422,
            "y": 0.09391477704048157,
            "z": 1.0
        },
        "11": {
            "name": "Right Shoulder",
            "x": -0.04272583872079849,
            "y": 0.07009772211313248,
            "z": 0.9243010878562927
        },
        "12": {
            "name": "Right Elbow",
            "x": -0.18818478286266327,
            "y": 0.029488099738955498,
            "z": 0.7889072895050049
        },
        "13": {
            "name": "Right Wrist",
            "x": -0.3111644685268402,
            "y": 0.11160025745630264,
            "z": 0.7104409337043762
        },
        "14": {
            "name": "Left Shoulder",
            "x": 0.19928570091724396,
            "y": -0.0018791877664625645,
            "z": 0.8719950914382935
        },
        "15": {
            "name": "Left Elbow",
            "x": 0.2586461901664734,
            "y": -0.05792620778083801,
            "z": 0.6202625036239624
        },
        "16": {
            "name": "Left Wrist",
            "x": 0.34827616810798645,
            "y": -0.05693344399333,
            "z": 0.4380607008934021
        }
    }
}