{
    "image_path": "00022/img/10.jpg",
    "shooter_tracklet_id": 3,
    "bbox": {
        "x": 300,
        "y": 463,
        "w": 100,
        "h": 100
    },
    "keypont_2d": {
        "0": {
            "name": "Center of Hips",
            "x": 50.13,
            "y": 49.68
        },
        "1": {
            "name": "Left Hip",
            "x": 41.5,
            "y": 50.19
        },
        "2": {
            "name": "Left Knee",
            "x": 40.55,
            "y": 72.41
        },
        "3": {
            "name": "Left Ankle",
            "x": 45.36,
            "y": 88.97
        },
        "4": {
            "name": "Right Hip",
            "x": 57.09,
            "y": 49.55
        },
        "5": {
            "name": "Right Knee",
            "x": 51.74,
            "y": 73.66
        },
        "6": {
            "name": "Right Ankle",
            "x": 47.62,
            "y": 89.08
        },
        "7": {
            "name": "Center of Body",
            "x": 47.86,
            "y": 34.08
        },
        "8": {
            "name": "Center of Shoulder",
            "x": 45.23,
            "y": 22.62
        },
        "9": {
            "name": "Neck",
            "x": 42.43,
            "y": 20.61
        },
        "10": {
            "name": "Head",
            "x": 38.6,
            "y": 18.83
        },
        "11": {
            "name": "Right Shoulder",
            "x": 53.09,
            "y": 21.33
        },
        "12": {
            "name": "Right Elbow",
            "x": 64.69,
            "y": 29.58
        },
        "13": {
            "name": "Right Wrist",
            "x": 75.32,
            "y": 32.93
        },
        "14": {
            "name": "Left Shoulder",
            "x": 36.13,
            "y": 26.5
        },
        "15": {
            "name": "Left Elbow",
            "x": 29.51,
            "y": 45.81
        },
        "16": {
            "name": "Left Wrist",
            "x": 25.99,
            "y": 58.29
        }
    },
    "keypont_3d": {
        "0": {
            "name": "Center of Hips",
            "x": 0.0,
            "y": 0.0,
            "z": 0.5706448554992676
        },
        "1": {
            "name": "Left Hip",
            "x": 0.09606418758630753,
            "y": -0.04164930060505867,
            "z": 0.553128182888031
        },
        "2": {
            "name": "Left Knee",
            "x": 0.10011424869298935,
            "y": -0.030665820464491844,
            "z": 0.23855438828468323
        },
        "3": {
            "name": "Left Ankle",
            "x": -0.0011256660800427198,
            "y": -0.04304013028740883,
            "z": 0.0
        },
        "4": {
            "name": "Right Hip",
            "x": -0.11024081707000732,
            "y": 0.02062087133526802,
            "z": 0.5678441524505615
        },
        "5": {
            "name": "Right Knee",
            "x": -0.046991877257823944,
            "y": 0.004269718192517757,
            "z": 0.27909982204437256
        },
        "6": {
            "name": "Right Ankle",
            "x": -0.04375295713543892,
            "y": -0.06674836575984955,
            "z": 0.035811182111501694
        },
        "7": {
            "name": "Center of Body",
            "x": 0.0014826834667474031,
            "y": -0.02119954116642475,
            "z": 0.7491087913513184
        },
        "8": {
            "name": "Center of Shoulder",
            "x": 0.08558414876461029,
            "y": 0.05493868142366409,
            "z": 0.9252567887306213
        },
        "9": {
            "name": "Neck",
            "x": 0.14225874841213226,
            "y": 0.09833142906427383,
            "z": 0.9564281702041626
        },
        "10": {
            "name": "Head",
            "x": 0.2038349062204361,
            "y": 0.0881035178899765,
            "z": 1.0
        },
        "11": {
            "name": "Right Shoulder",
            "x": -0.03590421751141548,
            "y": 0.058598995208740234,
            "z": 0.9356130361557007
        },
        "12": {
            "name": "Right Elbow",
            "x": -0.19679826498031616,
            "y": 0.021484922617673874,
            "z": 0.8012096881866455
        },
        "13": {
            "name": "Right Wrist",
            "x": -0.3258882462978363,
            "y": 0.10938424617052078,
            "z": 0.7586742639541626
        },
        "14": {
            "name": "Left Shoulder",
            "x": 0.18754538893699646,
            "y": -0.0019603909458965063,
            "z": 0.8649155497550964
        },
        "15": {
            "name": "Left Elbow",
            "x": 0.2524186968803406,
            "y": -0.05172687768936157,
            "z": 0.6226577758789062
        },
        "16": {
            "name": "Left Wrist",
            "x": 0.3317071795463562,
            "y": -0.05123670771718025,
            "z": 0.4481537342071533
        }
    }
}