{
    "image_path": "00022/img/11.jpg",
    "shooter_tracklet_id": 3,
    "bbox": {
        "x": 297,
        "y": 464,
        "w": 100,
        "h": 100
    },
    "keypont_2d": {
        "0": {
            "name": "Center of Hips",
            "x": 48.58,
            "y": 52.51
        },
        "1": {
            "name": "Left Hip",
            "x": 39.72,
            "y": 55.01
        },
        "2": {
            "name": "Left Knee",
            "x": 34.02,
            "y": 77.25
        },
        "3": {
            "name": "Left Ankle",
            "x": 41.5,
            "y": 82.02
        },
        "4": {
            "name": "Right Hip",
            "x": 55.7,
            "y": 50.87
        },
        "5": {
            "name": "Right Knee",
            "x": 51.81,
            "y": 75.36
        },
        "6": {
            "name": "Right Ankle",
            "x": 46.55,
            "y": 91.96
        },
        "7": {
            "name": "Center of Body",
            "x": 46.55,
            "y": 38.69
        },
        "8": {
            "name": "Center of Shoulder",
            "x": 41.28,
            "y": 28.16
        },
        "9": {
            "name": "Neck",
            "x": 39.31,
            "y": 25.53
        },
        "10": {
            "name": "Head",
            "x": 35.37,
            "y": 23.39
        },
        "11": {
            "name": "Right Shoulder",
            "x": 49.21,
            "y": 24.87
        },
        "12": {
            "name": "Right Elbow",
            "x": 61.84,
            "y": 29.97
        },
        "13": {
            "name": "Right Wrist",
            "x": 74.5,
            "y": 32.93
        },
        "14": {
            "name": "Left Shoulder",
            "x": 32.85,
            "y": 32.87
        },
        "15": {
            "name": "Left Elbow",
            "x": 30.28,
            "y": 49.23
        },
        "16": {
            "name": "Left Wrist",
            "x": 26.49,
            "y": 63.02
        }
    },
    "keypont_3d": {
        "0": {
            "name": "Center of Hips",
            "x": 0.0,
            "y": 0.0,
            "z": 0.5677407383918762
        },
        "1": {
            "name": "Left Hip",
            "x": 0.10441327840089798,
            "y": -0.028007512912154198,
            "z": 0.538598358631134
        },
        "2": {
            "name": "Left Knee",
            "x": 0.15668466687202454,
            "y": -0.013697168789803982,
            "z": 0.22795656323432922
        },
        "3": {
            "name": "Left Ankle",
            "x": 0.0016996857011690736,
            "y": -0.15747983753681183,
            "z": 0.07560061663389206
        },
        "4": {
            "name": "Right Hip",
            "x": -0.11562159657478333,
            "y": 0.019265100359916687,
            "z": 0.5753934383392334
        },
        "5": {
            "name": "Right Knee",
            "x": -0.009839773178100586,
            "y": 0.14596527814865112,
            "z": 0.23844321072101593
        },
        "6": {
            "name": "Right Ankle",
            "x": -0.0019793324172496796,
            "y": 0.0144062340259552,
            "z": 0.0
        },
        "7": {
            "name": "Center of Body",
            "x": 0.0013805999187752604,
            "y": -0.028070807456970215,
            "z": 0.7554775476455688
        },
        "8": {
            "name": "Center of Shoulder",
            "x": 0.11794678866863251,
            "y": 0.061906106770038605,
            "z": 0.9233294725418091
        },
        "9": {
            "name": "Neck",
            "x": 0.16879187524318695,
            "y": 0.10087896883487701,
            "z": 0.9577661156654358
        },
        "10": {
            "name": "Head",
            "x": 0.22446726262569427,
            "y": 0.08800015598535538,
            "z": 1.0
        },
        "11": {
            "name": "Right Shoulder",
            "x": -0.007062334567308426,
            "y": 0.061286430805921555,
            "z": 0.9483246803283691
        },
        "12": {
            "name": "Right Elbow",
            "x": -0.2010846585035324,
            "y": 0.04028423875570297,
            "z": 0.8461105823516846
        },
        "13": {
            "name": "Right Wrist",
            "x": -0.346674382686615,
            "y": 0.1379169523715973,
            "z": 0.8204299211502075
        },
        "14": {
            "name": "Left Shoulder",
            "x": 0.2165376991033554,
            "y": -0.00550985150039196,
            "z": 0.8398182392120361
        },
        "15": {
            "name": "Left Elbow",
            "x": 0.23760385811328888,
            "y": -0.06217982992529869,
            "z": 0.6110706925392151
        },
        "16": {
            "name": "Left Wrist",
            "x": 0.32072749733924866,
            "y": -0.051527880132198334,
            "z": 0.4270869493484497
        }
    }
}