{
    "image_path": "00022/img/12.jpg",
    "shooter_tracklet_id": 3,
    "bbox": {
        "x": 302,
        "y": 464,
        "w": 100,
        "h": 100
    },
    "keypoint_2d": {
        "0": {
            "name": "Center of Hips",
            "x": 50.0,
            "y": 48.88
        },
        "1": {
            "name": "Left Hip",
            "x": 41.54,
            "y": 51.05
        },
        "2": {
            "name": "Left Knee",
            "x": 34.21,
            "y": 71.25
        },
        "3": {
            "name": "Left Ankle",
            "x": 38.28,
            "y": 79.7
        },
        "4": {
            "name": "Right Hip",
            "x": 57.47,
            "y": 46.71
        },
        "5": {
            "name": "Right Knee",
            "x": 52.63,
            "y": 70.42
        },
        "6": {
            "name": "Right Ankle",
            "x": 46.71,
            "y": 87.36
        },
        "7": {
            "name": "Center of Body",
            "x": 45.26,
            "y": 34.22
        },
        "8": {
            "name": "Center of Shoulder",
            "x": 39.93,
            "y": 22.42
        },
        "9": {
            "name": "Neck",
            "x": 36.34,
            "y": 21.2
        },
        "10": {
            "name": "Head",
            "x": 32.09,
            "y": 20.17
        },
        "11": {
            "name": "Right Shoulder",
            "x": 47.22,
            "y": 19.61
        },
        "12": {
            "name": "Right Elbow",
            "x": 60.86,
            "y": 23.56
        },
        "13": {
            "name": "Right Wrist",
            "x": 75.71,
            "y": 26.89
        },
        "14": {
            "name": "Left Shoulder",
            "x": 32.9,
            "y": 27.23
        },
        "15": {
            "name": "Left Elbow",
            "x": 29.9,
            "y": 45.04
        },
        "16": {
            "name": "Left Wrist",
            "x": 28.61,
            "y": 57.41
        }
    },
    "keypoint_3d": {
        "0": {
            "name": "Center of Hips",
            "x": 0.0,
            "y": 0.0,
            "z": 0.5787120461463928
        },
        "1": {
            "name": "Left Hip",
            "x": 0.09803884476423264,
            "y": -0.044175684452056885,
            "z": 0.5399566888809204
        },
        "2": {
            "name": "Left Knee",
            "x": 0.19516521692276,
            "y": -0.06298437714576721,
            "z": 0.24165426194667816
        },
        "3": {
            "name": "Left Ankle",
            "x": 0.055613890290260315,
            "y": -0.20931875705718994,
            "z": 0.0740036889910698
        },
        "4": {
            "name": "Right Hip",
            "x": -0.12481202185153961,
            "y": 0.019592920318245888,
            "z": 0.5902923345565796
        },
        "5": {
            "name": "Right Knee",
            "x": -0.021401220932602882,
            "y": 0.12701945006847382,
            "z": 0.253021240234375
        },
        "6": {
            "name": "Right Ankle",
            "x": 0.003401999594643712,
            "y": 0.00546468049287796,
            "z": 0.0
        },
        "7": {
            "name": "Center of Body",
            "x": 0.02836817130446434,
            "y": -0.033274631947278976,
            "z": 0.7614262700080872
        },
        "8": {
            "name": "Center of Shoulder",
            "x": 0.14427550137043,
            "y": 0.0300173107534647,
            "z": 0.9353342652320862
        },
        "9": {
            "name": "Neck",
            "x": 0.21168252825737,
            "y": 0.07023866474628448,
            "z": 0.9659426212310791
        },
        "10": {
            "name": "Head",
            "x": 0.27651575207710266,
            "y": 0.05974132940173149,
            "z": 1.0
        },
        "11": {
            "name": "Right Shoulder",
            "x": 0.03016304410994053,
            "y": 0.03677590936422348,
            "z": 0.9727090001106262
        },
        "12": {
            "name": "Right Elbow",
            "x": -0.17363053560256958,
            "y": 0.036501333117485046,
            "z": 0.8926924467086792
        },
        "13": {
            "name": "Right Wrist",
            "x": -0.32369449734687805,
            "y": 0.1463860720396042,
            "z": 0.8556436896324158
        },
        "14": {
            "name": "Left Shoulder",
            "x": 0.23506197333335876,
            "y": -0.026920480653643608,
            "z": 0.8592700958251953
        },
        "15": {
            "name": "Left Elbow",
            "x": 0.2536877989768982,
            "y": -0.07477333396673203,
            "z": 0.6219707727432251
        },
        "16": {
            "name": "Left Wrist",
            "x": 0.3273180425167084,
            "y": -0.03173226863145828,
            "z": 0.4437152147293091
        }
    }
}