{
    "image_path": "00022/img/13.jpg",
    "shooter_tracklet_id": 3,
    "bbox": {
        "x": 305,
        "y": 462,
        "w": 100,
        "h": 100
    },
    "keypont_2d": {
        "0": {
            "name": "Center of Hips",
            "x": 54.93,
            "y": 44.11
        },
        "1": {
            "name": "Left Hip",
            "x": 47.37,
            "y": 46.58
        },
        "2": {
            "name": "Left Knee",
            "x": 37.78,
            "y": 66.31
        },
        "3": {
            "name": "Left Ankle",
            "x": 32.73,
            "y": 81.28
        },
        "4": {
            "name": "Right Hip",
            "x": 61.51,
            "y": 41.98
        },
        "5": {
            "name": "Right Knee",
            "x": 56.01,
            "y": 62.76
        },
        "6": {
            "name": "Right Ankle",
            "x": 49.67,
            "y": 85.06
        },
        "7": {
            "name": "Center of Body",
            "x": 46.57,
            "y": 31.09
        },
        "8": {
            "name": "Center of Shoulder",
            "x": 37.0,
            "y": 21.41
        },
        "9": {
            "name": "Neck",
            "x": 33.98,
            "y": 21.47
        },
        "10": {
            "name": "Head",
            "x": 29.39,
            "y": 21.13
        },
        "11": {
            "name": "Right Shoulder",
            "x": 41.22,
            "y": 16.43
        },
        "12": {
            "name": "Right Elbow",
            "x": 61.12,
            "y": 16.4
        },
        "13": {
            "name": "Right Wrist",
            "x": 69.73,
            "y": 22.24
        },
        "14": {
            "name": "Left Shoulder",
            "x": 32.98,
            "y": 25.81
        },
        "15": {
            "name": "Left Elbow",
            "x": 32.08,
            "y": 42.3
        },
        "16": {
            "name": "Left Wrist",
            "x": 34.79,
            "y": 49.94
        }
    },
    "keypont_3d": {
        "0": {
            "name": "Center of Hips",
            "x": 0.0,
            "y": 0.0,
            "z": 0.6045587062835693
        },
        "1": {
            "name": "Left Hip",
            "x": 0.06326499581336975,
            "y": -0.0778612419962883,
            "z": 0.549933910369873
        },
        "2": {
            "name": "Left Knee",
            "x": 0.1760159581899643,
            "y": -0.10830358415842056,
            "z": 0.2620430588722229
        },
        "3": {
            "name": "Left Ankle",
            "x": 0.11528428643941879,
            "y": -0.23975931107997894,
            "z": 0.04245108738541603
        },
        "4": {
            "name": "Right Hip",
            "x": -0.14890432357788086,
            "y": 0.03588567301630974,
            "z": 0.6251578330993652
        },
        "5": {
            "name": "Right Knee",
            "x": -0.018358569592237473,
            "y": 0.14485874772071838,
            "z": 0.3087039589881897
        },
        "6": {
            "name": "Right Ankle",
            "x": 0.03040109947323799,
            "y": 0.04843270406126976,
            "z": 0.0
        },
        "7": {
            "name": "Center of Body",
            "x": 0.05376128479838371,
            "y": -0.04314514622092247,
            "z": 0.7823004722595215
        },
        "8": {
            "name": "Center of Shoulder",
            "x": 0.1815759837627411,
            "y": -0.007895100861787796,
            "z": 0.9477696418762207
        },
        "9": {
            "name": "Neck",
            "x": 0.25575512647628784,
            "y": 0.027365325018763542,
            "z": 0.9678974151611328
        },
        "10": {
            "name": "Head",
            "x": 0.3228487968444824,
            "y": 0.015986891463398933,
            "z": 0.9939832091331482
        },
        "11": {
            "name": "Right Shoulder",
            "x": 0.08406856656074524,
            "y": 0.0031619789078831673,
            "z": 1.0
        },
        "12": {
            "name": "Right Elbow",
            "x": -0.14556090533733368,
            "y": 0.06318817287683487,
            "z": 0.9636533856391907
        },
        "13": {
            "name": "Right Wrist",
            "x": -0.16884349286556244,
            "y": 0.22136898338794708,
            "z": 0.954942524433136
        },
        "14": {
            "name": "Left Shoulder",
            "x": 0.24310150742530823,
            "y": -0.08183678239583969,
            "z": 0.8769673109054565
        },
        "15": {
            "name": "Left Elbow",
            "x": 0.26385775208473206,
            "y": -0.10839245468378067,
            "z": 0.6322806477546692
        },
        "16": {
            "name": "Left Wrist",
            "x": 0.3213123083114624,
            "y": 0.008171006105840206,
            "z": 0.5117467641830444
        }
    }
}