{
    "image_path": "00022/img/14.jpg",
    "shooter_tracklet_id": 3,
    "bbox": {
        "x": 306,
        "y": 457,
        "w": 100,
        "h": 100
    },
    "keypont_2d": {
        "0": {
            "name": "Center of Hips",
            "x": 58.26,
            "y": 41.6
        },
        "1": {
            "name": "Left Hip",
            "x": 50.99,
            "y": 44.11
        },
        "2": {
            "name": "Left Knee",
            "x": 42.93,
            "y": 62.37
        },
        "3": {
            "name": "Left Ankle",
            "x": 37.83,
            "y": 76.01
        },
        "4": {
            "name": "Right Hip",
            "x": 65.13,
            "y": 38.85
        },
        "5": {
            "name": "Right Knee",
            "x": 61.67,
            "y": 64.67
        },
        "6": {
            "name": "Right Ankle",
            "x": 57.73,
            "y": 82.76
        },
        "7": {
            "name": "Center of Body",
            "x": 50.33,
            "y": 29.48
        },
        "8": {
            "name": "Center of Shoulder",
            "x": 39.88,
            "y": 21.16
        },
        "9": {
            "name": "Neck",
            "x": 36.85,
            "y": 20.76
        },
        "10": {
            "name": "Head",
            "x": 32.9,
            "y": 20.76
        },
        "11": {
            "name": "Right Shoulder",
            "x": 46.88,
            "y": 15.5
        },
        "12": {
            "name": "Right Elbow",
            "x": 60.85,
            "y": 15.67
        },
        "13": {
            "name": "Right Wrist",
            "x": 68.42,
            "y": 20.6
        },
        "14": {
            "name": "Left Shoulder",
            "x": 34.21,
            "y": 28.33
        },
        "15": {
            "name": "Left Elbow",
            "x": 38.65,
            "y": 40.82
        },
        "16": {
            "name": "Left Wrist",
            "x": 43.26,
            "y": 46.09
        }
    },
    "keypont_3d": {
        "0": {
            "name": "Center of Hips",
            "x": 0.0,
            "y": 0.0,
            "z": 0.6129068732261658
        },
        "1": {
            "name": "Left Hip",
            "x": 0.04414235055446625,
            "y": -0.08763565123081207,
            "z": 0.5553151369094849
        },
        "2": {
            "name": "Left Knee",
            "x": 0.14596639573574066,
            "y": -0.14998528361320496,
            "z": 0.2820528447628021
        },
        "3": {
            "name": "Left Ankle",
            "x": 0.17887747287750244,
            "y": -0.25058576464653015,
            "z": 0.04929916188120842
        },
        "4": {
            "name": "Right Hip",
            "x": -0.13814415037631989,
            "y": 0.060263946652412415,
            "z": 0.6501216888427734
        },
        "5": {
            "name": "Right Knee",
            "x": -0.038148168474435806,
            "y": 0.11651406437158585,
            "z": 0.30093303322792053
        },
        "6": {
            "name": "Right Ankle",
            "x": 0.002547874813899398,
            "y": 0.09731250256299973,
            "z": 0.0
        },
        "7": {
            "name": "Center of Body",
            "x": 0.0757853090763092,
            "y": -0.04917830601334572,
            "z": 0.7798877358436584
        },
        "8": {
            "name": "Center of Shoulder",
            "x": 0.23013266921043396,
            "y": -0.05481162667274475,
            "z": 0.9211519956588745
        },
        "9": {
            "name": "Neck",
            "x": 0.2981879711151123,
            "y": -0.018743176013231277,
            "z": 0.9283967614173889
        },
        "10": {
            "name": "Head",
            "x": 0.36220893263816833,
            "y": -0.038905151188373566,
            "z": 0.9414218068122864
        },
        "11": {
            "name": "Right Shoulder",
            "x": 0.14501003921031952,
            "y": -0.022581040859222412,
            "z": 0.9959022998809814
        },
        "12": {
            "name": "Right Elbow",
            "x": -0.06242765858769417,
            "y": 0.06603240966796875,
            "z": 1.0
        },
        "13": {
            "name": "Right Wrist",
            "x": -0.1364353746175766,
            "y": 0.23190534114837646,
            "z": 0.9537248015403748
        },
        "14": {
            "name": "Left Shoulder",
            "x": 0.2711893618106842,
            "y": -0.1242167204618454,
            "z": 0.8321981430053711
        },
        "15": {
            "name": "Left Elbow",
            "x": 0.21555902063846588,
            "y": -0.15005885064601898,
            "z": 0.6073611974716187
        },
        "16": {
            "name": "Left Wrist",
            "x": 0.23553292453289032,
            "y": -0.005664031486958265,
            "z": 0.5436599254608154
        }
    }
}