{
    "image_path": "00022/img/15.jpg",
    "shooter_tracklet_id": 3,
    "bbox": {
        "x": 307,
        "y": 453,
        "w": 100,
        "h": 100
    },
    "keypoint_2d": {
        "0": {
            "name": "Center of Hips",
            "x": 61.68,
            "y": 39.77
        },
        "1": {
            "name": "Left Hip",
            "x": 55.4,
            "y": 43.65
        },
        "2": {
            "name": "Left Knee",
            "x": 49.12,
            "y": 54.84
        },
        "3": {
            "name": "Left Ankle",
            "x": 41.13,
            "y": 68.89
        },
        "4": {
            "name": "Right Hip",
            "x": 68.42,
            "y": 35.89
        },
        "5": {
            "name": "Right Knee",
            "x": 67.28,
            "y": 61.39
        },
        "6": {
            "name": "Right Ankle",
            "x": 63.85,
            "y": 80.76
        },
        "7": {
            "name": "Center of Body",
            "x": 52.32,
            "y": 27.32
        },
        "8": {
            "name": "Center of Shoulder",
            "x": 42.33,
            "y": 21.1
        },
        "9": {
            "name": "Neck",
            "x": 40.33,
            "y": 20.93
        },
        "10": {
            "name": "Head",
            "x": 34.96,
            "y": 21.16
        },
        "11": {
            "name": "Right Shoulder",
            "x": 46.23,
            "y": 15.62
        },
        "12": {
            "name": "Right Elbow",
            "x": 61.48,
            "y": 14.39
        },
        "13": {
            "name": "Right Wrist",
            "x": 55.68,
            "y": 21.01
        },
        "14": {
            "name": "Left Shoulder",
            "x": 38.11,
            "y": 26.64
        },
        "15": {
            "name": "Left Elbow",
            "x": 41.73,
            "y": 40.13
        },
        "16": {
            "name": "Left Wrist",
            "x": 47.81,
            "y": 44.44
        }
    },
    "keypoint_3d": {
        "0": {
            "name": "Center of Hips",
            "x": 0.0,
            "y": 0.0,
            "z": 0.6068069338798523
        },
        "1": {
            "name": "Left Hip",
            "x": 0.023548003286123276,
            "y": -0.09144840389490128,
            "z": 0.5428363680839539
        },
        "2": {
            "name": "Left Knee",
            "x": 0.07715746760368347,
            "y": -0.21586744487285614,
            "z": 0.3203218877315521
        },
        "3": {
            "name": "Left Ankle",
            "x": 0.16986943781375885,
            "y": -0.2695119380950928,
            "z": 0.10862673819065094
        },
        "4": {
            "name": "Right Hip",
            "x": -0.1381666511297226,
            "y": 0.06835479289293289,
            "z": 0.6495806574821472
        },
        "5": {
            "name": "Right Knee",
            "x": -0.07887960970401764,
            "y": 0.11394773423671722,
            "z": 0.28011301159858704
        },
        "6": {
            "name": "Right Ankle",
            "x": -0.027165034785866737,
            "y": 0.09547019749879837,
            "z": 0.0
        },
        "7": {
            "name": "Center of Body",
            "x": 0.08005964756011963,
            "y": -0.04535570740699768,
            "z": 0.7691644430160522
        },
        "8": {
            "name": "Center of Shoulder",
            "x": 0.2357386201620102,
            "y": -0.06365904957056046,
            "z": 0.8987085819244385
        },
        "9": {
            "name": "Neck",
            "x": 0.28933507204055786,
            "y": -0.033956512808799744,
            "z": 0.8993884921073914
        },
        "10": {
            "name": "Head",
            "x": 0.3565908372402191,
            "y": -0.06189228594303131,
            "z": 0.9103625416755676
        },
        "11": {
            "name": "Right Shoulder",
            "x": 0.15978732705116272,
            "y": -0.031313635408878326,
            "z": 0.979611873626709
        },
        "12": {
            "name": "Right Elbow",
            "x": -0.012101670727133751,
            "y": 0.10072841495275497,
            "z": 1.0
        },
        "13": {
            "name": "Right Wrist",
            "x": 0.1074141263961792,
            "y": 0.18896906077861786,
            "z": 0.9365310072898865
        },
        "14": {
            "name": "Left Shoulder",
            "x": 0.27282196283340454,
            "y": -0.13232693076133728,
            "z": 0.7988267540931702
        },
        "15": {
            "name": "Left Elbow",
            "x": 0.19396322965621948,
            "y": -0.15213745832443237,
            "z": 0.5892088413238525
        },
        "16": {
            "name": "Left Wrist",
            "x": 0.18879097700119019,
            "y": -0.005696899723261595,
            "z": 0.5361825823783875
        }
    }
}