{
    "image_path": "00022/img/16.jpg",
    "shooter_tracklet_id": 3,
    "bbox": {
        "x": 308,
        "y": 452,
        "w": 100,
        "h": 100
    },
    "keypont_2d": {
        "0": {
            "name": "Center of Hips",
            "x": 63.14,
            "y": 38.41
        },
        "1": {
            "name": "Left Hip",
            "x": 57.43,
            "y": 42.39
        },
        "2": {
            "name": "Left Knee",
            "x": 49.26,
            "y": 48.57
        },
        "3": {
            "name": "Left Ankle",
            "x": 42.93,
            "y": 62.86
        },
        "4": {
            "name": "Right Hip",
            "x": 68.91,
            "y": 35.07
        },
        "5": {
            "name": "Right Knee",
            "x": 68.58,
            "y": 61.87
        },
        "6": {
            "name": "Right Ankle",
            "x": 64.8,
            "y": 83.41
        },
        "7": {
            "name": "Center of Body",
            "x": 54.57,
            "y": 28.13
        },
        "8": {
            "name": "Center of Shoulder",
            "x": 43.5,
            "y": 20.22
        },
        "9": {
            "name": "Neck",
            "x": 40.92,
            "y": 19.63
        },
        "10": {
            "name": "Head",
            "x": 34.71,
            "y": 20.27
        },
        "11": {
            "name": "Right Shoulder",
            "x": 46.83,
            "y": 15.0
        },
        "12": {
            "name": "Right Elbow",
            "x": 58.37,
            "y": 13.56
        },
        "13": {
            "name": "Right Wrist",
            "x": 55.04,
            "y": 20.29
        },
        "14": {
            "name": "Left Shoulder",
            "x": 38.59,
            "y": 25.58
        },
        "15": {
            "name": "Left Elbow",
            "x": 43.92,
            "y": 37.59
        },
        "16": {
            "name": "Left Wrist",
            "x": 48.08,
            "y": 41.58
        }
    },
    "keypont_3d": {
        "0": {
            "name": "Center of Hips",
            "x": 0.0,
            "y": 0.0,
            "z": 0.5942621231079102
        },
        "1": {
            "name": "Left Hip",
            "x": 0.0068976697511971,
            "y": -0.08986574411392212,
            "z": 0.5229846239089966
        },
        "2": {
            "name": "Left Knee",
            "x": 0.06495458632707596,
            "y": -0.2565973997116089,
            "z": 0.33958715200424194
        },
        "3": {
            "name": "Left Ankle",
            "x": 0.15184621512889862,
            "y": -0.3135391175746918,
            "z": 0.14018283784389496
        },
        "4": {
            "name": "Right Hip",
            "x": -0.131793811917305,
            "y": 0.072893425822258,
            "z": 0.6528130173683167
        },
        "5": {
            "name": "Right Knee",
            "x": -0.09805674850940704,
            "y": 0.12811267375946045,
            "z": 0.2709049582481384
        },
        "6": {
            "name": "Right Ankle",
            "x": -0.05302615836262703,
            "y": 0.10761445760726929,
            "z": 0.0
        },
        "7": {
            "name": "Center of Body",
            "x": 0.08913493901491165,
            "y": -0.042169325053691864,
            "z": 0.75787752866745
        },
        "8": {
            "name": "Center of Shoulder",
            "x": 0.2425965964794159,
            "y": -0.06641805917024612,
            "z": 0.8741452693939209
        },
        "9": {
            "name": "Neck",
            "x": 0.29100310802459717,
            "y": -0.04159103333950043,
            "z": 0.8752771615982056
        },
        "10": {
            "name": "Head",
            "x": 0.36844804883003235,
            "y": -0.07574629038572311,
            "z": 0.8834620118141174
        },
        "11": {
            "name": "Right Shoulder",
            "x": 0.19414223730564117,
            "y": -0.04551967233419418,
            "z": 0.9556071758270264
        },
        "12": {
            "name": "Right Elbow",
            "x": 0.06047476828098297,
            "y": 0.10891538858413696,
            "z": 1.0
        },
        "13": {
            "name": "Right Wrist",
            "x": 0.15849411487579346,
            "y": 0.19930115342140198,
            "z": 0.9274702072143555
        },
        "14": {
            "name": "Left Shoulder",
            "x": 0.2749950885772705,
            "y": -0.1328117400407791,
            "z": 0.7832064032554626
        },
        "15": {
            "name": "Left Elbow",
            "x": 0.18004584312438965,
            "y": -0.1646040678024292,
            "z": 0.5791299343109131
        },
        "16": {
            "name": "Left Wrist",
            "x": 0.1826813519001007,
            "y": -0.009338938631117344,
            "z": 0.5411188006401062
        }
    }
}