{
    "image_path": "00022/img/17.jpg",
    "shooter_tracklet_id": 3,
    "bbox": {
        "x": 309,
        "y": 452,
        "w": 100,
        "h": 100
    },
    "keypont_2d": {
        "0": {
            "name": "Center of Hips",
            "x": 63.06,
            "y": 37.72
        },
        "1": {
            "name": "Left Hip",
            "x": 56.66,
            "y": 40.69
        },
        "2": {
            "name": "Left Knee",
            "x": 48.79,
            "y": 46.44
        },
        "3": {
            "name": "Left Ankle",
            "x": 45.17,
            "y": 57.77
        },
        "4": {
            "name": "Right Hip",
            "x": 69.45,
            "y": 34.29
        },
        "5": {
            "name": "Right Knee",
            "x": 67.21,
            "y": 61.53
        },
        "6": {
            "name": "Right Ankle",
            "x": 64.43,
            "y": 82.31
        },
        "7": {
            "name": "Center of Body",
            "x": 53.56,
            "y": 27.26
        },
        "8": {
            "name": "Center of Shoulder",
            "x": 42.96,
            "y": 19.56
        },
        "9": {
            "name": "Neck",
            "x": 40.14,
            "y": 19.52
        },
        "10": {
            "name": "Head",
            "x": 34.83,
            "y": 19.49
        },
        "11": {
            "name": "Right Shoulder",
            "x": 47.33,
            "y": 14.39
        },
        "12": {
            "name": "Right Elbow",
            "x": 51.3,
            "y": 27.09
        },
        "13": {
            "name": "Right Wrist",
            "x": 36.8,
            "y": 32.48
        },
        "14": {
            "name": "Left Shoulder",
            "x": 38.7,
            "y": 25.27
        },
        "15": {
            "name": "Left Elbow",
            "x": 46.31,
            "y": 36.77
        },
        "16": {
            "name": "Left Wrist",
            "x": 53.27,
            "y": 40.31
        }
    },
    "keypont_3d": {
        "0": {
            "name": "Center of Hips",
            "x": 0.0,
            "y": 0.0,
            "z": 0.62104731798172
        },
        "1": {
            "name": "Left Hip",
            "x": -0.003388367360457778,
            "y": -0.10809377580881119,
            "z": 0.55044025182724
        },
        "2": {
            "name": "Left Knee",
            "x": 0.05346493422985077,
            "y": -0.31790032982826233,
            "z": 0.3959357738494873
        },
        "3": {
            "name": "Left Ankle",
            "x": 0.10631180554628372,
            "y": -0.3825024962425232,
            "z": 0.17906978726387024
        },
        "4": {
            "name": "Right Hip",
            "x": -0.1371651142835617,
            "y": 0.08432547003030777,
            "z": 0.6671460270881653
        },
        "5": {
            "name": "Right Knee",
            "x": -0.09527171403169632,
            "y": 0.13126380741596222,
            "z": 0.25533342361450195
        },
        "6": {
            "name": "Right Ankle",
            "x": -0.10114710032939911,
            "y": 0.08779560029506683,
            "z": 0.0
        },
        "7": {
            "name": "Center of Body",
            "x": 0.1018299087882042,
            "y": -0.023886987939476967,
            "z": 0.7960556149482727
        },
        "8": {
            "name": "Center of Shoulder",
            "x": 0.263162761926651,
            "y": -0.06631796807050705,
            "z": 0.9255138039588928
        },
        "9": {
            "name": "Neck",
            "x": 0.31875547766685486,
            "y": -0.047944433987140656,
            "z": 0.9287902116775513
        },
        "10": {
            "name": "Head",
            "x": 0.40152719616889954,
            "y": -0.07952277362346649,
            "z": 0.9449388384819031
        },
        "11": {
            "name": "Right Shoulder",
            "x": 0.22695031762123108,
            "y": -0.017097320407629013,
            "z": 1.0
        },
        "12": {
            "name": "Right Elbow",
            "x": 0.19797977805137634,
            "y": 0.13750675320625305,
            "z": 0.8285929560661316
        },
        "13": {
            "name": "Right Wrist",
            "x": 0.42548999190330505,
            "y": 0.11897816509008408,
            "z": 0.8021507859230042
        },
        "14": {
            "name": "Left Shoulder",
            "x": 0.303932249546051,
            "y": -0.1373586505651474,
            "z": 0.8318318724632263
        },
        "15": {
            "name": "Left Elbow",
            "x": 0.17226293683052063,
            "y": -0.16617421805858612,
            "z": 0.6145126819610596
        },
        "16": {
            "name": "Left Wrist",
            "x": 0.15732480585575104,
            "y": 0.010790451429784298,
            "z": 0.5794327855110168
        }
    }
}