{
    "image_path": "00022/img/18.jpg",
    "shooter_tracklet_id": 3,
    "bbox": {
        "x": 307,
        "y": 451,
        "w": 100,
        "h": 100
    },
    "keypoint_2d": {
        "0": {
            "name": "Center of Hips",
            "x": 65.16,
            "y": 38.46
        },
        "1": {
            "name": "Left Hip",
            "x": 60.06,
            "y": 42.43
        },
        "2": {
            "name": "Left Knee",
            "x": 52.31,
            "y": 44.75
        },
        "3": {
            "name": "Left Ankle",
            "x": 54.64,
            "y": 57.93
        },
        "4": {
            "name": "Right Hip",
            "x": 69.57,
            "y": 35.4
        },
        "5": {
            "name": "Right Knee",
            "x": 66.8,
            "y": 65.0
        },
        "6": {
            "name": "Right Ankle",
            "x": 65.62,
            "y": 85.55
        },
        "7": {
            "name": "Center of Body",
            "x": 55.26,
            "y": 27.67
        },
        "8": {
            "name": "Center of Shoulder",
            "x": 43.04,
            "y": 20.47
        },
        "9": {
            "name": "Neck",
            "x": 39.48,
            "y": 20.11
        },
        "10": {
            "name": "Head",
            "x": 34.05,
            "y": 19.94
        },
        "11": {
            "name": "Right Shoulder",
            "x": 47.96,
            "y": 16.86
        },
        "12": {
            "name": "Right Elbow",
            "x": 38.65,
            "y": 29.81
        },
        "13": {
            "name": "Right Wrist",
            "x": 31.91,
            "y": 36.38
        },
        "14": {
            "name": "Left Shoulder",
            "x": 38.36,
            "y": 24.58
        },
        "15": {
            "name": "Left Elbow",
            "x": 49.84,
            "y": 34.74
        },
        "16": {
            "name": "Left Wrist",
            "x": 56.62,
            "y": 40.42
        }
    },
    "keypoint_3d": {
        "0": {
            "name": "Center of Hips",
            "x": 0.0,
            "y": 0.0,
            "z": 0.6220787167549133
        },
        "1": {
            "name": "Left Hip",
            "x": -0.013779046013951302,
            "y": -0.11479306221008301,
            "z": 0.5600409507751465
        },
        "2": {
            "name": "Left Knee",
            "x": 0.029424527660012245,
            "y": -0.3459172546863556,
            "z": 0.4356282353401184
        },
        "3": {
            "name": "Left Ankle",
            "x": -0.02179277315735817,
            "y": -0.4025152325630188,
            "z": 0.20644593238830566
        },
        "4": {
            "name": "Right Hip",
            "x": -0.12772242724895477,
            "y": 0.06990603357553482,
            "z": 0.6451199054718018
        },
        "5": {
            "name": "Right Knee",
            "x": -0.04663316160440445,
            "y": 0.09305434674024582,
            "z": 0.24769335985183716
        },
        "6": {
            "name": "Right Ankle",
            "x": -0.11766723543405533,
            "y": 0.058729782700538635,
            "z": 0.0
        },
        "7": {
            "name": "Center of Body",
            "x": 0.10669098049402237,
            "y": -0.00931486114859581,
            "z": 0.807418942451477
        },
        "8": {
            "name": "Center of Shoulder",
            "x": 0.2703665792942047,
            "y": -0.06691357493400574,
            "z": 0.9409077167510986
        },
        "9": {
            "name": "Neck",
            "x": 0.32931262254714966,
            "y": -0.051478076726198196,
            "z": 0.9423678517341614
        },
        "10": {
            "name": "Head",
            "x": 0.3943994641304016,
            "y": -0.07197029143571854,
            "z": 0.9751642942428589
        },
        "11": {
            "name": "Right Shoulder",
            "x": 0.23322995007038116,
            "y": -0.0066116442903876305,
            "z": 1.0
        },
        "12": {
            "name": "Right Elbow",
            "x": 0.3412456810474396,
            "y": 0.08571825176477432,
            "z": 0.8217347264289856
        },
        "13": {
            "name": "Right Wrist",
            "x": 0.47441035509109497,
            "y": -0.05008964240550995,
            "z": 0.7123473286628723
        },
        "14": {
            "name": "Left Shoulder",
            "x": 0.3156948983669281,
            "y": -0.14012548327445984,
            "z": 0.8514072895050049
        },
        "15": {
            "name": "Left Elbow",
            "x": 0.12901099026203156,
            "y": -0.175279900431633,
            "z": 0.6477231979370117
        },
        "16": {
            "name": "Left Wrist",
            "x": 0.08674485981464386,
            "y": 0.021427491679787636,
            "z": 0.6036463975906372
        }
    }
}