{
    "image_path": "00022/img/19.jpg",
    "shooter_tracklet_id": 3,
    "bbox": {
        "x": 308,
        "y": 450,
        "w": 100,
        "h": 100
    },
    "keypont_2d": {
        "0": {
            "name": "Center of Hips",
            "x": 65.4,
            "y": 37.94
        },
        "1": {
            "name": "Left Hip",
            "x": 61.02,
            "y": 42.09
        },
        "2": {
            "name": "Left Knee",
            "x": 51.93,
            "y": 46.06
        },
        "3": {
            "name": "Left Ankle",
            "x": 57.56,
            "y": 57.76
        },
        "4": {
            "name": "Right Hip",
            "x": 69.48,
            "y": 34.76
        },
        "5": {
            "name": "Right Knee",
            "x": 68.37,
            "y": 63.25
        },
        "6": {
            "name": "Right Ankle",
            "x": 67.59,
            "y": 85.22
        },
        "7": {
            "name": "Center of Body",
            "x": 57.07,
            "y": 27.34
        },
        "8": {
            "name": "Center of Shoulder",
            "x": 43.49,
            "y": 19.69
        },
        "9": {
            "name": "Neck",
            "x": 41.78,
            "y": 18.3
        },
        "10": {
            "name": "Head",
            "x": 34.19,
            "y": 17.9
        },
        "11": {
            "name": "Right Shoulder",
            "x": 48.44,
            "y": 15.99
        },
        "12": {
            "name": "Right Elbow",
            "x": 41.03,
            "y": 32.3
        },
        "13": {
            "name": "Right Wrist",
            "x": 32.22,
            "y": 39.54
        },
        "14": {
            "name": "Left Shoulder",
            "x": 36.95,
            "y": 26.17
        },
        "15": {
            "name": "Left Elbow",
            "x": 52.3,
            "y": 33.26
        },
        "16": {
            "name": "Left Wrist",
            "x": 63.98,
            "y": 42.3
        }
    },
    "keypont_3d": {
        "0": {
            "name": "Center of Hips",
            "x": 0.0,
            "y": 0.0,
            "z": 0.6254587173461914
        },
        "1": {
            "name": "Left Hip",
            "x": -0.02987300232052803,
            "y": -0.08975967764854431,
            "z": 0.5555430054664612
        },
        "2": {
            "name": "Left Knee",
            "x": 0.013669654726982117,
            "y": -0.3483603298664093,
            "z": 0.4326625466346741
        },
        "3": {
            "name": "Left Ankle",
            "x": -0.1046573743224144,
            "y": -0.36331456899642944,
            "z": 0.19360269606113434
        },
        "4": {
            "name": "Right Hip",
            "x": -0.12447638809680939,
            "y": 0.11687666177749634,
            "z": 0.6964482665061951
        },
        "5": {
            "name": "Right Knee",
            "x": -0.08599848300218582,
            "y": 0.16823194921016693,
            "z": 0.20349961519241333
        },
        "6": {
            "name": "Right Ankle",
            "x": -0.12975473701953888,
            "y": 0.07722046971321106,
            "z": 0.0
        },
        "7": {
            "name": "Center of Body",
            "x": 0.11414916813373566,
            "y": 0.0009657295304350555,
            "z": 0.8167814612388611
        },
        "8": {
            "name": "Center of Shoulder",
            "x": 0.2896728813648224,
            "y": -0.06912585347890854,
            "z": 0.9421923160552979
        },
        "9": {
            "name": "Neck",
            "x": 0.3427671492099762,
            "y": -0.062402281910181046,
            "z": 0.9461621642112732
        },
        "10": {
            "name": "Head",
            "x": 0.4314020574092865,
            "y": -0.09672117233276367,
            "z": 0.9738559722900391
        },
        "11": {
            "name": "Right Shoulder",
            "x": 0.2474718689918518,
            "y": -0.024241657927632332,
            "z": 1.0
        },
        "12": {
            "name": "Right Elbow",
            "x": 0.40573036670684814,
            "y": 0.008739519864320755,
            "z": 0.7689144015312195
        },
        "13": {
            "name": "Right Wrist",
            "x": 0.49253419041633606,
            "y": -0.12751507759094238,
            "z": 0.6473124027252197
        },
        "14": {
            "name": "Left Shoulder",
            "x": 0.34553152322769165,
            "y": -0.1443174034357071,
            "z": 0.8633600473403931
        },
        "15": {
            "name": "Left Elbow",
            "x": 0.11489952355623245,
            "y": -0.16386307775974274,
            "z": 0.6724667549133301
        },
        "16": {
            "name": "Left Wrist",
            "x": 0.05314389988780022,
            "y": 0.02951030246913433,
            "z": 0.6023542284965515
        }
    }
}