{
    "image_path": "00022/img/20.jpg",
    "shooter_tracklet_id": 3,
    "bbox": {
        "x": 307,
        "y": 454,
        "w": 100,
        "h": 100
    },
    "keypont_2d": {
        "0": {
            "name": "Center of Hips",
            "x": 59.64,
            "y": 38.89
        },
        "1": {
            "name": "Left Hip",
            "x": 55.46,
            "y": 43.07
        },
        "2": {
            "name": "Left Knee",
            "x": 48.42,
            "y": 45.81
        },
        "3": {
            "name": "Left Ankle",
            "x": 52.85,
            "y": 67.08
        },
        "4": {
            "name": "Right Hip",
            "x": 64.96,
            "y": 35.4
        },
        "5": {
            "name": "Right Knee",
            "x": 63.82,
            "y": 60.03
        },
        "6": {
            "name": "Right Ankle",
            "x": 66.82,
            "y": 87.44
        },
        "7": {
            "name": "Center of Body",
            "x": 49.84,
            "y": 27.73
        },
        "8": {
            "name": "Center of Shoulder",
            "x": 38.84,
            "y": 20.52
        },
        "9": {
            "name": "Neck",
            "x": 36.85,
            "y": 19.78
        },
        "10": {
            "name": "Head",
            "x": 30.76,
            "y": 17.97
        },
        "11": {
            "name": "Right Shoulder",
            "x": 43.26,
            "y": 16.49
        },
        "12": {
            "name": "Right Elbow",
            "x": 46.92,
            "y": 32.14
        },
        "13": {
            "name": "Right Wrist",
            "x": 33.6,
            "y": 43.05
        },
        "14": {
            "name": "Left Shoulder",
            "x": 34.3,
            "y": 27.58
        },
        "15": {
            "name": "Left Elbow",
            "x": 46.55,
            "y": 33.75
        },
        "16": {
            "name": "Left Wrist",
            "x": 59.87,
            "y": 43.46
        }
    },
    "keypont_3d": {
        "0": {
            "name": "Center of Hips",
            "x": 0.0,
            "y": 0.0,
            "z": 0.6176426410675049
        },
        "1": {
            "name": "Left Hip",
            "x": -0.025318259373307228,
            "y": -0.08588451892137527,
            "z": 0.5426982641220093
        },
        "2": {
            "name": "Left Knee",
            "x": 0.01717718131840229,
            "y": -0.303801029920578,
            "z": 0.40738630294799805
        },
        "3": {
            "name": "Left Ankle",
            "x": -0.04807213321328163,
            "y": -0.20799288153648376,
            "z": 0.06351743638515472
        },
        "4": {
            "name": "Right Hip",
            "x": -0.12717261910438538,
            "y": 0.08318410068750381,
            "z": 0.6889647245407104
        },
        "5": {
            "name": "Right Knee",
            "x": -0.08978856354951859,
            "y": 0.15057380497455597,
            "z": 0.27533861994743347
        },
        "6": {
            "name": "Right Ankle",
            "x": -0.14969037473201752,
            "y": 0.1090536043047905,
            "z": 0.0
        },
        "7": {
            "name": "Center of Body",
            "x": 0.12124058604240417,
            "y": -0.03271343559026718,
            "z": 0.800157368183136
        },
        "8": {
            "name": "Center of Shoulder",
            "x": 0.29389482736587524,
            "y": -0.06409410387277603,
            "z": 0.9299384951591492
        },
        "9": {
            "name": "Neck",
            "x": 0.3568432927131653,
            "y": -0.0433017760515213,
            "z": 0.946216881275177
        },
        "10": {
            "name": "Head",
            "x": 0.4533807039260864,
            "y": -0.07500108331441879,
            "z": 0.9878553748130798
        },
        "11": {
            "name": "Right Shoulder",
            "x": 0.2527952492237091,
            "y": -0.011879689060151577,
            "z": 1.0
        },
        "12": {
            "name": "Right Elbow",
            "x": 0.2650707960128784,
            "y": 0.11883193999528885,
            "z": 0.7609779834747314
        },
        "13": {
            "name": "Right Wrist",
            "x": 0.475307822227478,
            "y": 0.03230191022157669,
            "z": 0.6010376811027527
        },
        "14": {
            "name": "Left Shoulder",
            "x": 0.36081451177597046,
            "y": -0.13134540617465973,
            "z": 0.8295208811759949
        },
        "15": {
            "name": "Left Elbow",
            "x": 0.10754165053367615,
            "y": -0.12746457755565643,
            "z": 0.6689378619194031
        },
        "16": {
            "name": "Left Wrist",
            "x": -0.07480663806200027,
            "y": 0.024204682558774948,
            "z": 0.5515562891960144
        }
    }
}