{
    "image_path": "00002/img/1.jpg",
    "shooter_tracklet_id": 3,
    "bbox": {
        "x": 338,
        "y": 689,
        "w": 100,
        "h": 100
    },
    "keypont_2d": {
        "0": {
            "name": "Center of Hips",
            "x": 47.54,
            "y": 44.65
        },
        "1": {
            "name": "Left Hip",
            "x": 40.49,
            "y": 44.55
        },
        "2": {
            "name": "Left Knee",
            "x": 48.27,
            "y": 60.45
        },
        "3": {
            "name": "Left Ankle",
            "x": 52.45,
            "y": 80.6
        },
        "4": {
            "name": "Right Hip",
            "x": 55.44,
            "y": 44.81
        },
        "5": {
            "name": "Right Knee",
            "x": 53.65,
            "y": 66.42
        },
        "6": {
            "name": "Right Ankle",
            "x": 48.37,
            "y": 82.09
        },
        "7": {
            "name": "Center of Body",
            "x": 48.74,
            "y": 32.44
        },
        "8": {
            "name": "Center of Shoulder",
            "x": 49.9,
            "y": 19.56
        },
        "9": {
            "name": "Neck",
            "x": 50.16,
            "y": 17.5
        },
        "10": {
            "name": "Head",
            "x": 50.8,
            "y": 13.63
        },
        "11": {
            "name": "Right Shoulder",
            "x": 57.37,
            "y": 21.49
        },
        "12": {
            "name": "Right Elbow",
            "x": 61.65,
            "y": 32.67
        },
        "13": {
            "name": "Right Wrist",
            "x": 57.39,
            "y": 38.98
        },
        "14": {
            "name": "Left Shoulder",
            "x": 42.98,
            "y": 18.84
        },
        "15": {
            "name": "Left Elbow",
            "x": 34.41,
            "y": 28.68
        },
        "16": {
            "name": "Left Wrist",
            "x": 33.05,
            "y": 42.27
        }
    },
    "keypont_3d": {
        "0": {
            "name": "Center of Hips",
            "x": 0.0,
            "y": 0.0,
            "z": 0.5485042929649353
        },
        "1": {
            "name": "Left Hip",
            "x": 0.10226843506097794,
            "y": -0.028000446036458015,
            "z": 0.553037703037262
        },
        "2": {
            "name": "Left Knee",
            "x": -0.00464326748624444,
            "y": 0.0010272767394781113,
            "z": 0.29195189476013184
        },
        "3": {
            "name": "Left Ankle",
            "x": -0.057006049901247025,
            "y": 0.06323876231908798,
            "z": 0.02215282991528511
        },
        "4": {
            "name": "Right Hip",
            "x": -0.09855929762125015,
            "y": 0.012045073322951794,
            "z": 0.5299937725067139
        },
        "5": {
            "name": "Right Knee",
            "x": -0.05739131569862366,
            "y": 0.0663360208272934,
            "z": 0.24589794874191284
        },
        "6": {
            "name": "Right Ankle",
            "x": -0.021909965202212334,
            "y": -0.012056749314069748,
            "z": 0.0
        },
        "7": {
            "name": "Center of Body",
            "x": -0.006772247143089771,
            "y": -0.004776266403496265,
            "z": 0.7160046100616455
        },
        "8": {
            "name": "Center of Shoulder",
            "x": 0.0042106034234166145,
            "y": 0.031461603939533234,
            "z": 0.8964811563491821
        },
        "9": {
            "name": "Neck",
            "x": 0.025127142667770386,
            "y": 0.0883226990699768,
            "z": 0.9352591633796692
        },
        "10": {
            "name": "Head",
            "x": 0.023830123245716095,
            "y": 0.09451594203710556,
            "z": 1.0
        },
        "11": {
            "name": "Right Shoulder",
            "x": -0.10413546115159988,
            "y": 0.04588371887803078,
            "z": 0.8706472516059875
        },
        "12": {
            "name": "Right Elbow",
            "x": -0.18945474922657013,
            "y": 0.01567443646490574,
            "z": 0.6948463320732117
        },
        "13": {
            "name": "Right Wrist",
            "x": -0.09327849745750427,
            "y": 0.10599501430988312,
            "z": 0.6347338557243347
        },
        "14": {
            "name": "Left Shoulder",
            "x": 0.0890490859746933,
            "y": -0.021044014021754265,
            "z": 0.9029486179351807
        },
        "15": {
            "name": "Left Elbow",
            "x": 0.16620467603206635,
            "y": -0.11939822137355804,
            "z": 0.7424421906471252
        },
        "16": {
            "name": "Left Wrist",
            "x": 0.194923534989357,
            "y": -0.106337770819664,
            "z": 0.5658055543899536
        }
    }
}