{
    "image_path": "00002/img/3.jpg",
    "shooter_tracklet_id": 3,
    "bbox": {
        "x": 335,
        "y": 681,
        "w": 100,
        "h": 100
    },
    "keypoint_2d": {
        "0": {
            "name": "Center of Hips",
            "x": 48.83,
            "y": 46.25
        },
        "1": {
            "name": "Left Hip",
            "x": 40.73,
            "y": 45.39
        },
        "2": {
            "name": "Left Knee",
            "x": 51.04,
            "y": 62.2
        },
        "3": {
            "name": "Left Ankle",
            "x": 48.71,
            "y": 76.92
        },
        "4": {
            "name": "Right Hip",
            "x": 57.05,
            "y": 46.86
        },
        "5": {
            "name": "Right Knee",
            "x": 53.48,
            "y": 64.49
        },
        "6": {
            "name": "Right Ankle",
            "x": 49.4,
            "y": 82.64
        },
        "7": {
            "name": "Center of Body",
            "x": 49.85,
            "y": 32.77
        },
        "8": {
            "name": "Center of Shoulder",
            "x": 50.84,
            "y": 20.25
        },
        "9": {
            "name": "Neck",
            "x": 51.09,
            "y": 18.29
        },
        "10": {
            "name": "Head",
            "x": 50.96,
            "y": 13.99
        },
        "11": {
            "name": "Right Shoulder",
            "x": 59.7,
            "y": 21.53
        },
        "12": {
            "name": "Right Elbow",
            "x": 61.84,
            "y": 36.06
        },
        "13": {
            "name": "Right Wrist",
            "x": 60.61,
            "y": 45.76
        },
        "14": {
            "name": "Left Shoulder",
            "x": 43.34,
            "y": 19.48
        },
        "15": {
            "name": "Left Elbow",
            "x": 36.68,
            "y": 31.03
        },
        "16": {
            "name": "Left Wrist",
            "x": 35.44,
            "y": 43.49
        }
    },
    "keypoint_3d": {
        "0": {
            "name": "Center of Hips",
            "x": 0.0,
            "y": 0.0,
            "z": 0.5563858151435852
        },
        "1": {
            "name": "Left Hip",
            "x": 0.11546169966459274,
            "y": -0.023540915921330452,
            "z": 0.5503948330879211
        },
        "2": {
            "name": "Left Knee",
            "x": -0.020011430606245995,
            "y": 0.043770164251327515,
            "z": 0.3000127375125885
        },
        "3": {
            "name": "Left Ankle",
            "x": -0.040016792714595795,
            "y": -0.04968450218439102,
            "z": 0.06207507476210594
        },
        "4": {
            "name": "Right Hip",
            "x": -0.09868544340133667,
            "y": 0.019958019256591797,
            "z": 0.5375099778175354
        },
        "5": {
            "name": "Right Knee",
            "x": -0.06076069921255112,
            "y": 0.03450492396950722,
            "z": 0.2652418315410614
        },
        "6": {
            "name": "Right Ankle",
            "x": -0.007984214462339878,
            "y": 0.0009281882084906101,
            "z": 0.0
        },
        "7": {
            "name": "Center of Body",
            "x": -0.000533556449227035,
            "y": -0.002616622718051076,
            "z": 0.7183908820152283
        },
        "8": {
            "name": "Center of Shoulder",
            "x": 0.006812756415456533,
            "y": 0.021618198603391647,
            "z": 0.8996025919914246
        },
        "9": {
            "name": "Neck",
            "x": 0.03037591651082039,
            "y": 0.07699555903673172,
            "z": 0.9380161762237549
        },
        "10": {
            "name": "Head",
            "x": 0.03507028892636299,
            "y": 0.07835549861192703,
            "z": 1.0
        },
        "11": {
            "name": "Right Shoulder",
            "x": -0.10534901916980743,
            "y": 0.04363308846950531,
            "z": 0.8863482475280762
        },
        "12": {
            "name": "Right Elbow",
            "x": -0.1644362509250641,
            "y": 0.030985312536358833,
            "z": 0.6800918579101562
        },
        "13": {
            "name": "Right Wrist",
            "x": -0.11671242862939835,
            "y": 0.12615907192230225,
            "z": 0.5879690647125244
        },
        "14": {
            "name": "Left Shoulder",
            "x": 0.09148826450109482,
            "y": -0.035869888961315155,
            "z": 0.9031739830970764
        },
        "15": {
            "name": "Left Elbow",
            "x": 0.13882188498973846,
            "y": -0.13268330693244934,
            "z": 0.7316907644271851
        },
        "16": {
            "name": "Left Wrist",
            "x": 0.14907748997211456,
            "y": -0.12476204335689545,
            "z": 0.5638906955718994
        }
    }
}