{
    "image_path": "00002/img/4.jpg",
    "shooter_tracklet_id": 3,
    "bbox": {
        "x": 333,
        "y": 675,
        "w": 100,
        "h": 100
    },
    "keypont_2d": {
        "0": {
            "name": "Center of Hips",
            "x": 48.48,
            "y": 45.3
        },
        "1": {
            "name": "Left Hip",
            "x": 40.96,
            "y": 45.08
        },
        "2": {
            "name": "Left Knee",
            "x": 48.29,
            "y": 64.84
        },
        "3": {
            "name": "Left Ankle",
            "x": 46.65,
            "y": 73.43
        },
        "4": {
            "name": "Right Hip",
            "x": 56.74,
            "y": 45.51
        },
        "5": {
            "name": "Right Knee",
            "x": 54.17,
            "y": 66.23
        },
        "6": {
            "name": "Right Ankle",
            "x": 51.48,
            "y": 85.99
        },
        "7": {
            "name": "Center of Body",
            "x": 49.23,
            "y": 31.77
        },
        "8": {
            "name": "Center of Shoulder",
            "x": 49.76,
            "y": 20.28
        },
        "9": {
            "name": "Neck",
            "x": 49.89,
            "y": 18.26
        },
        "10": {
            "name": "Head",
            "x": 49.87,
            "y": 13.62
        },
        "11": {
            "name": "Right Shoulder",
            "x": 56.96,
            "y": 20.71
        },
        "12": {
            "name": "Right Elbow",
            "x": 63.91,
            "y": 31.51
        },
        "13": {
            "name": "Right Wrist",
            "x": 67.52,
            "y": 38.34
        },
        "14": {
            "name": "Left Shoulder",
            "x": 42.14,
            "y": 20.49
        },
        "15": {
            "name": "Left Elbow",
            "x": 35.18,
            "y": 31.12
        },
        "16": {
            "name": "Left Wrist",
            "x": 35.31,
            "y": 41.69
        }
    },
    "keypont_3d": {
        "0": {
            "name": "Center of Hips",
            "x": 0.0,
            "y": 0.0,
            "z": 0.5551121234893799
        },
        "1": {
            "name": "Left Hip",
            "x": 0.1084931492805481,
            "y": -0.02394150011241436,
            "z": 0.5519847273826599
        },
        "2": {
            "name": "Left Knee",
            "x": -0.008530178107321262,
            "y": 0.017751745879650116,
            "z": 0.276715487241745
        },
        "3": {
            "name": "Left Ankle",
            "x": -0.0533672496676445,
            "y": -0.13374465703964233,
            "z": 0.08742360770702362
        },
        "4": {
            "name": "Right Hip",
            "x": -0.09943205118179321,
            "y": 0.018824443221092224,
            "z": 0.5399401783943176
        },
        "5": {
            "name": "Right Knee",
            "x": -0.06019149348139763,
            "y": 0.04866303503513336,
            "z": 0.26461464166641235
        },
        "6": {
            "name": "Right Ankle",
            "x": -0.01616409793496132,
            "y": 0.0060274600982666016,
            "z": 0.0
        },
        "7": {
            "name": "Center of Body",
            "x": -0.0020225057378411293,
            "y": -0.005939103197306395,
            "z": 0.7213544249534607
        },
        "8": {
            "name": "Center of Shoulder",
            "x": 0.009423562325537205,
            "y": 0.020700499415397644,
            "z": 0.8977228999137878
        },
        "9": {
            "name": "Neck",
            "x": 0.03218099847435951,
            "y": 0.07651091367006302,
            "z": 0.9335317611694336
        },
        "10": {
            "name": "Head",
            "x": 0.03876958042383194,
            "y": 0.07846371829509735,
            "z": 1.0
        },
        "11": {
            "name": "Right Shoulder",
            "x": -0.1015532910823822,
            "y": 0.03572488948702812,
            "z": 0.8846787810325623
        },
        "12": {
            "name": "Right Elbow",
            "x": -0.1903107464313507,
            "y": 0.02817363478243351,
            "z": 0.7038685083389282
        },
        "13": {
            "name": "Right Wrist",
            "x": -0.17496563494205475,
            "y": 0.15086418390274048,
            "z": 0.6212843656539917
        },
        "14": {
            "name": "Left Shoulder",
            "x": 0.09680996090173721,
            "y": -0.037337686866521835,
            "z": 0.890853226184845
        },
        "15": {
            "name": "Left Elbow",
            "x": 0.1489037275314331,
            "y": -0.1296452134847641,
            "z": 0.7240093350410461
        },
        "16": {
            "name": "Left Wrist",
            "x": 0.17945699393749237,
            "y": -0.09607215970754623,
            "z": 0.574371337890625
        }
    }
}