{
    "image_path": "00002/img/5.jpg",
    "shooter_tracklet_id": 3,
    "bbox": {
        "x": 332,
        "y": 673,
        "w": 100,
        "h": 100
    },
    "keypoint_2d": {
        "0": {
            "name": "Center of Hips",
            "x": 43.69,
            "y": 45.43
        },
        "1": {
            "name": "Left Hip",
            "x": 35.31,
            "y": 45.04
        },
        "2": {
            "name": "Left Knee",
            "x": 40.45,
            "y": 67.67
        },
        "3": {
            "name": "Left Ankle",
            "x": 46.93,
            "y": 87.55
        },
        "4": {
            "name": "Right Hip",
            "x": 52.0,
            "y": 46.69
        },
        "5": {
            "name": "Right Knee",
            "x": 47.76,
            "y": 67.05
        },
        "6": {
            "name": "Right Ankle",
            "x": 40.31,
            "y": 78.27
        },
        "7": {
            "name": "Center of Body",
            "x": 44.33,
            "y": 31.51
        },
        "8": {
            "name": "Center of Shoulder",
            "x": 44.85,
            "y": 20.43
        },
        "9": {
            "name": "Neck",
            "x": 44.72,
            "y": 18.28
        },
        "10": {
            "name": "Head",
            "x": 44.98,
            "y": 13.35
        },
        "11": {
            "name": "Right Shoulder",
            "x": 53.22,
            "y": 20.69
        },
        "12": {
            "name": "Right Elbow",
            "x": 61.08,
            "y": 31.9
        },
        "13": {
            "name": "Right Wrist",
            "x": 67.72,
            "y": 38.92
        },
        "14": {
            "name": "Left Shoulder",
            "x": 36.75,
            "y": 20.12
        },
        "15": {
            "name": "Left Elbow",
            "x": 30.55,
            "y": 33.06
        },
        "16": {
            "name": "Left Wrist",
            "x": 33.12,
            "y": 42.98
        }
    },
    "keypoint_3d": {
        "0": {
            "name": "Center of Hips",
            "x": 0.0,
            "y": 0.0,
            "z": 0.5240747928619385
        },
        "1": {
            "name": "Left Hip",
            "x": 0.1146659106016159,
            "y": -0.02130899205803871,
            "z": 0.5234510898590088
        },
        "2": {
            "name": "Left Knee",
            "x": 0.05641694739460945,
            "y": 0.05942933261394501,
            "z": 0.21135883033275604
        },
        "3": {
            "name": "Left Ankle",
            "x": -0.041747745126485825,
            "y": -0.08923075348138809,
            "z": 0.025532105937600136
        },
        "4": {
            "name": "Right Hip",
            "x": -0.10771693289279938,
            "y": 0.0194996390491724,
            "z": 0.504395067691803
        },
        "5": {
            "name": "Right Knee",
            "x": -0.06298507750034332,
            "y": 0.02767009660601616,
            "z": 0.20486868917942047
        },
        "6": {
            "name": "Right Ankle",
            "x": -0.00900110974907875,
            "y": -0.12176765501499176,
            "z": 0.0
        },
        "7": {
            "name": "Center of Body",
            "x": -0.0038483995012938976,
            "y": -0.008116508834064007,
            "z": 0.7014366984367371
        },
        "8": {
            "name": "Center of Shoulder",
            "x": 0.011496775783598423,
            "y": 0.02027827501296997,
            "z": 0.8810402750968933
        },
        "9": {
            "name": "Neck",
            "x": 0.03896122798323631,
            "y": 0.08053260296583176,
            "z": 0.9212488532066345
        },
        "10": {
            "name": "Head",
            "x": 0.0443609394133091,
            "y": 0.08358003199100494,
            "z": 1.0
        },
        "11": {
            "name": "Right Shoulder",
            "x": -0.10469689220190048,
            "y": 0.038083501160144806,
            "z": 0.8710489273071289
        },
        "12": {
            "name": "Right Elbow",
            "x": -0.23091334104537964,
            "y": 0.04539528861641884,
            "z": 0.7078801989555359
        },
        "13": {
            "name": "Right Wrist",
            "x": -0.250019907951355,
            "y": 0.1977880448102951,
            "z": 0.6389625072479248
        },
        "14": {
            "name": "Left Shoulder",
            "x": 0.10355916619300842,
            "y": -0.04133390262722969,
            "z": 0.8687062859535217
        },
        "15": {
            "name": "Left Elbow",
            "x": 0.1666734516620636,
            "y": -0.1190769374370575,
            "z": 0.6890124082565308
        },
        "16": {
            "name": "Left Wrist",
            "x": 0.17343121767044067,
            "y": -0.049765899777412415,
            "z": 0.555017352104187
        }
    }
}