{
    "image_path": "00002/img/6.jpg",
    "shooter_tracklet_id": 3,
    "bbox": {
        "x": 331,
        "y": 670,
        "w": 100,
        "h": 100
    },
    "keypoint_2d": {
        "0": {
            "name": "Center of Hips",
            "x": 39.95,
            "y": 44.52
        },
        "1": {
            "name": "Left Hip",
            "x": 32.07,
            "y": 43.68
        },
        "2": {
            "name": "Left Knee",
            "x": 32.97,
            "y": 67.11
        },
        "3": {
            "name": "Left Ankle",
            "x": 33.03,
            "y": 84.32
        },
        "4": {
            "name": "Right Hip",
            "x": 47.2,
            "y": 45.52
        },
        "5": {
            "name": "Right Knee",
            "x": 45.04,
            "y": 63.12
        },
        "6": {
            "name": "Right Ankle",
            "x": 43.28,
            "y": 74.43
        },
        "7": {
            "name": "Center of Body",
            "x": 40.98,
            "y": 30.87
        },
        "8": {
            "name": "Center of Shoulder",
            "x": 41.5,
            "y": 19.27
        },
        "9": {
            "name": "Neck",
            "x": 41.58,
            "y": 17.6
        },
        "10": {
            "name": "Head",
            "x": 41.88,
            "y": 12.18
        },
        "11": {
            "name": "Right Shoulder",
            "x": 49.14,
            "y": 20.47
        },
        "12": {
            "name": "Right Elbow",
            "x": 58.12,
            "y": 31.51
        },
        "13": {
            "name": "Right Wrist",
            "x": 67.01,
            "y": 37.7
        },
        "14": {
            "name": "Left Shoulder",
            "x": 34.41,
            "y": 19.4
        },
        "15": {
            "name": "Left Elbow",
            "x": 28.48,
            "y": 31.0
        },
        "16": {
            "name": "Left Wrist",
            "x": 27.32,
            "y": 44.01
        }
    },
    "keypoint_3d": {
        "0": {
            "name": "Center of Hips",
            "x": 0.0,
            "y": 0.0,
            "z": 0.5594120025634766
        },
        "1": {
            "name": "Left Hip",
            "x": 0.10870824754238129,
            "y": -0.021229665726423264,
            "z": 0.5590918064117432
        },
        "2": {
            "name": "Left Knee",
            "x": 0.09233817458152771,
            "y": 0.03523730859160423,
            "z": 0.2556792199611664
        },
        "3": {
            "name": "Left Ankle",
            "x": 0.07339856773614883,
            "y": 0.0277693010866642,
            "z": 0.0
        },
        "4": {
            "name": "Right Hip",
            "x": -0.10055471211671829,
            "y": 0.01305271964520216,
            "z": 0.5378353595733643
        },
        "5": {
            "name": "Right Knee",
            "x": -0.09471241384744644,
            "y": -0.029975468292832375,
            "z": 0.2764963209629059
        },
        "6": {
            "name": "Right Ankle",
            "x": -0.10721352696418762,
            "y": -0.15550139546394348,
            "z": 0.08244212716817856
        },
        "7": {
            "name": "Center of Body",
            "x": -0.010081097483634949,
            "y": -0.005633979104459286,
            "z": 0.7228239178657532
        },
        "8": {
            "name": "Center of Shoulder",
            "x": 0.002390180015936494,
            "y": 0.019047394394874573,
            "z": 0.893515944480896
        },
        "9": {
            "name": "Neck",
            "x": 0.023562287911772728,
            "y": 0.06848795711994171,
            "z": 0.9290155172348022
        },
        "10": {
            "name": "Head",
            "x": 0.02430686540901661,
            "y": 0.0624176561832428,
            "z": 1.0
        },
        "11": {
            "name": "Right Shoulder",
            "x": -0.10242632776498795,
            "y": 0.04071982204914093,
            "z": 0.878945529460907
        },
        "12": {
            "name": "Right Elbow",
            "x": -0.225798100233078,
            "y": 0.056953202933073044,
            "z": 0.7260522842407227
        },
        "13": {
            "name": "Right Wrist",
            "x": -0.2936876118183136,
            "y": 0.1801542192697525,
            "z": 0.6533993482589722
        },
        "14": {
            "name": "Left Shoulder",
            "x": 0.08533527702093124,
            "y": -0.03442339599132538,
            "z": 0.8819896578788757
        },
        "15": {
            "name": "Left Elbow",
            "x": 0.13611267507076263,
            "y": -0.10936185717582703,
            "z": 0.7072553038597107
        },
        "16": {
            "name": "Left Wrist",
            "x": 0.1508249044418335,
            "y": -0.07480399310588837,
            "z": 0.5582631826400757
        }
    }
}