{
    "image_path": "00002/img/7.jpg",
    "shooter_tracklet_id": 3,
    "bbox": {
        "x": 329,
        "y": 668,
        "w": 100,
        "h": 100
    },
    "keypont_2d": {
        "0": {
            "name": "Center of Hips",
            "x": 35.97,
            "y": 44.76
        },
        "1": {
            "name": "Left Hip",
            "x": 28.3,
            "y": 43.48
        },
        "2": {
            "name": "Left Knee",
            "x": 25.03,
            "y": 67.21
        },
        "3": {
            "name": "Left Ankle",
            "x": 29.39,
            "y": 83.18
        },
        "4": {
            "name": "Right Hip",
            "x": 43.55,
            "y": 45.78
        },
        "5": {
            "name": "Right Knee",
            "x": 42.21,
            "y": 63.4
        },
        "6": {
            "name": "Right Ankle",
            "x": 41.23,
            "y": 76.16
        },
        "7": {
            "name": "Center of Body",
            "x": 36.99,
            "y": 31.0
        },
        "8": {
            "name": "Center of Shoulder",
            "x": 37.5,
            "y": 19.11
        },
        "9": {
            "name": "Neck",
            "x": 37.67,
            "y": 16.98
        },
        "10": {
            "name": "Head",
            "x": 38.15,
            "y": 13.22
        },
        "11": {
            "name": "Right Shoulder",
            "x": 45.43,
            "y": 19.79
        },
        "12": {
            "name": "Right Elbow",
            "x": 55.67,
            "y": 32.16
        },
        "13": {
            "name": "Right Wrist",
            "x": 64.56,
            "y": 36.67
        },
        "14": {
            "name": "Left Shoulder",
            "x": 29.66,
            "y": 19.11
        },
        "15": {
            "name": "Left Elbow",
            "x": 26.34,
            "y": 30.5
        },
        "16": {
            "name": "Left Wrist",
            "x": 28.9,
            "y": 41.84
        }
    },
    "keypont_3d": {
        "0": {
            "name": "Center of Hips",
            "x": 0.0,
            "y": 0.0,
            "z": 0.5565606951713562
        },
        "1": {
            "name": "Left Hip",
            "x": 0.1106337234377861,
            "y": -0.02307957410812378,
            "z": 0.5613811016082764
        },
        "2": {
            "name": "Left Knee",
            "x": 0.14218714833259583,
            "y": 0.021480780094861984,
            "z": 0.2379719763994217
        },
        "3": {
            "name": "Left Ankle",
            "x": 0.08228858560323715,
            "y": 0.0019685199949890375,
            "z": 0.0
        },
        "4": {
            "name": "Right Hip",
            "x": -0.10475543886423111,
            "y": 0.009440860711038113,
            "z": 0.5327252149581909
        },
        "5": {
            "name": "Right Knee",
            "x": -0.11542721837759018,
            "y": -0.03076537884771824,
            "z": 0.2693258821964264
        },
        "6": {
            "name": "Right Ankle",
            "x": -0.15746885538101196,
            "y": -0.14282159507274628,
            "z": 0.06420072168111801
        },
        "7": {
            "name": "Center of Body",
            "x": -0.010581796988844872,
            "y": -0.0032634951639920473,
            "z": 0.7265005111694336
        },
        "8": {
            "name": "Center of Shoulder",
            "x": -0.0034508416429162025,
            "y": 0.01796567626297474,
            "z": 0.9067756533622742
        },
        "9": {
            "name": "Neck",
            "x": 0.013884574174880981,
            "y": 0.06239764392375946,
            "z": 0.9432195425033569
        },
        "10": {
            "name": "Head",
            "x": 0.008529134094715118,
            "y": 0.04506174102425575,
            "z": 1.0
        },
        "11": {
            "name": "Right Shoulder",
            "x": -0.11176790297031403,
            "y": 0.04790424928069115,
            "z": 0.893875777721405
        },
        "12": {
            "name": "Right Elbow",
            "x": -0.23926106095314026,
            "y": 0.0833839699625969,
            "z": 0.728166937828064
        },
        "13": {
            "name": "Right Wrist",
            "x": -0.3383830189704895,
            "y": 0.19268783926963806,
            "z": 0.6690487861633301
        },
        "14": {
            "name": "Left Shoulder",
            "x": 0.083206906914711,
            "y": -0.03981766849756241,
            "z": 0.8976507186889648
        },
        "15": {
            "name": "Left Elbow",
            "x": 0.10386241972446442,
            "y": -0.12900392711162567,
            "z": 0.7202006578445435
        },
        "16": {
            "name": "Left Wrist",
            "x": 0.09057190269231796,
            "y": -0.11350015550851822,
            "z": 0.5619737505912781
        }
    }
}