{
    "image_path": "00002/img/8.jpg",
    "shooter_tracklet_id": 3,
    "bbox": {
        "x": 327,
        "y": 662,
        "w": 100,
        "h": 100
    },
    "keypont_2d": {
        "0": {
            "name": "Center of Hips",
            "x": 35.83,
            "y": 44.52
        },
        "1": {
            "name": "Left Hip",
            "x": 28.67,
            "y": 43.03
        },
        "2": {
            "name": "Left Knee",
            "x": 23.88,
            "y": 62.79
        },
        "3": {
            "name": "Left Ankle",
            "x": 25.36,
            "y": 77.51
        },
        "4": {
            "name": "Right Hip",
            "x": 43.03,
            "y": 46.22
        },
        "5": {
            "name": "Right Knee",
            "x": 45.23,
            "y": 64.87
        },
        "6": {
            "name": "Right Ankle",
            "x": 43.39,
            "y": 78.25
        },
        "7": {
            "name": "Center of Body",
            "x": 36.86,
            "y": 32.54
        },
        "8": {
            "name": "Center of Shoulder",
            "x": 37.9,
            "y": 20.56
        },
        "9": {
            "name": "Neck",
            "x": 38.15,
            "y": 18.630000000000003
        },
        "10": {
            "name": "Head",
            "x": 38.54,
            "y": 14.64
        },
        "11": {
            "name": "Right Shoulder",
            "x": 46.24,
            "y": 21.35
        },
        "12": {
            "name": "Right Elbow",
            "x": 53.48,
            "y": 29.84
        },
        "13": {
            "name": "Right Wrist",
            "x": 61.08,
            "y": 32.54
        },
        "14": {
            "name": "Left Shoulder",
            "x": 31.06,
            "y": 20.18
        },
        "15": {
            "name": "Left Elbow",
            "x": 26.42,
            "y": 32.8
        },
        "16": {
            "name": "Left Wrist",
            "x": 27.45,
            "y": 42.21
        }
    },
    "keypont_3d": {
        "0": {
            "name": "Center of Hips",
            "x": 0.0,
            "y": 0.0,
            "z": 0.5410299301147461
        },
        "1": {
            "name": "Left Hip",
            "x": 0.103783018887043,
            "y": -0.044522594660520554,
            "z": 0.5516860485076904
        },
        "2": {
            "name": "Left Knee",
            "x": 0.16625358164310455,
            "y": -0.06221667304635048,
            "z": 0.2442864328622818
        },
        "3": {
            "name": "Left Ankle",
            "x": 0.10103347897529602,
            "y": -0.10036224871873856,
            "z": 0.0
        },
        "4": {
            "name": "Right Hip",
            "x": -0.10954920202493668,
            "y": 0.012611719779670238,
            "z": 0.5111516714096069
        },
        "5": {
            "name": "Right Knee",
            "x": -0.13218393921852112,
            "y": 0.01743515022099018,
            "z": 0.2326962649822235
        },
        "6": {
            "name": "Right Ankle",
            "x": -0.16286900639533997,
            "y": -0.08089814335107803,
            "z": 0.0033413702622056007
        },
        "7": {
            "name": "Center of Body",
            "x": -0.014424595981836319,
            "y": -0.0002053694915957749,
            "z": 0.7195563316345215
        },
        "8": {
            "name": "Center of Shoulder",
            "x": -0.007887530140578747,
            "y": 0.022814104333519936,
            "z": 0.9028398394584656
        },
        "9": {
            "name": "Neck",
            "x": 0.008792982436716557,
            "y": 0.06900923699140549,
            "z": 0.9410637021064758
        },
        "10": {
            "name": "Head",
            "x": 0.002463259734213352,
            "y": 0.052435003221035004,
            "z": 1.0
        },
        "11": {
            "name": "Right Shoulder",
            "x": -0.12867549061775208,
            "y": 0.04274708777666092,
            "z": 0.8941822648048401
        },
        "12": {
            "name": "Right Elbow",
            "x": -0.2668900787830353,
            "y": 0.029474463313817978,
            "z": 0.7337554097175598
        },
        "13": {
            "name": "Right Wrist",
            "x": -0.35839250683784485,
            "y": 0.13857239484786987,
            "z": 0.7085126638412476
        },
        "14": {
            "name": "Left Shoulder",
            "x": 0.07774242013692856,
            "y": -0.036476776003837585,
            "z": 0.8979235291481018
        },
        "15": {
            "name": "Left Elbow",
            "x": 0.10128089040517807,
            "y": -0.1230940893292427,
            "z": 0.7042179703712463
        },
        "16": {
            "name": "Left Wrist",
            "x": 0.1069231629371643,
            "y": -0.06607510894536972,
            "z": 0.5612116456031799
        }
    }
}