{
    "image_path": "00002/img/10.jpg",
    "shooter_tracklet_id": 3,
    "bbox": {
        "x": 321,
        "y": 644,
        "w": 100,
        "h": 100
    },
    "keypoint_2d": {
        "0": {
            "name": "Center of Hips",
            "x": 43.43,
            "y": 49.55
        },
        "1": {
            "name": "Left Hip",
            "x": 37.38,
            "y": 47.99
        },
        "2": {
            "name": "Left Knee",
            "x": 31.22,
            "y": 60.2
        },
        "3": {
            "name": "Left Ankle",
            "x": 27.58,
            "y": 70.55
        },
        "4": {
            "name": "Right Hip",
            "x": 49.7,
            "y": 51.43
        },
        "5": {
            "name": "Right Knee",
            "x": 47.07,
            "y": 69.36
        },
        "6": {
            "name": "Right Ankle",
            "x": 49.1,
            "y": 74.42
        },
        "7": {
            "name": "Center of Body",
            "x": 43.45,
            "y": 37.62
        },
        "8": {
            "name": "Center of Shoulder",
            "x": 43.43,
            "y": 26.87
        },
        "9": {
            "name": "Neck",
            "x": 43.64,
            "y": 24.75
        },
        "10": {
            "name": "Head",
            "x": 44.46,
            "y": 20.04
        },
        "11": {
            "name": "Right Shoulder",
            "x": 49.87,
            "y": 26.62
        },
        "12": {
            "name": "Right Elbow",
            "x": 59.26,
            "y": 32.29
        },
        "13": {
            "name": "Right Wrist",
            "x": 71.85,
            "y": 31.73
        },
        "14": {
            "name": "Left Shoulder",
            "x": 37.72,
            "y": 27.2
        },
        "15": {
            "name": "Left Elbow",
            "x": 33.25,
            "y": 34.73
        },
        "16": {
            "name": "Left Wrist",
            "x": 28.48,
            "y": 38.21
        }
    },
    "keypoint_3d": {
        "0": {
            "name": "Center of Hips",
            "x": 0.0,
            "y": 0.0,
            "z": 0.49933353066444397
        },
        "1": {
            "name": "Left Hip",
            "x": 0.08691440522670746,
            "y": -0.06245569512248039,
            "z": 0.5140694379806519
        },
        "2": {
            "name": "Left Knee",
            "x": 0.2610018253326416,
            "y": -0.02681984379887581,
            "z": 0.26695454120635986
        },
        "3": {
            "name": "Left Ankle",
            "x": 0.21440796554088593,
            "y": -0.1906052976846695,
            "z": 0.08186249434947968
        },
        "4": {
            "name": "Right Hip",
            "x": -0.100580133497715,
            "y": 0.056921571493148804,
            "z": 0.4697491526603699
        },
        "5": {
            "name": "Right Knee",
            "x": -0.06312613934278488,
            "y": 0.09329477697610855,
            "z": 0.1562572419643402
        },
        "6": {
            "name": "Right Ankle",
            "x": -0.17315419018268585,
            "y": -0.08825746178627014,
            "z": 0.0
        },
        "7": {
            "name": "Center of Body",
            "x": -1.2971466276212595e-05,
            "y": 0.006303223315626383,
            "z": 0.6920163035392761
        },
        "8": {
            "name": "Center of Shoulder",
            "x": 0.008115760050714016,
            "y": 0.018981246277689934,
            "z": 0.877271831035614
        },
        "9": {
            "name": "Neck",
            "x": 0.028480147942900658,
            "y": 0.0761386975646019,
            "z": 0.9217935800552368
        },
        "10": {
            "name": "Head",
            "x": 0.025696471333503723,
            "y": 0.07031948119401932,
            "z": 1.0
        },
        "11": {
            "name": "Right Shoulder",
            "x": -0.09680028259754181,
            "y": 0.06091275438666344,
            "z": 0.8767868876457214
        },
        "12": {
            "name": "Right Elbow",
            "x": -0.25128287076950073,
            "y": 0.12982803583145142,
            "z": 0.7873755693435669
        },
        "13": {
            "name": "Right Wrist",
            "x": -0.4012489914894104,
            "y": 0.24143193662166595,
            "z": 0.805475652217865
        },
        "14": {
            "name": "Left Shoulder",
            "x": 0.08554872870445251,
            "y": -0.06874111294746399,
            "z": 0.8593418598175049
        },
        "15": {
            "name": "Left Elbow",
            "x": 0.10316361486911774,
            "y": -0.1899907886981964,
            "z": 0.7034332752227783
        },
        "16": {
            "name": "Left Wrist",
            "x": 0.22877366840839386,
            "y": -0.08233658224344254,
            "z": 0.6668006181716919
        }
    }
}