{
    "image_path": "00002/img/11.jpg",
    "shooter_tracklet_id": 3,
    "bbox": {
        "x": 320,
        "y": 639,
        "w": 100,
        "h": 100
    },
    "keypoint_2d": {
        "0": {
            "name": "Center of Hips",
            "x": 41.87,
            "y": 52.44
        },
        "1": {
            "name": "Left Hip",
            "x": 34.72,
            "y": 50.31
        },
        "2": {
            "name": "Left Knee",
            "x": 30.96,
            "y": 65.16
        },
        "3": {
            "name": "Left Ankle",
            "x": 21.48,
            "y": 67.51
        },
        "4": {
            "name": "Right Hip",
            "x": 49.29,
            "y": 55.0
        },
        "5": {
            "name": "Right Knee",
            "x": 45.32,
            "y": 71.54
        },
        "6": {
            "name": "Right Ankle",
            "x": 37.22,
            "y": 79.14
        },
        "7": {
            "name": "Center of Body",
            "x": 42.91,
            "y": 38.21
        },
        "8": {
            "name": "Center of Shoulder",
            "x": 42.81,
            "y": 27.22
        },
        "9": {
            "name": "Neck",
            "x": 42.64,
            "y": 25.09
        },
        "10": {
            "name": "Head",
            "x": 42.05,
            "y": 21.34
        },
        "11": {
            "name": "Right Shoulder",
            "x": 49.36,
            "y": 27.78
        },
        "12": {
            "name": "Right Elbow",
            "x": 59.92,
            "y": 31.77
        },
        "13": {
            "name": "Right Wrist",
            "x": 73.4,
            "y": 30.2
        },
        "14": {
            "name": "Left Shoulder",
            "x": 35.48,
            "y": 27.98
        },
        "15": {
            "name": "Left Elbow",
            "x": 30.54,
            "y": 38.04
        },
        "16": {
            "name": "Left Wrist",
            "x": 20.4,
            "y": 45.54
        }
    },
    "keypoint_3d": {
        "0": {
            "name": "Center of Hips",
            "x": 0.0,
            "y": 0.0,
            "z": 0.5076984167098999
        },
        "1": {
            "name": "Left Hip",
            "x": 0.10103003680706024,
            "y": -0.034562528133392334,
            "z": 0.5242846608161926
        },
        "2": {
            "name": "Left Knee",
            "x": 0.18914009630680084,
            "y": -0.06780917942523956,
            "z": 0.26070261001586914
        },
        "3": {
            "name": "Left Ankle",
            "x": 0.21651549637317657,
            "y": -0.28465884923934937,
            "z": 0.13329747319221497
        },
        "4": {
            "name": "Right Hip",
            "x": -0.11487985402345657,
            "y": 0.04558371379971504,
            "z": 0.46291232109069824
        },
        "5": {
            "name": "Right Knee",
            "x": -0.05217684060335159,
            "y": 0.05476297438144684,
            "z": 0.1655779927968979
        },
        "6": {
            "name": "Right Ankle",
            "x": 0.0043561686761677265,
            "y": -0.14496175944805145,
            "z": 0.0
        },
        "7": {
            "name": "Center of Body",
            "x": -0.01677044667303562,
            "y": 0.0062967631965875626,
            "z": 0.6982411742210388
        },
        "8": {
            "name": "Center of Shoulder",
            "x": 0.0037660368252545595,
            "y": 0.019536608830094337,
            "z": 0.8840120434761047
        },
        "9": {
            "name": "Neck",
            "x": 0.028058534488081932,
            "y": 0.07433327287435532,
            "z": 0.9293685555458069
        },
        "10": {
            "name": "Head",
            "x": 0.03219026327133179,
            "y": 0.06736583262681961,
            "z": 1.0
        },
        "11": {
            "name": "Right Shoulder",
            "x": -0.10444408655166626,
            "y": 0.04464881122112274,
            "z": 0.8767867088317871
        },
        "12": {
            "name": "Right Elbow",
            "x": -0.2733211815357208,
            "y": 0.08915922790765762,
            "z": 0.8007720112800598
        },
        "13": {
            "name": "Right Wrist",
            "x": -0.426982045173645,
            "y": 0.20573289692401886,
            "z": 0.8243439197540283
        },
        "14": {
            "name": "Left Shoulder",
            "x": 0.08669474720954895,
            "y": -0.0567803718149662,
            "z": 0.8654492497444153
        },
        "15": {
            "name": "Left Elbow",
            "x": 0.1270408034324646,
            "y": -0.16933666169643402,
            "z": 0.7007356286048889
        },
        "16": {
            "name": "Left Wrist",
            "x": 0.2645277678966522,
            "y": -0.19844430685043335,
            "z": 0.5918416976928711
        }
    }
}