{
    "image_path": "00002/img/12.jpg",
    "shooter_tracklet_id": 3,
    "bbox": {
        "x": 319,
        "y": 630,
        "w": 100,
        "h": 100
    },
    "keypont_2d": {
        "0": {
            "name": "Center of Hips",
            "x": 45.95,
            "y": 53.04
        },
        "1": {
            "name": "Left Hip",
            "x": 39.4,
            "y": 51.61
        },
        "2": {
            "name": "Left Knee",
            "x": 33.9,
            "y": 65.01
        },
        "3": {
            "name": "Left Ankle",
            "x": 24.11,
            "y": 67.71
        },
        "4": {
            "name": "Right Hip",
            "x": 52.7,
            "y": 54.78
        },
        "5": {
            "name": "Right Knee",
            "x": 48.85,
            "y": 69.52
        },
        "6": {
            "name": "Right Ankle",
            "x": 37.77,
            "y": 77.89
        },
        "7": {
            "name": "Center of Body",
            "x": 45.83,
            "y": 40.46
        },
        "8": {
            "name": "Center of Shoulder",
            "x": 45.63,
            "y": 28.42
        },
        "9": {
            "name": "Neck",
            "x": 45.37,
            "y": 26.1
        },
        "10": {
            "name": "Head",
            "x": 44.6,
            "y": 21.46
        },
        "11": {
            "name": "Right Shoulder",
            "x": 51.94,
            "y": 28.42
        },
        "12": {
            "name": "Right Elbow",
            "x": 63.33,
            "y": 32.49
        },
        "13": {
            "name": "Right Wrist",
            "x": 75.3,
            "y": 30.65
        },
        "14": {
            "name": "Left Shoulder",
            "x": 39.05,
            "y": 28.67
        },
        "15": {
            "name": "Left Elbow",
            "x": 33.51,
            "y": 37.95
        },
        "16": {
            "name": "Left Wrist",
            "x": 26.68,
            "y": 42.97
        }
    },
    "keypont_3d": {
        "0": {
            "name": "Center of Hips",
            "x": 0.0,
            "y": 0.0,
            "z": 0.4845235049724579
        },
        "1": {
            "name": "Left Hip",
            "x": 0.10101909935474396,
            "y": -0.032619964331388474,
            "z": 0.494341641664505
        },
        "2": {
            "name": "Left Knee",
            "x": 0.22032812237739563,
            "y": -0.07484737038612366,
            "z": 0.2281339317560196
        },
        "3": {
            "name": "Left Ankle",
            "x": 0.2871426045894623,
            "y": -0.3079523742198944,
            "z": 0.1624501645565033
        },
        "4": {
            "name": "Right Hip",
            "x": -0.12109631299972534,
            "y": 0.04195120930671692,
            "z": 0.44375404715538025
        },
        "5": {
            "name": "Right Knee",
            "x": -0.051861152052879333,
            "y": 0.04447682201862335,
            "z": 0.14808470010757446
        },
        "6": {
            "name": "Right Ankle",
            "x": 0.06493537873029709,
            "y": -0.14929209649562836,
            "z": 0.0
        },
        "7": {
            "name": "Center of Body",
            "x": -0.0024323000106960535,
            "y": 0.0046216403134167194,
            "z": 0.6769925951957703
        },
        "8": {
            "name": "Center of Shoulder",
            "x": 0.015476847067475319,
            "y": 0.017434103414416313,
            "z": 0.8686991930007935
        },
        "9": {
            "name": "Neck",
            "x": 0.04587995260953903,
            "y": 0.07219140976667404,
            "z": 0.9195916056632996
        },
        "10": {
            "name": "Head",
            "x": 0.05991532653570175,
            "y": 0.06550906598567963,
            "z": 1.0
        },
        "11": {
            "name": "Right Shoulder",
            "x": -0.09460081905126572,
            "y": 0.04610242322087288,
            "z": 0.8654516339302063
        },
        "12": {
            "name": "Right Elbow",
            "x": -0.2743799388408661,
            "y": 0.10017544776201248,
            "z": 0.7983477115631104
        },
        "13": {
            "name": "Right Wrist",
            "x": -0.4387502670288086,
            "y": 0.22451089322566986,
            "z": 0.8432790637016296
        },
        "14": {
            "name": "Left Shoulder",
            "x": 0.09920850396156311,
            "y": -0.057924654334783554,
            "z": 0.8538556694984436
        },
        "15": {
            "name": "Left Elbow",
            "x": 0.13926155865192413,
            "y": -0.1841878890991211,
            "z": 0.6900498270988464
        },
        "16": {
            "name": "Left Wrist",
            "x": 0.2755713164806366,
            "y": -0.20982831716537476,
            "z": 0.6034248471260071
        }
    }
}