{
    "image_path": "00002/img/13.jpg",
    "shooter_tracklet_id": 3,
    "bbox": {
        "x": 319,
        "y": 625,
        "w": 100,
        "h": 100
    },
    "keypont_2d": {
        "0": {
            "name": "Center of Hips",
            "x": 44.05,
            "y": 50.53
        },
        "1": {
            "name": "Left Hip",
            "x": 38.22,
            "y": 48.48
        },
        "2": {
            "name": "Left Knee",
            "x": 37.63,
            "y": 65.34
        },
        "3": {
            "name": "Left Ankle",
            "x": 27.71,
            "y": 69.13
        },
        "4": {
            "name": "Right Hip",
            "x": 49.47,
            "y": 52.16
        },
        "5": {
            "name": "Right Knee",
            "x": 47.94,
            "y": 69.52
        },
        "6": {
            "name": "Right Ankle",
            "x": 34.13,
            "y": 74.66
        },
        "7": {
            "name": "Center of Body",
            "x": 44.22,
            "y": 37.43
        },
        "8": {
            "name": "Center of Shoulder",
            "x": 43.69,
            "y": 26.49
        },
        "9": {
            "name": "Neck",
            "x": 43.56,
            "y": 24.81
        },
        "10": {
            "name": "Head",
            "x": 43.04,
            "y": 20.82
        },
        "11": {
            "name": "Right Shoulder",
            "x": 51.82,
            "y": 26.29
        },
        "12": {
            "name": "Right Elbow",
            "x": 60.83,
            "y": 30.859999999999996
        },
        "13": {
            "name": "Right Wrist",
            "x": 72.29,
            "y": 30.09
        },
        "14": {
            "name": "Left Shoulder",
            "x": 36.59,
            "y": 26.5
        },
        "15": {
            "name": "Left Elbow",
            "x": 31.68,
            "y": 36.52
        },
        "16": {
            "name": "Left Wrist",
            "x": 24.42,
            "y": 43.37
        }
    },
    "keypont_3d": {
        "0": {
            "name": "Center of Hips",
            "x": 0.0,
            "y": 0.0,
            "z": 0.482544869184494
        },
        "1": {
            "name": "Left Hip",
            "x": 0.10896681994199753,
            "y": -0.0054048881866037846,
            "z": 0.505623459815979
        },
        "2": {
            "name": "Left Knee",
            "x": 0.1344379484653473,
            "y": -0.0608312264084816,
            "z": 0.19097743928432465
        },
        "3": {
            "name": "Left Ankle",
            "x": 0.21261993050575256,
            "y": -0.2974359095096588,
            "z": 0.09461422264575958
        },
        "4": {
            "name": "Right Hip",
            "x": -0.12272746860980988,
            "y": 0.005454139318317175,
            "z": 0.44310468435287476
        },
        "5": {
            "name": "Right Knee",
            "x": -0.06370799988508224,
            "y": 0.05382185056805611,
            "z": 0.13722485303878784
        },
        "6": {
            "name": "Right Ankle",
            "x": 0.1024245023727417,
            "y": -0.1579204946756363,
            "z": 0.0
        },
        "7": {
            "name": "Center of Body",
            "x": -0.007142841350287199,
            "y": 0.0006219585775397718,
            "z": 0.6807189583778381
        },
        "8": {
            "name": "Center of Shoulder",
            "x": 0.01876123435795307,
            "y": 0.018390396609902382,
            "z": 0.8768249154090881
        },
        "9": {
            "name": "Neck",
            "x": 0.04938865080475807,
            "y": 0.07826436311006546,
            "z": 0.9231588840484619
        },
        "10": {
            "name": "Head",
            "x": 0.06745123118162155,
            "y": 0.07977163791656494,
            "z": 1.0
        },
        "11": {
            "name": "Right Shoulder",
            "x": -0.11981844156980515,
            "y": 0.03180747851729393,
            "z": 0.8742870688438416
        },
        "12": {
            "name": "Right Elbow",
            "x": -0.297279953956604,
            "y": 0.05592276155948639,
            "z": 0.7944318056106567
        },
        "13": {
            "name": "Right Wrist",
            "x": -0.3937565088272095,
            "y": 0.18934445083141327,
            "z": 0.8474137187004089
        },
        "14": {
            "name": "Left Shoulder",
            "x": 0.10878826677799225,
            "y": -0.056764811277389526,
            "z": 0.8631967902183533
        },
        "15": {
            "name": "Left Elbow",
            "x": 0.15385891497135162,
            "y": -0.1784924417734146,
            "z": 0.6908935308456421
        },
        "16": {
            "name": "Left Wrist",
            "x": 0.27651721239089966,
            "y": -0.21091940999031067,
            "z": 0.5761215090751648
        }
    }
}