{
    "image_path": "00002/img/14.jpg",
    "shooter_tracklet_id": 3,
    "bbox": {
        "x": 318,
        "y": 617,
        "w": 100,
        "h": 100
    },
    "keypoint_2d": {
        "0": {
            "name": "Center of Hips",
            "x": 45.2,
            "y": 49.22
        },
        "1": {
            "name": "Left Hip",
            "x": 39.3,
            "y": 48.58
        },
        "2": {
            "name": "Left Knee",
            "x": 45.01,
            "y": 66.99
        },
        "3": {
            "name": "Left Ankle",
            "x": 37.85,
            "y": 78.44
        },
        "4": {
            "name": "Right Hip",
            "x": 50.73,
            "y": 50.0
        },
        "5": {
            "name": "Right Knee",
            "x": 53.07,
            "y": 72.87
        },
        "6": {
            "name": "Right Ankle",
            "x": 39.49,
            "y": 77.42
        },
        "7": {
            "name": "Center of Body",
            "x": 46.58,
            "y": 36.56
        },
        "8": {
            "name": "Center of Shoulder",
            "x": 46.33,
            "y": 25.65
        },
        "9": {
            "name": "Neck",
            "x": 45.98,
            "y": 23.87
        },
        "10": {
            "name": "Head",
            "x": 44.7,
            "y": 20.04
        },
        "11": {
            "name": "Right Shoulder",
            "x": 53.63,
            "y": 25.82
        },
        "12": {
            "name": "Right Elbow",
            "x": 61.9,
            "y": 29.14
        },
        "13": {
            "name": "Right Wrist",
            "x": 70.93,
            "y": 29.99
        },
        "14": {
            "name": "Left Shoulder",
            "x": 38.73,
            "y": 26.99
        },
        "15": {
            "name": "Left Elbow",
            "x": 33.86,
            "y": 36.13
        },
        "16": {
            "name": "Left Wrist",
            "x": 28.07,
            "y": 43.97
        }
    },
    "keypoint_3d": {
        "0": {
            "name": "Center of Hips",
            "x": 0.0,
            "y": 0.0,
            "z": 0.5109851360321045
        },
        "1": {
            "name": "Left Hip",
            "x": 0.10329273343086243,
            "y": 0.004368798807263374,
            "z": 0.5268712043762207
        },
        "2": {
            "name": "Left Knee",
            "x": 0.03959726169705391,
            "y": 0.051125623285770416,
            "z": 0.2031746208667755
        },
        "3": {
            "name": "Left Ankle",
            "x": 0.08250425010919571,
            "y": -0.11850759387016296,
            "z": 0.0
        },
        "4": {
            "name": "Right Hip",
            "x": -0.10814150422811508,
            "y": -0.012061705812811852,
            "z": 0.4877064526081085
        },
        "5": {
            "name": "Right Knee",
            "x": -0.07184261828660965,
            "y": 0.08897195756435394,
            "z": 0.16886919736862183
        },
        "6": {
            "name": "Right Ankle",
            "x": 0.05056944862008095,
            "y": -0.11278865486383438,
            "z": 0.015263453125953674
        },
        "7": {
            "name": "Center of Body",
            "x": -0.011906123720109463,
            "y": 0.001296713249757886,
            "z": 0.7049385905265808
        },
        "8": {
            "name": "Center of Shoulder",
            "x": 0.010452705435454845,
            "y": 0.031180545687675476,
            "z": 0.8893554210662842
        },
        "9": {
            "name": "Neck",
            "x": 0.0393829345703125,
            "y": 0.08620011061429977,
            "z": 0.9312858581542969
        },
        "10": {
            "name": "Head",
            "x": 0.06388232111930847,
            "y": 0.09029283374547958,
            "z": 1.0
        },
        "11": {
            "name": "Right Shoulder",
            "x": -0.11971750110387802,
            "y": 0.037202462553977966,
            "z": 0.8849790096282959
        },
        "12": {
            "name": "Right Elbow",
            "x": -0.27715080976486206,
            "y": 0.04462893307209015,
            "z": 0.8120338320732117
        },
        "13": {
            "name": "Right Wrist",
            "x": -0.3842393457889557,
            "y": 0.18186023831367493,
            "z": 0.8353566527366638
        },
        "14": {
            "name": "Left Shoulder",
            "x": 0.10726328939199448,
            "y": -0.03855270892381668,
            "z": 0.8682559132575989
        },
        "15": {
            "name": "Left Elbow",
            "x": 0.13232795894145966,
            "y": -0.15962034463882446,
            "z": 0.6961888074874878
        },
        "16": {
            "name": "Left Wrist",
            "x": 0.22380685806274414,
            "y": -0.19195380806922913,
            "z": 0.5703662633895874
        }
    }
}