{
    "image_path": "00002/img/15.jpg",
    "shooter_tracklet_id": 3,
    "bbox": {
        "x": 315,
        "y": 613,
        "w": 100,
        "h": 100
    },
    "keypont_2d": {
        "0": {
            "name": "Center of Hips",
            "x": 42.64,
            "y": 50.62
        },
        "1": {
            "name": "Left Hip",
            "x": 36.04,
            "y": 50.18
        },
        "2": {
            "name": "Left Knee",
            "x": 45.79,
            "y": 66.01
        },
        "3": {
            "name": "Left Ankle",
            "x": 52.95,
            "y": 76.54
        },
        "4": {
            "name": "Right Hip",
            "x": 48.82,
            "y": 51.37
        },
        "5": {
            "name": "Right Knee",
            "x": 49.88,
            "y": 66.42
        },
        "6": {
            "name": "Right Ankle",
            "x": 37.12,
            "y": 76.73
        },
        "7": {
            "name": "Center of Body",
            "x": 43.83,
            "y": 38.98
        },
        "8": {
            "name": "Center of Shoulder",
            "x": 43.3,
            "y": 28.04
        },
        "9": {
            "name": "Neck",
            "x": 43.04,
            "y": 26.23
        },
        "10": {
            "name": "Head",
            "x": 42.65,
            "y": 22.37
        },
        "11": {
            "name": "Right Shoulder",
            "x": 49.61,
            "y": 27.65
        },
        "12": {
            "name": "Right Elbow",
            "x": 56.92,
            "y": 34.92
        },
        "13": {
            "name": "Right Wrist",
            "x": 57.34,
            "y": 28.55
        },
        "14": {
            "name": "Left Shoulder",
            "x": 36.73,
            "y": 28.42
        },
        "15": {
            "name": "Left Elbow",
            "x": 31.44,
            "y": 38.76
        },
        "16": {
            "name": "Left Wrist",
            "x": 25.73,
            "y": 48.05
        }
    },
    "keypont_3d": {
        "0": {
            "name": "Center of Hips",
            "x": 0.0,
            "y": 0.0,
            "z": 0.49823835492134094
        },
        "1": {
            "name": "Left Hip",
            "x": 0.10968517512083054,
            "y": 0.005522771738469601,
            "z": 0.5057876706123352
        },
        "2": {
            "name": "Left Knee",
            "x": 0.029433686286211014,
            "y": 0.21053150296211243,
            "z": 0.22735898196697235
        },
        "3": {
            "name": "Left Ankle",
            "x": -0.12095077335834503,
            "y": 0.04215487465262413,
            "z": 0.0
        },
        "4": {
            "name": "Right Hip",
            "x": -0.11748610436916351,
            "y": -0.013308977708220482,
            "z": 0.4771358072757721
        },
        "5": {
            "name": "Right Knee",
            "x": -0.06630022078752518,
            "y": 0.19696329534053802,
            "z": 0.2216322124004364
        },
        "6": {
            "name": "Right Ankle",
            "x": 0.1005944237112999,
            "y": 0.018880099058151245,
            "z": 0.015743354335427284
        },
        "7": {
            "name": "Center of Body",
            "x": -0.011977258138358593,
            "y": 0.0050660050474107265,
            "z": 0.6946131587028503
        },
        "8": {
            "name": "Center of Shoulder",
            "x": 0.015255630947649479,
            "y": 0.03272731229662895,
            "z": 0.8858456015586853
        },
        "9": {
            "name": "Neck",
            "x": 0.04333197697997093,
            "y": 0.09302303194999695,
            "z": 0.9288644790649414
        },
        "10": {
            "name": "Head",
            "x": 0.06482503563165665,
            "y": 0.09539788216352463,
            "z": 1.0
        },
        "11": {
            "name": "Right Shoulder",
            "x": -0.11158846318721771,
            "y": 0.02702113427221775,
            "z": 0.8798142075538635
        },
        "12": {
            "name": "Right Elbow",
            "x": -0.25115880370140076,
            "y": 0.0029678207356482744,
            "z": 0.7417071461677551
        },
        "13": {
            "name": "Right Wrist",
            "x": -0.20303550362586975,
            "y": 0.1297394335269928,
            "z": 0.872228741645813
        },
        "14": {
            "name": "Left Shoulder",
            "x": 0.11011548340320587,
            "y": -0.036420099437236786,
            "z": 0.8716947436332703
        },
        "15": {
            "name": "Left Elbow",
            "x": 0.1494458168745041,
            "y": -0.15113452076911926,
            "z": 0.679439127445221
        },
        "16": {
            "name": "Left Wrist",
            "x": 0.25128546357154846,
            "y": -0.1620432734489441,
            "z": 0.5283103585243225
        }
    }
}