{
    "image_path": "00002/img/16.jpg",
    "shooter_tracklet_id": 3,
    "bbox": {
        "x": 316,
        "y": 606,
        "w": 100,
        "h": 100
    },
    "keypoint_2d": {
        "0": {
            "name": "Center of Hips",
            "x": 42.59,
            "y": 49.38
        },
        "1": {
            "name": "Left Hip",
            "x": 35.26,
            "y": 48.44
        },
        "2": {
            "name": "Left Knee",
            "x": 45.02,
            "y": 61.17
        },
        "3": {
            "name": "Left Ankle",
            "x": 55.33,
            "y": 74.3
        },
        "4": {
            "name": "Right Hip",
            "x": 48.73,
            "y": 49.81
        },
        "5": {
            "name": "Right Knee",
            "x": 52.83,
            "y": 71.58
        },
        "6": {
            "name": "Right Ankle",
            "x": 40.21,
            "y": 76.22
        },
        "7": {
            "name": "Center of Body",
            "x": 42.82,
            "y": 37.24
        },
        "8": {
            "name": "Center of Shoulder",
            "x": 43.04,
            "y": 26.36
        },
        "9": {
            "name": "Neck",
            "x": 42.76,
            "y": 24.66
        },
        "10": {
            "name": "Head",
            "x": 42.16,
            "y": 20.74
        },
        "11": {
            "name": "Right Shoulder",
            "x": 50.13,
            "y": 26.62
        },
        "12": {
            "name": "Right Elbow",
            "x": 55.45,
            "y": 34.97
        },
        "13": {
            "name": "Right Wrist",
            "x": 55.67,
            "y": 30.87
        },
        "14": {
            "name": "Left Shoulder",
            "x": 37.13,
            "y": 26.28
        },
        "15": {
            "name": "Left Elbow",
            "x": 31.34,
            "y": 35.83
        },
        "16": {
            "name": "Left Wrist",
            "x": 25.91,
            "y": 43.62
        }
    },
    "keypoint_3d": {
        "0": {
            "name": "Center of Hips",
            "x": 0.0,
            "y": 0.0,
            "z": 0.4883219003677368
        },
        "1": {
            "name": "Left Hip",
            "x": 0.11528844386339188,
            "y": -0.007237495854496956,
            "z": 0.49697959423065186
        },
        "2": {
            "name": "Left Knee",
            "x": 0.04017820209264755,
            "y": 0.2518353760242462,
            "z": 0.2656673789024353
        },
        "3": {
            "name": "Left Ankle",
            "x": -0.19149166345596313,
            "y": 0.15525421500205994,
            "z": 0.030678357928991318
        },
        "4": {
            "name": "Right Hip",
            "x": -0.11729829758405685,
            "y": 0.003682589391246438,
            "z": 0.4685244560241699
        },
        "5": {
            "name": "Right Knee",
            "x": -0.07297777384519577,
            "y": 0.21433795988559723,
            "z": 0.19604241847991943
        },
        "6": {
            "name": "Right Ankle",
            "x": 0.05666959285736084,
            "y": 0.010623987764120102,
            "z": 0.0
        },
        "7": {
            "name": "Center of Body",
            "x": -0.005139982793480158,
            "y": 0.008620107546448708,
            "z": 0.68801349401474
        },
        "8": {
            "name": "Center of Shoulder",
            "x": 0.020596252754330635,
            "y": 0.03479945287108421,
            "z": 0.8848215341567993
        },
        "9": {
            "name": "Neck",
            "x": 0.04927940294146538,
            "y": 0.09352439641952515,
            "z": 0.9278103113174438
        },
        "10": {
            "name": "Head",
            "x": 0.06879948824644089,
            "y": 0.09312722831964493,
            "z": 1.0
        },
        "11": {
            "name": "Right Shoulder",
            "x": -0.10909752547740936,
            "y": 0.02874688059091568,
            "z": 0.8762282133102417
        },
        "12": {
            "name": "Right Elbow",
            "x": -0.24592888355255127,
            "y": -0.00865049660205841,
            "z": 0.7225232124328613
        },
        "13": {
            "name": "Right Wrist",
            "x": -0.19031880795955658,
            "y": 0.1342020034790039,
            "z": 0.833071231842041
        },
        "14": {
            "name": "Left Shoulder",
            "x": 0.10798478126525879,
            "y": -0.0375884510576725,
            "z": 0.8765451908111572
        },
        "15": {
            "name": "Left Elbow",
            "x": 0.14391428232192993,
            "y": -0.16726547479629517,
            "z": 0.689323902130127
        },
        "16": {
            "name": "Left Wrist",
            "x": 0.24839270114898682,
            "y": -0.17560450732707977,
            "z": 0.5447210073471069
        }
    }
}