{
    "image_path": "00002/img/17.jpg",
    "shooter_tracklet_id": 3,
    "bbox": {
        "x": 314,
        "y": 598,
        "w": 100,
        "h": 100
    },
    "keypoint_2d": {
        "0": {
            "name": "Center of Hips",
            "x": 42.55,
            "y": 50.78
        },
        "1": {
            "name": "Left Hip",
            "x": 35.48,
            "y": 51.04
        },
        "2": {
            "name": "Left Knee",
            "x": 48.83,
            "y": 63.07
        },
        "3": {
            "name": "Left Ankle",
            "x": 50.57,
            "y": 77.08
        },
        "4": {
            "name": "Right Hip",
            "x": 48.77,
            "y": 51.04
        },
        "5": {
            "name": "Right Knee",
            "x": 50.52,
            "y": 69.13
        },
        "6": {
            "name": "Right Ankle",
            "x": 41.63,
            "y": 78.28
        },
        "7": {
            "name": "Center of Body",
            "x": 42.37,
            "y": 40.01
        },
        "8": {
            "name": "Center of Shoulder",
            "x": 42.78,
            "y": 28.29
        },
        "9": {
            "name": "Neck",
            "x": 42.98,
            "y": 26.32
        },
        "10": {
            "name": "Head",
            "x": 43.43,
            "y": 22.11
        },
        "11": {
            "name": "Right Shoulder",
            "x": 52.1,
            "y": 29.56
        },
        "12": {
            "name": "Right Elbow",
            "x": 55.51,
            "y": 38.68
        },
        "13": {
            "name": "Right Wrist",
            "x": 47.75,
            "y": 40.38
        },
        "14": {
            "name": "Left Shoulder",
            "x": 32.75,
            "y": 29.56
        },
        "15": {
            "name": "Left Elbow",
            "x": 28.66,
            "y": 41.07
        },
        "16": {
            "name": "Left Wrist",
            "x": 23.47,
            "y": 49.67
        }
    },
    "keypoint_3d": {
        "0": {
            "name": "Center of Hips",
            "x": 0.0,
            "y": 0.0,
            "z": 0.4948122203350067
        },
        "1": {
            "name": "Left Hip",
            "x": 0.12067311257123947,
            "y": -0.005797171033918858,
            "z": 0.497648149728775
        },
        "2": {
            "name": "Left Knee",
            "x": 0.008516155183315277,
            "y": 0.2536073625087738,
            "z": 0.3011491000652313
        },
        "3": {
            "name": "Left Ankle",
            "x": -0.13833336532115936,
            "y": 0.12521934509277344,
            "z": 0.03376870974898338
        },
        "4": {
            "name": "Right Hip",
            "x": -0.11139611899852753,
            "y": 0.0032669836655259132,
            "z": 0.4815996289253235
        },
        "5": {
            "name": "Right Knee",
            "x": -0.08065126091241837,
            "y": 0.19540943205356598,
            "z": 0.19311591982841492
        },
        "6": {
            "name": "Right Ankle",
            "x": -0.00197469349950552,
            "y": -0.016122696921229362,
            "z": 0.0
        },
        "7": {
            "name": "Center of Body",
            "x": 0.011907891370356083,
            "y": 0.013293725438416004,
            "z": 0.6875850558280945
        },
        "8": {
            "name": "Center of Shoulder",
            "x": 0.030546145513653755,
            "y": 0.045939501374959946,
            "z": 0.88151615858078
        },
        "9": {
            "name": "Neck",
            "x": 0.053267721086740494,
            "y": 0.10240844637155533,
            "z": 0.9256671071052551
        },
        "10": {
            "name": "Head",
            "x": 0.05979055538773537,
            "y": 0.0975746288895607,
            "z": 1.0
        },
        "11": {
            "name": "Right Shoulder",
            "x": -0.11932498216629028,
            "y": 0.056971773505210876,
            "z": 0.8576697111129761
        },
        "12": {
            "name": "Right Elbow",
            "x": -0.1916199028491974,
            "y": 0.07745829969644547,
            "z": 0.7016311883926392
        },
        "13": {
            "name": "Right Wrist",
            "x": -0.030033020302653313,
            "y": 0.17298562824726105,
            "z": 0.7040523290634155
        },
        "14": {
            "name": "Left Shoulder",
            "x": 0.1542549729347229,
            "y": -0.024552058428525925,
            "z": 0.8597775101661682
        },
        "15": {
            "name": "Left Elbow",
            "x": 0.2028418779373169,
            "y": -0.11746951937675476,
            "z": 0.6574777364730835
        },
        "16": {
            "name": "Left Wrist",
            "x": 0.2986926734447479,
            "y": -0.14365129172801971,
            "z": 0.5174301266670227
        }
    }
}