{
    "image_path": "00002/img/18.jpg",
    "shooter_tracklet_id": 3,
    "bbox": {
        "x": 313,
        "y": 588,
        "w": 100,
        "h": 100
    },
    "keypoint_2d": {
        "0": {
            "name": "Center of Hips",
            "x": 43.4,
            "y": 51.01
        },
        "1": {
            "name": "Left Hip",
            "x": 35.79,
            "y": 50.27
        },
        "2": {
            "name": "Left Knee",
            "x": 50.51,
            "y": 64.14
        },
        "3": {
            "name": "Left Ankle",
            "x": 50.39,
            "y": 71.13
        },
        "4": {
            "name": "Right Hip",
            "x": 50.76,
            "y": 51.37
        },
        "5": {
            "name": "Right Knee",
            "x": 53.87,
            "y": 70.29
        },
        "6": {
            "name": "Right Ankle",
            "x": 44.07,
            "y": 79.18
        },
        "7": {
            "name": "Center of Body",
            "x": 44.22,
            "y": 38.85
        },
        "8": {
            "name": "Center of Shoulder",
            "x": 44.46,
            "y": 28.42
        },
        "9": {
            "name": "Neck",
            "x": 44.33,
            "y": 26.58
        },
        "10": {
            "name": "Head",
            "x": 43.81,
            "y": 21.55
        },
        "11": {
            "name": "Right Shoulder",
            "x": 52.32,
            "y": 28.68
        },
        "12": {
            "name": "Right Elbow",
            "x": 57.22,
            "y": 37.82
        },
        "13": {
            "name": "Right Wrist",
            "x": 51.42,
            "y": 39.5
        },
        "14": {
            "name": "Left Shoulder",
            "x": 35.98,
            "y": 28.37
        },
        "15": {
            "name": "Left Elbow",
            "x": 31.58,
            "y": 38.34
        },
        "16": {
            "name": "Left Wrist",
            "x": 27.84,
            "y": 48.13
        }
    },
    "keypoint_3d": {
        "0": {
            "name": "Center of Hips",
            "x": 0.0,
            "y": 0.0,
            "z": 0.501585066318512
        },
        "1": {
            "name": "Left Hip",
            "x": 0.1339065134525299,
            "y": -0.004651094786822796,
            "z": 0.4996643364429474
        },
        "2": {
            "name": "Left Knee",
            "x": -0.02722565270960331,
            "y": 0.23986206948757172,
            "z": 0.29605552554130554
        },
        "3": {
            "name": "Left Ankle",
            "x": -0.14540593326091766,
            "y": 0.04465337097644806,
            "z": 0.07642160356044769
        },
        "4": {
            "name": "Right Hip",
            "x": -0.10858368873596191,
            "y": 0.0033918365370482206,
            "z": 0.4896700382232666
        },
        "5": {
            "name": "Right Knee",
            "x": -0.08999638259410858,
            "y": 0.19157855212688446,
            "z": 0.19421130418777466
        },
        "6": {
            "name": "Right Ankle",
            "x": -0.016622183844447136,
            "y": -0.008613256737589836,
            "z": 0.0
        },
        "7": {
            "name": "Center of Body",
            "x": 0.011027703993022442,
            "y": 0.021021032705903053,
            "z": 0.692694365978241
        },
        "8": {
            "name": "Center of Shoulder",
            "x": 0.03535405546426773,
            "y": 0.05485038086771965,
            "z": 0.8796690106391907
        },
        "9": {
            "name": "Neck",
            "x": 0.05916104465723038,
            "y": 0.10515889525413513,
            "z": 0.9205096364021301
        },
        "10": {
            "name": "Head",
            "x": 0.06552258878946304,
            "y": 0.09998459368944168,
            "z": 1.0
        },
        "11": {
            "name": "Right Shoulder",
            "x": -0.10838942974805832,
            "y": 0.0673501193523407,
            "z": 0.8616399765014648
        },
        "12": {
            "name": "Right Elbow",
            "x": -0.18431846797466278,
            "y": 0.08513499796390533,
            "z": 0.7086427211761475
        },
        "13": {
            "name": "Right Wrist",
            "x": -0.02804427221417427,
            "y": 0.1766616851091385,
            "z": 0.7067819237709045
        },
        "14": {
            "name": "Left Shoulder",
            "x": 0.15696971118450165,
            "y": -0.022626955062150955,
            "z": 0.8622799515724182
        },
        "15": {
            "name": "Left Elbow",
            "x": 0.17867916822433472,
            "y": -0.13436387479305267,
            "z": 0.6753559708595276
        },
        "16": {
            "name": "Left Wrist",
            "x": 0.2482328712940216,
            "y": -0.15281379222869873,
            "z": 0.5190452933311462
        }
    }
}