{
    "image_path": "00002/img/19.jpg",
    "shooter_tracklet_id": 3,
    "bbox": {
        "x": 312,
        "y": 579,
        "w": 100,
        "h": 100
    },
    "keypont_2d": {
        "0": {
            "name": "Center of Hips",
            "x": 43.21,
            "y": 49.89
        },
        "1": {
            "name": "Left Hip",
            "x": 35.64,
            "y": 49.45
        },
        "2": {
            "name": "Left Knee",
            "x": 45.5,
            "y": 65.93
        },
        "3": {
            "name": "Left Ankle",
            "x": 40.91,
            "y": 72.29
        },
        "4": {
            "name": "Right Hip",
            "x": 50.94,
            "y": 49.77
        },
        "5": {
            "name": "Right Knee",
            "x": 54.52,
            "y": 67.69
        },
        "6": {
            "name": "Right Ankle",
            "x": 47.68,
            "y": 79.31
        },
        "7": {
            "name": "Center of Body",
            "x": 43.08,
            "y": 37.99
        },
        "8": {
            "name": "Center of Shoulder",
            "x": 42.78,
            "y": 27.26
        },
        "9": {
            "name": "Neck",
            "x": 42.41,
            "y": 25.73
        },
        "10": {
            "name": "Head",
            "x": 41.97,
            "y": 22.31
        },
        "11": {
            "name": "Right Shoulder",
            "x": 49.61,
            "y": 26.87
        },
        "12": {
            "name": "Right Elbow",
            "x": 56.31,
            "y": 36.15
        },
        "13": {
            "name": "Right Wrist",
            "x": 48.58,
            "y": 37.18
        },
        "14": {
            "name": "Left Shoulder",
            "x": 35.44,
            "y": 27.67
        },
        "15": {
            "name": "Left Elbow",
            "x": 28.74,
            "y": 35.89
        },
        "16": {
            "name": "Left Wrist",
            "x": 31.19,
            "y": 45.3
        }
    },
    "keypont_3d": {
        "0": {
            "name": "Center of Hips",
            "x": 0.0,
            "y": 0.0,
            "z": 0.5183999538421631
        },
        "1": {
            "name": "Left Hip",
            "x": 0.1281391978263855,
            "y": -0.008291191421449184,
            "z": 0.5143724679946899
        },
        "2": {
            "name": "Left Knee",
            "x": 0.00663364864885807,
            "y": 0.18205678462982178,
            "z": 0.25906381011009216
        },
        "3": {
            "name": "Left Ankle",
            "x": -0.024956723675131798,
            "y": -0.06069842353463173,
            "z": 0.1036762222647667
        },
        "4": {
            "name": "Right Hip",
            "x": -0.11508160829544067,
            "y": 0.008174221031367779,
            "z": 0.5089730024337769
        },
        "5": {
            "name": "Right Knee",
            "x": -0.11102338880300522,
            "y": 0.22098959982395172,
            "z": 0.2242373675107956
        },
        "6": {
            "name": "Right Ankle",
            "x": -0.06316953152418137,
            "y": 0.02627388946712017,
            "z": 0.0
        },
        "7": {
            "name": "Center of Body",
            "x": 0.009320732206106186,
            "y": 0.006584320217370987,
            "z": 0.711256206035614
        },
        "8": {
            "name": "Center of Shoulder",
            "x": 0.04011138528585434,
            "y": 0.036089394241571426,
            "z": 0.8950321078300476
        },
        "9": {
            "name": "Neck",
            "x": 0.06923254579305649,
            "y": 0.09197542071342468,
            "z": 0.9305195808410645
        },
        "10": {
            "name": "Head",
            "x": 0.08669794350862503,
            "y": 0.09141813218593597,
            "z": 1.0
        },
        "11": {
            "name": "Right Shoulder",
            "x": -0.08624231815338135,
            "y": 0.046179596334695816,
            "z": 0.8898240327835083
        },
        "12": {
            "name": "Right Elbow",
            "x": -0.17751064896583557,
            "y": 0.09489776194095612,
            "z": 0.7445855736732483
        },
        "13": {
            "name": "Right Wrist",
            "x": -0.01671215519309044,
            "y": 0.17488063871860504,
            "z": 0.7456700801849365
        },
        "14": {
            "name": "Left Shoulder",
            "x": 0.14861734211444855,
            "y": -0.03681832179427147,
            "z": 0.8810191750526428
        },
        "15": {
            "name": "Left Elbow",
            "x": 0.19506818056106567,
            "y": -0.14854194223880768,
            "z": 0.7167922854423523
        },
        "16": {
            "name": "Left Wrist",
            "x": 0.22681300342082977,
            "y": -0.06409575045108795,
            "z": 0.5765857100486755
        }
    }
}