{
    "image_path": "00002/img/20.jpg",
    "shooter_tracklet_id": 3,
    "bbox": {
        "x": 311,
        "y": 566,
        "w": 100,
        "h": 100
    },
    "keypont_2d": {
        "0": {
            "name": "Center of Hips",
            "x": 42.3,
            "y": 48.01
        },
        "1": {
            "name": "Left Hip",
            "x": 34.82,
            "y": 47.64
        },
        "2": {
            "name": "Left Knee",
            "x": 46.23,
            "y": 62.73
        },
        "3": {
            "name": "Left Ankle",
            "x": 44.72,
            "y": 72.48
        },
        "4": {
            "name": "Right Hip",
            "x": 49.91,
            "y": 48.26
        },
        "5": {
            "name": "Right Knee",
            "x": 55.02,
            "y": 63.59
        },
        "6": {
            "name": "Right Ankle",
            "x": 50.13,
            "y": 79.18
        },
        "7": {
            "name": "Center of Body",
            "x": 43.41,
            "y": 36.11
        },
        "8": {
            "name": "Center of Shoulder",
            "x": 44.47,
            "y": 25.36
        },
        "9": {
            "name": "Neck",
            "x": 44.56,
            "y": 24.18
        },
        "10": {
            "name": "Head",
            "x": 44.64,
            "y": 20.69
        },
        "11": {
            "name": "Right Shoulder",
            "x": 51.71,
            "y": 25.36
        },
        "12": {
            "name": "Right Elbow",
            "x": 58.35,
            "y": 36.03
        },
        "13": {
            "name": "Right Wrist",
            "x": 51.67,
            "y": 35.76
        },
        "14": {
            "name": "Left Shoulder",
            "x": 38.15,
            "y": 25.29
        },
        "15": {
            "name": "Left Elbow",
            "x": 33.51,
            "y": 35.25
        },
        "16": {
            "name": "Left Wrist",
            "x": 30.67,
            "y": 44.91
        }
    },
    "keypont_3d": {
        "0": {
            "name": "Center of Hips",
            "x": 0.0,
            "y": 0.0,
            "z": 0.5266258120536804
        },
        "1": {
            "name": "Left Hip",
            "x": 0.1300116628408432,
            "y": -0.008484640158712864,
            "z": 0.5213245153427124
        },
        "2": {
            "name": "Left Knee",
            "x": 0.0047756279818713665,
            "y": 0.15778033435344696,
            "z": 0.2534483075141907
        },
        "3": {
            "name": "Left Ankle",
            "x": -0.047581274062395096,
            "y": -0.048614922910928726,
            "z": 0.0716049000620842
        },
        "4": {
            "name": "Right Hip",
            "x": -0.1140425056219101,
            "y": 0.007339815609157085,
            "z": 0.5173739194869995
        },
        "5": {
            "name": "Right Knee",
            "x": -0.11471187323331833,
            "y": 0.25089895725250244,
            "z": 0.27419936656951904
        },
        "6": {
            "name": "Right Ankle",
            "x": -0.08362757414579391,
            "y": 0.10679545253515244,
            "z": 0.0
        },
        "7": {
            "name": "Center of Body",
            "x": 0.011121331714093685,
            "y": 0.005685713142156601,
            "z": 0.7186259031295776
        },
        "8": {
            "name": "Center of Shoulder",
            "x": 0.029359307140111923,
            "y": 0.03328008949756622,
            "z": 0.901528537273407
        },
        "9": {
            "name": "Neck",
            "x": 0.0567176416516304,
            "y": 0.0905216634273529,
            "z": 0.9353326559066772
        },
        "10": {
            "name": "Head",
            "x": 0.07187068462371826,
            "y": 0.09579961746931076,
            "z": 1.0
        },
        "11": {
            "name": "Right Shoulder",
            "x": -0.0905773714184761,
            "y": 0.0505848303437233,
            "z": 0.8963384032249451
        },
        "12": {
            "name": "Right Elbow",
            "x": -0.1909862905740738,
            "y": 0.11143510788679123,
            "z": 0.7425437569618225
        },
        "13": {
            "name": "Right Wrist",
            "x": -0.03265252336859703,
            "y": 0.18403840065002441,
            "z": 0.7543154358863831
        },
        "14": {
            "name": "Left Shoulder",
            "x": 0.12366076558828354,
            "y": -0.03325752168893814,
            "z": 0.8928877711296082
        },
        "15": {
            "name": "Left Elbow",
            "x": 0.15192902088165283,
            "y": -0.15026207268238068,
            "z": 0.7180459499359131
        },
        "16": {
            "name": "Left Wrist",
            "x": 0.1998603343963623,
            "y": -0.08113065361976624,
            "z": 0.5716675519943237
        }
    }
}