{
    "image_path": "00001/img/1.jpg",
    "shooter_tracklet_id": 8,
    "bbox": {
        "x": 296,
        "y": 481,
        "w": 100,
        "h": 100
    },
    "keypoint_2d": {
        "0": {
            "name": "Center of Hips",
            "x": 53.71,
            "y": 45.48
        },
        "1": {
            "name": "Left Hip",
            "x": 59.45,
            "y": 45.39
        },
        "2": {
            "name": "Left Knee",
            "x": 59.69,
            "y": 64.5
        },
        "3": {
            "name": "Left Ankle",
            "x": 59.12,
            "y": 70.83
        },
        "4": {
            "name": "Right Hip",
            "x": 47.47,
            "y": 45.63
        },
        "5": {
            "name": "Right Knee",
            "x": 46.51,
            "y": 66.46
        },
        "6": {
            "name": "Right Ankle",
            "x": 47.99,
            "y": 80.19
        },
        "7": {
            "name": "Center of Body",
            "x": 54.65,
            "y": 36.94
        },
        "8": {
            "name": "Center of Shoulder",
            "x": 54.92,
            "y": 23.93
        },
        "9": {
            "name": "Neck",
            "x": 55.36,
            "y": 22.3
        },
        "10": {
            "name": "Head",
            "x": 52.83,
            "y": 19.18
        },
        "11": {
            "name": "Right Shoulder",
            "x": 48.98,
            "y": 25.44
        },
        "12": {
            "name": "Right Elbow",
            "x": 40.4,
            "y": 32.38
        },
        "13": {
            "name": "Right Wrist",
            "x": 31.36,
            "y": 33.6
        },
        "14": {
            "name": "Left Shoulder",
            "x": 59.22,
            "y": 23.05
        },
        "15": {
            "name": "Left Elbow",
            "x": 67.35,
            "y": 23.19
        },
        "16": {
            "name": "Left Wrist",
            "x": 72.01,
            "y": 20.21
        }
    },
    "keypoint_3d": {
        "0": {
            "name": "Center of Hips",
            "x": 0.0,
            "y": 0.0,
            "z": 0.5642327666282654
        },
        "1": {
            "name": "Left Hip",
            "x": -0.08838322013616562,
            "y": 0.033192459493875504,
            "z": 0.5697261095046997
        },
        "2": {
            "name": "Left Knee",
            "x": -0.11845377832651138,
            "y": -0.016248442232608795,
            "z": 0.2747354209423065
        },
        "3": {
            "name": "Left Ankle",
            "x": -0.16086246073246002,
            "y": -0.0935458317399025,
            "z": 0.080257847905159
        },
        "4": {
            "name": "Right Hip",
            "x": 0.07977521419525146,
            "y": -0.06066734716296196,
            "z": 0.554935097694397
        },
        "5": {
            "name": "Right Knee",
            "x": 0.10972116887569427,
            "y": -0.006226050201803446,
            "z": 0.2501777112483978
        },
        "6": {
            "name": "Right Ankle",
            "x": 0.13047586381435394,
            "y": 0.1014845073223114,
            "z": 0.0
        },
        "7": {
            "name": "Center of Body",
            "x": -0.0003829049237538129,
            "y": 0.03494967520236969,
            "z": 0.7247852087020874
        },
        "8": {
            "name": "Center of Shoulder",
            "x": -0.004778437316417694,
            "y": 0.016755754128098488,
            "z": 0.8962801694869995
        },
        "9": {
            "name": "Neck",
            "x": -0.012391652911901474,
            "y": 0.013572427444159985,
            "z": 0.930244505405426
        },
        "10": {
            "name": "Head",
            "x": 0.030988868325948715,
            "y": 0.016493411734700203,
            "z": 0.9881553053855896
        },
        "11": {
            "name": "Right Shoulder",
            "x": 0.08973780274391174,
            "y": -0.006256043910980225,
            "z": 0.8821514844894409
        },
        "12": {
            "name": "Right Elbow",
            "x": 0.24250686168670654,
            "y": 0.011379229836165905,
            "z": 0.7861294746398926
        },
        "13": {
            "name": "Right Wrist",
            "x": 0.3654337227344513,
            "y": -0.08669624477624893,
            "z": 0.7600637674331665
        },
        "14": {
            "name": "Left Shoulder",
            "x": -0.04326257482171059,
            "y": 0.10507652908563614,
            "z": 0.9239945411682129
        },
        "15": {
            "name": "Left Elbow",
            "x": -0.1175018921494484,
            "y": 0.24265135824680328,
            "z": 0.9456689357757568
        },
        "16": {
            "name": "Left Wrist",
            "x": -0.2278318852186203,
            "y": 0.21802844107151031,
            "z": 1.0
        }
    }
}