{
    "image_path": "00001/img/2.jpg",
    "shooter_tracklet_id": 8,
    "bbox": {
        "x": 297,
        "y": 482,
        "w": 100,
        "h": 100
    },
    "keypoint_2d": {
        "0": {
            "name": "Center of Hips",
            "x": 52.54,
            "y": 46.81
        },
        "1": {
            "name": "Left Hip",
            "x": 59.27,
            "y": 45.78
        },
        "2": {
            "name": "Left Knee",
            "x": 60.32,
            "y": 60.14
        },
        "3": {
            "name": "Left Ankle",
            "x": 58.7,
            "y": 70.33
        },
        "4": {
            "name": "Right Hip",
            "x": 46.71,
            "y": 45.78
        },
        "5": {
            "name": "Right Knee",
            "x": 45.94,
            "y": 63.84
        },
        "6": {
            "name": "Right Ankle",
            "x": 48.14,
            "y": 77.52
        },
        "7": {
            "name": "Center of Body",
            "x": 55.78,
            "y": 35.89
        },
        "8": {
            "name": "Center of Shoulder",
            "x": 55.01,
            "y": 24.4
        },
        "9": {
            "name": "Neck",
            "x": 55.71,
            "y": 22.09
        },
        "10": {
            "name": "Head",
            "x": 54.13,
            "y": 18.05
        },
        "11": {
            "name": "Right Shoulder",
            "x": 47.86,
            "y": 25.42
        },
        "12": {
            "name": "Right Elbow",
            "x": 39.76,
            "y": 32.45
        },
        "13": {
            "name": "Right Wrist",
            "x": 30.25,
            "y": 35.46
        },
        "14": {
            "name": "Left Shoulder",
            "x": 60.15,
            "y": 24.0
        },
        "15": {
            "name": "Left Elbow",
            "x": 69.11,
            "y": 19.68
        },
        "16": {
            "name": "Left Wrist",
            "x": 75.95,
            "y": 14.96
        }
    },
    "keypoint_3d": {
        "0": {
            "name": "Center of Hips",
            "x": 0.0,
            "y": 0.0,
            "z": 0.5411952137947083
        },
        "1": {
            "name": "Left Hip",
            "x": -0.0899929478764534,
            "y": 0.030545145273208618,
            "z": 0.5451892614364624
        },
        "2": {
            "name": "Left Knee",
            "x": -0.15009936690330505,
            "y": -0.06310554593801498,
            "z": 0.28001296520233154
        },
        "3": {
            "name": "Left Ankle",
            "x": -0.16107772290706635,
            "y": -0.0888812243938446,
            "z": 0.054190732538700104
        },
        "4": {
            "name": "Right Hip",
            "x": 0.08447075635194778,
            "y": -0.05762956291437149,
            "z": 0.5333831310272217
        },
        "5": {
            "name": "Right Knee",
            "x": 0.09302764385938644,
            "y": -0.06116466596722603,
            "z": 0.2360847443342209
        },
        "6": {
            "name": "Right Ankle",
            "x": 0.12135554850101471,
            "y": 0.0908321887254715,
            "z": 0.0
        },
        "7": {
            "name": "Center of Body",
            "x": -0.010265709832310677,
            "y": 0.03363468870520592,
            "z": 0.7054398655891418
        },
        "8": {
            "name": "Center of Shoulder",
            "x": -0.013163126073777676,
            "y": 0.01373304519802332,
            "z": 0.8774637579917908
        },
        "9": {
            "name": "Neck",
            "x": -0.025325581431388855,
            "y": 0.004454696550965309,
            "z": 0.911012589931488
        },
        "10": {
            "name": "Head",
            "x": 0.012326977215707302,
            "y": 0.010925687849521637,
            "z": 0.9763306379318237
        },
        "11": {
            "name": "Right Shoulder",
            "x": 0.09210225194692612,
            "y": -0.008126595988869667,
            "z": 0.8651663661003113
        },
        "12": {
            "name": "Right Elbow",
            "x": 0.24997930228710175,
            "y": 0.003937736619263887,
            "z": 0.7645034790039062
        },
        "13": {
            "name": "Right Wrist",
            "x": 0.38194265961647034,
            "y": -0.08633875101804733,
            "z": 0.7246250510215759
        },
        "14": {
            "name": "Left Shoulder",
            "x": -0.06411657482385635,
            "y": 0.10129621624946594,
            "z": 0.9016935229301453
        },
        "15": {
            "name": "Left Elbow",
            "x": -0.148019939661026,
            "y": 0.22340381145477295,
            "z": 0.9434979557991028
        },
        "16": {
            "name": "Left Wrist",
            "x": -0.26094117760658264,
            "y": 0.21139207482337952,
            "z": 1.0
        }
    }
}