{
    "image_path": "00001/img/3.jpg",
    "shooter_tracklet_id": 8,
    "bbox": {
        "x": 297,
        "y": 478,
        "w": 100,
        "h": 100
    },
    "keypont_2d": {
        "0": {
            "name": "Center of Hips",
            "x": 57.74,
            "y": 46.1
        },
        "1": {
            "name": "Left Hip",
            "x": 63.83,
            "y": 45.82
        },
        "2": {
            "name": "Left Knee",
            "x": 65.05,
            "y": 60.25
        },
        "3": {
            "name": "Left Ankle",
            "x": 63.68,
            "y": 71.62
        },
        "4": {
            "name": "Right Hip",
            "x": 51.36,
            "y": 45.34
        },
        "5": {
            "name": "Right Knee",
            "x": 50.25,
            "y": 65.18
        },
        "6": {
            "name": "Right Ankle",
            "x": 53.25,
            "y": 78.79
        },
        "7": {
            "name": "Center of Body",
            "x": 60.01,
            "y": 35.97
        },
        "8": {
            "name": "Center of Shoulder",
            "x": 59.85,
            "y": 24.49
        },
        "9": {
            "name": "Neck",
            "x": 60.71,
            "y": 22.64
        },
        "10": {
            "name": "Head",
            "x": 58.3,
            "y": 19.22
        },
        "11": {
            "name": "Right Shoulder",
            "x": 53.71,
            "y": 25.28
        },
        "12": {
            "name": "Right Elbow",
            "x": 46.99,
            "y": 33.35
        },
        "13": {
            "name": "Right Wrist",
            "x": 36.68,
            "y": 38.57
        },
        "14": {
            "name": "Left Shoulder",
            "x": 65.14,
            "y": 24.09
        },
        "15": {
            "name": "Left Elbow",
            "x": 75.35,
            "y": 20.49
        },
        "16": {
            "name": "Left Wrist",
            "x": 82.17,
            "y": 15.33
        }
    },
    "keypont_3d": {
        "0": {
            "name": "Center of Hips",
            "x": 0.0,
            "y": 0.0,
            "z": 0.5322318077087402
        },
        "1": {
            "name": "Left Hip",
            "x": -0.08183497190475464,
            "y": 0.038516927510499954,
            "z": 0.5341778993606567
        },
        "2": {
            "name": "Left Knee",
            "x": -0.15776894986629486,
            "y": -0.0754205510020256,
            "z": 0.2916008532047272
        },
        "3": {
            "name": "Left Ankle",
            "x": -0.14287146925926208,
            "y": -0.06323549151420593,
            "z": 0.06725768744945526
        },
        "4": {
            "name": "Right Hip",
            "x": 0.08389075100421906,
            "y": -0.060260046273469925,
            "z": 0.5268858075141907
        },
        "5": {
            "name": "Right Knee",
            "x": 0.10413887351751328,
            "y": -0.03564845025539398,
            "z": 0.23508505523204803
        },
        "6": {
            "name": "Right Ankle",
            "x": 0.11616424471139908,
            "y": 0.09487473964691162,
            "z": 0.0
        },
        "7": {
            "name": "Center of Body",
            "x": -0.013250223360955715,
            "y": 0.03199778497219086,
            "z": 0.6926040053367615
        },
        "8": {
            "name": "Center of Shoulder",
            "x": -0.02006402239203453,
            "y": 0.00781403761357069,
            "z": 0.855685293674469
        },
        "9": {
            "name": "Neck",
            "x": -0.035924676805734634,
            "y": -0.0068991887383162975,
            "z": 0.8857299089431763
        },
        "10": {
            "name": "Head",
            "x": -0.0005351122235879302,
            "y": -0.004761530552059412,
            "z": 0.9446433782577515
        },
        "11": {
            "name": "Right Shoulder",
            "x": 0.07854781299829483,
            "y": -0.009560503996908665,
            "z": 0.8461288213729858
        },
        "12": {
            "name": "Right Elbow",
            "x": 0.21675065159797668,
            "y": 0.023557418957352638,
            "z": 0.7397897243499756
        },
        "13": {
            "name": "Right Wrist",
            "x": 0.367692232131958,
            "y": -0.03090854175388813,
            "z": 0.663002073764801
        },
        "14": {
            "name": "Left Shoulder",
            "x": -0.0773080438375473,
            "y": 0.08790558576583862,
            "z": 0.877388060092926
        },
        "15": {
            "name": "Left Elbow",
            "x": -0.20494776964187622,
            "y": 0.1537996530532837,
            "z": 0.9340332746505737
        },
        "16": {
            "name": "Left Wrist",
            "x": -0.31482937932014465,
            "y": 0.15241371095180511,
            "z": 1.0
        }
    }
}