{
    "image_path": "00001/img/4.jpg",
    "shooter_tracklet_id": 8,
    "bbox": {
        "x": 297,
        "y": 489,
        "w": 100,
        "h": 100
    },
    "keypoint_2d": {
        "0": {
            "name": "Center of Hips",
            "x": 47.13,
            "y": 47.97
        },
        "1": {
            "name": "Left Hip",
            "x": 53.87,
            "y": 46.6
        },
        "2": {
            "name": "Left Knee",
            "x": 57.35,
            "y": 67.07
        },
        "3": {
            "name": "Left Ankle",
            "x": 52.02,
            "y": 71.93
        },
        "4": {
            "name": "Right Hip",
            "x": 40.39,
            "y": 46.83
        },
        "5": {
            "name": "Right Knee",
            "x": 40.97,
            "y": 68.01
        },
        "6": {
            "name": "Right Ankle",
            "x": 43.81,
            "y": 78.43
        },
        "7": {
            "name": "Center of Body",
            "x": 50.84,
            "y": 35.66
        },
        "8": {
            "name": "Center of Shoulder",
            "x": 49.76,
            "y": 24.93
        },
        "9": {
            "name": "Neck",
            "x": 50.79,
            "y": 22.55
        },
        "10": {
            "name": "Head",
            "x": 47.7,
            "y": 18.83
        },
        "11": {
            "name": "Right Shoulder",
            "x": 43.42,
            "y": 25.41
        },
        "12": {
            "name": "Right Elbow",
            "x": 37.39,
            "y": 36.05
        },
        "13": {
            "name": "Right Wrist",
            "x": 27.81,
            "y": 43.15
        },
        "14": {
            "name": "Left Shoulder",
            "x": 55.47,
            "y": 23.82
        },
        "15": {
            "name": "Left Elbow",
            "x": 66.43,
            "y": 21.36
        },
        "16": {
            "name": "Left Wrist",
            "x": 75.42,
            "y": 16.41
        }
    },
    "keypoint_3d": {
        "0": {
            "name": "Center of Hips",
            "x": 0.0,
            "y": 0.0,
            "z": 0.555540144443512
        },
        "1": {
            "name": "Left Hip",
            "x": -0.0936431735754013,
            "y": 0.040496595203876495,
            "z": 0.5578808784484863
        },
        "2": {
            "name": "Left Knee",
            "x": -0.16788774728775024,
            "y": -0.0012533514527603984,
            "z": 0.25187262892723083
        },
        "3": {
            "name": "Left Ankle",
            "x": -0.1062992662191391,
            "y": 0.006537218578159809,
            "z": 0.05058632045984268
        },
        "4": {
            "name": "Right Hip",
            "x": 0.09842630475759506,
            "y": -0.060645125806331635,
            "z": 0.5473935604095459
        },
        "5": {
            "name": "Right Knee",
            "x": 0.09880857914686203,
            "y": -0.035136379301548004,
            "z": 0.21763372421264648
        },
        "6": {
            "name": "Right Ankle",
            "x": 0.11316028237342834,
            "y": 0.1156063973903656,
            "z": 0.0
        },
        "7": {
            "name": "Center of Body",
            "x": -0.03068653494119644,
            "y": 0.024549050256609917,
            "z": 0.7328618764877319
        },
        "8": {
            "name": "Center of Shoulder",
            "x": -0.03803308308124542,
            "y": -0.015778355300426483,
            "z": 0.9037817716598511
        },
        "9": {
            "name": "Neck",
            "x": -0.059868279844522476,
            "y": -0.04447038844227791,
            "z": 0.9343950748443604
        },
        "10": {
            "name": "Head",
            "x": -0.00986174214631319,
            "y": -0.04353874549269676,
            "z": 1.0
        },
        "11": {
            "name": "Right Shoulder",
            "x": 0.06954291462898254,
            "y": -0.02988326922059059,
            "z": 0.8909739851951599
        },
        "12": {
            "name": "Right Elbow",
            "x": 0.20850734412670135,
            "y": 0.017338827252388,
            "z": 0.7529698014259338
        },
        "13": {
            "name": "Right Wrist",
            "x": 0.3779115080833435,
            "y": -0.02181212417781353,
            "z": 0.6370229125022888
        },
        "14": {
            "name": "Left Shoulder",
            "x": -0.11333183199167252,
            "y": 0.05110129714012146,
            "z": 0.9287015795707703
        },
        "15": {
            "name": "Left Elbow",
            "x": -0.23910175263881683,
            "y": 0.1410042643547058,
            "z": 0.9640532732009888
        },
        "16": {
            "name": "Left Wrist",
            "x": -0.25808247923851013,
            "y": 0.034651946276426315,
            "z": 0.8941243886947632
        }
    }
}