{
    "image_path": "00001/img/5.jpg",
    "shooter_tracklet_id": 8,
    "bbox": {
        "x": 297,
        "y": 497,
        "w": 100,
        "h": 100
    },
    "keypoint_2d": {
        "0": {
            "name": "Center of Hips",
            "x": 39.92,
            "y": 46.8
        },
        "1": {
            "name": "Left Hip",
            "x": 46.89,
            "y": 46.69
        },
        "2": {
            "name": "Left Knee",
            "x": 49.88,
            "y": 65.19
        },
        "3": {
            "name": "Left Ankle",
            "x": 45.49,
            "y": 74.54
        },
        "4": {
            "name": "Right Hip",
            "x": 33.64,
            "y": 46.46
        },
        "5": {
            "name": "Right Knee",
            "x": 33.61,
            "y": 67.67
        },
        "6": {
            "name": "Right Ankle",
            "x": 37.6,
            "y": 78.41
        },
        "7": {
            "name": "Center of Body",
            "x": 43.37,
            "y": 36.51
        },
        "8": {
            "name": "Center of Shoulder",
            "x": 43.51,
            "y": 23.91
        },
        "9": {
            "name": "Neck",
            "x": 43.9,
            "y": 22.22
        },
        "10": {
            "name": "Head",
            "x": 41.95,
            "y": 18.22
        },
        "11": {
            "name": "Right Shoulder",
            "x": 36.94,
            "y": 25.53
        },
        "12": {
            "name": "Right Elbow",
            "x": 33.32,
            "y": 37.3
        },
        "13": {
            "name": "Right Wrist",
            "x": 27.45,
            "y": 46.52
        },
        "14": {
            "name": "Left Shoulder",
            "x": 49.23,
            "y": 23.62
        },
        "15": {
            "name": "Left Elbow",
            "x": 60.47,
            "y": 24.35
        },
        "16": {
            "name": "Left Wrist",
            "x": 70.39,
            "y": 21.17
        }
    },
    "keypoint_3d": {
        "0": {
            "name": "Center of Hips",
            "x": 0.0,
            "y": 0.0,
            "z": 0.5510855317115784
        },
        "1": {
            "name": "Left Hip",
            "x": -0.09552125632762909,
            "y": 0.030250580981373787,
            "z": 0.5478053689002991
        },
        "2": {
            "name": "Left Knee",
            "x": -0.17096267640590668,
            "y": -0.014889474958181381,
            "z": 0.24752342700958252
        },
        "3": {
            "name": "Left Ankle",
            "x": -0.08989328145980835,
            "y": 0.03900148719549179,
            "z": 0.02301856316626072
        },
        "4": {
            "name": "Right Hip",
            "x": 0.10734116286039352,
            "y": -0.04866465553641319,
            "z": 0.5473326444625854
        },
        "5": {
            "name": "Right Knee",
            "x": 0.09672238677740097,
            "y": -0.04006960615515709,
            "z": 0.21259810030460358
        },
        "6": {
            "name": "Right Ankle",
            "x": 0.09673397988080978,
            "y": 0.12180643528699875,
            "z": 0.0
        },
        "7": {
            "name": "Center of Body",
            "x": -0.02314203977584839,
            "y": 0.03051963821053505,
            "z": 0.7214823365211487
        },
        "8": {
            "name": "Center of Shoulder",
            "x": -0.03530360385775566,
            "y": -0.004184300545603037,
            "z": 0.9023155570030212
        },
        "9": {
            "name": "Neck",
            "x": -0.05578462779521942,
            "y": -0.03784153610467911,
            "z": 0.9299231767654419
        },
        "10": {
            "name": "Head",
            "x": -0.012897736392915249,
            "y": -0.03288007155060768,
            "z": 1.0
        },
        "11": {
            "name": "Right Shoulder",
            "x": 0.07460935413837433,
            "y": -0.008348110131919384,
            "z": 0.8856353759765625
        },
        "12": {
            "name": "Right Elbow",
            "x": 0.1814732402563095,
            "y": 0.05365739017724991,
            "z": 0.7253475785255432
        },
        "13": {
            "name": "Right Wrist",
            "x": 0.3099246621131897,
            "y": 0.055086649954319,
            "z": 0.5760894417762756
        },
        "14": {
            "name": "Left Shoulder",
            "x": -0.10869458317756653,
            "y": 0.06449458003044128,
            "z": 0.9196990132331848
        },
        "15": {
            "name": "Left Elbow",
            "x": -0.25427085161209106,
            "y": 0.1696540266275406,
            "z": 0.9169992804527283
        },
        "16": {
            "name": "Left Wrist",
            "x": -0.4021472632884979,
            "y": 0.18689575791358948,
            "z": 0.9659995436668396
        }
    }
}