{
    "image_path": "00001/img/6.jpg",
    "shooter_tracklet_id": 8,
    "bbox": {
        "x": 297,
        "y": 493,
        "w": 100,
        "h": 100
    },
    "keypont_2d": {
        "0": {
            "name": "Center of Hips",
            "x": 46.07,
            "y": 47.84
        },
        "1": {
            "name": "Left Hip",
            "x": 53.13,
            "y": 47.04
        },
        "2": {
            "name": "Left Knee",
            "x": 53.84,
            "y": 64.51
        },
        "3": {
            "name": "Left Ankle",
            "x": 51.52,
            "y": 75.85
        },
        "4": {
            "name": "Right Hip",
            "x": 39.57,
            "y": 47.12
        },
        "5": {
            "name": "Right Knee",
            "x": 38.91,
            "y": 67.14
        },
        "6": {
            "name": "Right Ankle",
            "x": 42.5,
            "y": 77.0
        },
        "7": {
            "name": "Center of Body",
            "x": 50.11,
            "y": 35.48
        },
        "8": {
            "name": "Center of Shoulder",
            "x": 49.56,
            "y": 25.13
        },
        "9": {
            "name": "Neck",
            "x": 50.34,
            "y": 22.96
        },
        "10": {
            "name": "Head",
            "x": 48.27,
            "y": 18.92
        },
        "11": {
            "name": "Right Shoulder",
            "x": 43.28,
            "y": 26.46
        },
        "12": {
            "name": "Right Elbow",
            "x": 39.77,
            "y": 35.79
        },
        "13": {
            "name": "Right Wrist",
            "x": 41.32,
            "y": 46.17
        },
        "14": {
            "name": "Left Shoulder",
            "x": 56.32,
            "y": 23.8
        },
        "15": {
            "name": "Left Elbow",
            "x": 66.82,
            "y": 26.39
        },
        "16": {
            "name": "Left Wrist",
            "x": 77.24,
            "y": 25.02
        }
    },
    "keypont_3d": {
        "0": {
            "name": "Center of Hips",
            "x": 0.0,
            "y": 0.0,
            "z": 0.5546963810920715
        },
        "1": {
            "name": "Left Hip",
            "x": -0.09452037513256073,
            "y": 0.03053397126495838,
            "z": 0.5517218708992004
        },
        "2": {
            "name": "Left Knee",
            "x": -0.1577989161014557,
            "y": -0.05540366470813751,
            "z": 0.2568760812282562
        },
        "3": {
            "name": "Left Ankle",
            "x": -0.12628228962421417,
            "y": -0.04373358562588692,
            "z": 0.0
        },
        "4": {
            "name": "Right Hip",
            "x": 0.10820743441581726,
            "y": -0.05282100290060043,
            "z": 0.5465242266654968
        },
        "5": {
            "name": "Right Knee",
            "x": 0.10758018493652344,
            "y": -0.056186310946941376,
            "z": 0.22455495595932007
        },
        "6": {
            "name": "Right Ankle",
            "x": 0.11208435893058777,
            "y": 0.11261668056249619,
            "z": 0.03276577591896057
        },
        "7": {
            "name": "Center of Body",
            "x": -0.027974450960755348,
            "y": 0.020267274230718613,
            "z": 0.7357465028762817
        },
        "8": {
            "name": "Center of Shoulder",
            "x": -0.040174905210733414,
            "y": -0.019461367279291153,
            "z": 0.9055801630020142
        },
        "9": {
            "name": "Neck",
            "x": -0.06538932770490646,
            "y": -0.05923106148838997,
            "z": 0.9292727708816528
        },
        "10": {
            "name": "Head",
            "x": -0.02485560066998005,
            "y": -0.057095009833574295,
            "z": 1.0
        },
        "11": {
            "name": "Right Shoulder",
            "x": 0.0649368166923523,
            "y": -0.034689489752054214,
            "z": 0.8903536200523376
        },
        "12": {
            "name": "Right Elbow",
            "x": 0.16822198033332825,
            "y": 0.0494532473385334,
            "z": 0.7456431984901428
        },
        "13": {
            "name": "Right Wrist",
            "x": 0.17742733657360077,
            "y": 0.07619421929121017,
            "z": 0.5725378394126892
        },
        "14": {
            "name": "Left Shoulder",
            "x": -0.12529651820659637,
            "y": 0.044765885919332504,
            "z": 0.9267414808273315
        },
        "15": {
            "name": "Left Elbow",
            "x": -0.26956361532211304,
            "y": 0.16335313022136688,
            "z": 0.9041965007781982
        },
        "16": {
            "name": "Left Wrist",
            "x": -0.42180320620536804,
            "y": 0.17969949543476105,
            "z": 0.8949615955352783
        }
    }
}