{
    "image_path": "00001/img/7.jpg",
    "shooter_tracklet_id": 8,
    "bbox": {
        "x": 292,
        "y": 491,
        "w": 100,
        "h": 100
    },
    "keypont_2d": {
        "0": {
            "name": "Center of Hips",
            "x": 49.47,
            "y": 51.08
        },
        "1": {
            "name": "Left Hip",
            "x": 56.32,
            "y": 51.08
        },
        "2": {
            "name": "Left Knee",
            "x": 55.66,
            "y": 69.25
        },
        "3": {
            "name": "Left Ankle",
            "x": 54.4,
            "y": 82.73
        },
        "4": {
            "name": "Right Hip",
            "x": 43.38,
            "y": 49.46
        },
        "5": {
            "name": "Right Knee",
            "x": 42.12,
            "y": 72.39
        },
        "6": {
            "name": "Right Ankle",
            "x": 46.57,
            "y": 82.7
        },
        "7": {
            "name": "Center of Body",
            "x": 52.23,
            "y": 39.95
        },
        "8": {
            "name": "Center of Shoulder",
            "x": 53.45,
            "y": 28.92
        },
        "9": {
            "name": "Neck",
            "x": 54.88,
            "y": 26.62
        },
        "10": {
            "name": "Head",
            "x": 52.18,
            "y": 21.47
        },
        "11": {
            "name": "Right Shoulder",
            "x": 47.18,
            "y": 31.14
        },
        "12": {
            "name": "Right Elbow",
            "x": 45.59,
            "y": 41.61
        },
        "13": {
            "name": "Right Wrist",
            "x": 49.82,
            "y": 49.51
        },
        "14": {
            "name": "Left Shoulder",
            "x": 59.79,
            "y": 29.0
        },
        "15": {
            "name": "Left Elbow",
            "x": 68.2,
            "y": 33.84
        },
        "16": {
            "name": "Left Wrist",
            "x": 76.44,
            "y": 34.24
        }
    },
    "keypont_3d": {
        "0": {
            "name": "Center of Hips",
            "x": 0.0,
            "y": 0.0,
            "z": 0.5545942783355713
        },
        "1": {
            "name": "Left Hip",
            "x": -0.08948908746242523,
            "y": 0.04666117951273918,
            "z": 0.5498294830322266
        },
        "2": {
            "name": "Left Knee",
            "x": -0.1272994577884674,
            "y": -0.04225914552807808,
            "z": 0.2530258595943451
        },
        "3": {
            "name": "Left Ankle",
            "x": -0.12372312694787979,
            "y": -0.07555300742387772,
            "z": 0.0
        },
        "4": {
            "name": "Right Hip",
            "x": 0.0862741768360138,
            "y": -0.06952019780874252,
            "z": 0.5521460175514221
        },
        "5": {
            "name": "Right Knee",
            "x": 0.12065258622169495,
            "y": -0.02094384655356407,
            "z": 0.21997863054275513
        },
        "6": {
            "name": "Right Ankle",
            "x": 0.10655967891216278,
            "y": 0.1106247827410698,
            "z": 0.00635721767321229
        },
        "7": {
            "name": "Center of Body",
            "x": -0.02592027187347412,
            "y": 0.016238898038864136,
            "z": 0.7296209335327148
        },
        "8": {
            "name": "Center of Shoulder",
            "x": -0.05508679524064064,
            "y": -0.024946317076683044,
            "z": 0.8957319259643555
        },
        "9": {
            "name": "Neck",
            "x": -0.08269257843494415,
            "y": -0.05014438182115555,
            "z": 0.9218049049377441
        },
        "10": {
            "name": "Head",
            "x": -0.04182818531990051,
            "y": -0.055170077830553055,
            "z": 1.0
        },
        "11": {
            "name": "Right Shoulder",
            "x": 0.03989608958363533,
            "y": -0.04907703027129173,
            "z": 0.8588594794273376
        },
        "12": {
            "name": "Right Elbow",
            "x": 0.11915656179189682,
            "y": 0.052673377096652985,
            "z": 0.7203807234764099
        },
        "13": {
            "name": "Right Wrist",
            "x": 0.06689202785491943,
            "y": 0.09968198835849762,
            "z": 0.5920214056968689
        },
        "14": {
            "name": "Left Shoulder",
            "x": -0.136583149433136,
            "y": 0.04554411396384239,
            "z": 0.9040480256080627
        },
        "15": {
            "name": "Left Elbow",
            "x": -0.22232961654663086,
            "y": 0.21215441823005676,
            "z": 0.8594692349433899
        },
        "16": {
            "name": "Left Wrist",
            "x": -0.3716697096824646,
            "y": 0.18576908111572266,
            "z": 0.83781498670578
        }
    }
}