{
    "image_path": "00001/img/8.jpg",
    "shooter_tracklet_id": 8,
    "bbox": {
        "x": 292,
        "y": 500,
        "w": 100,
        "h": 100
    },
    "keypoint_2d": {
        "0": {
            "name": "Center of Hips",
            "x": 42.91,
            "y": 50.73
        },
        "1": {
            "name": "Left Hip",
            "x": 48.79,
            "y": 50.82
        },
        "2": {
            "name": "Left Knee",
            "x": 47.38,
            "y": 68.96
        },
        "3": {
            "name": "Left Ankle",
            "x": 46.22,
            "y": 80.44
        },
        "4": {
            "name": "Right Hip",
            "x": 36.89,
            "y": 49.06
        },
        "5": {
            "name": "Right Knee",
            "x": 31.77,
            "y": 70.69
        },
        "6": {
            "name": "Right Ankle",
            "x": 36.29,
            "y": 81.34
        },
        "7": {
            "name": "Center of Body",
            "x": 45.72,
            "y": 38.66
        },
        "8": {
            "name": "Center of Shoulder",
            "x": 46.38,
            "y": 27.5
        },
        "9": {
            "name": "Neck",
            "x": 47.18,
            "y": 25.92
        },
        "10": {
            "name": "Head",
            "x": 44.6,
            "y": 21.09
        },
        "11": {
            "name": "Right Shoulder",
            "x": 40.44,
            "y": 29.42
        },
        "12": {
            "name": "Right Elbow",
            "x": 39.07,
            "y": 40.24
        },
        "13": {
            "name": "Right Wrist",
            "x": 42.79,
            "y": 47.88
        },
        "14": {
            "name": "Left Shoulder",
            "x": 52.99,
            "y": 28.56
        },
        "15": {
            "name": "Left Elbow",
            "x": 59.06,
            "y": 33.82
        },
        "16": {
            "name": "Left Wrist",
            "x": 67.31,
            "y": 38.58
        }
    },
    "keypoint_3d": {
        "0": {
            "name": "Center of Hips",
            "x": 0.0,
            "y": 0.0,
            "z": 0.5618076920509338
        },
        "1": {
            "name": "Left Hip",
            "x": -0.08754491060972214,
            "y": 0.042602818459272385,
            "z": 0.5552819967269897
        },
        "2": {
            "name": "Left Knee",
            "x": -0.11517295241355896,
            "y": -0.05152135342359543,
            "z": 0.2508637607097626
        },
        "3": {
            "name": "Left Ankle",
            "x": -0.11728094518184662,
            "y": -0.09131572395563126,
            "z": 0.0
        },
        "4": {
            "name": "Right Hip",
            "x": 0.08136489987373352,
            "y": -0.0617460198700428,
            "z": 0.5641453862190247
        },
        "5": {
            "name": "Right Knee",
            "x": 0.16710524260997772,
            "y": -0.02643589861690998,
            "z": 0.2335302084684372
        },
        "6": {
            "name": "Right Ankle",
            "x": 0.15916848182678223,
            "y": 0.09808608889579773,
            "z": 0.004509232472628355
        },
        "7": {
            "name": "Center of Body",
            "x": -0.023904193192720413,
            "y": 0.02698361501097679,
            "z": 0.7427434921264648
        },
        "8": {
            "name": "Center of Shoulder",
            "x": -0.056002844125032425,
            "y": -0.016880633309483528,
            "z": 0.9091018438339233
        },
        "9": {
            "name": "Neck",
            "x": -0.08402597904205322,
            "y": -0.056790709495544434,
            "z": 0.9283140897750854
        },
        "10": {
            "name": "Head",
            "x": -0.04016238823533058,
            "y": -0.059494417160749435,
            "z": 1.0
        },
        "11": {
            "name": "Right Shoulder",
            "x": 0.03910812363028526,
            "y": -0.037430889904499054,
            "z": 0.878725528717041
        },
        "12": {
            "name": "Right Elbow",
            "x": 0.11120668798685074,
            "y": 0.07186118513345718,
            "z": 0.7350618839263916
        },
        "13": {
            "name": "Right Wrist",
            "x": 0.06123742833733559,
            "y": 0.11139848083257675,
            "z": 0.6111127138137817
        },
        "14": {
            "name": "Left Shoulder",
            "x": -0.1383471041917801,
            "y": 0.04894842952489853,
            "z": 0.9064200520515442
        },
        "15": {
            "name": "Left Elbow",
            "x": -0.19011791050434113,
            "y": 0.2066163420677185,
            "z": 0.8504464626312256
        },
        "16": {
            "name": "Left Wrist",
            "x": -0.34411516785621643,
            "y": 0.19465525448322296,
            "z": 0.7623000741004944
        }
    }
}