{
    "image_path": "00001/img/9.jpg",
    "shooter_tracklet_id": 8,
    "bbox": {
        "x": 294,
        "y": 501,
        "w": 100,
        "h": 100
    },
    "keypont_2d": {
        "0": {
            "name": "Center of Hips",
            "x": 43.77,
            "y": 48.35
        },
        "1": {
            "name": "Left Hip",
            "x": 49.45,
            "y": 49.91
        },
        "2": {
            "name": "Left Knee",
            "x": 47.5,
            "y": 69.91
        },
        "3": {
            "name": "Left Ankle",
            "x": 45.83,
            "y": 81.6
        },
        "4": {
            "name": "Right Hip",
            "x": 36.79,
            "y": 46.21
        },
        "5": {
            "name": "Right Knee",
            "x": 30.32,
            "y": 66.87
        },
        "6": {
            "name": "Right Ankle",
            "x": 33.7,
            "y": 72.58
        },
        "7": {
            "name": "Center of Body",
            "x": 46.09,
            "y": 38.7
        },
        "8": {
            "name": "Center of Shoulder",
            "x": 46.9,
            "y": 26.55
        },
        "9": {
            "name": "Neck",
            "x": 46.83,
            "y": 23.95
        },
        "10": {
            "name": "Head",
            "x": 45.8,
            "y": 18.78
        },
        "11": {
            "name": "Right Shoulder",
            "x": 41.65,
            "y": 26.7
        },
        "12": {
            "name": "Right Elbow",
            "x": 40.04,
            "y": 38.97
        },
        "13": {
            "name": "Right Wrist",
            "x": 41.82,
            "y": 45.54
        },
        "14": {
            "name": "Left Shoulder",
            "x": 51.68,
            "y": 27.68
        },
        "15": {
            "name": "Left Elbow",
            "x": 59.74,
            "y": 33.07
        },
        "16": {
            "name": "Left Wrist",
            "x": 66.31,
            "y": 37.08
        }
    },
    "keypont_3d": {
        "0": {
            "name": "Center of Hips",
            "x": 0.0,
            "y": 0.0,
            "z": 0.5542106032371521
        },
        "1": {
            "name": "Left Hip",
            "x": -0.08193602412939072,
            "y": 0.04708564653992653,
            "z": 0.5400097966194153
        },
        "2": {
            "name": "Left Knee",
            "x": -0.09278179705142975,
            "y": -0.01583208702504635,
            "z": 0.24045471847057343
        },
        "3": {
            "name": "Left Ankle",
            "x": -0.07584243267774582,
            "y": -0.020511463284492493,
            "z": 0.0
        },
        "4": {
            "name": "Right Hip",
            "x": 0.08048957586288452,
            "y": -0.0658898651599884,
            "z": 0.5647819638252258
        },
        "5": {
            "name": "Right Knee",
            "x": 0.17804844677448273,
            "y": -0.05601884797215462,
            "z": 0.2670338451862335
        },
        "6": {
            "name": "Right Ankle",
            "x": 0.17855988442897797,
            "y": 0.04466206207871437,
            "z": 0.10200522840023041
        },
        "7": {
            "name": "Center of Body",
            "x": -0.017803071066737175,
            "y": 0.04873371496796608,
            "z": 0.7213875651359558
        },
        "8": {
            "name": "Center of Shoulder",
            "x": -0.03645753860473633,
            "y": 0.025822903960943222,
            "z": 0.8948491215705872
        },
        "9": {
            "name": "Neck",
            "x": -0.053977206349372864,
            "y": -0.008601438254117966,
            "z": 0.9214144945144653
        },
        "10": {
            "name": "Head",
            "x": -0.02404072880744934,
            "y": -0.006318388506770134,
            "z": 1.0
        },
        "11": {
            "name": "Right Shoulder",
            "x": 0.04978069290518761,
            "y": 0.0019906829111278057,
            "z": 0.8773141503334045
        },
        "12": {
            "name": "Right Elbow",
            "x": 0.1139507070183754,
            "y": 0.09347395598888397,
            "z": 0.7261446118354797
        },
        "13": {
            "name": "Right Wrist",
            "x": 0.07133225351572037,
            "y": 0.10950993001461029,
            "z": 0.6058298945426941
        },
        "14": {
            "name": "Left Shoulder",
            "x": -0.08868598192930222,
            "y": 0.12172910571098328,
            "z": 0.8926030993461609
        },
        "15": {
            "name": "Left Elbow",
            "x": -0.1701401174068451,
            "y": 0.2499246746301651,
            "z": 0.8301043510437012
        },
        "16": {
            "name": "Left Wrist",
            "x": -0.31695640087127686,
            "y": 0.19311995804309845,
            "z": 0.7438241839408875
        }
    }
}