{
    "image_path": "00001/img/10.jpg",
    "shooter_tracklet_id": 8,
    "bbox": {
        "x": 293,
        "y": 502,
        "w": 100,
        "h": 100
    },
    "keypoint_2d": {
        "0": {
            "name": "Center of Hips",
            "x": 44.19,
            "y": 49.75
        },
        "1": {
            "name": "Left Hip",
            "x": 49.33,
            "y": 51.22
        },
        "2": {
            "name": "Left Knee",
            "x": 47.22,
            "y": 74.52
        },
        "3": {
            "name": "Left Ankle",
            "x": 43.3,
            "y": 87.03
        },
        "4": {
            "name": "Right Hip",
            "x": 38.91,
            "y": 48.38
        },
        "5": {
            "name": "Right Knee",
            "x": 29.52,
            "y": 69.77
        },
        "6": {
            "name": "Right Ankle",
            "x": 33.37,
            "y": 73.46
        },
        "7": {
            "name": "Center of Body",
            "x": 45.17,
            "y": 41.95
        },
        "8": {
            "name": "Center of Shoulder",
            "x": 46.89,
            "y": 27.01
        },
        "9": {
            "name": "Neck",
            "x": 47.22,
            "y": 25.66
        },
        "10": {
            "name": "Head",
            "x": 45.61,
            "y": 21.6
        },
        "11": {
            "name": "Right Shoulder",
            "x": 43.53,
            "y": 27.75
        },
        "12": {
            "name": "Right Elbow",
            "x": 40.62,
            "y": 34.67
        },
        "13": {
            "name": "Right Wrist",
            "x": 38.39,
            "y": 39.67
        },
        "14": {
            "name": "Left Shoulder",
            "x": 49.91,
            "y": 26.34
        },
        "15": {
            "name": "Left Elbow",
            "x": 56.86,
            "y": 33.07
        },
        "16": {
            "name": "Left Wrist",
            "x": 66.22,
            "y": 37.02
        }
    },
    "keypoint_3d": {
        "0": {
            "name": "Center of Hips",
            "x": 0.0,
            "y": 0.0,
            "z": 0.5614627003669739
        },
        "1": {
            "name": "Left Hip",
            "x": -0.06680252403020859,
            "y": 0.07189176976680756,
            "z": 0.5537106394767761
        },
        "2": {
            "name": "Left Knee",
            "x": -0.051073916256427765,
            "y": 0.04023296386003494,
            "z": 0.22922012209892273
        },
        "3": {
            "name": "Left Ankle",
            "x": -0.016484899446368217,
            "y": 0.021803628653287888,
            "z": 0.0
        },
        "4": {
            "name": "Right Hip",
            "x": 0.05456879734992981,
            "y": -0.0795084685087204,
            "z": 0.5706321597099304
        },
        "5": {
            "name": "Right Knee",
            "x": 0.19096647202968597,
            "y": -0.07475452870130539,
            "z": 0.2766663730144501
        },
        "6": {
            "name": "Right Ankle",
            "x": 0.21577660739421844,
            "y": 0.008359681814908981,
            "z": 0.123610720038414
        },
        "7": {
            "name": "Center of Body",
            "x": 0.0020347731187939644,
            "y": 0.05640213564038277,
            "z": 0.7149370908737183
        },
        "8": {
            "name": "Center of Shoulder",
            "x": -0.019261730834841728,
            "y": 0.03970953822135925,
            "z": 0.9030026793479919
        },
        "9": {
            "name": "Neck",
            "x": -0.033055298030376434,
            "y": 0.015162277035415173,
            "z": 0.9282941818237305
        },
        "10": {
            "name": "Head",
            "x": -0.002025248948484659,
            "y": 0.020781466737389565,
            "z": 1.0
        },
        "11": {
            "name": "Right Shoulder",
            "x": 0.020393000915646553,
            "y": -0.013868884183466434,
            "z": 0.8943620324134827
        },
        "12": {
            "name": "Right Elbow",
            "x": 0.10426158457994461,
            "y": 0.06636104732751846,
            "z": 0.7912173867225647
        },
        "13": {
            "name": "Right Wrist",
            "x": 0.14787858724594116,
            "y": 0.13747896254062653,
            "z": 0.7292221784591675
        },
        "14": {
            "name": "Left Shoulder",
            "x": -0.04211658611893654,
            "y": 0.12528519332408905,
            "z": 0.9117188453674316
        },
        "15": {
            "name": "Left Elbow",
            "x": -0.11380315572023392,
            "y": 0.2638268768787384,
            "z": 0.8496609330177307
        },
        "16": {
            "name": "Left Wrist",
            "x": -0.28213733434677124,
            "y": 0.22187568247318268,
            "z": 0.7745764851570129
        }
    }
}