{
    "image_path": "00001/img/11.jpg",
    "shooter_tracklet_id": 8,
    "bbox": {
        "x": 297,
        "y": 502,
        "w": 100,
        "h": 100
    },
    "keypoint_2d": {
        "0": {
            "name": "Center of Hips",
            "x": 46.44,
            "y": 46.34
        },
        "1": {
            "name": "Left Hip",
            "x": 51.76,
            "y": 47.85
        },
        "2": {
            "name": "Left Knee",
            "x": 49.33,
            "y": 69.92
        },
        "3": {
            "name": "Left Ankle",
            "x": 44.62,
            "y": 81.37
        },
        "4": {
            "name": "Right Hip",
            "x": 40.59,
            "y": 44.39
        },
        "5": {
            "name": "Right Knee",
            "x": 35.5,
            "y": 62.42
        },
        "6": {
            "name": "Right Ankle",
            "x": 29.89,
            "y": 63.11
        },
        "7": {
            "name": "Center of Body",
            "x": 48.21,
            "y": 34.63
        },
        "8": {
            "name": "Center of Shoulder",
            "x": 48.34,
            "y": 23.63
        },
        "9": {
            "name": "Neck",
            "x": 48.32,
            "y": 21.88
        },
        "10": {
            "name": "Head",
            "x": 48.0,
            "y": 18.75
        },
        "11": {
            "name": "Right Shoulder",
            "x": 43.45,
            "y": 24.23
        },
        "12": {
            "name": "Right Elbow",
            "x": 36.33,
            "y": 32.38
        },
        "13": {
            "name": "Right Wrist",
            "x": 30.29,
            "y": 37.42
        },
        "14": {
            "name": "Left Shoulder",
            "x": 52.86,
            "y": 23.2
        },
        "15": {
            "name": "Left Elbow",
            "x": 61.14,
            "y": 30.86
        },
        "16": {
            "name": "Left Wrist",
            "x": 72.84,
            "y": 31.95
        }
    },
    "keypoint_3d": {
        "0": {
            "name": "Center of Hips",
            "x": 0.0,
            "y": 0.0,
            "z": 0.5763752460479736
        },
        "1": {
            "name": "Left Hip",
            "x": -0.062931589782238,
            "y": 0.07810582965612411,
            "z": 0.5630109906196594
        },
        "2": {
            "name": "Left Knee",
            "x": -0.04717794060707092,
            "y": 0.03690221905708313,
            "z": 0.2183520346879959
        },
        "3": {
            "name": "Left Ankle",
            "x": 0.006006365176290274,
            "y": -0.0004352745891083032,
            "z": 0.0
        },
        "4": {
            "name": "Right Hip",
            "x": 0.05243606120347977,
            "y": -0.09171875566244125,
            "z": 0.5877144932746887
        },
        "5": {
            "name": "Right Knee",
            "x": 0.09620872139930725,
            "y": -0.1610703319311142,
            "z": 0.30965009331703186
        },
        "6": {
            "name": "Right Ankle",
            "x": 0.2574881911277771,
            "y": -0.13552896678447723,
            "z": 0.18995331227779388
        },
        "7": {
            "name": "Center of Body",
            "x": -0.010341945104300976,
            "y": 0.033258792012929916,
            "z": 0.7515655159950256
        },
        "8": {
            "name": "Center of Shoulder",
            "x": -0.03316262736916542,
            "y": -0.009054421447217464,
            "z": 0.9212246537208557
        },
        "9": {
            "name": "Neck",
            "x": -0.05118155479431152,
            "y": -0.04308997467160225,
            "z": 0.9387685656547546
        },
        "10": {
            "name": "Head",
            "x": -0.027954403311014175,
            "y": -0.033025119453668594,
            "z": 1.0
        },
        "11": {
            "name": "Right Shoulder",
            "x": 0.02590172551572323,
            "y": -0.04908747598528862,
            "z": 0.9058582186698914
        },
        "12": {
            "name": "Right Elbow",
            "x": 0.18370193243026733,
            "y": 0.05198797583580017,
            "z": 0.8143630623817444
        },
        "13": {
            "name": "Right Wrist",
            "x": 0.2952221632003784,
            "y": 0.08231744915246964,
            "z": 0.7511293292045593
        },
        "14": {
            "name": "Left Shoulder",
            "x": -0.062243953347206116,
            "y": 0.08248306065797806,
            "z": 0.9365841746330261
        },
        "15": {
            "name": "Left Elbow",
            "x": -0.13383156061172485,
            "y": 0.24183116853237152,
            "z": 0.848990261554718
        },
        "16": {
            "name": "Left Wrist",
            "x": -0.3194199502468109,
            "y": 0.25136440992355347,
            "z": 0.8145914077758789
        }
    }
}