{
    "image_path": "00001/img/12.jpg",
    "shooter_tracklet_id": 8,
    "bbox": {
        "x": 296,
        "y": 496,
        "w": 100,
        "h": 100
    },
    "keypont_2d": {
        "0": {
            "name": "Center of Hips",
            "x": 53.67,
            "y": 46.17
        },
        "1": {
            "name": "Left Hip",
            "x": 58.58,
            "y": 47.41
        },
        "2": {
            "name": "Left Knee",
            "x": 57.84,
            "y": 68.91
        },
        "3": {
            "name": "Left Ankle",
            "x": 52.21,
            "y": 82.47
        },
        "4": {
            "name": "Right Hip",
            "x": 48.43,
            "y": 44.91
        },
        "5": {
            "name": "Right Knee",
            "x": 47.75,
            "y": 57.11
        },
        "6": {
            "name": "Right Ankle",
            "x": 35.64,
            "y": 63.11
        },
        "7": {
            "name": "Center of Body",
            "x": 55.22,
            "y": 35.08
        },
        "8": {
            "name": "Center of Shoulder",
            "x": 56.11,
            "y": 24.59
        },
        "9": {
            "name": "Neck",
            "x": 55.73,
            "y": 22.82
        },
        "10": {
            "name": "Head",
            "x": 55.83,
            "y": 19.95
        },
        "11": {
            "name": "Right Shoulder",
            "x": 49.7,
            "y": 25.35
        },
        "12": {
            "name": "Right Elbow",
            "x": 42.29,
            "y": 33.05
        },
        "13": {
            "name": "Right Wrist",
            "x": 32.92,
            "y": 37.24
        },
        "14": {
            "name": "Left Shoulder",
            "x": 61.08,
            "y": 24.27
        },
        "15": {
            "name": "Left Elbow",
            "x": 69.41,
            "y": 31.88
        },
        "16": {
            "name": "Left Wrist",
            "x": 79.52,
            "y": 32.25
        }
    },
    "keypont_3d": {
        "0": {
            "name": "Center of Hips",
            "x": 0.0,
            "y": 0.0,
            "z": 0.5869104862213135
        },
        "1": {
            "name": "Left Hip",
            "x": -0.05639265477657318,
            "y": 0.08683835715055466,
            "z": 0.5800273418426514
        },
        "2": {
            "name": "Left Knee",
            "x": -0.05922762304544449,
            "y": 0.05499532073736191,
            "z": 0.2341165691614151
        },
        "3": {
            "name": "Left Ankle",
            "x": 0.018934980034828186,
            "y": 0.01502655167132616,
            "z": 0.0
        },
        "4": {
            "name": "Right Hip",
            "x": 0.048283651471138,
            "y": -0.09668836742639542,
            "z": 0.5929821729660034
        },
        "5": {
            "name": "Right Knee",
            "x": -0.00863928347826004,
            "y": -0.24489212036132812,
            "z": 0.37112969160079956
        },
        "6": {
            "name": "Right Ankle",
            "x": 0.17673702538013458,
            "y": -0.34861820936203003,
            "z": 0.23706160485744476
        },
        "7": {
            "name": "Center of Body",
            "x": -0.015064595267176628,
            "y": 0.012021178379654884,
            "z": 0.763554573059082
        },
        "8": {
            "name": "Center of Shoulder",
            "x": -0.04476124420762062,
            "y": -0.03434464707970619,
            "z": 0.9271911382675171
        },
        "9": {
            "name": "Neck",
            "x": -0.060694124549627304,
            "y": -0.07091410458087921,
            "z": 0.9436860084533691
        },
        "10": {
            "name": "Head",
            "x": -0.05068572238087654,
            "y": -0.06143986061215401,
            "z": 1.0
        },
        "11": {
            "name": "Right Shoulder",
            "x": 0.04581190273165703,
            "y": -0.06941694766283035,
            "z": 0.9131558537483215
        },
        "12": {
            "name": "Right Elbow",
            "x": 0.18835341930389404,
            "y": -0.029341330751776695,
            "z": 0.8002162575721741
        },
        "13": {
            "name": "Right Wrist",
            "x": 0.32634681463241577,
            "y": -0.11101628839969635,
            "z": 0.7260275483131409
        },
        "14": {
            "name": "Left Shoulder",
            "x": -0.09543462097644806,
            "y": 0.05735868588089943,
            "z": 0.9434495568275452
        },
        "15": {
            "name": "Left Elbow",
            "x": -0.17683985829353333,
            "y": 0.209271639585495,
            "z": 0.8430853486061096
        },
        "16": {
            "name": "Left Wrist",
            "x": -0.3516606092453003,
            "y": 0.26503199338912964,
            "z": 0.8339012861251831
        }
    }
}