{
    "image_path": "00001/img/13.jpg",
    "shooter_tracklet_id": 8,
    "bbox": {
        "x": 295,
        "y": 496,
        "w": 100,
        "h": 100
    },
    "keypont_2d": {
        "0": {
            "name": "Center of Hips",
            "x": 54.55,
            "y": 45.17
        },
        "1": {
            "name": "Left Hip",
            "x": 59.22,
            "y": 46.69
        },
        "2": {
            "name": "Left Knee",
            "x": 60.39,
            "y": 61.38
        },
        "3": {
            "name": "Left Ankle",
            "x": 53.07,
            "y": 82.18
        },
        "4": {
            "name": "Right Hip",
            "x": 49.16,
            "y": 43.81
        },
        "5": {
            "name": "Right Knee",
            "x": 57.37,
            "y": 54.69
        },
        "6": {
            "name": "Right Ankle",
            "x": 51.05,
            "y": 59.71
        },
        "7": {
            "name": "Center of Body",
            "x": 55.92,
            "y": 35.29
        },
        "8": {
            "name": "Center of Shoulder",
            "x": 57.18,
            "y": 26.12
        },
        "9": {
            "name": "Neck",
            "x": 57.06,
            "y": 25.13
        },
        "10": {
            "name": "Head",
            "x": 56.96,
            "y": 21.63
        },
        "11": {
            "name": "Right Shoulder",
            "x": 50.14,
            "y": 26.88
        },
        "12": {
            "name": "Right Elbow",
            "x": 42.29,
            "y": 32.43
        },
        "13": {
            "name": "Right Wrist",
            "x": 33.87,
            "y": 35.19
        },
        "14": {
            "name": "Left Shoulder",
            "x": 63.06,
            "y": 25.49
        },
        "15": {
            "name": "Left Elbow",
            "x": 68.35,
            "y": 30.82
        },
        "16": {
            "name": "Left Wrist",
            "x": 75.77,
            "y": 31.15
        }
    },
    "keypont_3d": {
        "0": {
            "name": "Center of Hips",
            "x": 0.0,
            "y": 0.0,
            "z": 0.6046221852302551
        },
        "1": {
            "name": "Left Hip",
            "x": -0.056142788380384445,
            "y": 0.08828317373991013,
            "z": 0.5994904637336731
        },
        "2": {
            "name": "Left Knee",
            "x": -0.07854875177145004,
            "y": 0.1062820628285408,
            "z": 0.31179454922676086
        },
        "3": {
            "name": "Left Ankle",
            "x": 0.06108487397432327,
            "y": 0.13067707419395447,
            "z": 0.0
        },
        "4": {
            "name": "Right Hip",
            "x": 0.053993869572877884,
            "y": -0.09233197569847107,
            "z": 0.6079149842262268
        },
        "5": {
            "name": "Right Knee",
            "x": -0.10013168305158615,
            "y": -0.20789706707000732,
            "z": 0.3958994448184967
        },
        "6": {
            "name": "Right Ankle",
            "x": 0.023833539336919785,
            "y": -0.2490844428539276,
            "z": 0.2762291431427002
        },
        "7": {
            "name": "Center of Body",
            "x": -0.028511162847280502,
            "y": -0.009197738021612167,
            "z": 0.7792569398880005
        },
        "8": {
            "name": "Center of Shoulder",
            "x": -0.06136517971754074,
            "y": -0.059573639184236526,
            "z": 0.9339253306388855
        },
        "9": {
            "name": "Neck",
            "x": -0.08326301723718643,
            "y": -0.10290336608886719,
            "z": 0.9414166808128357
        },
        "10": {
            "name": "Head",
            "x": -0.07810302823781967,
            "y": -0.10692686587572098,
            "z": 1.0
        },
        "11": {
            "name": "Right Shoulder",
            "x": 0.04446399211883545,
            "y": -0.0950930267572403,
            "z": 0.9147241115570068
        },
        "12": {
            "name": "Right Elbow",
            "x": 0.2040356695652008,
            "y": -0.06274324655532837,
            "z": 0.8214597702026367
        },
        "13": {
            "name": "Right Wrist",
            "x": 0.340499609708786,
            "y": -0.1479618102312088,
            "z": 0.7571660280227661
        },
        "14": {
            "name": "Left Shoulder",
            "x": -0.12214182317256927,
            "y": 0.045908939093351364,
            "z": 0.9548337459564209
        },
        "15": {
            "name": "Left Elbow",
            "x": -0.17513728141784668,
            "y": 0.20971904695034027,
            "z": 0.8814150094985962
        },
        "16": {
            "name": "Left Wrist",
            "x": -0.32553642988204956,
            "y": 0.19647091627120972,
            "z": 0.8567133545875549
        }
    }
}