{
    "image_path": "00001/img/14.jpg",
    "shooter_tracklet_id": 8,
    "bbox": {
        "x": 293,
        "y": 494,
        "w": 100,
        "h": 100
    },
    "keypont_2d": {
        "0": {
            "name": "Center of Hips",
            "x": 56.16,
            "y": 44.18
        },
        "1": {
            "name": "Left Hip",
            "x": 61.8,
            "y": 45.58
        },
        "2": {
            "name": "Left Knee",
            "x": 59.26,
            "y": 69.81
        },
        "3": {
            "name": "Left Ankle",
            "x": 55.36,
            "y": 82.82
        },
        "4": {
            "name": "Right Hip",
            "x": 50.35,
            "y": 42.71
        },
        "5": {
            "name": "Right Knee",
            "x": 62.94,
            "y": 49.95
        },
        "6": {
            "name": "Right Ankle",
            "x": 77.43,
            "y": 48.55
        },
        "7": {
            "name": "Center of Body",
            "x": 58.37,
            "y": 35.04
        },
        "8": {
            "name": "Center of Shoulder",
            "x": 60.51,
            "y": 25.55
        },
        "9": {
            "name": "Neck",
            "x": 60.11,
            "y": 24.42
        },
        "10": {
            "name": "Head",
            "x": 60.3,
            "y": 21.89
        },
        "11": {
            "name": "Right Shoulder",
            "x": 53.96,
            "y": 26.94
        },
        "12": {
            "name": "Right Elbow",
            "x": 43.0,
            "y": 31.98
        },
        "13": {
            "name": "Right Wrist",
            "x": 33.99,
            "y": 34.91
        },
        "14": {
            "name": "Left Shoulder",
            "x": 65.05,
            "y": 24.56
        },
        "15": {
            "name": "Left Elbow",
            "x": 71.37,
            "y": 31.03
        },
        "16": {
            "name": "Left Wrist",
            "x": 65.43,
            "y": 30.86
        }
    },
    "keypont_3d": {
        "0": {
            "name": "Center of Hips",
            "x": 0.0,
            "y": 0.0,
            "z": 0.6337913870811462
        },
        "1": {
            "name": "Left Hip",
            "x": -0.059605784714221954,
            "y": 0.0865083783864975,
            "z": 0.6266540884971619
        },
        "2": {
            "name": "Left Knee",
            "x": -0.09150264412164688,
            "y": 0.05734850838780403,
            "z": 0.3202509880065918
        },
        "3": {
            "name": "Left Ankle",
            "x": 0.04758193716406822,
            "y": 0.12420495599508286,
            "z": 0.0
        },
        "4": {
            "name": "Right Hip",
            "x": 0.057454098016023636,
            "y": -0.09594471007585526,
            "z": 0.6429243683815002
        },
        "5": {
            "name": "Right Knee",
            "x": -0.16920821368694305,
            "y": -0.15168814361095428,
            "z": 0.4903646409511566
        },
        "6": {
            "name": "Right Ankle",
            "x": -0.17890071868896484,
            "y": -0.14451996982097626,
            "z": 0.38438090682029724
        },
        "7": {
            "name": "Center of Body",
            "x": -0.04400472342967987,
            "y": -0.023717613890767097,
            "z": 0.8019322752952576
        },
        "8": {
            "name": "Center of Shoulder",
            "x": -0.08750984072685242,
            "y": -0.07606062293052673,
            "z": 0.9474443197250366
        },
        "9": {
            "name": "Neck",
            "x": -0.11126001924276352,
            "y": -0.1252715140581131,
            "z": 0.9484586119651794
        },
        "10": {
            "name": "Head",
            "x": -0.11107593029737473,
            "y": -0.13938196003437042,
            "z": 1.0
        },
        "11": {
            "name": "Right Shoulder",
            "x": 0.005767506081610918,
            "y": -0.12440083175897598,
            "z": 0.9134361743927002
        },
        "12": {
            "name": "Right Elbow",
            "x": 0.1928853690624237,
            "y": -0.12400270253419876,
            "z": 0.834349513053894
        },
        "13": {
            "name": "Right Wrist",
            "x": 0.33016806840896606,
            "y": -0.20118321478366852,
            "z": 0.776928722858429
        },
        "14": {
            "name": "Left Shoulder",
            "x": -0.1397549957036972,
            "y": 0.030528616160154343,
            "z": 0.9705188870429993
        },
        "15": {
            "name": "Left Elbow",
            "x": -0.17046663165092468,
            "y": 0.2162468433380127,
            "z": 0.9130337238311768
        },
        "16": {
            "name": "Left Wrist",
            "x": -0.19136640429496765,
            "y": 0.1039729118347168,
            "z": 0.8691831231117249
        }
    }
}