{
    "image_path": "00001/img/15.jpg",
    "shooter_tracklet_id": 8,
    "bbox": {
        "x": 294,
        "y": 497,
        "w": 100,
        "h": 100
    },
    "keypont_2d": {
        "0": {
            "name": "Center of Hips",
            "x": 54.97,
            "y": 41.84
        },
        "1": {
            "name": "Left Hip",
            "x": 59.63,
            "y": 42.21
        },
        "2": {
            "name": "Left Knee",
            "x": 55.24,
            "y": 65.38
        },
        "3": {
            "name": "Left Ankle",
            "x": 53.74,
            "y": 79.63
        },
        "4": {
            "name": "Right Hip",
            "x": 48.22,
            "y": 40.86
        },
        "5": {
            "name": "Right Knee",
            "x": 61.71,
            "y": 44.93
        },
        "6": {
            "name": "Right Ankle",
            "x": 75.58,
            "y": 46.03
        },
        "7": {
            "name": "Center of Body",
            "x": 55.83,
            "y": 34.23
        },
        "8": {
            "name": "Center of Shoulder",
            "x": 57.35,
            "y": 23.05
        },
        "9": {
            "name": "Neck",
            "x": 57.52,
            "y": 21.44
        },
        "10": {
            "name": "Head",
            "x": 57.84,
            "y": 19.26
        },
        "11": {
            "name": "Right Shoulder",
            "x": 50.9,
            "y": 23.15
        },
        "12": {
            "name": "Right Elbow",
            "x": 42.77,
            "y": 28.54
        },
        "13": {
            "name": "Right Wrist",
            "x": 33.04,
            "y": 30.83
        },
        "14": {
            "name": "Left Shoulder",
            "x": 63.85,
            "y": 22.8
        },
        "15": {
            "name": "Left Elbow",
            "x": 72.33,
            "y": 29.11
        },
        "16": {
            "name": "Left Wrist",
            "x": 65.09,
            "y": 27.24
        }
    },
    "keypont_3d": {
        "0": {
            "name": "Center of Hips",
            "x": 0.0,
            "y": 0.0,
            "z": 0.6257827877998352
        },
        "1": {
            "name": "Left Hip",
            "x": -0.057581331580877304,
            "y": 0.09599851071834564,
            "z": 0.6267337799072266
        },
        "2": {
            "name": "Left Knee",
            "x": -0.001747241010889411,
            "y": 0.08296967297792435,
            "z": 0.2711023986339569
        },
        "3": {
            "name": "Left Ankle",
            "x": 0.03380506858229637,
            "y": 0.07532931864261627,
            "z": 0.0
        },
        "4": {
            "name": "Right Hip",
            "x": 0.06537503749132156,
            "y": -0.08616138249635696,
            "z": 0.6356378793716431
        },
        "5": {
            "name": "Right Knee",
            "x": -0.1821652203798294,
            "y": -0.12634754180908203,
            "z": 0.5252097249031067
        },
        "6": {
            "name": "Right Ankle",
            "x": -0.45879465341567993,
            "y": -0.13987846672534943,
            "z": 0.49410638213157654
        },
        "7": {
            "name": "Center of Body",
            "x": -0.028833676129579544,
            "y": 0.008127318695187569,
            "z": 0.7890405058860779
        },
        "8": {
            "name": "Center of Shoulder",
            "x": -0.0794108435511589,
            "y": -0.06197004392743111,
            "z": 0.9408354163169861
        },
        "9": {
            "name": "Neck",
            "x": -0.09315340965986252,
            "y": -0.09590768069028854,
            "z": 0.9453896880149841
        },
        "10": {
            "name": "Head",
            "x": -0.09475259482860565,
            "y": -0.1008133590221405,
            "z": 1.0
        },
        "11": {
            "name": "Right Shoulder",
            "x": 0.024837922304868698,
            "y": -0.08836867660284042,
            "z": 0.9184074401855469
        },
        "12": {
            "name": "Right Elbow",
            "x": 0.19715267419815063,
            "y": -0.06083812564611435,
            "z": 0.8415880799293518
        },
        "13": {
            "name": "Right Wrist",
            "x": 0.3485826253890991,
            "y": -0.1410212218761444,
            "z": 0.7961469292640686
        },
        "14": {
            "name": "Left Shoulder",
            "x": -0.13662846386432648,
            "y": 0.05023202672600746,
            "z": 0.9571406841278076
        },
        "15": {
            "name": "Left Elbow",
            "x": -0.2236199676990509,
            "y": 0.1892355978488922,
            "z": 0.8765230774879456
        },
        "16": {
            "name": "Left Wrist",
            "x": -0.16580352187156677,
            "y": 0.024137144908308983,
            "z": 0.8634731769561768
        }
    }
}