{
    "image_path": "00001/img/16.jpg",
    "shooter_tracklet_id": 8,
    "bbox": {
        "x": 293,
        "y": 500,
        "w": 100,
        "h": 100
    },
    "keypoint_2d": {
        "0": {
            "name": "Center of Hips",
            "x": 51.62,
            "y": 40.7
        },
        "1": {
            "name": "Left Hip",
            "x": 57.2,
            "y": 41.09
        },
        "2": {
            "name": "Left Knee",
            "x": 53.61,
            "y": 65.79
        },
        "3": {
            "name": "Left Ankle",
            "x": 49.91,
            "y": 80.15
        },
        "4": {
            "name": "Right Hip",
            "x": 45.59,
            "y": 40.33
        },
        "5": {
            "name": "Right Knee",
            "x": 65.58,
            "y": 42.5
        },
        "6": {
            "name": "Right Ankle",
            "x": 75.61,
            "y": 51.36
        },
        "7": {
            "name": "Center of Body",
            "x": 53.2,
            "y": 31.74
        },
        "8": {
            "name": "Center of Shoulder",
            "x": 54.92,
            "y": 21.56
        },
        "9": {
            "name": "Neck",
            "x": 54.93,
            "y": 20.62
        },
        "10": {
            "name": "Head",
            "x": 56.01,
            "y": 17.99
        },
        "11": {
            "name": "Right Shoulder",
            "x": 49.55,
            "y": 21.57
        },
        "12": {
            "name": "Right Elbow",
            "x": 38.22,
            "y": 27.2
        },
        "13": {
            "name": "Right Wrist",
            "x": 30.03,
            "y": 29.97
        },
        "14": {
            "name": "Left Shoulder",
            "x": 60.76,
            "y": 21.61
        },
        "15": {
            "name": "Left Elbow",
            "x": 69.23,
            "y": 29.12
        },
        "16": {
            "name": "Left Wrist",
            "x": 61.23,
            "y": 28.51
        }
    },
    "keypoint_3d": {
        "0": {
            "name": "Center of Hips",
            "x": 0.0,
            "y": 0.0,
            "z": 0.6257838606834412
        },
        "1": {
            "name": "Left Hip",
            "x": -0.0542963407933712,
            "y": 0.10081145167350769,
            "z": 0.6333969831466675
        },
        "2": {
            "name": "Left Knee",
            "x": 0.009361790493130684,
            "y": 0.1043078601360321,
            "z": 0.26173514127731323
        },
        "3": {
            "name": "Left Ankle",
            "x": 0.03900841996073723,
            "y": 0.08121632784605026,
            "z": 0.0
        },
        "4": {
            "name": "Right Hip",
            "x": 0.06799604743719101,
            "y": -0.07506576180458069,
            "z": 0.6327380537986755
        },
        "5": {
            "name": "Right Knee",
            "x": -0.2226552516222,
            "y": -0.09508536756038666,
            "z": 0.5492256879806519
        },
        "6": {
            "name": "Right Ankle",
            "x": -0.4668348729610443,
            "y": -0.06168937683105469,
            "z": 0.42663639783859253
        },
        "7": {
            "name": "Center of Body",
            "x": -0.007613143417984247,
            "y": 0.03596711903810501,
            "z": 0.7907248735427856
        },
        "8": {
            "name": "Center of Shoulder",
            "x": -0.06282535195350647,
            "y": -0.043249454349279404,
            "z": 0.9443720579147339
        },
        "9": {
            "name": "Neck",
            "x": -0.07872124016284943,
            "y": -0.0760251060128212,
            "z": 0.9491702914237976
        },
        "10": {
            "name": "Head",
            "x": -0.0868452787399292,
            "y": -0.07794725149869919,
            "z": 1.0
        },
        "11": {
            "name": "Right Shoulder",
            "x": 0.03622038662433624,
            "y": -0.057757217437028885,
            "z": 0.9356842637062073
        },
        "12": {
            "name": "Right Elbow",
            "x": 0.20952580869197845,
            "y": -0.05047447234392166,
            "z": 0.8466923236846924
        },
        "13": {
            "name": "Right Wrist",
            "x": 0.34910592436790466,
            "y": -0.13145360350608826,
            "z": 0.8008855581283569
        },
        "14": {
            "name": "Left Shoulder",
            "x": -0.1281171590089798,
            "y": 0.060380782932043076,
            "z": 0.9540781378746033
        },
        "15": {
            "name": "Left Elbow",
            "x": -0.2445203810930252,
            "y": 0.15212439000606537,
            "z": 0.84754478931427
        },
        "16": {
            "name": "Left Wrist",
            "x": -0.1714581400156021,
            "y": -0.0026822614017874002,
            "z": 0.8379827737808228
        }
    }
}