{
    "image_path": "00001/img/17.jpg",
    "shooter_tracklet_id": 8,
    "bbox": {
        "x": 292,
        "y": 501,
        "w": 100,
        "h": 100
    },
    "keypoint_2d": {
        "0": {
            "name": "Center of Hips",
            "x": 51.05,
            "y": 39.55
        },
        "1": {
            "name": "Left Hip",
            "x": 56.78,
            "y": 40.08
        },
        "2": {
            "name": "Left Knee",
            "x": 53.48,
            "y": 66.64
        },
        "3": {
            "name": "Left Ankle",
            "x": 48.38,
            "y": 81.03
        },
        "4": {
            "name": "Right Hip",
            "x": 45.07,
            "y": 39.26
        },
        "5": {
            "name": "Right Knee",
            "x": 65.27,
            "y": 42.73
        },
        "6": {
            "name": "Right Ankle",
            "x": 74.37,
            "y": 57.05
        },
        "7": {
            "name": "Center of Body",
            "x": 51.84,
            "y": 30.7
        },
        "8": {
            "name": "Center of Shoulder",
            "x": 53.19,
            "y": 20.39
        },
        "9": {
            "name": "Neck",
            "x": 53.12,
            "y": 19.12
        },
        "10": {
            "name": "Head",
            "x": 54.74,
            "y": 16.5
        },
        "11": {
            "name": "Right Shoulder",
            "x": 47.22,
            "y": 20.64
        },
        "12": {
            "name": "Right Elbow",
            "x": 37.61,
            "y": 26.74
        },
        "13": {
            "name": "Right Wrist",
            "x": 27.23,
            "y": 29.32
        },
        "14": {
            "name": "Left Shoulder",
            "x": 58.4,
            "y": 20.14
        },
        "15": {
            "name": "Left Elbow",
            "x": 63.78,
            "y": 29.24
        },
        "16": {
            "name": "Left Wrist",
            "x": 56.76,
            "y": 30.82
        }
    },
    "keypoint_3d": {
        "0": {
            "name": "Center of Hips",
            "x": 0.0,
            "y": 0.0,
            "z": 0.6271263360977173
        },
        "1": {
            "name": "Left Hip",
            "x": -0.052090469747781754,
            "y": 0.09707564860582352,
            "z": 0.6352341771125793
        },
        "2": {
            "name": "Left Knee",
            "x": 0.0013150310842320323,
            "y": 0.11554541438817978,
            "z": 0.24672019481658936
        },
        "3": {
            "name": "Left Ankle",
            "x": 0.047373589128255844,
            "y": 0.08701909333467484,
            "z": 0.0
        },
        "4": {
            "name": "Right Hip",
            "x": 0.06009821593761444,
            "y": -0.07644253224134445,
            "z": 0.6313889622688293
        },
        "5": {
            "name": "Right Knee",
            "x": -0.2589664161205292,
            "y": -0.02166503109037876,
            "z": 0.5611746907234192
        },
        "6": {
            "name": "Right Ankle",
            "x": -0.4428035020828247,
            "y": 0.029786592349410057,
            "z": 0.34965980052948
        },
        "7": {
            "name": "Center of Body",
            "x": -0.0005207920330576599,
            "y": 0.02697855420410633,
            "z": 0.798112154006958
        },
        "8": {
            "name": "Center of Shoulder",
            "x": -0.04985135421156883,
            "y": -0.04429016634821892,
            "z": 0.9415355920791626
        },
        "9": {
            "name": "Neck",
            "x": -0.07111051678657532,
            "y": -0.08074089884757996,
            "z": 0.9516807794570923
        },
        "10": {
            "name": "Head",
            "x": -0.08575034886598587,
            "y": -0.07650686055421829,
            "z": 1.0
        },
        "11": {
            "name": "Right Shoulder",
            "x": 0.037285324186086655,
            "y": -0.07145766913890839,
            "z": 0.9304583668708801
        },
        "12": {
            "name": "Right Elbow",
            "x": 0.2144775241613388,
            "y": -0.07149448245763779,
            "z": 0.8392153978347778
        },
        "13": {
            "name": "Right Wrist",
            "x": 0.3568100035190582,
            "y": -0.14510613679885864,
            "z": 0.790806233882904
        },
        "14": {
            "name": "Left Shoulder",
            "x": -0.1074407547712326,
            "y": 0.05207348242402077,
            "z": 0.9566810727119446
        },
        "15": {
            "name": "Left Elbow",
            "x": -0.1649838238954544,
            "y": 0.189173623919487,
            "z": 0.8418343663215637
        },
        "16": {
            "name": "Left Wrist",
            "x": -0.10584628582000732,
            "y": 0.0211978480219841,
            "z": 0.7967970967292786
        }
    }
}