{
    "image_path": "00001/img/18.jpg",
    "shooter_tracklet_id": 8,
    "bbox": {
        "x": 284,
        "y": 506,
        "w": 100,
        "h": 100
    },
    "keypoint_2d": {
        "0": {
            "name": "Center of Hips",
            "x": 45.58,
            "y": 45.07
        },
        "1": {
            "name": "Left Hip",
            "x": 51.18,
            "y": 45.1
        },
        "2": {
            "name": "Left Knee",
            "x": 47.78,
            "y": 71.04
        },
        "3": {
            "name": "Left Ankle",
            "x": 43.12,
            "y": 88.86
        },
        "4": {
            "name": "Right Hip",
            "x": 40.06,
            "y": 44.98
        },
        "5": {
            "name": "Right Knee",
            "x": 61.21,
            "y": 52.13
        },
        "6": {
            "name": "Right Ankle",
            "x": 64.91,
            "y": 67.62
        },
        "7": {
            "name": "Center of Body",
            "x": 46.35,
            "y": 36.25
        },
        "8": {
            "name": "Center of Shoulder",
            "x": 44.85,
            "y": 26.77
        },
        "9": {
            "name": "Neck",
            "x": 45.56,
            "y": 25.34
        },
        "10": {
            "name": "Head",
            "x": 48.73,
            "y": 23.2
        },
        "11": {
            "name": "Right Shoulder",
            "x": 39.69,
            "y": 27.88
        },
        "12": {
            "name": "Right Elbow",
            "x": 28.62,
            "y": 34.31
        },
        "13": {
            "name": "Right Wrist",
            "x": 18.31,
            "y": 37.55
        },
        "14": {
            "name": "Left Shoulder",
            "x": 51.03,
            "y": 27.03
        },
        "15": {
            "name": "Left Elbow",
            "x": 54.76,
            "y": 36.29
        },
        "16": {
            "name": "Left Wrist",
            "x": 48.04,
            "y": 39.66
        }
    },
    "keypoint_3d": {
        "0": {
            "name": "Center of Hips",
            "x": 0.0,
            "y": 0.0,
            "z": 0.6608020067214966
        },
        "1": {
            "name": "Left Hip",
            "x": -0.04754645377397537,
            "y": 0.1005605161190033,
            "z": 0.6719082593917847
        },
        "2": {
            "name": "Left Knee",
            "x": 0.019810380414128304,
            "y": 0.15720239281654358,
            "z": 0.28665560483932495
        },
        "3": {
            "name": "Left Ankle",
            "x": 0.10445841401815414,
            "y": 0.1885811686515808,
            "z": 0.0
        },
        "4": {
            "name": "Right Hip",
            "x": 0.04982767254114151,
            "y": -0.08017789572477341,
            "z": 0.6573507189750671
        },
        "5": {
            "name": "Right Knee",
            "x": -0.27149805426597595,
            "y": -0.014300710521638393,
            "z": 0.5295010209083557
        },
        "6": {
            "name": "Right Ankle",
            "x": -0.3652067482471466,
            "y": 0.028545226901769638,
            "z": 0.26790568232536316
        },
        "7": {
            "name": "Center of Body",
            "x": 0.000422733835875988,
            "y": -0.002170747146010399,
            "z": 0.8167935013771057
        },
        "8": {
            "name": "Center of Shoulder",
            "x": -0.0303896963596344,
            "y": -0.11656457185745239,
            "z": 0.9554125070571899
        },
        "9": {
            "name": "Neck",
            "x": -0.06282555311918259,
            "y": -0.15053701400756836,
            "z": 0.9527139067649841
        },
        "10": {
            "name": "Head",
            "x": -0.09411559253931046,
            "y": -0.12731455266475677,
            "z": 1.0
        },
        "11": {
            "name": "Right Shoulder",
            "x": 0.05309275537729263,
            "y": -0.1353389471769333,
            "z": 0.919472873210907
        },
        "12": {
            "name": "Right Elbow",
            "x": 0.2334672063589096,
            "y": -0.13844749331474304,
            "z": 0.8220195174217224
        },
        "13": {
            "name": "Right Wrist",
            "x": 0.39748746156692505,
            "y": -0.19186566770076752,
            "z": 0.7757400274276733
        },
        "14": {
            "name": "Left Shoulder",
            "x": -0.09870947897434235,
            "y": -0.036215890198946,
            "z": 0.9490985870361328
        },
        "15": {
            "name": "Left Elbow",
            "x": -0.1035502701997757,
            "y": 0.11732590198516846,
            "z": 0.8337606191635132
        },
        "16": {
            "name": "Left Wrist",
            "x": -0.051402997225522995,
            "y": -0.021655192598700523,
            "z": 0.7609319090843201
        }
    }
}