{
    "image_path": "00001/img/19.jpg",
    "shooter_tracklet_id": 8,
    "bbox": {
        "x": 281,
        "y": 505,
        "w": 100,
        "h": 100
    },
    "keypont_2d": {
        "0": {
            "name": "Center of Hips",
            "x": 45.44,
            "y": 49.82
        },
        "1": {
            "name": "Left Hip",
            "x": 49.93,
            "y": 49.95
        },
        "2": {
            "name": "Left Knee",
            "x": 46.85,
            "y": 75.38
        },
        "3": {
            "name": "Left Ankle",
            "x": 42.1,
            "y": 90.61
        },
        "4": {
            "name": "Right Hip",
            "x": 40.21,
            "y": 49.86
        },
        "5": {
            "name": "Right Knee",
            "x": 61.62,
            "y": 58.14
        },
        "6": {
            "name": "Right Ankle",
            "x": 61.32,
            "y": 74.81
        },
        "7": {
            "name": "Center of Body",
            "x": 44.47,
            "y": 39.14
        },
        "8": {
            "name": "Center of Shoulder",
            "x": 44.05,
            "y": 28.53
        },
        "9": {
            "name": "Neck",
            "x": 44.24,
            "y": 26.81
        },
        "10": {
            "name": "Head",
            "x": 46.95,
            "y": 25.23
        },
        "11": {
            "name": "Right Shoulder",
            "x": 39.09,
            "y": 30.25
        },
        "12": {
            "name": "Right Elbow",
            "x": 27.79,
            "y": 36.95
        },
        "13": {
            "name": "Right Wrist",
            "x": 17.35,
            "y": 41.51
        },
        "14": {
            "name": "Left Shoulder",
            "x": 51.31,
            "y": 29.13
        },
        "15": {
            "name": "Left Elbow",
            "x": 53.24,
            "y": 39.8
        },
        "16": {
            "name": "Left Wrist",
            "x": 48.74,
            "y": 43.76
        }
    },
    "keypont_3d": {
        "0": {
            "name": "Center of Hips",
            "x": 0.0,
            "y": 0.0,
            "z": 0.629017174243927
        },
        "1": {
            "name": "Left Hip",
            "x": -0.03603583574295044,
            "y": 0.11231064796447754,
            "z": 0.6434595584869385
        },
        "2": {
            "name": "Left Knee",
            "x": 0.023831916972994804,
            "y": 0.15204502642154694,
            "z": 0.26341187953948975
        },
        "3": {
            "name": "Left Ankle",
            "x": 0.09224505722522736,
            "y": 0.14551019668579102,
            "z": 0.0
        },
        "4": {
            "name": "Right Hip",
            "x": 0.03740832209587097,
            "y": -0.08325432986021042,
            "z": 0.6204880475997925
        },
        "5": {
            "name": "Right Knee",
            "x": -0.28283700346946716,
            "y": -0.004968146327883005,
            "z": 0.48393115401268005
        },
        "6": {
            "name": "Right Ankle",
            "x": -0.3274439871311188,
            "y": 0.016682341694831848,
            "z": 0.20165568590164185
        },
        "7": {
            "name": "Center of Body",
            "x": 0.011056454852223396,
            "y": -0.009046218357980251,
            "z": 0.8010692000389099
        },
        "8": {
            "name": "Center of Shoulder",
            "x": -0.013867500238120556,
            "y": -0.09322826564311981,
            "z": 0.9453853964805603
        },
        "9": {
            "name": "Neck",
            "x": -0.04337956756353378,
            "y": -0.13886117935180664,
            "z": 0.9516087770462036
        },
        "10": {
            "name": "Head",
            "x": -0.07205335050821304,
            "y": -0.11701729148626328,
            "z": 1.0
        },
        "11": {
            "name": "Right Shoulder",
            "x": 0.060281846672296524,
            "y": -0.11911097913980484,
            "z": 0.911873996257782
        },
        "12": {
            "name": "Right Elbow",
            "x": 0.24519473314285278,
            "y": -0.13234259188175201,
            "z": 0.8130258917808533
        },
        "13": {
            "name": "Right Wrist",
            "x": 0.40452611446380615,
            "y": -0.20217075943946838,
            "z": 0.7497506141662598
        },
        "14": {
            "name": "Left Shoulder",
            "x": -0.09032696485519409,
            "y": -0.011008906178176403,
            "z": 0.9453507661819458
        },
        "15": {
            "name": "Left Elbow",
            "x": -0.07993607968091965,
            "y": 0.12959495186805725,
            "z": 0.8204113841056824
        },
        "16": {
            "name": "Left Wrist",
            "x": -0.039185501635074615,
            "y": 0.016011875122785568,
            "z": 0.7317421436309814
        }
    }
}