{
    "image_path": "00001/img/20.jpg",
    "shooter_tracklet_id": 8,
    "bbox": {
        "x": 286,
        "y": 494,
        "w": 100,
        "h": 100
    },
    "keypont_2d": {
        "0": {
            "name": "Center of Hips",
            "x": 52.33,
            "y": 45.53
        },
        "1": {
            "name": "Left Hip",
            "x": 56.35,
            "y": 44.88
        },
        "2": {
            "name": "Left Knee",
            "x": 53.42,
            "y": 70.34
        },
        "3": {
            "name": "Left Ankle",
            "x": 50.0,
            "y": 85.98
        },
        "4": {
            "name": "Right Hip",
            "x": 48.77,
            "y": 47.07
        },
        "5": {
            "name": "Right Knee",
            "x": 69.91,
            "y": 57.36
        },
        "6": {
            "name": "Right Ankle",
            "x": 67.6,
            "y": 73.08
        },
        "7": {
            "name": "Center of Body",
            "x": 51.75,
            "y": 34.67
        },
        "8": {
            "name": "Center of Shoulder",
            "x": 51.99,
            "y": 25.51
        },
        "9": {
            "name": "Neck",
            "x": 51.59,
            "y": 23.84
        },
        "10": {
            "name": "Head",
            "x": 54.47,
            "y": 19.76
        },
        "11": {
            "name": "Right Shoulder",
            "x": 45.96,
            "y": 26.85
        },
        "12": {
            "name": "Right Elbow",
            "x": 36.16,
            "y": 34.49
        },
        "13": {
            "name": "Right Wrist",
            "x": 27.73,
            "y": 37.84
        },
        "14": {
            "name": "Left Shoulder",
            "x": 58.49,
            "y": 24.71
        },
        "15": {
            "name": "Left Elbow",
            "x": 62.67,
            "y": 34.51
        },
        "16": {
            "name": "Left Wrist",
            "x": 59.45,
            "y": 40.52
        }
    },
    "keypont_3d": {
        "0": {
            "name": "Center of Hips",
            "x": 0.0,
            "y": 0.0,
            "z": 0.6179642677307129
        },
        "1": {
            "name": "Left Hip",
            "x": -0.016119185835123062,
            "y": 0.1231347844004631,
            "z": 0.6425074934959412
        },
        "2": {
            "name": "Left Knee",
            "x": 0.03306273743510246,
            "y": 0.1375998705625534,
            "z": 0.2701644003391266
        },
        "3": {
            "name": "Left Ankle",
            "x": 0.0743168517947197,
            "y": 0.10300137847661972,
            "z": 0.0
        },
        "4": {
            "name": "Right Hip",
            "x": 0.02616174891591072,
            "y": -0.08241807669401169,
            "z": 0.6002272367477417
        },
        "5": {
            "name": "Right Knee",
            "x": -0.2728387713432312,
            "y": 0.04476019740104675,
            "z": 0.43900734186172485
        },
        "6": {
            "name": "Right Ankle",
            "x": -0.28704890608787537,
            "y": 0.0299764946103096,
            "z": 0.16437901556491852
        },
        "7": {
            "name": "Center of Body",
            "x": 0.02152090147137642,
            "y": -0.010626685805618763,
            "z": 0.7900004386901855
        },
        "8": {
            "name": "Center of Shoulder",
            "x": -0.00954395905137062,
            "y": -0.0735710859298706,
            "z": 0.9350818395614624
        },
        "9": {
            "name": "Neck",
            "x": -0.029128095135092735,
            "y": -0.12367264181375504,
            "z": 0.9435474276542664
        },
        "10": {
            "name": "Head",
            "x": -0.05923892557621002,
            "y": -0.10633692890405655,
            "z": 1.0
        },
        "11": {
            "name": "Right Shoulder",
            "x": 0.06935113668441772,
            "y": -0.1088373139500618,
            "z": 0.9008234143257141
        },
        "12": {
            "name": "Right Elbow",
            "x": 0.22906547784805298,
            "y": -0.12116140127182007,
            "z": 0.7889002561569214
        },
        "13": {
            "name": "Right Wrist",
            "x": 0.33754780888557434,
            "y": -0.21147727966308594,
            "z": 0.7279937863349915
        },
        "14": {
            "name": "Left Shoulder",
            "x": -0.08416872471570969,
            "y": 0.008540700189769268,
            "z": 0.9451261162757874
        },
        "15": {
            "name": "Left Elbow",
            "x": -0.09197553247213364,
            "y": 0.14891918003559113,
            "z": 0.8278059959411621
        },
        "16": {
            "name": "Left Wrist",
            "x": -0.08064284175634384,
            "y": 0.04507758095860481,
            "z": 0.7176440358161926
        }
    }
}