{
    "image_path": "00009/img/1.jpg",
    "shooter_tracklet_id": 9,
    "bbox": {
        "x": 310,
        "y": 556,
        "w": 100,
        "h": 100
    },
    "keypont_2d": {
        "0": {
            "name": "Center of Hips",
            "x": 45.38,
            "y": 50.43
        },
        "1": {
            "name": "Left Hip",
            "x": 39.3,
            "y": 51.06
        },
        "2": {
            "name": "Left Knee",
            "x": 42.76,
            "y": 61.47
        },
        "3": {
            "name": "Left Ankle",
            "x": 41.66,
            "y": 71.53
        },
        "4": {
            "name": "Right Hip",
            "x": 49.58,
            "y": 50.43
        },
        "5": {
            "name": "Right Knee",
            "x": 63.99,
            "y": 62.33
        },
        "6": {
            "name": "Right Ankle",
            "x": 62.88,
            "y": 75.83
        },
        "7": {
            "name": "Center of Body",
            "x": 44.33,
            "y": 39.94
        },
        "8": {
            "name": "Center of Shoulder",
            "x": 46.69,
            "y": 30.12
        },
        "9": {
            "name": "Neck",
            "x": 46.9,
            "y": 29.0
        },
        "10": {
            "name": "Head",
            "x": 46.93,
            "y": 26.01
        },
        "11": {
            "name": "Right Shoulder",
            "x": 53.02,
            "y": 29.35
        },
        "12": {
            "name": "Right Elbow",
            "x": 55.28,
            "y": 42.21
        },
        "13": {
            "name": "Right Wrist",
            "x": 61.66,
            "y": 45.03
        },
        "14": {
            "name": "Left Shoulder",
            "x": 41.56,
            "y": 31.39
        },
        "15": {
            "name": "Left Elbow",
            "x": 37.45,
            "y": 39.77
        },
        "16": {
            "name": "Left Wrist",
            "x": 37.65,
            "y": 46.55
        }
    },
    "keypont_3d": {
        "0": {
            "name": "Center of Hips",
            "x": 0.0,
            "y": 0.0,
            "z": 0.5010163187980652
        },
        "1": {
            "name": "Left Hip",
            "x": 0.10471512377262115,
            "y": -0.01043903362005949,
            "z": 0.4922332763671875
        },
        "2": {
            "name": "Left Knee",
            "x": 0.1463150829076767,
            "y": 0.21835312247276306,
            "z": 0.2866481840610504
        },
        "3": {
            "name": "Left Ankle",
            "x": 0.06524103879928589,
            "y": 0.02618870697915554,
            "z": 0.06297298520803452
        },
        "4": {
            "name": "Right Hip",
            "x": -0.1164260059595108,
            "y": -0.009668655693531036,
            "z": 0.49644801020622253
        },
        "5": {
            "name": "Right Knee",
            "x": -0.31859728693962097,
            "y": 0.2298557609319687,
            "z": 0.284403532743454
        },
        "6": {
            "name": "Right Ankle",
            "x": -0.34234288334846497,
            "y": 0.19611944258213043,
            "z": 0.0
        },
        "7": {
            "name": "Center of Body",
            "x": 0.012059345841407776,
            "y": -0.02353949472308159,
            "z": 0.6994459629058838
        },
        "8": {
            "name": "Center of Shoulder",
            "x": -0.00935240089893341,
            "y": 0.02196325734257698,
            "z": 0.8897628784179688
        },
        "9": {
            "name": "Neck",
            "x": 0.009027316235005856,
            "y": 0.08201026171445847,
            "z": 0.9317882061004639
        },
        "10": {
            "name": "Head",
            "x": 0.019366692751646042,
            "y": 0.092566579580307,
            "z": 1.0
        },
        "11": {
            "name": "Right Shoulder",
            "x": -0.14579781889915466,
            "y": 0.02254815213382244,
            "z": 0.8806220889091492
        },
        "12": {
            "name": "Right Elbow",
            "x": -0.21304184198379517,
            "y": 0.027132634073495865,
            "z": 0.6487044095993042
        },
        "13": {
            "name": "Right Wrist",
            "x": -0.2794327139854431,
            "y": 0.1778068095445633,
            "z": 0.6138956546783447
        },
        "14": {
            "name": "Left Shoulder",
            "x": 0.09652817994356155,
            "y": 0.020287344232201576,
            "z": 0.8788847923278809
        },
        "15": {
            "name": "Left Elbow",
            "x": 0.21305721998214722,
            "y": 0.045360017567873,
            "z": 0.7291442155838013
        },
        "16": {
            "name": "Left Wrist",
            "x": 0.2531282603740692,
            "y": 0.18436786532402039,
            "z": 0.6254842281341553
        }
    }
}