{
    "image_path": "00009/img/2.jpg",
    "shooter_tracklet_id": 9,
    "bbox": {
        "x": 312,
        "y": 557,
        "w": 100,
        "h": 100
    },
    "keypont_2d": {
        "0": {
            "name": "Center of Hips",
            "x": 48.65,
            "y": 48.71
        },
        "1": {
            "name": "Left Hip",
            "x": 43.74,
            "y": 49.45
        },
        "2": {
            "name": "Left Knee",
            "x": 44.72,
            "y": 63.8
        },
        "3": {
            "name": "Left Ankle",
            "x": 41.66,
            "y": 71.9
        },
        "4": {
            "name": "Right Hip",
            "x": 55.39,
            "y": 47.75
        },
        "5": {
            "name": "Right Knee",
            "x": 66.57,
            "y": 62.09
        },
        "6": {
            "name": "Right Ankle",
            "x": 65.09,
            "y": 76.07
        },
        "7": {
            "name": "Center of Body",
            "x": 48.77,
            "y": 38.4
        },
        "8": {
            "name": "Center of Shoulder",
            "x": 49.22,
            "y": 28.41
        },
        "9": {
            "name": "Neck",
            "x": 49.02,
            "y": 27.36
        },
        "10": {
            "name": "Head",
            "x": 47.91,
            "y": 24.66
        },
        "11": {
            "name": "Right Shoulder",
            "x": 55.25,
            "y": 26.88
        },
        "12": {
            "name": "Right Elbow",
            "x": 59.33,
            "y": 39.26
        },
        "13": {
            "name": "Right Wrist",
            "x": 68.06,
            "y": 44.46
        },
        "14": {
            "name": "Left Shoulder",
            "x": 44.25,
            "y": 29.72
        },
        "15": {
            "name": "Left Elbow",
            "x": 39.2,
            "y": 40.12
        },
        "16": {
            "name": "Left Wrist",
            "x": 37.59,
            "y": 47.42
        }
    },
    "keypont_3d": {
        "0": {
            "name": "Center of Hips",
            "x": 0.0,
            "y": 0.0,
            "z": 0.515794575214386
        },
        "1": {
            "name": "Left Hip",
            "x": 0.10712757706642151,
            "y": -0.011682047508656979,
            "z": 0.504932165145874
        },
        "2": {
            "name": "Left Knee",
            "x": 0.15922331809997559,
            "y": 0.17671769857406616,
            "z": 0.2716195285320282
        },
        "3": {
            "name": "Left Ankle",
            "x": 0.10040721297264099,
            "y": -0.02806691825389862,
            "z": 0.06315620988607407
        },
        "4": {
            "name": "Right Hip",
            "x": -0.112416572868824,
            "y": 0.010552257299423218,
            "z": 0.5225896835327148
        },
        "5": {
            "name": "Right Knee",
            "x": -0.2818020284175873,
            "y": 0.22136957943439484,
            "z": 0.28922539949417114
        },
        "6": {
            "name": "Right Ankle",
            "x": -0.2973722815513611,
            "y": 0.16665592789649963,
            "z": 0.0
        },
        "7": {
            "name": "Center of Body",
            "x": 0.013723822310566902,
            "y": -0.025249991565942764,
            "z": 0.7098118662834167
        },
        "8": {
            "name": "Center of Shoulder",
            "x": 0.018021298572421074,
            "y": 0.015860801562666893,
            "z": 0.8980933427810669
        },
        "9": {
            "name": "Neck",
            "x": 0.04304434731602669,
            "y": 0.07217990607023239,
            "z": 0.9390907287597656
        },
        "10": {
            "name": "Head",
            "x": 0.07222691178321838,
            "y": 0.08826277405023575,
            "z": 1.0
        },
        "11": {
            "name": "Right Shoulder",
            "x": -0.11748938262462616,
            "y": 0.015693018212914467,
            "z": 0.8979119658470154
        },
        "12": {
            "name": "Right Elbow",
            "x": -0.20406284928321838,
            "y": 0.01931799203157425,
            "z": 0.6781575083732605
        },
        "13": {
            "name": "Right Wrist",
            "x": -0.30978384613990784,
            "y": 0.14310863614082336,
            "z": 0.608675479888916
        },
        "14": {
            "name": "Left Shoulder",
            "x": 0.11645714938640594,
            "y": 0.0027511639054864645,
            "z": 0.8804187178611755
        },
        "15": {
            "name": "Left Elbow",
            "x": 0.22318562865257263,
            "y": -0.0029952581971883774,
            "z": 0.6966189742088318
        },
        "16": {
            "name": "Left Wrist",
            "x": 0.28476372361183167,
            "y": 0.10492352396249771,
            "z": 0.5823510885238647
        }
    }
}