{
    "image_path": "00009/img/3.jpg",
    "shooter_tracklet_id": 9,
    "bbox": {
        "x": 311,
        "y": 562,
        "w": 100,
        "h": 100
    },
    "keypoint_2d": {
        "0": {
            "name": "Center of Hips",
            "x": 48.48,
            "y": 49.24
        },
        "1": {
            "name": "Left Hip",
            "x": 42.64,
            "y": 50.18
        },
        "2": {
            "name": "Left Knee",
            "x": 42.15,
            "y": 63.07
        },
        "3": {
            "name": "Left Ankle",
            "x": 38.83,
            "y": 73.87
        },
        "4": {
            "name": "Right Hip",
            "x": 54.79,
            "y": 48.56
        },
        "5": {
            "name": "Right Knee",
            "x": 64.85,
            "y": 63.07
        },
        "6": {
            "name": "Right Ankle",
            "x": 63.99,
            "y": 75.09
        },
        "7": {
            "name": "Center of Body",
            "x": 47.55,
            "y": 38.53
        },
        "8": {
            "name": "Center of Shoulder",
            "x": 47.51,
            "y": 28.91
        },
        "9": {
            "name": "Neck",
            "x": 47.82,
            "y": 27.48
        },
        "10": {
            "name": "Head",
            "x": 48.72,
            "y": 23.57
        },
        "11": {
            "name": "Right Shoulder",
            "x": 54.73,
            "y": 28.55
        },
        "12": {
            "name": "Right Elbow",
            "x": 58.96,
            "y": 41.23
        },
        "13": {
            "name": "Right Wrist",
            "x": 67.42,
            "y": 45.64
        },
        "14": {
            "name": "Left Shoulder",
            "x": 42.72,
            "y": 29.74
        },
        "15": {
            "name": "Left Elbow",
            "x": 39.32,
            "y": 42.09
        },
        "16": {
            "name": "Left Wrist",
            "x": 41.29,
            "y": 48.59
        }
    },
    "keypoint_3d": {
        "0": {
            "name": "Center of Hips",
            "x": 0.0,
            "y": 0.0,
            "z": 0.5107680559158325
        },
        "1": {
            "name": "Left Hip",
            "x": 0.10863663256168365,
            "y": -0.02192724496126175,
            "z": 0.49652406573295593
        },
        "2": {
            "name": "Left Knee",
            "x": 0.2054259032011032,
            "y": 0.16570059955120087,
            "z": 0.2554553151130676
        },
        "3": {
            "name": "Left Ankle",
            "x": 0.17716851830482483,
            "y": -0.03235004097223282,
            "z": 0.03440716117620468
        },
        "4": {
            "name": "Right Hip",
            "x": -0.11118551343679428,
            "y": 0.026290496811270714,
            "z": 0.5214701294898987
        },
        "5": {
            "name": "Right Knee",
            "x": -0.24827827513217926,
            "y": 0.21862909197807312,
            "z": 0.2710455060005188
        },
        "6": {
            "name": "Right Ankle",
            "x": -0.2912033498287201,
            "y": 0.12196265161037445,
            "z": 0.0
        },
        "7": {
            "name": "Center of Body",
            "x": 0.01688259281218052,
            "y": -0.02906009741127491,
            "z": 0.7042763233184814
        },
        "8": {
            "name": "Center of Shoulder",
            "x": 0.036245498806238174,
            "y": 0.009234429337084293,
            "z": 0.8903358578681946
        },
        "9": {
            "name": "Neck",
            "x": 0.0648808553814888,
            "y": 0.06564146280288696,
            "z": 0.9345816969871521
        },
        "10": {
            "name": "Head",
            "x": 0.07461212575435638,
            "y": 0.08080942183732986,
            "z": 1.0
        },
        "11": {
            "name": "Right Shoulder",
            "x": -0.09625306725502014,
            "y": 0.024720262736082077,
            "z": 0.8859604597091675
        },
        "12": {
            "name": "Right Elbow",
            "x": -0.18564830720424652,
            "y": 0.0466625951230526,
            "z": 0.6653158664703369
        },
        "13": {
            "name": "Right Wrist",
            "x": -0.3121475577354431,
            "y": 0.14743858575820923,
            "z": 0.5825114846229553
        },
        "14": {
            "name": "Left Shoulder",
            "x": 0.1270405650138855,
            "y": -0.014153133146464825,
            "z": 0.8667946457862854
        },
        "15": {
            "name": "Left Elbow",
            "x": 0.2132529467344284,
            "y": -0.0038048592396080494,
            "z": 0.6565542221069336
        },
        "16": {
            "name": "Left Wrist",
            "x": 0.2588566839694977,
            "y": 0.11302889883518219,
            "z": 0.5520716309547424
        }
    }
}