{
    "image_path": "00009/img/4.jpg",
    "shooter_tracklet_id": 9,
    "bbox": {
        "x": 309,
        "y": 564,
        "w": 100,
        "h": 100
    },
    "keypoint_2d": {
        "0": {
            "name": "Center of Hips",
            "x": 49.44,
            "y": 51.31
        },
        "1": {
            "name": "Left Hip",
            "x": 44.87,
            "y": 52.6
        },
        "2": {
            "name": "Left Knee",
            "x": 45.46,
            "y": 64.3
        },
        "3": {
            "name": "Left Ankle",
            "x": 40.31,
            "y": 75.22
        },
        "4": {
            "name": "Right Hip",
            "x": 57.31,
            "y": 49.98
        },
        "5": {
            "name": "Right Knee",
            "x": 66.81,
            "y": 61.84
        },
        "6": {
            "name": "Right Ankle",
            "x": 65.58,
            "y": 75.95
        },
        "7": {
            "name": "Center of Body",
            "x": 48.77,
            "y": 41.59
        },
        "8": {
            "name": "Center of Shoulder",
            "x": 48.65,
            "y": 32.64
        },
        "9": {
            "name": "Neck",
            "x": 48.94,
            "y": 30.03
        },
        "10": {
            "name": "Head",
            "x": 50.0,
            "y": 27.24
        },
        "11": {
            "name": "Right Shoulder",
            "x": 55.15,
            "y": 31.53
        },
        "12": {
            "name": "Right Elbow",
            "x": 62.39,
            "y": 42.94
        },
        "13": {
            "name": "Right Wrist",
            "x": 70.0,
            "y": 44.42
        },
        "14": {
            "name": "Left Shoulder",
            "x": 44.49,
            "y": 33.65
        },
        "15": {
            "name": "Left Elbow",
            "x": 39.57,
            "y": 45.52
        },
        "16": {
            "name": "Left Wrist",
            "x": 43.13,
            "y": 49.82
        }
    },
    "keypoint_3d": {
        "0": {
            "name": "Center of Hips",
            "x": 0.0,
            "y": 0.0,
            "z": 0.5004535913467407
        },
        "1": {
            "name": "Left Hip",
            "x": 0.11363936215639114,
            "y": -0.020371634513139725,
            "z": 0.4797450006008148
        },
        "2": {
            "name": "Left Knee",
            "x": 0.23165050148963928,
            "y": 0.22494839131832123,
            "z": 0.26477131247520447
        },
        "3": {
            "name": "Left Ankle",
            "x": 0.23184452950954437,
            "y": 0.018621305003762245,
            "z": 0.021158922463655472
        },
        "4": {
            "name": "Right Hip",
            "x": -0.11802863329648972,
            "y": 0.02194395661354065,
            "z": 0.5148506164550781
        },
        "5": {
            "name": "Right Knee",
            "x": -0.23786450922489166,
            "y": 0.28982922434806824,
            "z": 0.29914286732673645
        },
        "6": {
            "name": "Right Ankle",
            "x": -0.28372934460639954,
            "y": 0.15641967952251434,
            "z": 0.0
        },
        "7": {
            "name": "Center of Body",
            "x": 0.028946463018655777,
            "y": -0.03883904218673706,
            "z": 0.6908887028694153
        },
        "8": {
            "name": "Center of Shoulder",
            "x": 0.06211618334054947,
            "y": 0.017953576520085335,
            "z": 0.8820247054100037
        },
        "9": {
            "name": "Neck",
            "x": 0.08219539374113083,
            "y": 0.07203930616378784,
            "z": 0.932471513748169
        },
        "10": {
            "name": "Head",
            "x": 0.07654024660587311,
            "y": 0.08803346753120422,
            "z": 1.0
        },
        "11": {
            "name": "Right Shoulder",
            "x": -0.07291880995035172,
            "y": 0.041645441204309464,
            "z": 0.8767473697662354
        },
        "12": {
            "name": "Right Elbow",
            "x": -0.19073499739170074,
            "y": 0.09678471833467484,
            "z": 0.6712610721588135
        },
        "13": {
            "name": "Right Wrist",
            "x": -0.300320029258728,
            "y": 0.240885391831398,
            "z": 0.6289395093917847
        },
        "14": {
            "name": "Left Shoulder",
            "x": 0.1493852138519287,
            "y": -0.006518449634313583,
            "z": 0.8493293523788452
        },
        "15": {
            "name": "Left Elbow",
            "x": 0.24473845958709717,
            "y": 0.003851914079859853,
            "z": 0.6300560832023621
        },
        "16": {
            "name": "Left Wrist",
            "x": 0.24931061267852783,
            "y": 0.1461440473794937,
            "z": 0.5551488399505615
        }
    }
}