{
    "image_path": "00009/img/5.jpg",
    "shooter_tracklet_id": 9,
    "bbox": {
        "x": 309,
        "y": 567,
        "w": 100,
        "h": 100
    },
    "keypont_2d": {
        "0": {
            "name": "Center of Hips",
            "x": 50.81,
            "y": 50.22
        },
        "1": {
            "name": "Left Hip",
            "x": 45.12,
            "y": 51.32
        },
        "2": {
            "name": "Left Knee",
            "x": 45.95,
            "y": 64.79
        },
        "3": {
            "name": "Left Ankle",
            "x": 42.39,
            "y": 74.72
        },
        "4": {
            "name": "Right Hip",
            "x": 58.53,
            "y": 48.62
        },
        "5": {
            "name": "Right Knee",
            "x": 67.67,
            "y": 61.96
        },
        "6": {
            "name": "Right Ankle",
            "x": 65.58,
            "y": 74.85
        },
        "7": {
            "name": "Center of Body",
            "x": 49.75,
            "y": 39.02
        },
        "8": {
            "name": "Center of Shoulder",
            "x": 49.73,
            "y": 32.43
        },
        "9": {
            "name": "Neck",
            "x": 49.75,
            "y": 29.82
        },
        "10": {
            "name": "Head",
            "x": 52.22,
            "y": 25.3
        },
        "11": {
            "name": "Right Shoulder",
            "x": 56.97,
            "y": 31.59
        },
        "12": {
            "name": "Right Elbow",
            "x": 62.52,
            "y": 41.84
        },
        "13": {
            "name": "Right Wrist",
            "x": 71.29,
            "y": 45.73
        },
        "14": {
            "name": "Left Shoulder",
            "x": 44.6,
            "y": 33.86
        },
        "15": {
            "name": "Left Elbow",
            "x": 43.01,
            "y": 43.93
        },
        "16": {
            "name": "Left Wrist",
            "x": 44.48,
            "y": 47.52
        }
    },
    "keypont_3d": {
        "0": {
            "name": "Center of Hips",
            "x": 0.0,
            "y": 0.0,
            "z": 0.500797688961029
        },
        "1": {
            "name": "Left Hip",
            "x": 0.11573746055364609,
            "y": -0.02267187274992466,
            "z": 0.47602760791778564
        },
        "2": {
            "name": "Left Knee",
            "x": 0.2203201949596405,
            "y": 0.21559610962867737,
            "z": 0.25026410818099976
        },
        "3": {
            "name": "Left Ankle",
            "x": 0.21957819163799286,
            "y": 0.013021733611822128,
            "z": 0.01312518585473299
        },
        "4": {
            "name": "Right Hip",
            "x": -0.11754587292671204,
            "y": 0.024582218378782272,
            "z": 0.5184729099273682
        },
        "5": {
            "name": "Right Knee",
            "x": -0.2293170988559723,
            "y": 0.2810617983341217,
            "z": 0.295909583568573
        },
        "6": {
            "name": "Right Ankle",
            "x": -0.26476117968559265,
            "y": 0.1457490473985672,
            "z": 0.0
        },
        "7": {
            "name": "Center of Body",
            "x": 0.03287646546959877,
            "y": -0.03997662663459778,
            "z": 0.6905909180641174
        },
        "8": {
            "name": "Center of Shoulder",
            "x": 0.07633655518293381,
            "y": 0.03367961198091507,
            "z": 0.8698024153709412
        },
        "9": {
            "name": "Neck",
            "x": 0.09522875398397446,
            "y": 0.08387204259634018,
            "z": 0.9225189089775085
        },
        "10": {
            "name": "Head",
            "x": 0.07234266400337219,
            "y": 0.10097867250442505,
            "z": 1.0
        },
        "11": {
            "name": "Right Shoulder",
            "x": -0.0663703978061676,
            "y": 0.056970175355672836,
            "z": 0.8628472089767456
        },
        "12": {
            "name": "Right Elbow",
            "x": -0.187318816781044,
            "y": 0.10222898423671722,
            "z": 0.6681995987892151
        },
        "13": {
            "name": "Right Wrist",
            "x": -0.30276402831077576,
            "y": 0.24250514805316925,
            "z": 0.6131954193115234
        },
        "14": {
            "name": "Left Shoulder",
            "x": 0.1657295674085617,
            "y": 0.007881266996264458,
            "z": 0.829379677772522
        },
        "15": {
            "name": "Left Elbow",
            "x": 0.23810724914073944,
            "y": 0.03387187793850899,
            "z": 0.6234181523323059
        },
        "16": {
            "name": "Left Wrist",
            "x": 0.25031784176826477,
            "y": 0.1761944591999054,
            "z": 0.576411783695221
        }
    }
}