{
    "image_path": "00009/img/6.jpg",
    "shooter_tracklet_id": 9,
    "bbox": {
        "x": 310,
        "y": 570,
        "w": 100,
        "h": 100
    },
    "keypont_2d": {
        "0": {
            "name": "Center of Hips",
            "x": 51.35,
            "y": 48.47
        },
        "1": {
            "name": "Left Hip",
            "x": 45.95,
            "y": 49.08
        },
        "2": {
            "name": "Left Knee",
            "x": 47.42,
            "y": 63.8
        },
        "3": {
            "name": "Left Ankle",
            "x": 43.37,
            "y": 73.87
        },
        "4": {
            "name": "Right Hip",
            "x": 58.4,
            "y": 47.66
        },
        "5": {
            "name": "Right Knee",
            "x": 67.67,
            "y": 61.72
        },
        "6": {
            "name": "Right Ankle",
            "x": 66.32,
            "y": 76.69
        },
        "7": {
            "name": "Center of Body",
            "x": 51.35,
            "y": 39.39
        },
        "8": {
            "name": "Center of Shoulder",
            "x": 51.35,
            "y": 31.78
        },
        "9": {
            "name": "Neck",
            "x": 52.33,
            "y": 30.31
        },
        "10": {
            "name": "Head",
            "x": 54.54,
            "y": 26.13
        },
        "11": {
            "name": "Right Shoulder",
            "x": 59.2,
            "y": 31.78
        },
        "12": {
            "name": "Right Elbow",
            "x": 62.52,
            "y": 40.12
        },
        "13": {
            "name": "Right Wrist",
            "x": 71.11,
            "y": 42.58
        },
        "14": {
            "name": "Left Shoulder",
            "x": 46.93,
            "y": 32.15
        },
        "15": {
            "name": "Left Elbow",
            "x": 39.94,
            "y": 40.98
        },
        "16": {
            "name": "Left Wrist",
            "x": 45.34,
            "y": 40.49
        }
    },
    "keypont_3d": {
        "0": {
            "name": "Center of Hips",
            "x": 0.0,
            "y": 0.0,
            "z": 0.5254296660423279
        },
        "1": {
            "name": "Left Hip",
            "x": 0.11492793262004852,
            "y": -0.024526460096240044,
            "z": 0.5052772760391235
        },
        "2": {
            "name": "Left Knee",
            "x": 0.19522517919540405,
            "y": 0.18706342577934265,
            "z": 0.26241564750671387
        },
        "3": {
            "name": "Left Ankle",
            "x": 0.19321180880069733,
            "y": -0.005673495586961508,
            "z": 0.030129393562674522
        },
        "4": {
            "name": "Right Hip",
            "x": -0.11023791879415512,
            "y": 0.024074308574199677,
            "z": 0.5397247672080994
        },
        "5": {
            "name": "Right Knee",
            "x": -0.2252216786146164,
            "y": 0.24352554976940155,
            "z": 0.2986588776111603
        },
        "6": {
            "name": "Right Ankle",
            "x": -0.2507471740245819,
            "y": 0.15144915878772736,
            "z": 0.0
        },
        "7": {
            "name": "Center of Body",
            "x": 0.027921486645936966,
            "y": -0.015675855800509453,
            "z": 0.7125926613807678
        },
        "8": {
            "name": "Center of Shoulder",
            "x": 0.07244943082332611,
            "y": 0.07217961549758911,
            "z": 0.8823326230049133
        },
        "9": {
            "name": "Neck",
            "x": 0.08497459441423416,
            "y": 0.1224663257598877,
            "z": 0.9251024723052979
        },
        "10": {
            "name": "Head",
            "x": 0.055922672152519226,
            "y": 0.14566978812217712,
            "z": 1.0
        },
        "11": {
            "name": "Right Shoulder",
            "x": -0.08241676539182663,
            "y": 0.0795820951461792,
            "z": 0.8640460968017578
        },
        "12": {
            "name": "Right Elbow",
            "x": -0.1900680959224701,
            "y": 0.05554495379328728,
            "z": 0.6837548613548279
        },
        "13": {
            "name": "Right Wrist",
            "x": -0.3187958598136902,
            "y": 0.17579050362110138,
            "z": 0.637300968170166
        },
        "14": {
            "name": "Left Shoulder",
            "x": 0.15909823775291443,
            "y": 0.03381502628326416,
            "z": 0.8544220924377441
        },
        "15": {
            "name": "Left Elbow",
            "x": 0.28137776255607605,
            "y": 0.04129090905189514,
            "z": 0.6838150024414062
        },
        "16": {
            "name": "Left Wrist",
            "x": 0.2484724372625351,
            "y": 0.18580497801303864,
            "z": 0.6928761005401611
        }
    }
}