{
    "image_path": "00009/img/7.jpg",
    "shooter_tracklet_id": 9,
    "bbox": {
        "x": 310,
        "y": 574,
        "w": 100,
        "h": 100
    },
    "keypoint_2d": {
        "0": {
            "name": "Center of Hips",
            "x": 51.47,
            "y": 47.61
        },
        "1": {
            "name": "Left Hip",
            "x": 45.92,
            "y": 48.06
        },
        "2": {
            "name": "Left Knee",
            "x": 48.04,
            "y": 60.37
        },
        "3": {
            "name": "Left Ankle",
            "x": 44.6,
            "y": 72.15
        },
        "4": {
            "name": "Right Hip",
            "x": 58.43,
            "y": 47.09
        },
        "5": {
            "name": "Right Knee",
            "x": 66.57,
            "y": 60.12
        },
        "6": {
            "name": "Right Ankle",
            "x": 65.34,
            "y": 76.07
        },
        "7": {
            "name": "Center of Body",
            "x": 51.47,
            "y": 36.93
        },
        "8": {
            "name": "Center of Shoulder",
            "x": 51.72,
            "y": 29.32
        },
        "9": {
            "name": "Neck",
            "x": 52.33,
            "y": 28.47
        },
        "10": {
            "name": "Head",
            "x": 54.17,
            "y": 26.5
        },
        "11": {
            "name": "Right Shoulder",
            "x": 59.2,
            "y": 29.57
        },
        "12": {
            "name": "Right Elbow",
            "x": 63.13,
            "y": 37.55
        },
        "13": {
            "name": "Right Wrist",
            "x": 59.57,
            "y": 42.7
        },
        "14": {
            "name": "Left Shoulder",
            "x": 45.34,
            "y": 30.8
        },
        "15": {
            "name": "Left Elbow",
            "x": 40.43,
            "y": 37.05
        },
        "16": {
            "name": "Left Wrist",
            "x": 38.34,
            "y": 40.86
        }
    },
    "keypoint_3d": {
        "0": {
            "name": "Center of Hips",
            "x": 0.0,
            "y": 0.0,
            "z": 0.5472835898399353
        },
        "1": {
            "name": "Left Hip",
            "x": 0.10996854305267334,
            "y": -0.029140004888176918,
            "z": 0.5294159650802612
        },
        "2": {
            "name": "Left Knee",
            "x": 0.18087182939052582,
            "y": 0.1995619237422943,
            "z": 0.31861263513565063
        },
        "3": {
            "name": "Left Ankle",
            "x": 0.1778511106967926,
            "y": 0.03145795315504074,
            "z": 0.059742387384176254
        },
        "4": {
            "name": "Right Hip",
            "x": -0.10651572048664093,
            "y": 0.03147495537996292,
            "z": 0.558844804763794
        },
        "5": {
            "name": "Right Knee",
            "x": -0.20983584225177765,
            "y": 0.2515485882759094,
            "z": 0.3188551366329193
        },
        "6": {
            "name": "Right Ankle",
            "x": -0.2163645476102829,
            "y": 0.21949540078639984,
            "z": 0.0
        },
        "7": {
            "name": "Center of Body",
            "x": 0.023376012220978737,
            "y": 0.006778675597161055,
            "z": 0.7391301989555359
        },
        "8": {
            "name": "Center of Shoulder",
            "x": 0.06942062079906464,
            "y": 0.09706082940101624,
            "z": 0.911087691783905
        },
        "9": {
            "name": "Neck",
            "x": 0.08060849457979202,
            "y": 0.15507864952087402,
            "z": 0.9397258758544922
        },
        "10": {
            "name": "Head",
            "x": 0.060348574072122574,
            "y": 0.1896655261516571,
            "z": 1.0
        },
        "11": {
            "name": "Right Shoulder",
            "x": -0.08294980227947235,
            "y": 0.10923517495393753,
            "z": 0.896425187587738
        },
        "12": {
            "name": "Right Elbow",
            "x": -0.19851431250572205,
            "y": 0.05852517858147621,
            "z": 0.7279080748558044
        },
        "13": {
            "name": "Right Wrist",
            "x": -0.10708034783601761,
            "y": 0.17714476585388184,
            "z": 0.6660923361778259
        },
        "14": {
            "name": "Left Shoulder",
            "x": 0.1590922772884369,
            "y": 0.04234709218144417,
            "z": 0.885381281375885
        },
        "15": {
            "name": "Left Elbow",
            "x": 0.2599537968635559,
            "y": -0.028649235144257545,
            "z": 0.7298759818077087
        },
        "16": {
            "name": "Left Wrist",
            "x": 0.29580849409103394,
            "y": 0.11434752494096756,
            "z": 0.7147045135498047
        }
    }
}