{
    "image_path": "00009/img/8.jpg",
    "shooter_tracklet_id": 9,
    "bbox": {
        "x": 309,
        "y": 578,
        "w": 100,
        "h": 100
    },
    "keypoint_2d": {
        "0": {
            "name": "Center of Hips",
            "x": 51.96,
            "y": 47.48
        },
        "1": {
            "name": "Left Hip",
            "x": 46.32,
            "y": 48.22
        },
        "2": {
            "name": "Left Knee",
            "x": 48.53,
            "y": 59.63
        },
        "3": {
            "name": "Left Ankle",
            "x": 50.74,
            "y": 72.39
        },
        "4": {
            "name": "Right Hip",
            "x": 58.34,
            "y": 46.75
        },
        "5": {
            "name": "Right Knee",
            "x": 64.36,
            "y": 62.09
        },
        "6": {
            "name": "Right Ankle",
            "x": 64.36,
            "y": 75.83
        },
        "7": {
            "name": "Center of Body",
            "x": 51.23,
            "y": 35.34
        },
        "8": {
            "name": "Center of Shoulder",
            "x": 51.23,
            "y": 26.38
        },
        "9": {
            "name": "Neck",
            "x": 51.72,
            "y": 25.15
        },
        "10": {
            "name": "Head",
            "x": 53.07,
            "y": 21.96
        },
        "11": {
            "name": "Right Shoulder",
            "x": 57.85,
            "y": 26.13
        },
        "12": {
            "name": "Right Elbow",
            "x": 61.9,
            "y": 36.93
        },
        "13": {
            "name": "Right Wrist",
            "x": 60.68,
            "y": 42.82
        },
        "14": {
            "name": "Left Shoulder",
            "x": 46.2,
            "y": 27.36
        },
        "15": {
            "name": "Left Elbow",
            "x": 39.82,
            "y": 35.34
        },
        "16": {
            "name": "Left Wrist",
            "x": 37.24,
            "y": 41.96
        }
    },
    "keypoint_3d": {
        "0": {
            "name": "Center of Hips",
            "x": 0.0,
            "y": 0.0,
            "z": 0.5396391153335571
        },
        "1": {
            "name": "Left Hip",
            "x": 0.09877115488052368,
            "y": -0.03876737877726555,
            "z": 0.5208693742752075
        },
        "2": {
            "name": "Left Knee",
            "x": 0.1295689344406128,
            "y": 0.10275928676128387,
            "z": 0.29551395773887634
        },
        "3": {
            "name": "Left Ankle",
            "x": 0.060644157230854034,
            "y": -0.007955905050039291,
            "z": 0.04736652970314026
        },
        "4": {
            "name": "Right Hip",
            "x": -0.09608687460422516,
            "y": 0.04923829063773155,
            "z": 0.5493208765983582
        },
        "5": {
            "name": "Right Knee",
            "x": -0.16094014048576355,
            "y": 0.22317208349704742,
            "z": 0.2871021330356598
        },
        "6": {
            "name": "Right Ankle",
            "x": -0.20761756598949432,
            "y": 0.1562412679195404,
            "z": 0.0
        },
        "7": {
            "name": "Center of Body",
            "x": 0.02153412066400051,
            "y": -0.005182809196412563,
            "z": 0.730494499206543
        },
        "8": {
            "name": "Center of Shoulder",
            "x": 0.054190199822187424,
            "y": 0.05488979443907738,
            "z": 0.90702223777771
        },
        "9": {
            "name": "Neck",
            "x": 0.07060080021619797,
            "y": 0.11138888448476791,
            "z": 0.9400146007537842
        },
        "10": {
            "name": "Head",
            "x": 0.06149117648601532,
            "y": 0.1437055468559265,
            "z": 1.0
        },
        "11": {
            "name": "Right Shoulder",
            "x": -0.07562249153852463,
            "y": 0.08129952847957611,
            "z": 0.9021287560462952
        },
        "12": {
            "name": "Right Elbow",
            "x": -0.18537753820419312,
            "y": 0.039985883980989456,
            "z": 0.7154412865638733
        },
        "13": {
            "name": "Right Wrist",
            "x": -0.09017414599657059,
            "y": 0.14273227751255035,
            "z": 0.635214626789093
        },
        "14": {
            "name": "Left Shoulder",
            "x": 0.14071646332740784,
            "y": -0.005192210897803307,
            "z": 0.8851898908615112
        },
        "15": {
            "name": "Left Elbow",
            "x": 0.2193395048379898,
            "y": -0.1087118536233902,
            "z": 0.7265554070472717
        },
        "16": {
            "name": "Left Wrist",
            "x": 0.2974614202976227,
            "y": -0.005972770974040031,
            "z": 0.6509490013122559
        }
    }
}