{
    "image_path": "00009/img/9.jpg",
    "shooter_tracklet_id": 9,
    "bbox": {
        "x": 308,
        "y": 580,
        "w": 100,
        "h": 100
    },
    "keypont_2d": {
        "0": {
            "name": "Center of Hips",
            "x": 52.82,
            "y": 46.63
        },
        "1": {
            "name": "Left Hip",
            "x": 47.21,
            "y": 48.12
        },
        "2": {
            "name": "Left Knee",
            "x": 50.0,
            "y": 61.1
        },
        "3": {
            "name": "Left Ankle",
            "x": 57.48,
            "y": 70.06
        },
        "4": {
            "name": "Right Hip",
            "x": 60.15,
            "y": 44.97
        },
        "5": {
            "name": "Right Knee",
            "x": 64.97,
            "y": 60.49
        },
        "6": {
            "name": "Right Ankle",
            "x": 66.93,
            "y": 74.97
        },
        "7": {
            "name": "Center of Body",
            "x": 52.7,
            "y": 36.07
        },
        "8": {
            "name": "Center of Shoulder",
            "x": 53.07,
            "y": 26.38
        },
        "9": {
            "name": "Neck",
            "x": 52.99,
            "y": 24.63
        },
        "10": {
            "name": "Head",
            "x": 53.07,
            "y": 20.74
        },
        "11": {
            "name": "Right Shoulder",
            "x": 59.57,
            "y": 27.73
        },
        "12": {
            "name": "Right Elbow",
            "x": 63.74,
            "y": 38.65
        },
        "13": {
            "name": "Right Wrist",
            "x": 58.71,
            "y": 38.77
        },
        "14": {
            "name": "Left Shoulder",
            "x": 46.74,
            "y": 27.05
        },
        "15": {
            "name": "Left Elbow",
            "x": 41.04,
            "y": 36.56
        },
        "16": {
            "name": "Left Wrist",
            "x": 37.48,
            "y": 42.7
        }
    },
    "keypont_3d": {
        "0": {
            "name": "Center of Hips",
            "x": 0.0,
            "y": 0.0,
            "z": 0.5262318253517151
        },
        "1": {
            "name": "Left Hip",
            "x": 0.09693007171154022,
            "y": -0.044732313603162766,
            "z": 0.4981372654438019
        },
        "2": {
            "name": "Left Knee",
            "x": 0.08765741437673569,
            "y": 0.036617692559957504,
            "z": 0.2523479759693146
        },
        "3": {
            "name": "Left Ankle",
            "x": -0.07124877721071243,
            "y": -0.04260576516389847,
            "z": 0.059929393231868744
        },
        "4": {
            "name": "Right Hip",
            "x": -0.09261590987443924,
            "y": 0.04982244223356247,
            "z": 0.541210412979126
        },
        "5": {
            "name": "Right Knee",
            "x": -0.14129051566123962,
            "y": 0.20847105979919434,
            "z": 0.28017204999923706
        },
        "6": {
            "name": "Right Ankle",
            "x": -0.2058478742837906,
            "y": 0.15372855961322784,
            "z": 0.0
        },
        "7": {
            "name": "Center of Body",
            "x": 0.018796946853399277,
            "y": -0.017744535580277443,
            "z": 0.7103056311607361
        },
        "8": {
            "name": "Center of Shoulder",
            "x": 0.041584208607673645,
            "y": 0.02276429533958435,
            "z": 0.8901554346084595
        },
        "9": {
            "name": "Neck",
            "x": 0.06298200786113739,
            "y": 0.0761420950293541,
            "z": 0.9317320585250854
        },
        "10": {
            "name": "Head",
            "x": 0.0640612468123436,
            "y": 0.09119698405265808,
            "z": 1.0
        },
        "11": {
            "name": "Right Shoulder",
            "x": -0.07511445879936218,
            "y": 0.05572205409407616,
            "z": 0.8714669346809387
        },
        "12": {
            "name": "Right Elbow",
            "x": -0.16010157763957977,
            "y": 0.06233402341604233,
            "z": 0.6788820028305054
        },
        "13": {
            "name": "Right Wrist",
            "x": -0.03963609039783478,
            "y": 0.1537700593471527,
            "z": 0.6615110039710999
        },
        "14": {
            "name": "Left Shoulder",
            "x": 0.1252724826335907,
            "y": -0.04264405742287636,
            "z": 0.8673116564750671
        },
        "15": {
            "name": "Left Elbow",
            "x": 0.21970121562480927,
            "y": -0.1104467436671257,
            "z": 0.6980393528938293
        },
        "16": {
            "name": "Left Wrist",
            "x": 0.30578291416168213,
            "y": -0.030811920762062073,
            "z": 0.5997143983840942
        }
    }
}