{
    "image_path": "00009/img/10.jpg",
    "shooter_tracklet_id": 9,
    "bbox": {
        "x": 309,
        "y": 582,
        "w": 100,
        "h": 100
    },
    "keypoint_2d": {
        "0": {
            "name": "Center of Hips",
            "x": 53.74,
            "y": 45.36
        },
        "1": {
            "name": "Left Hip",
            "x": 48.9,
            "y": 46.13
        },
        "2": {
            "name": "Left Knee",
            "x": 50.98,
            "y": 58.53
        },
        "3": {
            "name": "Left Ankle",
            "x": 57.73,
            "y": 68.96
        },
        "4": {
            "name": "Right Hip",
            "x": 59.86,
            "y": 42.45
        },
        "5": {
            "name": "Right Knee",
            "x": 66.69,
            "y": 57.91
        },
        "6": {
            "name": "Right Ankle",
            "x": 67.55,
            "y": 68.96
        },
        "7": {
            "name": "Center of Body",
            "x": 54.05,
            "y": 34.6
        },
        "8": {
            "name": "Center of Shoulder",
            "x": 53.93,
            "y": 24.29
        },
        "9": {
            "name": "Neck",
            "x": 53.8,
            "y": 22.58
        },
        "10": {
            "name": "Head",
            "x": 53.19,
            "y": 19.26
        },
        "11": {
            "name": "Right Shoulder",
            "x": 59.69,
            "y": 25.52
        },
        "12": {
            "name": "Right Elbow",
            "x": 64.11,
            "y": 38.04
        },
        "13": {
            "name": "Right Wrist",
            "x": 65.46,
            "y": 32.76
        },
        "14": {
            "name": "Left Shoulder",
            "x": 47.79,
            "y": 25.15
        },
        "15": {
            "name": "Left Elbow",
            "x": 42.52,
            "y": 34.97
        },
        "16": {
            "name": "Left Wrist",
            "x": 36.63,
            "y": 39.51
        }
    },
    "keypoint_3d": {
        "0": {
            "name": "Center of Hips",
            "x": 0.0,
            "y": 0.0,
            "z": 0.49820587038993835
        },
        "1": {
            "name": "Left Hip",
            "x": 0.09901348501443863,
            "y": -0.04999617114663124,
            "z": 0.46333548426628113
        },
        "2": {
            "name": "Left Knee",
            "x": 0.07447966933250427,
            "y": 0.01293326634913683,
            "z": 0.1974218785762787
        },
        "3": {
            "name": "Left Ankle",
            "x": -0.11067450791597366,
            "y": -0.05275783687829971,
            "z": 0.001267111161723733
        },
        "4": {
            "name": "Right Hip",
            "x": -0.09276342391967773,
            "y": 0.055641017854213715,
            "z": 0.5210012197494507
        },
        "5": {
            "name": "Right Knee",
            "x": -0.1681557148694992,
            "y": 0.21601609885692596,
            "z": 0.2506970763206482
        },
        "6": {
            "name": "Right Ankle",
            "x": -0.259630411863327,
            "y": 0.08958165347576141,
            "z": 0.0
        },
        "7": {
            "name": "Center of Body",
            "x": 0.012874111533164978,
            "y": -0.02036900445818901,
            "z": 0.6880834102630615
        },
        "8": {
            "name": "Center of Shoulder",
            "x": 0.03552480787038803,
            "y": 0.01585732400417328,
            "z": 0.8771429657936096
        },
        "9": {
            "name": "Neck",
            "x": 0.06697545200586319,
            "y": 0.07148213684558868,
            "z": 0.9260917901992798
        },
        "10": {
            "name": "Head",
            "x": 0.07958094775676727,
            "y": 0.07676129788160324,
            "z": 1.0
        },
        "11": {
            "name": "Right Shoulder",
            "x": -0.0743756890296936,
            "y": 0.061281975358724594,
            "z": 0.8494571447372437
        },
        "12": {
            "name": "Right Elbow",
            "x": -0.1445786952972412,
            "y": 0.11624293774366379,
            "z": 0.6387355923652649
        },
        "13": {
            "name": "Right Wrist",
            "x": -0.06763755530118942,
            "y": 0.23792597651481628,
            "z": 0.7167394757270813
        },
        "14": {
            "name": "Left Shoulder",
            "x": 0.13054554164409637,
            "y": -0.051170844584703445,
            "z": 0.8520897030830383
        },
        "15": {
            "name": "Left Elbow",
            "x": 0.22763556241989136,
            "y": -0.10891541838645935,
            "z": 0.6637806296348572
        },
        "16": {
            "name": "Left Wrist",
            "x": 0.3524731993675232,
            "y": -0.043456099927425385,
            "z": 0.5789268612861633
        }
    }
}