{
    "image_path": "00009/img/11.jpg",
    "shooter_tracklet_id": 9,
    "bbox": {
        "x": 308,
        "y": 584,
        "w": 100,
        "h": 100
    },
    "keypoint_2d": {
        "0": {
            "name": "Center of Hips",
            "x": 56.38,
            "y": 46.35
        },
        "1": {
            "name": "Left Hip",
            "x": 50.55,
            "y": 48.78
        },
        "2": {
            "name": "Left Knee",
            "x": 54.66,
            "y": 62.45
        },
        "3": {
            "name": "Left Ankle",
            "x": 57.98,
            "y": 71.04
        },
        "4": {
            "name": "Right Hip",
            "x": 61.04,
            "y": 44.42
        },
        "5": {
            "name": "Right Knee",
            "x": 62.88,
            "y": 55.83
        },
        "6": {
            "name": "Right Ankle",
            "x": 65.46,
            "y": 60.74
        },
        "7": {
            "name": "Center of Body",
            "x": 55.15,
            "y": 35.7
        },
        "8": {
            "name": "Center of Shoulder",
            "x": 54.58,
            "y": 25.96
        },
        "9": {
            "name": "Neck",
            "x": 54.41,
            "y": 24.5
        },
        "10": {
            "name": "Head",
            "x": 54.29,
            "y": 20.12
        },
        "11": {
            "name": "Right Shoulder",
            "x": 60.68,
            "y": 26.5
        },
        "12": {
            "name": "Right Elbow",
            "x": 64.97,
            "y": 35.95
        },
        "13": {
            "name": "Right Wrist",
            "x": 59.33,
            "y": 34.6
        },
        "14": {
            "name": "Left Shoulder",
            "x": 48.9,
            "y": 26.75
        },
        "15": {
            "name": "Left Elbow",
            "x": 42.27,
            "y": 33.25
        },
        "16": {
            "name": "Left Wrist",
            "x": 36.75,
            "y": 35.21
        }
    },
    "keypoint_3d": {
        "0": {
            "name": "Center of Hips",
            "x": 0.0,
            "y": 0.0,
            "z": 0.5083886981010437
        },
        "1": {
            "name": "Left Hip",
            "x": 0.09933476150035858,
            "y": -0.04367942735552788,
            "z": 0.4668540060520172
        },
        "2": {
            "name": "Left Knee",
            "x": 0.07657323032617569,
            "y": 0.08235199749469757,
            "z": 0.20642443001270294
        },
        "3": {
            "name": "Left Ankle",
            "x": -0.06711351126432419,
            "y": -0.008599348366260529,
            "z": 0.0
        },
        "4": {
            "name": "Right Hip",
            "x": -0.08417697995901108,
            "y": 0.04238440468907356,
            "z": 0.5342320203781128
        },
        "5": {
            "name": "Right Knee",
            "x": -0.17981040477752686,
            "y": 0.01703641004860401,
            "z": 0.2758720815181732
        },
        "6": {
            "name": "Right Ankle",
            "x": -0.308320015668869,
            "y": -0.11902474611997604,
            "z": 0.10286296904087067
        },
        "7": {
            "name": "Center of Body",
            "x": 0.011125334538519382,
            "y": -0.026423707604408264,
            "z": 0.689342737197876
        },
        "8": {
            "name": "Center of Shoulder",
            "x": 0.03526962548494339,
            "y": -0.014128203503787518,
            "z": 0.87939453125
        },
        "9": {
            "name": "Neck",
            "x": 0.06600821018218994,
            "y": 0.04334447160363197,
            "z": 0.9239683747291565
        },
        "10": {
            "name": "Head",
            "x": 0.0771358385682106,
            "y": 0.0464838445186615,
            "z": 1.0
        },
        "11": {
            "name": "Right Shoulder",
            "x": -0.07084457576274872,
            "y": 0.030965961515903473,
            "z": 0.8643667101860046
        },
        "12": {
            "name": "Right Elbow",
            "x": -0.11833611130714417,
            "y": 0.14400002360343933,
            "z": 0.688986599445343
        },
        "13": {
            "name": "Right Wrist",
            "x": -0.00604304438456893,
            "y": 0.22819103300571442,
            "z": 0.7541144490242004
        },
        "14": {
            "name": "Left Shoulder",
            "x": 0.12942536175251007,
            "y": -0.0783829391002655,
            "z": 0.8540515899658203
        },
        "15": {
            "name": "Left Elbow",
            "x": 0.23851507902145386,
            "y": -0.1432785987854004,
            "z": 0.7007623910903931
        },
        "16": {
            "name": "Left Wrist",
            "x": 0.38172048330307007,
            "y": -0.07691463083028793,
            "z": 0.6733055710792542
        }
    }
}