{
    "image_path": "00009/img/12.jpg",
    "shooter_tracklet_id": 9,
    "bbox": {
        "x": 307,
        "y": 589,
        "w": 100,
        "h": 100
    },
    "keypont_2d": {
        "0": {
            "name": "Center of Hips",
            "x": 53.97,
            "y": 48.49
        },
        "1": {
            "name": "Left Hip",
            "x": 48.84,
            "y": 49.49
        },
        "2": {
            "name": "Left Knee",
            "x": 51.1,
            "y": 61.47
        },
        "3": {
            "name": "Left Ankle",
            "x": 56.14,
            "y": 70.43
        },
        "4": {
            "name": "Right Hip",
            "x": 58.54,
            "y": 45.41
        },
        "5": {
            "name": "Right Knee",
            "x": 63.94,
            "y": 52.17
        },
        "6": {
            "name": "Right Ankle",
            "x": 62.54,
            "y": 58.81
        },
        "7": {
            "name": "Center of Body",
            "x": 54.47,
            "y": 37.56
        },
        "8": {
            "name": "Center of Shoulder",
            "x": 52.82,
            "y": 27.29
        },
        "9": {
            "name": "Neck",
            "x": 52.58,
            "y": 25.64
        },
        "10": {
            "name": "Head",
            "x": 52.09,
            "y": 21.96
        },
        "11": {
            "name": "Right Shoulder",
            "x": 57.85,
            "y": 28.71
        },
        "12": {
            "name": "Right Elbow",
            "x": 63.37,
            "y": 39.02
        },
        "13": {
            "name": "Right Wrist",
            "x": 71.47,
            "y": 43.56
        },
        "14": {
            "name": "Left Shoulder",
            "x": 47.67,
            "y": 27.61
        },
        "15": {
            "name": "Left Elbow",
            "x": 37.73,
            "y": 33.25
        },
        "16": {
            "name": "Left Wrist",
            "x": 29.14,
            "y": 33.37
        }
    },
    "keypont_3d": {
        "0": {
            "name": "Center of Hips",
            "x": 0.0,
            "y": 0.0,
            "z": 0.49348536133766174
        },
        "1": {
            "name": "Left Hip",
            "x": 0.09542397409677505,
            "y": -0.05205673351883888,
            "z": 0.4466574788093567
        },
        "2": {
            "name": "Left Knee",
            "x": 0.1033916249871254,
            "y": 0.11008358746767044,
            "z": 0.1929032951593399
        },
        "3": {
            "name": "Left Ankle",
            "x": -0.06182564049959183,
            "y": 0.0016480986960232258,
            "z": 0.0
        },
        "4": {
            "name": "Right Hip",
            "x": -0.08547136932611465,
            "y": 0.04195794090628624,
            "z": 0.522857129573822
        },
        "5": {
            "name": "Right Knee",
            "x": -0.2036169022321701,
            "y": 0.10537300258874893,
            "z": 0.3367781341075897
        },
        "6": {
            "name": "Right Ankle",
            "x": -0.2686384618282318,
            "y": -0.1291864514350891,
            "z": 0.1824406087398529
        },
        "7": {
            "name": "Center of Body",
            "x": 0.0034638552460819483,
            "y": -0.020161762833595276,
            "z": 0.6765205264091492
        },
        "8": {
            "name": "Center of Shoulder",
            "x": 0.036555904895067215,
            "y": -0.011304298415780067,
            "z": 0.8701167702674866
        },
        "9": {
            "name": "Neck",
            "x": 0.06937659531831741,
            "y": 0.0395304411649704,
            "z": 0.9190350770950317
        },
        "10": {
            "name": "Head",
            "x": 0.08151660114526749,
            "y": 0.04230430722236633,
            "z": 1.0
        },
        "11": {
            "name": "Right Shoulder",
            "x": -0.05945906043052673,
            "y": 0.03512992337346077,
            "z": 0.853131890296936
        },
        "12": {
            "name": "Right Elbow",
            "x": -0.14934101700782776,
            "y": 0.09113854914903641,
            "z": 0.6578792929649353
        },
        "13": {
            "name": "Right Wrist",
            "x": -0.090741828083992,
            "y": 0.22570574283599854,
            "z": 0.6810693144798279
        },
        "14": {
            "name": "Left Shoulder",
            "x": 0.13039617240428925,
            "y": -0.07620730251073837,
            "z": 0.8563664555549622
        },
        "15": {
            "name": "Left Elbow",
            "x": 0.2887799143791199,
            "y": -0.14033100008964539,
            "z": 0.7417473793029785
        },
        "16": {
            "name": "Left Wrist",
            "x": 0.4405856132507324,
            "y": -0.0640011578798294,
            "z": 0.7315911650657654
        }
    }
}