{
    "image_path": "00009/img/13.jpg",
    "shooter_tracklet_id": 9,
    "bbox": {
        "x": 306,
        "y": 594,
        "w": 100,
        "h": 100
    },
    "keypoint_2d": {
        "0": {
            "name": "Center of Hips",
            "x": 51.6,
            "y": 47.12
        },
        "1": {
            "name": "Left Hip",
            "x": 48.04,
            "y": 48.47
        },
        "2": {
            "name": "Left Knee",
            "x": 48.53,
            "y": 61.96
        },
        "3": {
            "name": "Left Ankle",
            "x": 54.17,
            "y": 74.11
        },
        "4": {
            "name": "Right Hip",
            "x": 55.64,
            "y": 46.13
        },
        "5": {
            "name": "Right Knee",
            "x": 58.22,
            "y": 58.65
        },
        "6": {
            "name": "Right Ankle",
            "x": 68.77,
            "y": 60.61
        },
        "7": {
            "name": "Center of Body",
            "x": 50.31,
            "y": 36.6
        },
        "8": {
            "name": "Center of Shoulder",
            "x": 49.26,
            "y": 28.22
        },
        "9": {
            "name": "Neck",
            "x": 49.35,
            "y": 26.59
        },
        "10": {
            "name": "Head",
            "x": 49.79,
            "y": 23.12
        },
        "11": {
            "name": "Right Shoulder",
            "x": 55.23,
            "y": 28.5
        },
        "12": {
            "name": "Right Elbow",
            "x": 62.88,
            "y": 39.88
        },
        "13": {
            "name": "Right Wrist",
            "x": 70.12,
            "y": 43.8
        },
        "14": {
            "name": "Left Shoulder",
            "x": 44.63,
            "y": 28.18
        },
        "15": {
            "name": "Left Elbow",
            "x": 35.4,
            "y": 33.99
        },
        "16": {
            "name": "Left Wrist",
            "x": 26.07,
            "y": 34.11
        }
    },
    "keypoint_3d": {
        "0": {
            "name": "Center of Hips",
            "x": 0.0,
            "y": 0.0,
            "z": 0.5142514705657959
        },
        "1": {
            "name": "Left Hip",
            "x": 0.05576196685433388,
            "y": -0.07808825373649597,
            "z": 0.4805033206939697
        },
        "2": {
            "name": "Left Knee",
            "x": 0.08617009967565536,
            "y": 0.057946428656578064,
            "z": 0.21538104116916656
        },
        "3": {
            "name": "Left Ankle",
            "x": -0.06326709687709808,
            "y": 0.016575191169977188,
            "z": 0.0
        },
        "4": {
            "name": "Right Hip",
            "x": -0.05667773634195328,
            "y": 0.07854102551937103,
            "z": 0.5411450862884521
        },
        "5": {
            "name": "Right Knee",
            "x": -0.16175130009651184,
            "y": 0.02971293218433857,
            "z": 0.29239311814308167
        },
        "6": {
            "name": "Right Ankle",
            "x": -0.37841325998306274,
            "y": -0.11345306038856506,
            "z": 0.20690511167049408
        },
        "7": {
            "name": "Center of Body",
            "x": 0.012787951156497002,
            "y": -0.01977815106511116,
            "z": 0.698979377746582
        },
        "8": {
            "name": "Center of Shoulder",
            "x": 0.05389343202114105,
            "y": 0.0009686050470918417,
            "z": 0.8791313767433167
        },
        "9": {
            "name": "Neck",
            "x": 0.0829557403922081,
            "y": 0.05417891591787338,
            "z": 0.9256958961486816
        },
        "10": {
            "name": "Head",
            "x": 0.09258538484573364,
            "y": 0.07459874451160431,
            "z": 1.0
        },
        "11": {
            "name": "Right Shoulder",
            "x": -0.03975832089781761,
            "y": 0.06664492934942245,
            "z": 0.8678083419799805
        },
        "12": {
            "name": "Right Elbow",
            "x": -0.16068848967552185,
            "y": 0.12846775352954865,
            "z": 0.6720844507217407
        },
        "13": {
            "name": "Right Wrist",
            "x": -0.26578906178474426,
            "y": 0.2416205257177353,
            "z": 0.5918382406234741
        },
        "14": {
            "name": "Left Shoulder",
            "x": 0.1258738785982132,
            "y": -0.0796671211719513,
            "z": 0.8633811473846436
        },
        "15": {
            "name": "Left Elbow",
            "x": 0.28240305185317993,
            "y": -0.16652333736419678,
            "z": 0.7515286207199097
        },
        "16": {
            "name": "Left Wrist",
            "x": 0.46253466606140137,
            "y": -0.17894910275936127,
            "z": 0.7496058940887451
        }
    }
}