{
    "image_path": "00009/img/14.jpg",
    "shooter_tracklet_id": 9,
    "bbox": {
        "x": 305,
        "y": 596,
        "w": 100,
        "h": 100
    },
    "keypoint_2d": {
        "0": {
            "name": "Center of Hips",
            "x": 53.68,
            "y": 46.87
        },
        "1": {
            "name": "Left Hip",
            "x": 48.68,
            "y": 48.25
        },
        "2": {
            "name": "Left Knee",
            "x": 51.35,
            "y": 62.45
        },
        "3": {
            "name": "Left Ankle",
            "x": 54.17,
            "y": 72.27
        },
        "4": {
            "name": "Right Hip",
            "x": 57.48,
            "y": 45.89
        },
        "5": {
            "name": "Right Knee",
            "x": 57.36,
            "y": 55.46
        },
        "6": {
            "name": "Right Ankle",
            "x": 58.22,
            "y": 60.74
        },
        "7": {
            "name": "Center of Body",
            "x": 51.35,
            "y": 37.67
        },
        "8": {
            "name": "Center of Shoulder",
            "x": 49.39,
            "y": 29.08
        },
        "9": {
            "name": "Neck",
            "x": 49.37,
            "y": 27.73
        },
        "10": {
            "name": "Head",
            "x": 49.39,
            "y": 25.28
        },
        "11": {
            "name": "Right Shoulder",
            "x": 54.29,
            "y": 29.82
        },
        "12": {
            "name": "Right Elbow",
            "x": 63.74,
            "y": 38.65
        },
        "13": {
            "name": "Right Wrist",
            "x": 70.25,
            "y": 42.09
        },
        "14": {
            "name": "Left Shoulder",
            "x": 44.11,
            "y": 28.96
        },
        "15": {
            "name": "Left Elbow",
            "x": 34.66,
            "y": 33.37
        },
        "16": {
            "name": "Left Wrist",
            "x": 27.96,
            "y": 33.94
        }
    },
    "keypoint_3d": {
        "0": {
            "name": "Center of Hips",
            "x": 0.0,
            "y": 0.0,
            "z": 0.5280928015708923
        },
        "1": {
            "name": "Left Hip",
            "x": 0.06342341750860214,
            "y": -0.07412036508321762,
            "z": 0.49248409271240234
        },
        "2": {
            "name": "Left Knee",
            "x": 0.08752311021089554,
            "y": 0.0920032486319542,
            "z": 0.22336086630821228
        },
        "3": {
            "name": "Left Ankle",
            "x": -0.04511800780892372,
            "y": 0.004978367127478123,
            "z": 0.0
        },
        "4": {
            "name": "Right Hip",
            "x": -0.06262943148612976,
            "y": 0.07381527870893478,
            "z": 0.554972231388092
        },
        "5": {
            "name": "Right Knee",
            "x": -0.15546303987503052,
            "y": -0.06724978983402252,
            "z": 0.31666621565818787
        },
        "6": {
            "name": "Right Ankle",
            "x": -0.2682855427265167,
            "y": -0.23855023086071014,
            "z": 0.17097778618335724
        },
        "7": {
            "name": "Center of Body",
            "x": 0.03481913357973099,
            "y": -0.017542578279972076,
            "z": 0.714016318321228
        },
        "8": {
            "name": "Center of Shoulder",
            "x": 0.09515444934368134,
            "y": 0.022613216191530228,
            "z": 0.8937249183654785
        },
        "9": {
            "name": "Neck",
            "x": 0.12825627624988556,
            "y": 0.08403556793928146,
            "z": 0.9327950477600098
        },
        "10": {
            "name": "Head",
            "x": 0.13747169077396393,
            "y": 0.11172405630350113,
            "z": 1.0
        },
        "11": {
            "name": "Right Shoulder",
            "x": 0.007964881137013435,
            "y": 0.09413877129554749,
            "z": 0.884201169013977
        },
        "12": {
            "name": "Right Elbow",
            "x": -0.1456446796655655,
            "y": 0.1849796175956726,
            "z": 0.7127434611320496
        },
        "13": {
            "name": "Right Wrist",
            "x": -0.24367770552635193,
            "y": 0.3096862733364105,
            "z": 0.6451876759529114
        },
        "14": {
            "name": "Left Shoulder",
            "x": 0.16910797357559204,
            "y": -0.06831098347902298,
            "z": 0.8813830018043518
        },
        "15": {
            "name": "Left Elbow",
            "x": 0.3206583857536316,
            "y": -0.1709757000207901,
            "z": 0.77655428647995
        },
        "16": {
            "name": "Left Wrist",
            "x": 0.4828711152076721,
            "y": -0.18527311086654663,
            "z": 0.7667430639266968
        }
    }
}