{
    "image_path": "00009/img/15.jpg",
    "shooter_tracklet_id": 9,
    "bbox": {
        "x": 305,
        "y": 598,
        "w": 100,
        "h": 100
    },
    "keypoint_2d": {
        "0": {
            "name": "Center of Hips",
            "x": 54.29,
            "y": 46.13
        },
        "1": {
            "name": "Left Hip",
            "x": 48.5,
            "y": 47.66
        },
        "2": {
            "name": "Left Knee",
            "x": 53.56,
            "y": 63.19
        },
        "3": {
            "name": "Left Ankle",
            "x": 55.35,
            "y": 73.96
        },
        "4": {
            "name": "Right Hip",
            "x": 59.15,
            "y": 44.47
        },
        "5": {
            "name": "Right Knee",
            "x": 52.94,
            "y": 55.46
        },
        "6": {
            "name": "Right Ankle",
            "x": 46.73,
            "y": 58.47
        },
        "7": {
            "name": "Center of Body",
            "x": 51.84,
            "y": 35.7
        },
        "8": {
            "name": "Center of Shoulder",
            "x": 50.0,
            "y": 28.34
        },
        "9": {
            "name": "Neck",
            "x": 49.59,
            "y": 27.33
        },
        "10": {
            "name": "Head",
            "x": 49.14,
            "y": 25.4
        },
        "11": {
            "name": "Right Shoulder",
            "x": 55.78,
            "y": 28.65
        },
        "12": {
            "name": "Right Elbow",
            "x": 63.87,
            "y": 35.21
        },
        "13": {
            "name": "Right Wrist",
            "x": 69.14,
            "y": 35.95
        },
        "14": {
            "name": "Left Shoulder",
            "x": 44.49,
            "y": 28.57
        },
        "15": {
            "name": "Left Elbow",
            "x": 38.59,
            "y": 32.27
        },
        "16": {
            "name": "Left Wrist",
            "x": 30.74,
            "y": 33.01
        }
    },
    "keypoint_3d": {
        "0": {
            "name": "Center of Hips",
            "x": 0.0,
            "y": 0.0,
            "z": 0.5497347116470337
        },
        "1": {
            "name": "Left Hip",
            "x": 0.08168327063322067,
            "y": -0.053429875522851944,
            "z": 0.5120649337768555
        },
        "2": {
            "name": "Left Knee",
            "x": 0.06180015578866005,
            "y": 0.1038808599114418,
            "z": 0.23287202417850494
        },
        "3": {
            "name": "Left Ankle",
            "x": -0.0369083397090435,
            "y": 0.008013690821826458,
            "z": 0.0
        },
        "4": {
            "name": "Right Hip",
            "x": -0.08373825997114182,
            "y": 0.05095626786351204,
            "z": 0.5806368589401245
        },
        "5": {
            "name": "Right Knee",
            "x": -0.06863952428102493,
            "y": -0.07834790647029877,
            "z": 0.318410187959671
        },
        "6": {
            "name": "Right Ankle",
            "x": -0.07033635675907135,
            "y": -0.31204357743263245,
            "z": 0.21708901226520538
        },
        "7": {
            "name": "Center of Body",
            "x": 0.04296613484621048,
            "y": -0.014314129948616028,
            "z": 0.7368882298469543
        },
        "8": {
            "name": "Center of Shoulder",
            "x": 0.11273421347141266,
            "y": 0.03187625855207443,
            "z": 0.9107526540756226
        },
        "9": {
            "name": "Neck",
            "x": 0.14852982759475708,
            "y": 0.09155111759901047,
            "z": 0.9430978298187256
        },
        "10": {
            "name": "Head",
            "x": 0.16722173988819122,
            "y": 0.12347935140132904,
            "z": 1.0
        },
        "11": {
            "name": "Right Shoulder",
            "x": 0.015904312953352928,
            "y": 0.09030232578516006,
            "z": 0.9078670740127563
        },
        "12": {
            "name": "Right Elbow",
            "x": -0.14731308817863464,
            "y": 0.17452767491340637,
            "z": 0.7712815999984741
        },
        "13": {
            "name": "Right Wrist",
            "x": -0.19875237345695496,
            "y": 0.32816988229751587,
            "z": 0.7631181478500366
        },
        "14": {
            "name": "Left Shoulder",
            "x": 0.19442009925842285,
            "y": -0.059540215879678726,
            "z": 0.8938209414482117
        },
        "15": {
            "name": "Left Elbow",
            "x": 0.2674615681171417,
            "y": -0.2132234126329422,
            "z": 0.7909514307975769
        },
        "16": {
            "name": "Left Wrist",
            "x": 0.41916781663894653,
            "y": -0.23853960633277893,
            "z": 0.7844682931900024
        }
    }
}