{
    "image_path": "00009/img/16.jpg",
    "shooter_tracklet_id": 9,
    "bbox": {
        "x": 304,
        "y": 600,
        "w": 100,
        "h": 100
    },
    "keypoint_2d": {
        "0": {
            "name": "Center of Hips",
            "x": 55.52,
            "y": 47.12
        },
        "1": {
            "name": "Left Hip",
            "x": 51.28,
            "y": 48.16
        },
        "2": {
            "name": "Left Knee",
            "x": 54.42,
            "y": 62.95
        },
        "3": {
            "name": "Left Ankle",
            "x": 55.44,
            "y": 74.93
        },
        "4": {
            "name": "Right Hip",
            "x": 58.91,
            "y": 46.62
        },
        "5": {
            "name": "Right Knee",
            "x": 44.85,
            "y": 51.04
        },
        "6": {
            "name": "Right Ankle",
            "x": 38.71,
            "y": 57.79
        },
        "7": {
            "name": "Center of Body",
            "x": 52.21,
            "y": 37.91
        },
        "8": {
            "name": "Center of Shoulder",
            "x": 49.39,
            "y": 31.16
        },
        "9": {
            "name": "Neck",
            "x": 49.39,
            "y": 29.69
        },
        "10": {
            "name": "Head",
            "x": 49.86,
            "y": 26.74
        },
        "11": {
            "name": "Right Shoulder",
            "x": 55.93,
            "y": 30.59
        },
        "12": {
            "name": "Right Elbow",
            "x": 66.69,
            "y": 35.58
        },
        "13": {
            "name": "Right Wrist",
            "x": 73.44,
            "y": 36.07
        },
        "14": {
            "name": "Left Shoulder",
            "x": 44.6,
            "y": 31.7
        },
        "15": {
            "name": "Left Elbow",
            "x": 38.1,
            "y": 36.93
        },
        "16": {
            "name": "Left Wrist",
            "x": 34.78,
            "y": 33.5
        }
    },
    "keypoint_3d": {
        "0": {
            "name": "Center of Hips",
            "x": 0.0,
            "y": 0.0,
            "z": 0.562325119972229
        },
        "1": {
            "name": "Left Hip",
            "x": 0.0586526095867157,
            "y": -0.07030981034040451,
            "z": 0.5243242979049683
        },
        "2": {
            "name": "Left Knee",
            "x": 0.04194145277142525,
            "y": 0.10468855500221252,
            "z": 0.25220444798469543
        },
        "3": {
            "name": "Left Ankle",
            "x": -0.023399341851472855,
            "y": 0.03473011031746864,
            "z": 0.0
        },
        "4": {
            "name": "Right Hip",
            "x": -0.06106932833790779,
            "y": 0.07432340830564499,
            "z": 0.5936793684959412
        },
        "5": {
            "name": "Right Knee",
            "x": 0.2094954252243042,
            "y": 0.021222403272986412,
            "z": 0.4673888385295868
        },
        "6": {
            "name": "Right Ankle",
            "x": 0.21583598852157593,
            "y": -0.23059020936489105,
            "z": 0.2984245717525482
        },
        "7": {
            "name": "Center of Body",
            "x": 0.04425507411360741,
            "y": -0.010294871404767036,
            "z": 0.7465264797210693
        },
        "8": {
            "name": "Center of Shoulder",
            "x": 0.1326092630624771,
            "y": 0.043568797409534454,
            "z": 0.9087230563163757
        },
        "9": {
            "name": "Neck",
            "x": 0.16973651945590973,
            "y": 0.10222852230072021,
            "z": 0.9355451464653015
        },
        "10": {
            "name": "Head",
            "x": 0.18162426352500916,
            "y": 0.13539421558380127,
            "z": 1.0
        },
        "11": {
            "name": "Right Shoulder",
            "x": 0.026691073551774025,
            "y": 0.10603278875350952,
            "z": 0.9132043719291687
        },
        "12": {
            "name": "Right Elbow",
            "x": -0.1498231142759323,
            "y": 0.21623532474040985,
            "z": 0.8175390362739563
        },
        "13": {
            "name": "Right Wrist",
            "x": -0.21384164690971375,
            "y": 0.35982546210289,
            "z": 0.8198575377464294
        },
        "14": {
            "name": "Left Shoulder",
            "x": 0.21589453518390656,
            "y": -0.041073840111494064,
            "z": 0.8793089389801025
        },
        "15": {
            "name": "Left Elbow",
            "x": 0.3316943347454071,
            "y": -0.1273854672908783,
            "z": 0.7762351036071777
        },
        "16": {
            "name": "Left Wrist",
            "x": 0.43870747089385986,
            "y": -0.05152468383312225,
            "z": 0.839198648929596
        }
    }
}