{
    "image_path": "00009/img/17.jpg",
    "shooter_tracklet_id": 9,
    "bbox": {
        "x": 304,
        "y": 599,
        "w": 100,
        "h": 100
    },
    "keypoint_2d": {
        "0": {
            "name": "Center of Hips",
            "x": 59.45,
            "y": 46.01
        },
        "1": {
            "name": "Left Hip",
            "x": 54.83,
            "y": 48.45
        },
        "2": {
            "name": "Left Knee",
            "x": 56.38,
            "y": 62.09
        },
        "3": {
            "name": "Left Ankle",
            "x": 58.39,
            "y": 74.2
        },
        "4": {
            "name": "Right Hip",
            "x": 60.45,
            "y": 44.27
        },
        "5": {
            "name": "Right Knee",
            "x": 46.01,
            "y": 46.8
        },
        "6": {
            "name": "Right Ankle",
            "x": 44.61,
            "y": 54.73
        },
        "7": {
            "name": "Center of Body",
            "x": 55.15,
            "y": 36.56
        },
        "8": {
            "name": "Center of Shoulder",
            "x": 51.1,
            "y": 29.2
        },
        "9": {
            "name": "Neck",
            "x": 51.24,
            "y": 28.0
        },
        "10": {
            "name": "Head",
            "x": 51.6,
            "y": 25.28
        },
        "11": {
            "name": "Right Shoulder",
            "x": 57.48,
            "y": 28.59
        },
        "12": {
            "name": "Right Elbow",
            "x": 66.81,
            "y": 31.9
        },
        "13": {
            "name": "Right Wrist",
            "x": 74.3,
            "y": 33.25
        },
        "14": {
            "name": "Left Shoulder",
            "x": 46.93,
            "y": 30.8
        },
        "15": {
            "name": "Left Elbow",
            "x": 46.2,
            "y": 36.81
        },
        "16": {
            "name": "Left Wrist",
            "x": 49.34,
            "y": 34.43
        }
    },
    "keypoint_3d": {
        "0": {
            "name": "Center of Hips",
            "x": 0.0,
            "y": 0.0,
            "z": 0.564346432685852
        },
        "1": {
            "name": "Left Hip",
            "x": 0.036953046917915344,
            "y": -0.08643338829278946,
            "z": 0.5126200318336487
        },
        "2": {
            "name": "Left Knee",
            "x": 0.05480951443314552,
            "y": 0.09939797967672348,
            "z": 0.254105806350708
        },
        "3": {
            "name": "Left Ankle",
            "x": -0.012128069065511227,
            "y": 0.051714129745960236,
            "z": 0.0
        },
        "4": {
            "name": "Right Hip",
            "x": -0.033234015107154846,
            "y": 0.0828622579574585,
            "z": 0.6055468916893005
        },
        "5": {
            "name": "Right Knee",
            "x": 0.27811193466186523,
            "y": 0.07221632450819016,
            "z": 0.5525267124176025
        },
        "6": {
            "name": "Right Ankle",
            "x": 0.2331487238407135,
            "y": -0.1458844542503357,
            "z": 0.3456711173057556
        },
        "7": {
            "name": "Center of Body",
            "x": 0.05036013945937157,
            "y": -0.02492891252040863,
            "z": 0.7422184348106384
        },
        "8": {
            "name": "Center of Shoulder",
            "x": 0.15239889919757843,
            "y": 0.01152127142995596,
            "z": 0.9032462239265442
        },
        "9": {
            "name": "Neck",
            "x": 0.18396522104740143,
            "y": 0.07354196161031723,
            "z": 0.9326322674751282
        },
        "10": {
            "name": "Head",
            "x": 0.18758061528205872,
            "y": 0.10840451717376709,
            "z": 1.0
        },
        "11": {
            "name": "Right Shoulder",
            "x": 0.0424710251390934,
            "y": 0.07253062725067139,
            "z": 0.919852614402771
        },
        "12": {
            "name": "Right Elbow",
            "x": -0.14850857853889465,
            "y": 0.1517055183649063,
            "z": 0.8555479645729065
        },
        "13": {
            "name": "Right Wrist",
            "x": -0.25955674052238464,
            "y": 0.2724285423755646,
            "z": 0.8367956280708313
        },
        "14": {
            "name": "Left Shoulder",
            "x": 0.225546196103096,
            "y": -0.05170976743102074,
            "z": 0.8660839796066284
        },
        "15": {
            "name": "Left Elbow",
            "x": 0.30655956268310547,
            "y": 0.025204801931977272,
            "z": 0.7754817008972168
        },
        "16": {
            "name": "Left Wrist",
            "x": 0.2789645195007324,
            "y": 0.19059666991233826,
            "z": 0.8435324430465698
        }
    }
}