{
    "image_path": "00009/img/18.jpg",
    "shooter_tracklet_id": 9,
    "bbox": {
        "x": 303,
        "y": 601,
        "w": 100,
        "h": 100
    },
    "keypont_2d": {
        "0": {
            "name": "Center of Hips",
            "x": 59.3,
            "y": 45.77
        },
        "1": {
            "name": "Left Hip",
            "x": 55.63,
            "y": 48.11
        },
        "2": {
            "name": "Left Knee",
            "x": 55.61,
            "y": 63.62
        },
        "3": {
            "name": "Left Ankle",
            "x": 58.23,
            "y": 76.94
        },
        "4": {
            "name": "Right Hip",
            "x": 61.97,
            "y": 44.02
        },
        "5": {
            "name": "Right Knee",
            "x": 44.01,
            "y": 50.0
        },
        "6": {
            "name": "Right Ankle",
            "x": 43.37,
            "y": 57.63
        },
        "7": {
            "name": "Center of Body",
            "x": 55.98,
            "y": 37.01
        },
        "8": {
            "name": "Center of Shoulder",
            "x": 52.67,
            "y": 29.43
        },
        "9": {
            "name": "Neck",
            "x": 52.38,
            "y": 27.68
        },
        "10": {
            "name": "Head",
            "x": 52.55,
            "y": 24.77
        },
        "11": {
            "name": "Right Shoulder",
            "x": 57.06,
            "y": 28.15
        },
        "12": {
            "name": "Right Elbow",
            "x": 65.69,
            "y": 30.14
        },
        "13": {
            "name": "Right Wrist",
            "x": 74.77,
            "y": 32.18
        },
        "14": {
            "name": "Left Shoulder",
            "x": 48.91,
            "y": 31.57
        },
        "15": {
            "name": "Left Elbow",
            "x": 47.61,
            "y": 38.93
        },
        "16": {
            "name": "Left Wrist",
            "x": 47.53,
            "y": 34.51
        }
    },
    "keypont_3d": {
        "0": {
            "name": "Center of Hips",
            "x": 0.0,
            "y": 0.0,
            "z": 0.5697422027587891
        },
        "1": {
            "name": "Left Hip",
            "x": 0.03224703669548035,
            "y": -0.07590076327323914,
            "z": 0.5181931853294373
        },
        "2": {
            "name": "Left Knee",
            "x": 0.06874872744083405,
            "y": 0.05955776944756508,
            "z": 0.25413599610328674
        },
        "3": {
            "name": "Left Ankle",
            "x": 0.012682663276791573,
            "y": 0.06910579651594162,
            "z": 0.0
        },
        "4": {
            "name": "Right Hip",
            "x": -0.021044397726655006,
            "y": 0.08302844315767288,
            "z": 0.6163093447685242
        },
        "5": {
            "name": "Right Knee",
            "x": 0.2923148572444916,
            "y": 0.0058000702410936356,
            "z": 0.5154321193695068
        },
        "6": {
            "name": "Right Ankle",
            "x": 0.21913963556289673,
            "y": -0.1897546350955963,
            "z": 0.3244307041168213
        },
        "7": {
            "name": "Center of Body",
            "x": 0.0451827235519886,
            "y": -0.027765991166234016,
            "z": 0.7405287623405457
        },
        "8": {
            "name": "Center of Shoulder",
            "x": 0.14061737060546875,
            "y": 0.0025950022973120213,
            "z": 0.9016950726509094
        },
        "9": {
            "name": "Neck",
            "x": 0.17203515768051147,
            "y": 0.05834490805864334,
            "z": 0.9357069134712219
        },
        "10": {
            "name": "Head",
            "x": 0.17861202359199524,
            "y": 0.09055369347333908,
            "z": 1.0
        },
        "11": {
            "name": "Right Shoulder",
            "x": 0.053962089121341705,
            "y": 0.04583258554339409,
            "z": 0.9171843528747559
        },
        "12": {
            "name": "Right Elbow",
            "x": -0.14773474633693695,
            "y": 0.0239025317132473,
            "z": 0.8562735319137573
        },
        "13": {
            "name": "Right Wrist",
            "x": -0.2823549807071686,
            "y": 0.11587189137935638,
            "z": 0.8201019763946533
        },
        "14": {
            "name": "Left Shoulder",
            "x": 0.2033030241727829,
            "y": -0.04514247551560402,
            "z": 0.8568928837776184
        },
        "15": {
            "name": "Left Elbow",
            "x": 0.2594107389450073,
            "y": 0.01494906097650528,
            "z": 0.7379970550537109
        },
        "16": {
            "name": "Left Wrist",
            "x": 0.28138595819473267,
            "y": 0.15521959960460663,
            "z": 0.8256807327270508
        }
    }
}