{
    "image_path": "00009/img/19.jpg",
    "shooter_tracklet_id": 9,
    "bbox": {
        "x": 302,
        "y": 604,
        "w": 100,
        "h": 100
    },
    "keypont_2d": {
        "0": {
            "name": "Center of Hips",
            "x": 57.48,
            "y": 48.83
        },
        "1": {
            "name": "Left Hip",
            "x": 53.31,
            "y": 50.31
        },
        "2": {
            "name": "Left Knee",
            "x": 54.42,
            "y": 63.68
        },
        "3": {
            "name": "Left Ankle",
            "x": 57.66,
            "y": 77.1
        },
        "4": {
            "name": "Right Hip",
            "x": 61.29,
            "y": 47.48
        },
        "5": {
            "name": "Right Knee",
            "x": 45.0,
            "y": 49.74
        },
        "6": {
            "name": "Right Ankle",
            "x": 40.63,
            "y": 60.35
        },
        "7": {
            "name": "Center of Body",
            "x": 55.89,
            "y": 37.91
        },
        "8": {
            "name": "Center of Shoulder",
            "x": 52.86,
            "y": 28.4
        },
        "9": {
            "name": "Neck",
            "x": 52.4,
            "y": 26.98
        },
        "10": {
            "name": "Head",
            "x": 51.35,
            "y": 24.42
        },
        "11": {
            "name": "Right Shoulder",
            "x": 58.71,
            "y": 27.73
        },
        "12": {
            "name": "Right Elbow",
            "x": 65.09,
            "y": 31.9
        },
        "13": {
            "name": "Right Wrist",
            "x": 74.46,
            "y": 32.33
        },
        "14": {
            "name": "Left Shoulder",
            "x": 48.4,
            "y": 29.94
        },
        "15": {
            "name": "Left Elbow",
            "x": 44.72,
            "y": 36.56
        },
        "16": {
            "name": "Left Wrist",
            "x": 45.46,
            "y": 28.96
        }
    },
    "keypont_3d": {
        "0": {
            "name": "Center of Hips",
            "x": 0.0,
            "y": 0.0,
            "z": 0.5546102523803711
        },
        "1": {
            "name": "Left Hip",
            "x": 0.03823940083384514,
            "y": -0.07878288626670837,
            "z": 0.514102578163147
        },
        "2": {
            "name": "Left Knee",
            "x": 0.06477084755897522,
            "y": 0.0457833893597126,
            "z": 0.25181305408477783
        },
        "3": {
            "name": "Left Ankle",
            "x": 0.0031604880932718515,
            "y": 0.06819093972444534,
            "z": 0.0
        },
        "4": {
            "name": "Right Hip",
            "x": -0.0373985655605793,
            "y": 0.08345174789428711,
            "z": 0.5945320725440979
        },
        "5": {
            "name": "Right Knee",
            "x": 0.2759020924568176,
            "y": 0.029544441029429436,
            "z": 0.5160033702850342
        },
        "6": {
            "name": "Right Ankle",
            "x": 0.25783291459083557,
            "y": -0.14804884791374207,
            "z": 0.3001110553741455
        },
        "7": {
            "name": "Center of Body",
            "x": 0.02619173936545849,
            "y": -0.022616242989897728,
            "z": 0.7309314608573914
        },
        "8": {
            "name": "Center of Shoulder",
            "x": 0.10799665749073029,
            "y": -0.004679454490542412,
            "z": 0.896637499332428
        },
        "9": {
            "name": "Neck",
            "x": 0.14495177567005157,
            "y": 0.04847770929336548,
            "z": 0.9354934096336365
        },
        "10": {
            "name": "Head",
            "x": 0.16250070929527283,
            "y": 0.07582607865333557,
            "z": 1.0
        },
        "11": {
            "name": "Right Shoulder",
            "x": 0.02522953599691391,
            "y": 0.03461658954620361,
            "z": 0.9172130823135376
        },
        "12": {
            "name": "Right Elbow",
            "x": -0.15764963626861572,
            "y": -0.01495938841253519,
            "z": 0.8335673213005066
        },
        "13": {
            "name": "Right Wrist",
            "x": -0.2981427311897278,
            "y": 0.08688873797655106,
            "z": 0.8155388832092285
        },
        "14": {
            "name": "Left Shoulder",
            "x": 0.1812613308429718,
            "y": -0.04534108564257622,
            "z": 0.8612625598907471
        },
        "15": {
            "name": "Left Elbow",
            "x": 0.2739640176296234,
            "y": 0.017410989850759506,
            "z": 0.7574329376220703
        },
        "16": {
            "name": "Left Wrist",
            "x": 0.29247671365737915,
            "y": 0.1228276938199997,
            "z": 0.8777129054069519
        }
    }
}