{
    "image_path": "00009/img/20.jpg",
    "shooter_tracklet_id": 9,
    "bbox": {
        "x": 302,
        "y": 606,
        "w": 100,
        "h": 100
    },
    "keypont_2d": {
        "0": {
            "name": "Center of Hips",
            "x": 58.56,
            "y": 48.27
        },
        "1": {
            "name": "Left Hip",
            "x": 57.9,
            "y": 50.73
        },
        "2": {
            "name": "Left Knee",
            "x": 56.01,
            "y": 62.95
        },
        "3": {
            "name": "Left Ankle",
            "x": 59.08,
            "y": 76.32
        },
        "4": {
            "name": "Right Hip",
            "x": 54.87,
            "y": 48.04
        },
        "5": {
            "name": "Right Knee",
            "x": 45.42,
            "y": 57.59
        },
        "6": {
            "name": "Right Ankle",
            "x": 47.48,
            "y": 72.7
        },
        "7": {
            "name": "Center of Body",
            "x": 57.48,
            "y": 37.42
        },
        "8": {
            "name": "Center of Shoulder",
            "x": 54.17,
            "y": 28.47
        },
        "9": {
            "name": "Neck",
            "x": 53.71,
            "y": 26.86
        },
        "10": {
            "name": "Head",
            "x": 52.82,
            "y": 23.93
        },
        "11": {
            "name": "Right Shoulder",
            "x": 59.94,
            "y": 27.73
        },
        "12": {
            "name": "Right Elbow",
            "x": 66.69,
            "y": 32.02
        },
        "13": {
            "name": "Right Wrist",
            "x": 73.93,
            "y": 32.39
        },
        "14": {
            "name": "Left Shoulder",
            "x": 49.26,
            "y": 29.94
        },
        "15": {
            "name": "Left Elbow",
            "x": 48.77,
            "y": 37.79
        },
        "16": {
            "name": "Left Wrist",
            "x": 45.95,
            "y": 32.88
        }
    },
    "keypont_3d": {
        "0": {
            "name": "Center of Hips",
            "x": 0.0,
            "y": 0.0,
            "z": 0.5372578501701355
        },
        "1": {
            "name": "Left Hip",
            "x": -0.027486391365528107,
            "y": -0.08458852022886276,
            "z": 0.49493685364723206
        },
        "2": {
            "name": "Left Knee",
            "x": 0.005919662769883871,
            "y": -0.020127227529883385,
            "z": 0.24347727000713348
        },
        "3": {
            "name": "Left Ankle",
            "x": -0.05798570066690445,
            "y": 0.016139978542923927,
            "z": 0.0
        },
        "4": {
            "name": "Right Hip",
            "x": 0.026219399645924568,
            "y": 0.06316329538822174,
            "z": 0.5601807236671448
        },
        "5": {
            "name": "Right Knee",
            "x": 0.18406803905963898,
            "y": -0.12057305127382278,
            "z": 0.40225037932395935
        },
        "6": {
            "name": "Right Ankle",
            "x": 0.15600791573524475,
            "y": -0.13327351212501526,
            "z": 0.11631672084331512
        },
        "7": {
            "name": "Center of Body",
            "x": -0.002100122394040227,
            "y": -0.01822066120803356,
            "z": 0.7231624126434326
        },
        "8": {
            "name": "Center of Shoulder",
            "x": 0.05339532718062401,
            "y": -0.030833840370178223,
            "z": 0.8909524083137512
        },
        "9": {
            "name": "Neck",
            "x": 0.09554997831583023,
            "y": 0.025556541979312897,
            "z": 0.9364035129547119
        },
        "10": {
            "name": "Head",
            "x": 0.12906646728515625,
            "y": 0.06106704846024513,
            "z": 1.0
        },
        "11": {
            "name": "Right Shoulder",
            "x": -0.04121948406100273,
            "y": 0.016557520255446434,
            "z": 0.9134035706520081
        },
        "12": {
            "name": "Right Elbow",
            "x": -0.1916758120059967,
            "y": -0.0038648487534374,
            "z": 0.8207336664199829
        },
        "13": {
            "name": "Right Wrist",
            "x": -0.30380553007125854,
            "y": 0.1079145222902298,
            "z": 0.8081233501434326
        },
        "14": {
            "name": "Left Shoulder",
            "x": 0.13515137135982513,
            "y": -0.06655745208263397,
            "z": 0.8649342656135559
        },
        "15": {
            "name": "Left Elbow",
            "x": 0.2333928644657135,
            "y": 0.025965679436922073,
            "z": 0.7639234662055969
        },
        "16": {
            "name": "Left Wrist",
            "x": 0.27522093057632446,
            "y": 0.11520028114318848,
            "z": 0.8680641651153564
        }
    }
}