{
    "image_path": "00012/img/1.jpg",
    "shooter_tracklet_id": 5,
    "bbox": {
        "x": 344,
        "y": 276,
        "w": 100,
        "h": 100
    },
    "keypont_2d": {
        "0": {
            "name": "Center of Hips",
            "x": 50.49,
            "y": 43.56
        },
        "1": {
            "name": "Left Hip",
            "x": 42.36,
            "y": 44.86
        },
        "2": {
            "name": "Left Knee",
            "x": 39.45,
            "y": 58.77
        },
        "3": {
            "name": "Left Ankle",
            "x": 49.48,
            "y": 72.71
        },
        "4": {
            "name": "Right Hip",
            "x": 57.11,
            "y": 42.77
        },
        "5": {
            "name": "Right Knee",
            "x": 59.2,
            "y": 66.38
        },
        "6": {
            "name": "Right Ankle",
            "x": 65.01,
            "y": 86.07
        },
        "7": {
            "name": "Center of Body",
            "x": 47.91,
            "y": 30.43
        },
        "8": {
            "name": "Center of Shoulder",
            "x": 44.72,
            "y": 17.05
        },
        "9": {
            "name": "Neck",
            "x": 43.99,
            "y": 15.21
        },
        "10": {
            "name": "Head",
            "x": 42.02,
            "y": 11.78
        },
        "11": {
            "name": "Right Shoulder",
            "x": 49.91,
            "y": 16.74
        },
        "12": {
            "name": "Right Elbow",
            "x": 64.23,
            "y": 33.37
        },
        "13": {
            "name": "Right Wrist",
            "x": 63.37,
            "y": 43.19
        },
        "14": {
            "name": "Left Shoulder",
            "x": 38.02,
            "y": 17.2
        },
        "15": {
            "name": "Left Elbow",
            "x": 31.23,
            "y": 35.58
        },
        "16": {
            "name": "Left Wrist",
            "x": 32.09,
            "y": 48.28
        }
    },
    "keypont_3d": {
        "0": {
            "name": "Center of Hips",
            "x": 0.0,
            "y": 0.0,
            "z": 0.5743481516838074
        },
        "1": {
            "name": "Left Hip",
            "x": 0.06555047631263733,
            "y": -0.08985994756221771,
            "z": 0.5518239736557007
        },
        "2": {
            "name": "Left Knee",
            "x": 0.06980834901332855,
            "y": -0.16009432077407837,
            "z": 0.3320351839065552
        },
        "3": {
            "name": "Left Ankle",
            "x": -0.0760420486330986,
            "y": -0.15406104922294617,
            "z": 0.13771368563175201
        },
        "4": {
            "name": "Right Hip",
            "x": -0.0867394506931305,
            "y": 0.04479128494858742,
            "z": 0.5781068801879883
        },
        "5": {
            "name": "Right Knee",
            "x": -0.08868221938610077,
            "y": 0.13325205445289612,
            "z": 0.26684701442718506
        },
        "6": {
            "name": "Right Ankle",
            "x": -0.1573750525712967,
            "y": 0.18447016179561615,
            "z": 0.0
        },
        "7": {
            "name": "Center of Body",
            "x": 0.026414429768919945,
            "y": -0.010119742713868618,
            "z": 0.74346524477005
        },
        "8": {
            "name": "Center of Shoulder",
            "x": 0.08786728233098984,
            "y": 0.022068452090024948,
            "z": 0.9196172952651978
        },
        "9": {
            "name": "Neck",
            "x": 0.12019456177949905,
            "y": 0.0642777606844902,
            "z": 0.9471481442451477
        },
        "10": {
            "name": "Head",
            "x": 0.149611696600914,
            "y": 0.061323076486587524,
            "z": 1.0
        },
        "11": {
            "name": "Right Shoulder",
            "x": 0.02211092971265316,
            "y": 0.060491953045129776,
            "z": 0.9187491536140442
        },
        "12": {
            "name": "Right Elbow",
            "x": -0.1505359560251236,
            "y": 0.12355862557888031,
            "z": 0.7115080952644348
        },
        "13": {
            "name": "Right Wrist",
            "x": -0.1173892468214035,
            "y": 0.19796602427959442,
            "z": 0.5974528193473816
        },
        "14": {
            "name": "Left Shoulder",
            "x": 0.15499284863471985,
            "y": -0.04678294062614441,
            "z": 0.9061392545700073
        },
        "15": {
            "name": "Left Elbow",
            "x": 0.21318350732326508,
            "y": -0.09545062482357025,
            "z": 0.6648076772689819
        },
        "16": {
            "name": "Left Wrist",
            "x": 0.23073804378509521,
            "y": -0.06043653562664986,
            "z": 0.5084513425827026
        }
    }
}