{
    "image_path": "00012/img/2.jpg",
    "shooter_tracklet_id": 5,
    "bbox": {
        "x": 343,
        "y": 274,
        "w": 100,
        "h": 100
    },
    "keypoint_2d": {
        "0": {
            "name": "Center of Hips",
            "x": 49.72,
            "y": 43.31
        },
        "1": {
            "name": "Left Hip",
            "x": 41.43,
            "y": 43.41
        },
        "2": {
            "name": "Left Knee",
            "x": 38.09,
            "y": 59.17
        },
        "3": {
            "name": "Left Ankle",
            "x": 43.61,
            "y": 75.23
        },
        "4": {
            "name": "Right Hip",
            "x": 56.7,
            "y": 42.67
        },
        "5": {
            "name": "Right Knee",
            "x": 60.88,
            "y": 65.21
        },
        "6": {
            "name": "Right Ankle",
            "x": 67.61,
            "y": 83.34
        },
        "7": {
            "name": "Center of Body",
            "x": 47.42,
            "y": 27.05
        },
        "8": {
            "name": "Center of Shoulder",
            "x": 43.99,
            "y": 15.59
        },
        "9": {
            "name": "Neck",
            "x": 43.29,
            "y": 14.39
        },
        "10": {
            "name": "Head",
            "x": 40.79,
            "y": 11.2
        },
        "11": {
            "name": "Right Shoulder",
            "x": 50.78,
            "y": 17.49
        },
        "12": {
            "name": "Right Elbow",
            "x": 60.68,
            "y": 30.5
        },
        "13": {
            "name": "Right Wrist",
            "x": 56.98,
            "y": 35.7
        },
        "14": {
            "name": "Left Shoulder",
            "x": 35.2,
            "y": 18.81
        },
        "15": {
            "name": "Left Elbow",
            "x": 31.06,
            "y": 29.56
        },
        "16": {
            "name": "Left Wrist",
            "x": 30.1,
            "y": 45.38
        }
    },
    "keypoint_3d": {
        "0": {
            "name": "Center of Hips",
            "x": 0.0,
            "y": 0.0,
            "z": 0.5720654129981995
        },
        "1": {
            "name": "Left Hip",
            "x": 0.06938718259334564,
            "y": -0.08174247294664383,
            "z": 0.5513783097267151
        },
        "2": {
            "name": "Left Knee",
            "x": 0.0795561671257019,
            "y": -0.14844290912151337,
            "z": 0.32535475492477417
        },
        "3": {
            "name": "Left Ankle",
            "x": -0.041782110929489136,
            "y": -0.15438084304332733,
            "z": 0.11114860326051712
        },
        "4": {
            "name": "Right Hip",
            "x": -0.0892920196056366,
            "y": 0.03992883488535881,
            "z": 0.5742944478988647
        },
        "5": {
            "name": "Right Knee",
            "x": -0.1033092588186264,
            "y": 0.13104242086410522,
            "z": 0.2680358290672302
        },
        "6": {
            "name": "Right Ankle",
            "x": -0.17792098224163055,
            "y": 0.18864835798740387,
            "z": 0.0
        },
        "7": {
            "name": "Center of Body",
            "x": 0.025034602731466293,
            "y": -0.013302416540682316,
            "z": 0.7449742555618286
        },
        "8": {
            "name": "Center of Shoulder",
            "x": 0.08754134178161621,
            "y": 0.01755518838763237,
            "z": 0.920359194278717
        },
        "9": {
            "name": "Neck",
            "x": 0.12155026197433472,
            "y": 0.06152275577187538,
            "z": 0.947640597820282
        },
        "10": {
            "name": "Head",
            "x": 0.15765029191970825,
            "y": 0.06424282491207123,
            "z": 1.0
        },
        "11": {
            "name": "Right Shoulder",
            "x": 0.011611057445406914,
            "y": 0.0589553527534008,
            "z": 0.9069272875785828
        },
        "12": {
            "name": "Right Elbow",
            "x": -0.13487128913402557,
            "y": 0.08646596968173981,
            "z": 0.7171171307563782
        },
        "13": {
            "name": "Right Wrist",
            "x": -0.04735637828707695,
            "y": 0.18451443314552307,
            "z": 0.6698005795478821
        },
        "14": {
            "name": "Left Shoulder",
            "x": 0.17075367271900177,
            "y": -0.05466501787304878,
            "z": 0.8840359449386597
        },
        "15": {
            "name": "Left Elbow",
            "x": 0.21691426634788513,
            "y": -0.11207909137010574,
            "z": 0.6914759278297424
        },
        "16": {
            "name": "Left Wrist",
            "x": 0.2269771844148636,
            "y": -0.09947085380554199,
            "z": 0.5140419006347656
        }
    }
}