{
    "image_path": "00012/img/3.jpg",
    "shooter_tracklet_id": 5,
    "bbox": {
        "x": 341,
        "y": 271,
        "w": 100,
        "h": 100
    },
    "keypont_2d": {
        "0": {
            "name": "Center of Hips",
            "x": 49.73,
            "y": 44.76
        },
        "1": {
            "name": "Left Hip",
            "x": 42.14,
            "y": 44.66
        },
        "2": {
            "name": "Left Knee",
            "x": 37.47,
            "y": 63.12
        },
        "3": {
            "name": "Left Ankle",
            "x": 36.77,
            "y": 79.71
        },
        "4": {
            "name": "Right Hip",
            "x": 57.16,
            "y": 44.93
        },
        "5": {
            "name": "Right Knee",
            "x": 60.85,
            "y": 67.22
        },
        "6": {
            "name": "Right Ankle",
            "x": 66.95,
            "y": 81.7
        },
        "7": {
            "name": "Center of Body",
            "x": 47.28,
            "y": 28.77
        },
        "8": {
            "name": "Center of Shoulder",
            "x": 44.15,
            "y": 16.05
        },
        "9": {
            "name": "Neck",
            "x": 42.99,
            "y": 14.97
        },
        "10": {
            "name": "Head",
            "x": 40.41,
            "y": 13.22
        },
        "11": {
            "name": "Right Shoulder",
            "x": 51.23,
            "y": 17.71
        },
        "12": {
            "name": "Right Elbow",
            "x": 66.07,
            "y": 30.76
        },
        "13": {
            "name": "Right Wrist",
            "x": 64.64,
            "y": 26.63
        },
        "14": {
            "name": "Left Shoulder",
            "x": 35.47,
            "y": 19.88
        },
        "15": {
            "name": "Left Elbow",
            "x": 31.13,
            "y": 31.31
        },
        "16": {
            "name": "Left Wrist",
            "x": 29.81,
            "y": 49.05
        }
    },
    "keypont_3d": {
        "0": {
            "name": "Center of Hips",
            "x": 0.0,
            "y": 0.0,
            "z": 0.558264970779419
        },
        "1": {
            "name": "Left Hip",
            "x": 0.07015736401081085,
            "y": -0.0910748690366745,
            "z": 0.5366442203521729
        },
        "2": {
            "name": "Left Knee",
            "x": 0.1101812794804573,
            "y": -0.13332605361938477,
            "z": 0.28204718232154846
        },
        "3": {
            "name": "Left Ankle",
            "x": 0.05019529536366463,
            "y": -0.1550169289112091,
            "z": 0.0322130024433136
        },
        "4": {
            "name": "Right Hip",
            "x": -0.10037760436534882,
            "y": 0.03198132663965225,
            "z": 0.5543028712272644
        },
        "5": {
            "name": "Right Knee",
            "x": -0.12881435453891754,
            "y": 0.12992356717586517,
            "z": 0.24233241379261017
        },
        "6": {
            "name": "Right Ankle",
            "x": -0.2349054217338562,
            "y": 0.12457556277513504,
            "z": 0.0
        },
        "7": {
            "name": "Center of Body",
            "x": 0.02291751466691494,
            "y": -0.01873163692653179,
            "z": 0.7433601021766663
        },
        "8": {
            "name": "Center of Shoulder",
            "x": 0.08866200596094131,
            "y": 0.011601505801081657,
            "z": 0.9290973544120789
        },
        "9": {
            "name": "Neck",
            "x": 0.129441499710083,
            "y": 0.059623509645462036,
            "z": 0.9558542966842651
        },
        "10": {
            "name": "Head",
            "x": 0.17227967083454132,
            "y": 0.06468099355697632,
            "z": 1.0
        },
        "11": {
            "name": "Right Shoulder",
            "x": 0.005505152978003025,
            "y": 0.05797253176569939,
            "z": 0.9103531837463379
        },
        "12": {
            "name": "Right Elbow",
            "x": -0.15497304499149323,
            "y": 0.10335252434015274,
            "z": 0.7297585010528564
        },
        "13": {
            "name": "Right Wrist",
            "x": -0.0740426629781723,
            "y": 0.21593019366264343,
            "z": 0.749519407749176
        },
        "14": {
            "name": "Left Shoulder",
            "x": 0.17966362833976746,
            "y": -0.059755437076091766,
            "z": 0.8811283111572266
        },
        "15": {
            "name": "Left Elbow",
            "x": 0.23097895085811615,
            "y": -0.1181316152215004,
            "z": 0.7055684924125671
        },
        "16": {
            "name": "Left Wrist",
            "x": 0.2508580684661865,
            "y": -0.11962185055017471,
            "z": 0.4915722608566284
        }
    }
}