{
    "image_path": "00012/img/4.jpg",
    "shooter_tracklet_id": 5,
    "bbox": {
        "x": 338,
        "y": 269,
        "w": 100,
        "h": 100
    },
    "keypoint_2d": {
        "0": {
            "name": "Center of Hips",
            "x": 51.08,
            "y": 46.07
        },
        "1": {
            "name": "Left Hip",
            "x": 43.96,
            "y": 46.66
        },
        "2": {
            "name": "Left Knee",
            "x": 37.22,
            "y": 67.63
        },
        "3": {
            "name": "Left Ankle",
            "x": 36.01,
            "y": 85.07
        },
        "4": {
            "name": "Right Hip",
            "x": 57.74,
            "y": 45.4
        },
        "5": {
            "name": "Right Knee",
            "x": 58.46,
            "y": 68.84
        },
        "6": {
            "name": "Right Ankle",
            "x": 63.74,
            "y": 81.17
        },
        "7": {
            "name": "Center of Body",
            "x": 48.45,
            "y": 29.64
        },
        "8": {
            "name": "Center of Shoulder",
            "x": 42.64,
            "y": 18.83
        },
        "9": {
            "name": "Neck",
            "x": 41.8,
            "y": 17.75
        },
        "10": {
            "name": "Head",
            "x": 39.39,
            "y": 15.59
        },
        "11": {
            "name": "Right Shoulder",
            "x": 48.96,
            "y": 18.58
        },
        "12": {
            "name": "Right Elbow",
            "x": 61.74,
            "y": 29.22
        },
        "13": {
            "name": "Right Wrist",
            "x": 65.99,
            "y": 29.05
        },
        "14": {
            "name": "Left Shoulder",
            "x": 35.65,
            "y": 22.35
        },
        "15": {
            "name": "Left Elbow",
            "x": 31.52,
            "y": 38.58
        },
        "16": {
            "name": "Left Wrist",
            "x": 29.32,
            "y": 52.77
        }
    },
    "keypoint_3d": {
        "0": {
            "name": "Center of Hips",
            "x": 0.0,
            "y": 0.0,
            "z": 0.5633533000946045
        },
        "1": {
            "name": "Left Hip",
            "x": 0.06015089526772499,
            "y": -0.10092528909444809,
            "z": 0.5371123552322388
        },
        "2": {
            "name": "Left Knee",
            "x": 0.14669834077358246,
            "y": -0.0943196564912796,
            "z": 0.25998666882514954
        },
        "3": {
            "name": "Left Ankle",
            "x": 0.14577682316303253,
            "y": -0.12687598168849945,
            "z": 0.0
        },
        "4": {
            "name": "Right Hip",
            "x": -0.09995570033788681,
            "y": 0.029619088396430016,
            "z": 0.5600223541259766
        },
        "5": {
            "name": "Right Knee",
            "x": -0.10874584317207336,
            "y": 0.0939316600561142,
            "z": 0.23336948454380035
        },
        "6": {
            "name": "Right Ankle",
            "x": -0.23725681006908417,
            "y": 0.03803188353776932,
            "z": 0.020166896283626556
        },
        "7": {
            "name": "Center of Body",
            "x": 0.0231886375695467,
            "y": -0.02022598497569561,
            "z": 0.7546066641807556
        },
        "8": {
            "name": "Center of Shoulder",
            "x": 0.11568187177181244,
            "y": 0.017000844702124596,
            "z": 0.9245597124099731
        },
        "9": {
            "name": "Neck",
            "x": 0.1566362977027893,
            "y": 0.06279148161411285,
            "z": 0.9566213488578796
        },
        "10": {
            "name": "Head",
            "x": 0.20032761991024017,
            "y": 0.07175634801387787,
            "z": 1.0
        },
        "11": {
            "name": "Right Shoulder",
            "x": 0.03612823411822319,
            "y": 0.05340250954031944,
            "z": 0.9210110306739807
        },
        "12": {
            "name": "Right Elbow",
            "x": -0.14975473284721375,
            "y": 0.0648355633020401,
            "z": 0.7622532248497009
        },
        "13": {
            "name": "Right Wrist",
            "x": -0.14274993538856506,
            "y": 0.20675651729106903,
            "z": 0.8168842792510986
        },
        "14": {
            "name": "Left Shoulder",
            "x": 0.1848258674144745,
            "y": -0.06225518509745598,
            "z": 0.8684009909629822
        },
        "15": {
            "name": "Left Elbow",
            "x": 0.23049771785736084,
            "y": -0.1260523647069931,
            "z": 0.663179337978363
        },
        "16": {
            "name": "Left Wrist",
            "x": 0.2676739990711212,
            "y": -0.12452320009469986,
            "z": 0.45672449469566345
        }
    }
}