{
    "image_path": "00012/img/5.jpg",
    "shooter_tracklet_id": 5,
    "bbox": {
        "x": 338,
        "y": 271,
        "w": 100,
        "h": 100
    },
    "keypont_2d": {
        "0": {
            "name": "Center of Hips",
            "x": 46.6,
            "y": 45.83
        },
        "1": {
            "name": "Left Hip",
            "x": 37.09,
            "y": 46.88
        },
        "2": {
            "name": "Left Knee",
            "x": 33.94,
            "y": 69.01
        },
        "3": {
            "name": "Left Ankle",
            "x": 34.98,
            "y": 88.69
        },
        "4": {
            "name": "Right Hip",
            "x": 53.61,
            "y": 45.48
        },
        "5": {
            "name": "Right Knee",
            "x": 50.0,
            "y": 64.69
        },
        "6": {
            "name": "Right Ankle",
            "x": 51.73,
            "y": 73.84
        },
        "7": {
            "name": "Center of Body",
            "x": 42.92,
            "y": 31.72
        },
        "8": {
            "name": "Center of Shoulder",
            "x": 38.13,
            "y": 20.72
        },
        "9": {
            "name": "Neck",
            "x": 37.53,
            "y": 19.12
        },
        "10": {
            "name": "Head",
            "x": 36.73,
            "y": 15.52
        },
        "11": {
            "name": "Right Shoulder",
            "x": 45.82,
            "y": 19.92
        },
        "12": {
            "name": "Right Elbow",
            "x": 60.61,
            "y": 26.91
        },
        "13": {
            "name": "Right Wrist",
            "x": 71.8,
            "y": 22.51
        },
        "14": {
            "name": "Left Shoulder",
            "x": 30.63,
            "y": 24.11
        },
        "15": {
            "name": "Left Elbow",
            "x": 29.61,
            "y": 40.41
        },
        "16": {
            "name": "Left Wrist",
            "x": 29.21,
            "y": 52.63
        }
    },
    "keypont_3d": {
        "0": {
            "name": "Center of Hips",
            "x": 0.0,
            "y": 0.0,
            "z": 0.5758154392242432
        },
        "1": {
            "name": "Left Hip",
            "x": 0.08603368699550629,
            "y": -0.07613728195428848,
            "z": 0.5497189164161682
        },
        "2": {
            "name": "Left Knee",
            "x": 0.17193323373794556,
            "y": 0.004103341605514288,
            "z": 0.25633010268211365
        },
        "3": {
            "name": "Left Ankle",
            "x": 0.15189829468727112,
            "y": -0.03648577630519867,
            "z": 0.0
        },
        "4": {
            "name": "Right Hip",
            "x": -0.10218875855207443,
            "y": 0.035973161458969116,
            "z": 0.579220175743103
        },
        "5": {
            "name": "Right Knee",
            "x": -0.09613601863384247,
            "y": -0.018882201984524727,
            "z": 0.3007453978061676
        },
        "6": {
            "name": "Right Ankle",
            "x": -0.2032845914363861,
            "y": -0.14393870532512665,
            "z": 0.11134050786495209
        },
        "7": {
            "name": "Center of Body",
            "x": 0.029571566730737686,
            "y": -0.016847433522343636,
            "z": 0.7509238123893738
        },
        "8": {
            "name": "Center of Shoulder",
            "x": 0.1298108845949173,
            "y": 0.03080439381301403,
            "z": 0.9149974584579468
        },
        "9": {
            "name": "Neck",
            "x": 0.16189058125019073,
            "y": 0.07638170570135117,
            "z": 0.9445212483406067
        },
        "10": {
            "name": "Head",
            "x": 0.18580171465873718,
            "y": 0.08267035335302353,
            "z": 1.0
        },
        "11": {
            "name": "Right Shoulder",
            "x": 0.038015589118003845,
            "y": 0.07264634966850281,
            "z": 0.9207717180252075
        },
        "12": {
            "name": "Right Elbow",
            "x": -0.1466226875782013,
            "y": 0.11686927080154419,
            "z": 0.8065366744995117
        },
        "13": {
            "name": "Right Wrist",
            "x": -0.16128692030906677,
            "y": 0.25861039757728577,
            "z": 0.8368017077445984
        },
        "14": {
            "name": "Left Shoulder",
            "x": 0.19194141030311584,
            "y": -0.05196213349699974,
            "z": 0.8543809652328491
        },
        "15": {
            "name": "Left Elbow",
            "x": 0.19572997093200684,
            "y": -0.11092974990606308,
            "z": 0.637673020362854
        },
        "16": {
            "name": "Left Wrist",
            "x": 0.21614782512187958,
            "y": -0.09751404821872711,
            "z": 0.4695570468902588
        }
    }
}