{
    "image_path": "00012/img/6.jpg",
    "shooter_tracklet_id": 5,
    "bbox": {
        "x": 340,
        "y": 275,
        "w": 100,
        "h": 100
    },
    "keypont_2d": {
        "0": {
            "name": "Center of Hips",
            "x": 40.1,
            "y": 44.4
        },
        "1": {
            "name": "Left Hip",
            "x": 31.27,
            "y": 44.75
        },
        "2": {
            "name": "Left Knee",
            "x": 28.59,
            "y": 66.7
        },
        "3": {
            "name": "Left Ankle",
            "x": 32.71,
            "y": 86.36
        },
        "4": {
            "name": "Right Hip",
            "x": 47.27,
            "y": 44.52
        },
        "5": {
            "name": "Right Knee",
            "x": 40.89,
            "y": 64.06
        },
        "6": {
            "name": "Right Ankle",
            "x": 40.65,
            "y": 75.69
        },
        "7": {
            "name": "Center of Body",
            "x": 36.66,
            "y": 29.57
        },
        "8": {
            "name": "Center of Shoulder",
            "x": 32.86,
            "y": 17.36
        },
        "9": {
            "name": "Neck",
            "x": 32.66,
            "y": 15.93
        },
        "10": {
            "name": "Head",
            "x": 32.76,
            "y": 12.4
        },
        "11": {
            "name": "Right Shoulder",
            "x": 40.18,
            "y": 17.31
        },
        "12": {
            "name": "Right Elbow",
            "x": 53.83,
            "y": 23.56
        },
        "13": {
            "name": "Right Wrist",
            "x": 69.57,
            "y": 19.89
        },
        "14": {
            "name": "Left Shoulder",
            "x": 25.35,
            "y": 20.39
        },
        "15": {
            "name": "Left Elbow",
            "x": 25.6,
            "y": 36.79
        },
        "16": {
            "name": "Left Wrist",
            "x": 29.32,
            "y": 43.96
        }
    },
    "keypont_3d": {
        "0": {
            "name": "Center of Hips",
            "x": 0.0,
            "y": 0.0,
            "z": 0.5825662016868591
        },
        "1": {
            "name": "Left Hip",
            "x": 0.08650462329387665,
            "y": -0.07009837031364441,
            "z": 0.5637512803077698
        },
        "2": {
            "name": "Left Knee",
            "x": 0.1525949388742447,
            "y": 0.011073782108724117,
            "z": 0.26878368854522705
        },
        "3": {
            "name": "Left Ankle",
            "x": 0.08674731105566025,
            "y": 0.01398473884910345,
            "z": 0.0
        },
        "4": {
            "name": "Right Hip",
            "x": -0.10037457197904587,
            "y": 0.035078778862953186,
            "z": 0.5800825953483582
        },
        "5": {
            "name": "Right Knee",
            "x": -0.06279557198286057,
            "y": -0.020475639030337334,
            "z": 0.3067571818828583
        },
        "6": {
            "name": "Right Ankle",
            "x": -0.12391535937786102,
            "y": -0.13803589344024658,
            "z": 0.10197088867425919
        },
        "7": {
            "name": "Center of Body",
            "x": 0.028461601585149765,
            "y": -0.010314013808965683,
            "z": 0.7506248950958252
        },
        "8": {
            "name": "Center of Shoulder",
            "x": 0.11252807080745697,
            "y": 0.028022661805152893,
            "z": 0.9166007041931152
        },
        "9": {
            "name": "Neck",
            "x": 0.14030848443508148,
            "y": 0.07500211894512177,
            "z": 0.9437933564186096
        },
        "10": {
            "name": "Head",
            "x": 0.15162323415279388,
            "y": 0.08192072808742523,
            "z": 1.0
        },
        "11": {
            "name": "Right Shoulder",
            "x": 0.028668932616710663,
            "y": 0.07789589464664459,
            "z": 0.920866847038269
        },
        "12": {
            "name": "Right Elbow",
            "x": -0.11415799707174301,
            "y": 0.19412481784820557,
            "z": 0.849228024482727
        },
        "13": {
            "name": "Right Wrist",
            "x": -0.12152919918298721,
            "y": 0.3161473870277405,
            "z": 0.8308850526809692
        },
        "14": {
            "name": "Left Shoulder",
            "x": 0.17879855632781982,
            "y": -0.04561256617307663,
            "z": 0.8609672784805298
        },
        "15": {
            "name": "Left Elbow",
            "x": 0.1599866896867752,
            "y": -0.0953046977519989,
            "z": 0.6514149308204651
        },
        "16": {
            "name": "Left Wrist",
            "x": 0.1698438674211502,
            "y": 0.0007239100523293018,
            "z": 0.5642136335372925
        }
    }
}