{
    "image_path": "00012/img/7.jpg",
    "shooter_tracklet_id": 5,
    "bbox": {
        "x": 340,
        "y": 275,
        "w": 100,
        "h": 100
    },
    "keypoint_2d": {
        "0": {
            "name": "Center of Hips",
            "x": 38.12,
            "y": 44.42
        },
        "1": {
            "name": "Left Hip",
            "x": 29.0,
            "y": 44.1
        },
        "2": {
            "name": "Left Knee",
            "x": 26.36,
            "y": 66.3
        },
        "3": {
            "name": "Left Ankle",
            "x": 32.12,
            "y": 83.99
        },
        "4": {
            "name": "Right Hip",
            "x": 45.02,
            "y": 45.12
        },
        "5": {
            "name": "Right Knee",
            "x": 36.74,
            "y": 60.26
        },
        "6": {
            "name": "Right Ankle",
            "x": 34.46,
            "y": 77.37
        },
        "7": {
            "name": "Center of Body",
            "x": 35.05,
            "y": 28.67
        },
        "8": {
            "name": "Center of Shoulder",
            "x": 33.32,
            "y": 16.02
        },
        "9": {
            "name": "Neck",
            "x": 33.31,
            "y": 14.65
        },
        "10": {
            "name": "Head",
            "x": 33.56,
            "y": 11.49
        },
        "11": {
            "name": "Right Shoulder",
            "x": 41.14,
            "y": 16.07
        },
        "12": {
            "name": "Right Elbow",
            "x": 54.46,
            "y": 22.98
        },
        "13": {
            "name": "Right Wrist",
            "x": 68.53,
            "y": 19.73
        },
        "14": {
            "name": "Left Shoulder",
            "x": 26.38,
            "y": 18.38
        },
        "15": {
            "name": "Left Elbow",
            "x": 25.27,
            "y": 33.26
        },
        "16": {
            "name": "Left Wrist",
            "x": 30.43,
            "y": 41.09
        }
    },
    "keypoint_3d": {
        "0": {
            "name": "Center of Hips",
            "x": 0.0,
            "y": 0.0,
            "z": 0.5667238831520081
        },
        "1": {
            "name": "Left Hip",
            "x": 0.08872999995946884,
            "y": -0.06701454520225525,
            "z": 0.551661491394043
        },
        "2": {
            "name": "Left Knee",
            "x": 0.14696229994297028,
            "y": 0.009248367510735989,
            "z": 0.2528071403503418
        },
        "3": {
            "name": "Left Ankle",
            "x": 0.05748692899942398,
            "y": 0.007268506567925215,
            "z": 0.0
        },
        "4": {
            "name": "Right Hip",
            "x": -0.10130394995212555,
            "y": 0.03188473358750343,
            "z": 0.5553520917892456
        },
        "5": {
            "name": "Right Knee",
            "x": -0.045293062925338745,
            "y": -0.05001966282725334,
            "z": 0.29993999004364014
        },
        "6": {
            "name": "Right Ankle",
            "x": -0.06221036985516548,
            "y": -0.11578652262687683,
            "z": 0.06920677423477173
        },
        "7": {
            "name": "Center of Body",
            "x": 0.021912626922130585,
            "y": -0.010990403592586517,
            "z": 0.7323035597801208
        },
        "8": {
            "name": "Center of Shoulder",
            "x": 0.08166496455669403,
            "y": 0.020710445940494537,
            "z": 0.9092516899108887
        },
        "9": {
            "name": "Neck",
            "x": 0.11034251004457474,
            "y": 0.07526619732379913,
            "z": 0.9391912221908569
        },
        "10": {
            "name": "Head",
            "x": 0.12039703875780106,
            "y": 0.08866941183805466,
            "z": 1.0
        },
        "11": {
            "name": "Right Shoulder",
            "x": -0.002060291822999716,
            "y": 0.07117852568626404,
            "z": 0.9106625318527222
        },
        "12": {
            "name": "Right Elbow",
            "x": -0.15170761942863464,
            "y": 0.18649786710739136,
            "z": 0.8376784324645996
        },
        "13": {
            "name": "Right Wrist",
            "x": -0.2453082948923111,
            "y": 0.3158266842365265,
            "z": 0.8472509980201721
        },
        "14": {
            "name": "Left Shoulder",
            "x": 0.1477741301059723,
            "y": -0.04285670444369316,
            "z": 0.8680322170257568
        },
        "15": {
            "name": "Left Elbow",
            "x": 0.12674497067928314,
            "y": -0.11795772612094879,
            "z": 0.664922833442688
        },
        "16": {
            "name": "Left Wrist",
            "x": 0.11030565202236176,
            "y": -0.02022607997059822,
            "z": 0.5806277990341187
        }
    }
}