{
    "image_path": "00012/img/8.jpg",
    "shooter_tracklet_id": 5,
    "bbox": {
        "x": 340,
        "y": 273,
        "w": 100,
        "h": 100
    },
    "keypont_2d": {
        "0": {
            "name": "Center of Hips",
            "x": 35.51,
            "y": 42.75
        },
        "1": {
            "name": "Left Hip",
            "x": 28.17,
            "y": 41.57
        },
        "2": {
            "name": "Left Knee",
            "x": 26.74,
            "y": 67.03
        },
        "3": {
            "name": "Left Ankle",
            "x": 30.85,
            "y": 81.93
        },
        "4": {
            "name": "Right Hip",
            "x": 43.03,
            "y": 44.02
        },
        "5": {
            "name": "Right Knee",
            "x": 36.27,
            "y": 61.44
        },
        "6": {
            "name": "Right Ankle",
            "x": 32.11,
            "y": 73.51
        },
        "7": {
            "name": "Center of Body",
            "x": 36.8,
            "y": 28.87
        },
        "8": {
            "name": "Center of Shoulder",
            "x": 37.13,
            "y": 16.53
        },
        "9": {
            "name": "Neck",
            "x": 37.02,
            "y": 14.38
        },
        "10": {
            "name": "Head",
            "x": 36.8,
            "y": 11.27
        },
        "11": {
            "name": "Right Shoulder",
            "x": 45.37,
            "y": 16.77
        },
        "12": {
            "name": "Right Elbow",
            "x": 57.09,
            "y": 24.3
        },
        "13": {
            "name": "Right Wrist",
            "x": 69.14,
            "y": 19.39
        },
        "14": {
            "name": "Left Shoulder",
            "x": 28.23,
            "y": 17.15
        },
        "15": {
            "name": "Left Elbow",
            "x": 25.26,
            "y": 31.12
        },
        "16": {
            "name": "Left Wrist",
            "x": 26.04,
            "y": 44.65
        }
    },
    "keypont_3d": {
        "0": {
            "name": "Center of Hips",
            "x": 0.0,
            "y": 0.0,
            "z": 0.5614864230155945
        },
        "1": {
            "name": "Left Hip",
            "x": 0.09715995192527771,
            "y": -0.05271488055586815,
            "z": 0.5581681132316589
        },
        "2": {
            "name": "Left Knee",
            "x": 0.14385968446731567,
            "y": 0.01943051442503929,
            "z": 0.23778396844863892
        },
        "3": {
            "name": "Left Ankle",
            "x": 0.048425398766994476,
            "y": -0.007848122157156467,
            "z": 0.0
        },
        "4": {
            "name": "Right Hip",
            "x": -0.09933790564537048,
            "y": 0.020856257528066635,
            "z": 0.5399757027626038
        },
        "5": {
            "name": "Right Knee",
            "x": -0.048628006130456924,
            "y": -0.06391137093305588,
            "z": 0.28265777230262756
        },
        "6": {
            "name": "Right Ankle",
            "x": -0.03584427386522293,
            "y": -0.15175119042396545,
            "z": 0.060558732599020004
        },
        "7": {
            "name": "Center of Body",
            "x": 0.0002566420880611986,
            "y": -0.0038834759034216404,
            "z": 0.7306544184684753
        },
        "8": {
            "name": "Center of Shoulder",
            "x": 0.02489987388253212,
            "y": 0.03657225891947746,
            "z": 0.9116455316543579
        },
        "9": {
            "name": "Neck",
            "x": 0.05632448196411133,
            "y": 0.08978820592164993,
            "z": 0.9441941380500793
        },
        "10": {
            "name": "Head",
            "x": 0.06890027970075607,
            "y": 0.10112535953521729,
            "z": 1.0
        },
        "11": {
            "name": "Right Shoulder",
            "x": -0.06883745640516281,
            "y": 0.0753527507185936,
            "z": 0.9099066853523254
        },
        "12": {
            "name": "Right Elbow",
            "x": -0.20717892050743103,
            "y": 0.17504741251468658,
            "z": 0.8201507925987244
        },
        "13": {
            "name": "Right Wrist",
            "x": -0.3437716066837311,
            "y": 0.2768590748310089,
            "z": 0.8832679390907288
        },
        "14": {
            "name": "Left Shoulder",
            "x": 0.11742034554481506,
            "y": -0.025610601529479027,
            "z": 0.8865604996681213
        },
        "15": {
            "name": "Left Elbow",
            "x": 0.11355974525213242,
            "y": -0.11625676602125168,
            "z": 0.6886256337165833
        },
        "16": {
            "name": "Left Wrist",
            "x": 0.08983482420444489,
            "y": -0.06325441598892212,
            "z": 0.5552647113800049
        }
    }
}