{
    "image_path": "00012/img/9.jpg",
    "shooter_tracklet_id": 5,
    "bbox": {
        "x": 336,
        "y": 270,
        "w": 100,
        "h": 100
    },
    "keypont_2d": {
        "0": {
            "name": "Center of Hips",
            "x": 36.52,
            "y": 45.84
        },
        "1": {
            "name": "Left Hip",
            "x": 29.35,
            "y": 43.66
        },
        "2": {
            "name": "Left Knee",
            "x": 24.96,
            "y": 70.47
        },
        "3": {
            "name": "Left Ankle",
            "x": 30.44,
            "y": 78.45
        },
        "4": {
            "name": "Right Hip",
            "x": 44.68,
            "y": 48.56
        },
        "5": {
            "name": "Right Knee",
            "x": 37.64,
            "y": 65.45
        },
        "6": {
            "name": "Right Ankle",
            "x": 35.76,
            "y": 75.79
        },
        "7": {
            "name": "Center of Body",
            "x": 37.33,
            "y": 34.49
        },
        "8": {
            "name": "Center of Shoulder",
            "x": 38.27,
            "y": 21.75
        },
        "9": {
            "name": "Neck",
            "x": 38.87,
            "y": 19.59
        },
        "10": {
            "name": "Head",
            "x": 40.23,
            "y": 16.27
        },
        "11": {
            "name": "Right Shoulder",
            "x": 45.07,
            "y": 20.68
        },
        "12": {
            "name": "Right Elbow",
            "x": 59.66,
            "y": 29.55
        },
        "13": {
            "name": "Right Wrist",
            "x": 72.86,
            "y": 23.97
        },
        "14": {
            "name": "Left Shoulder",
            "x": 32.1,
            "y": 23.08
        },
        "15": {
            "name": "Left Elbow",
            "x": 26.92,
            "y": 39.45
        },
        "16": {
            "name": "Left Wrist",
            "x": 26.99,
            "y": 46.88
        }
    },
    "keypont_3d": {
        "0": {
            "name": "Center of Hips",
            "x": 0.0,
            "y": 0.0,
            "z": 0.551968514919281
        },
        "1": {
            "name": "Left Hip",
            "x": 0.10214243084192276,
            "y": -0.05400892347097397,
            "z": 0.5641053915023804
        },
        "2": {
            "name": "Left Knee",
            "x": 0.19437766075134277,
            "y": 0.04086700826883316,
            "z": 0.18252459168434143
        },
        "3": {
            "name": "Left Ankle",
            "x": 0.05263336002826691,
            "y": -0.09159565716981888,
            "z": 0.0
        },
        "4": {
            "name": "Right Hip",
            "x": -0.10549180954694748,
            "y": 0.031817786395549774,
            "z": 0.5158583521842957
        },
        "5": {
            "name": "Right Knee",
            "x": -0.04566510394215584,
            "y": -0.03529271110892296,
            "z": 0.22659721970558167
        },
        "6": {
            "name": "Right Ankle",
            "x": -0.07182104140520096,
            "y": -0.17894887924194336,
            "z": 0.011574148200452328
        },
        "7": {
            "name": "Center of Body",
            "x": -0.0024857157841324806,
            "y": 0.024506792426109314,
            "z": 0.7323706746101379
        },
        "8": {
            "name": "Center of Shoulder",
            "x": 0.007782626897096634,
            "y": 0.051679905503988266,
            "z": 0.917229175567627
        },
        "9": {
            "name": "Neck",
            "x": 0.022979512810707092,
            "y": 0.09596391767263412,
            "z": 0.9471371173858643
        },
        "10": {
            "name": "Head",
            "x": 0.015460357069969177,
            "y": 0.0988478884100914,
            "z": 1.0
        },
        "11": {
            "name": "Right Shoulder",
            "x": -0.08994079381227493,
            "y": 0.08216796815395355,
            "z": 0.912028431892395
        },
        "12": {
            "name": "Right Elbow",
            "x": -0.27419349551200867,
            "y": 0.1510528326034546,
            "z": 0.8066598773002625
        },
        "13": {
            "name": "Right Wrist",
            "x": -0.43688905239105225,
            "y": 0.2909834682941437,
            "z": 0.9154789447784424
        },
        "14": {
            "name": "Left Shoulder",
            "x": 0.07403340190649033,
            "y": -0.037791624665260315,
            "z": 0.8680257201194763
        },
        "15": {
            "name": "Left Elbow",
            "x": 0.13574780523777008,
            "y": -0.06918061524629593,
            "z": 0.6578528881072998
        },
        "16": {
            "name": "Left Wrist",
            "x": 0.18681281805038452,
            "y": 0.022005021572113037,
            "z": 0.5410339832305908
        }
    }
}