{
    "image_path": "00012/img/10.jpg",
    "shooter_tracklet_id": 5,
    "bbox": {
        "x": 335,
        "y": 267,
        "w": 100,
        "h": 100
    },
    "keypont_2d": {
        "0": {
            "name": "Center of Hips",
            "x": 37.72,
            "y": 49.22
        },
        "1": {
            "name": "Left Hip",
            "x": 30.96,
            "y": 48.46
        },
        "2": {
            "name": "Left Knee",
            "x": 26.55,
            "y": 61.99
        },
        "3": {
            "name": "Left Ankle",
            "x": 21.78,
            "y": 71.65
        },
        "4": {
            "name": "Right Hip",
            "x": 46.67,
            "y": 51.32
        },
        "5": {
            "name": "Right Knee",
            "x": 39.2,
            "y": 71.17
        },
        "6": {
            "name": "Right Ankle",
            "x": 33.31,
            "y": 81.47
        },
        "7": {
            "name": "Center of Body",
            "x": 40.06,
            "y": 36.56
        },
        "8": {
            "name": "Center of Shoulder",
            "x": 42.02,
            "y": 24.91
        },
        "9": {
            "name": "Neck",
            "x": 42.37,
            "y": 23.43
        },
        "10": {
            "name": "Head",
            "x": 42.88,
            "y": 19.88
        },
        "11": {
            "name": "Right Shoulder",
            "x": 50.37,
            "y": 25.64
        },
        "12": {
            "name": "Right Elbow",
            "x": 61.9,
            "y": 33.37
        },
        "13": {
            "name": "Right Wrist",
            "x": 76.5,
            "y": 29.45
        },
        "14": {
            "name": "Left Shoulder",
            "x": 32.94,
            "y": 26.5
        },
        "15": {
            "name": "Left Elbow",
            "x": 24.23,
            "y": 46.01
        },
        "16": {
            "name": "Left Wrist",
            "x": 17.73,
            "y": 54.97
        }
    },
    "keypont_3d": {
        "0": {
            "name": "Center of Hips",
            "x": 0.0,
            "y": 0.0,
            "z": 0.5443747639656067
        },
        "1": {
            "name": "Left Hip",
            "x": 0.09425979852676392,
            "y": -0.08070780336856842,
            "z": 0.5519770383834839
        },
        "2": {
            "name": "Left Knee",
            "x": 0.16935479640960693,
            "y": -0.12423064559698105,
            "z": 0.3028188645839691
        },
        "3": {
            "name": "Left Ankle",
            "x": 0.11860683560371399,
            "y": -0.21204103529453278,
            "z": 0.06551460921764374
        },
        "4": {
            "name": "Right Hip",
            "x": -0.10718613117933273,
            "y": 0.05031876266002655,
            "z": 0.5107750296592712
        },
        "5": {
            "name": "Right Knee",
            "x": 0.006670637987554073,
            "y": 0.07238364964723587,
            "z": 0.21491658687591553
        },
        "6": {
            "name": "Right Ankle",
            "x": 0.01411268301308155,
            "y": -0.08985035121440887,
            "z": 0.0
        },
        "7": {
            "name": "Center of Body",
            "x": -0.003912485670298338,
            "y": 0.033193156123161316,
            "z": 0.7303748726844788
        },
        "8": {
            "name": "Center of Shoulder",
            "x": 0.004118227865546942,
            "y": 0.06679440289735794,
            "z": 0.9104908108711243
        },
        "9": {
            "name": "Neck",
            "x": 0.01755952276289463,
            "y": 0.12023206055164337,
            "z": 0.9394704699516296
        },
        "10": {
            "name": "Head",
            "x": 0.010622809641063213,
            "y": 0.12401550263166428,
            "z": 1.0
        },
        "11": {
            "name": "Right Shoulder",
            "x": -0.11035506427288055,
            "y": 0.09151706844568253,
            "z": 0.8963190913200378
        },
        "12": {
            "name": "Right Elbow",
            "x": -0.2910737693309784,
            "y": 0.16108709573745728,
            "z": 0.7854032516479492
        },
        "13": {
            "name": "Right Wrist",
            "x": -0.4610973000526428,
            "y": 0.29689493775367737,
            "z": 0.8879262804985046
        },
        "14": {
            "name": "Left Shoulder",
            "x": 0.09184440970420837,
            "y": -0.013195062056183815,
            "z": 0.8710365891456604
        },
        "15": {
            "name": "Left Elbow",
            "x": 0.18763917684555054,
            "y": -0.020025165751576424,
            "z": 0.6378908753395081
        },
        "16": {
            "name": "Left Wrist",
            "x": 0.2821747362613678,
            "y": 0.05295639857649803,
            "z": 0.5164093375205994
        }
    }
}