{
    "image_path": "00012/img/11.jpg",
    "shooter_tracklet_id": 5,
    "bbox": {
        "x": 336,
        "y": 262,
        "w": 100,
        "h": 100
    },
    "keypoint_2d": {
        "0": {
            "name": "Center of Hips",
            "x": 42.52,
            "y": 53.99
        },
        "1": {
            "name": "Left Hip",
            "x": 34.66,
            "y": 53.5
        },
        "2": {
            "name": "Left Knee",
            "x": 25.09,
            "y": 69.08
        },
        "3": {
            "name": "Left Ankle",
            "x": 21.68,
            "y": 73.7
        },
        "4": {
            "name": "Right Hip",
            "x": 51.47,
            "y": 54.6
        },
        "5": {
            "name": "Right Knee",
            "x": 42.39,
            "y": 71.53
        },
        "6": {
            "name": "Right Ankle",
            "x": 35.15,
            "y": 82.82
        },
        "7": {
            "name": "Center of Body",
            "x": 43.37,
            "y": 39.51
        },
        "8": {
            "name": "Center of Shoulder",
            "x": 45.23,
            "y": 26.62
        },
        "9": {
            "name": "Neck",
            "x": 45.34,
            "y": 24.91
        },
        "10": {
            "name": "Head",
            "x": 45.46,
            "y": 20.86
        },
        "11": {
            "name": "Right Shoulder",
            "x": 54.05,
            "y": 26.87
        },
        "12": {
            "name": "Right Elbow",
            "x": 66.2,
            "y": 35.58
        },
        "13": {
            "name": "Right Wrist",
            "x": 81.78,
            "y": 33.99
        },
        "14": {
            "name": "Left Shoulder",
            "x": 36.87,
            "y": 27.24
        },
        "15": {
            "name": "Left Elbow",
            "x": 23.13,
            "y": 47.85
        },
        "16": {
            "name": "Left Wrist",
            "x": 12.82,
            "y": 53.87
        }
    },
    "keypoint_3d": {
        "0": {
            "name": "Center of Hips",
            "x": 0.0,
            "y": 0.0,
            "z": 0.5297533273696899
        },
        "1": {
            "name": "Left Hip",
            "x": 0.09660850465297699,
            "y": -0.08063715696334839,
            "z": 0.5215319991111755
        },
        "2": {
            "name": "Left Knee",
            "x": 0.2766587436199188,
            "y": -0.026388568803668022,
            "z": 0.28724217414855957
        },
        "3": {
            "name": "Left Ankle",
            "x": 0.27175280451774597,
            "y": -0.21664397418498993,
            "z": 0.13441045582294464
        },
        "4": {
            "name": "Right Hip",
            "x": -0.11816636472940445,
            "y": 0.054191458970308304,
            "z": 0.5003154873847961
        },
        "5": {
            "name": "Right Knee",
            "x": 0.03383571282029152,
            "y": 0.10708367079496384,
            "z": 0.1952543556690216
        },
        "6": {
            "name": "Right Ankle",
            "x": 0.0751907080411911,
            "y": -0.07905934751033783,
            "z": 0.0
        },
        "7": {
            "name": "Center of Body",
            "x": -0.006698567420244217,
            "y": 0.02620953507721424,
            "z": 0.7185762524604797
        },
        "8": {
            "name": "Center of Shoulder",
            "x": -0.004387610591948032,
            "y": 0.07174766063690186,
            "z": 0.89999920129776
        },
        "9": {
            "name": "Neck",
            "x": 0.01680336333811283,
            "y": 0.1233178973197937,
            "z": 0.9353359341621399
        },
        "10": {
            "name": "Head",
            "x": 0.017924103885889053,
            "y": 0.1272863894701004,
            "z": 1.0
        },
        "11": {
            "name": "Right Shoulder",
            "x": -0.13290093839168549,
            "y": 0.08246614038944244,
            "z": 0.8827921152114868
        },
        "12": {
            "name": "Right Elbow",
            "x": -0.293157160282135,
            "y": 0.1508723497390747,
            "z": 0.7729626893997192
        },
        "13": {
            "name": "Right Wrist",
            "x": -0.47490546107292175,
            "y": 0.29861530661582947,
            "z": 0.8401855230331421
        },
        "14": {
            "name": "Left Shoulder",
            "x": 0.09888216853141785,
            "y": -0.0008973374497145414,
            "z": 0.863158643245697
        },
        "15": {
            "name": "Left Elbow",
            "x": 0.2670310437679291,
            "y": -0.016947364434599876,
            "z": 0.6070640087127686
        },
        "16": {
            "name": "Left Wrist",
            "x": 0.40051624178886414,
            "y": -0.01691531017422676,
            "z": 0.4547177851200104
        }
    }
}