{
    "image_path": "00012/img/12.jpg",
    "shooter_tracklet_id": 5,
    "bbox": {
        "x": 337,
        "y": 255,
        "w": 100,
        "h": 100
    },
    "keypont_2d": {
        "0": {
            "name": "Center of Hips",
            "x": 47.54,
            "y": 54.06
        },
        "1": {
            "name": "Left Hip",
            "x": 40.88,
            "y": 52.87
        },
        "2": {
            "name": "Left Knee",
            "x": 33.58,
            "y": 67.11
        },
        "3": {
            "name": "Left Ankle",
            "x": 23.37,
            "y": 74.36
        },
        "4": {
            "name": "Right Hip",
            "x": 57.05,
            "y": 55.88
        },
        "5": {
            "name": "Right Knee",
            "x": 50.98,
            "y": 70.43
        },
        "6": {
            "name": "Right Ankle",
            "x": 44.11,
            "y": 82.33
        },
        "7": {
            "name": "Center of Body",
            "x": 49.39,
            "y": 40.37
        },
        "8": {
            "name": "Center of Shoulder",
            "x": 50.0,
            "y": 26.99
        },
        "9": {
            "name": "Neck",
            "x": 50.07,
            "y": 25.17
        },
        "10": {
            "name": "Head",
            "x": 50.06,
            "y": 20.71
        },
        "11": {
            "name": "Right Shoulder",
            "x": 59.82,
            "y": 27.12
        },
        "12": {
            "name": "Right Elbow",
            "x": 75.03,
            "y": 39.39
        },
        "13": {
            "name": "Right Wrist",
            "x": 88.99,
            "y": 40.55
        },
        "14": {
            "name": "Left Shoulder",
            "x": 42.02,
            "y": 28.22
        },
        "15": {
            "name": "Left Elbow",
            "x": 30.74,
            "y": 44.54
        },
        "16": {
            "name": "Left Wrist",
            "x": 18.93,
            "y": 51.24
        }
    },
    "keypont_3d": {
        "0": {
            "name": "Center of Hips",
            "x": 0.0,
            "y": 0.0,
            "z": 0.509552001953125
        },
        "1": {
            "name": "Left Hip",
            "x": 0.08786437660455704,
            "y": -0.0916462242603302,
            "z": 0.4968423843383789
        },
        "2": {
            "name": "Left Knee",
            "x": 0.3198372423648834,
            "y": 0.06534074246883392,
            "z": 0.28248804807662964
        },
        "3": {
            "name": "Left Ankle",
            "x": 0.39398476481437683,
            "y": -0.15077970921993256,
            "z": 0.12300017476081848
        },
        "4": {
            "name": "Right Hip",
            "x": -0.12401073426008224,
            "y": 0.06080591678619385,
            "z": 0.47022444009780884
        },
        "5": {
            "name": "Right Knee",
            "x": 0.02891232632100582,
            "y": 0.1631220132112503,
            "z": 0.20486362278461456
        },
        "6": {
            "name": "Right Ankle",
            "x": 0.061656780540943146,
            "y": -0.05967556685209274,
            "z": 0.0
        },
        "7": {
            "name": "Center of Body",
            "x": -0.005080952774733305,
            "y": 0.024552596732974052,
            "z": 0.6961380839347839
        },
        "8": {
            "name": "Center of Shoulder",
            "x": 0.006616096943616867,
            "y": 0.060488827526569366,
            "z": 0.8856421113014221
        },
        "9": {
            "name": "Neck",
            "x": 0.035669755190610886,
            "y": 0.114366315305233,
            "z": 0.9284839034080505
        },
        "10": {
            "name": "Head",
            "x": 0.03943590074777603,
            "y": 0.11677771806716919,
            "z": 1.0
        },
        "11": {
            "name": "Right Shoulder",
            "x": -0.13366563618183136,
            "y": 0.08186467736959457,
            "z": 0.8743520379066467
        },
        "12": {
            "name": "Right Elbow",
            "x": -0.29011955857276917,
            "y": 0.18815454840660095,
            "z": 0.7596886157989502
        },
        "13": {
            "name": "Right Wrist",
            "x": -0.24654521048069,
            "y": 0.312518835067749,
            "z": 0.7424913644790649
        },
        "14": {
            "name": "Left Shoulder",
            "x": 0.0954606905579567,
            "y": -0.021095821633934975,
            "z": 0.8541740775108337
        },
        "15": {
            "name": "Left Elbow",
            "x": 0.27787595987319946,
            "y": -0.04745684936642647,
            "z": 0.643475353717804
        },
        "16": {
            "name": "Left Wrist",
            "x": 0.4798203706741333,
            "y": -0.02819172292947769,
            "z": 0.5596560835838318
        }
    }
}