{
    "image_path": "00012/img/13.jpg",
    "shooter_tracklet_id": 5,
    "bbox": {
        "x": 339,
        "y": 250,
        "w": 100,
        "h": 100
    },
    "keypoint_2d": {
        "0": {
            "name": "Center of Hips",
            "x": 50.74,
            "y": 52.88
        },
        "1": {
            "name": "Left Hip",
            "x": 43.13,
            "y": 52.15
        },
        "2": {
            "name": "Left Knee",
            "x": 40.9,
            "y": 63.28
        },
        "3": {
            "name": "Left Ankle",
            "x": 28.16,
            "y": 74.48
        },
        "4": {
            "name": "Right Hip",
            "x": 59.82,
            "y": 53.99
        },
        "5": {
            "name": "Right Knee",
            "x": 57.98,
            "y": 68.84
        },
        "6": {
            "name": "Right Ankle",
            "x": 49.88,
            "y": 85.03
        },
        "7": {
            "name": "Center of Body",
            "x": 53.44,
            "y": 38.04
        },
        "8": {
            "name": "Center of Shoulder",
            "x": 55.3,
            "y": 25.06
        },
        "9": {
            "name": "Neck",
            "x": 55.52,
            "y": 22.82
        },
        "10": {
            "name": "Head",
            "x": 54.97,
            "y": 19.56
        },
        "11": {
            "name": "Right Shoulder",
            "x": 65.83,
            "y": 25.64
        },
        "12": {
            "name": "Right Elbow",
            "x": 76.01,
            "y": 39.75
        },
        "13": {
            "name": "Right Wrist",
            "x": 85.83,
            "y": 41.47
        },
        "14": {
            "name": "Left Shoulder",
            "x": 45.71,
            "y": 25.15
        },
        "15": {
            "name": "Left Elbow",
            "x": 36.87,
            "y": 38.77
        },
        "16": {
            "name": "Left Wrist",
            "x": 29.51,
            "y": 45.52
        }
    },
    "keypoint_3d": {
        "0": {
            "name": "Center of Hips",
            "x": 0.0,
            "y": 0.0,
            "z": 0.518476665019989
        },
        "1": {
            "name": "Left Hip",
            "x": 0.09045549482107162,
            "y": -0.07926172018051147,
            "z": 0.5057584047317505
        },
        "2": {
            "name": "Left Knee",
            "x": 0.2558535933494568,
            "y": 0.08088792860507965,
            "z": 0.33040618896484375
        },
        "3": {
            "name": "Left Ankle",
            "x": 0.39151591062545776,
            "y": -0.08880142867565155,
            "z": 0.13856332004070282
        },
        "4": {
            "name": "Right Hip",
            "x": -0.1153608039021492,
            "y": 0.052712805569171906,
            "z": 0.4821491539478302
        },
        "5": {
            "name": "Right Knee",
            "x": -0.008926285430788994,
            "y": 0.20821073651313782,
            "z": 0.25441402196884155
        },
        "6": {
            "name": "Right Ankle",
            "x": 0.04234611988067627,
            "y": 0.011997594498097897,
            "z": 0.0
        },
        "7": {
            "name": "Center of Body",
            "x": -0.009995982050895691,
            "y": 0.022300217300653458,
            "z": 0.7008841633796692
        },
        "8": {
            "name": "Center of Shoulder",
            "x": -0.004373206757009029,
            "y": 0.057477351278066635,
            "z": 0.8898972868919373
        },
        "9": {
            "name": "Neck",
            "x": 0.022076603025197983,
            "y": 0.11316490173339844,
            "z": 0.9336132407188416
        },
        "10": {
            "name": "Head",
            "x": 0.02983219176530838,
            "y": 0.11912298947572708,
            "z": 1.0
        },
        "11": {
            "name": "Right Shoulder",
            "x": -0.14643588662147522,
            "y": 0.08128909766674042,
            "z": 0.8723107576370239
        },
        "12": {
            "name": "Right Elbow",
            "x": -0.26032108068466187,
            "y": 0.1878257393836975,
            "z": 0.7038260102272034
        },
        "13": {
            "name": "Right Wrist",
            "x": -0.15891341865062714,
            "y": 0.2747787535190582,
            "z": 0.689399778842926
        },
        "14": {
            "name": "Left Shoulder",
            "x": 0.09154676645994186,
            "y": -0.02206048183143139,
            "z": 0.8698469400405884
        },
        "15": {
            "name": "Left Elbow",
            "x": 0.2536710500717163,
            "y": -0.03502131998538971,
            "z": 0.703124463558197
        },
        "16": {
            "name": "Left Wrist",
            "x": 0.3946700096130371,
            "y": 0.02681678533554077,
            "z": 0.6269566416740417
        }
    }
}