{
    "image_path": "00012/img/14.jpg",
    "shooter_tracklet_id": 5,
    "bbox": {
        "x": 341,
        "y": 250,
        "w": 100,
        "h": 100
    },
    "keypoint_2d": {
        "0": {
            "name": "Center of Hips",
            "x": 47.79,
            "y": 49.08
        },
        "1": {
            "name": "Left Hip",
            "x": 40.06,
            "y": 47.98
        },
        "2": {
            "name": "Left Knee",
            "x": 43.37,
            "y": 56.69
        },
        "3": {
            "name": "Left Ankle",
            "x": 43.25,
            "y": 63.56
        },
        "4": {
            "name": "Right Hip",
            "x": 57.36,
            "y": 49.82
        },
        "5": {
            "name": "Right Knee",
            "x": 58.47,
            "y": 66.87
        },
        "6": {
            "name": "Right Ankle",
            "x": 52.45,
            "y": 82.82
        },
        "7": {
            "name": "Center of Body",
            "x": 50.86,
            "y": 34.6
        },
        "8": {
            "name": "Center of Shoulder",
            "x": 54.66,
            "y": 21.23
        },
        "9": {
            "name": "Neck",
            "x": 55.4,
            "y": 19.88
        },
        "10": {
            "name": "Head",
            "x": 56.29,
            "y": 17.24
        },
        "11": {
            "name": "Right Shoulder",
            "x": 63.25,
            "y": 24.05
        },
        "12": {
            "name": "Right Elbow",
            "x": 70.49,
            "y": 36.81
        },
        "13": {
            "name": "Right Wrist",
            "x": 70.86,
            "y": 40.98
        },
        "14": {
            "name": "Left Shoulder",
            "x": 46.5,
            "y": 20.33
        },
        "15": {
            "name": "Left Elbow",
            "x": 36.38,
            "y": 34.72
        },
        "16": {
            "name": "Left Wrist",
            "x": 31.72,
            "y": 38.9
        }
    },
    "keypoint_3d": {
        "0": {
            "name": "Center of Hips",
            "x": 0.0,
            "y": 0.0,
            "z": 0.5384302139282227
        },
        "1": {
            "name": "Left Hip",
            "x": 0.11650748550891876,
            "y": -0.06328888982534409,
            "z": 0.5332052111625671
        },
        "2": {
            "name": "Left Knee",
            "x": 0.06585896015167236,
            "y": -0.1352909505367279,
            "z": 0.35239726305007935
        },
        "3": {
            "name": "Left Ankle",
            "x": -0.013867314904928207,
            "y": -0.29014676809310913,
            "z": 0.21515624225139618
        },
        "4": {
            "name": "Right Hip",
            "x": -0.10548508167266846,
            "y": 0.03809766471385956,
            "z": 0.5085870027542114
        },
        "5": {
            "name": "Right Knee",
            "x": -0.05889676511287689,
            "y": 0.2050684243440628,
            "z": 0.26663830876350403
        },
        "6": {
            "name": "Right Ankle",
            "x": -0.019953882321715355,
            "y": 0.050236210227012634,
            "z": 0.0
        },
        "7": {
            "name": "Center of Body",
            "x": -0.005377572495490313,
            "y": 0.019542371854186058,
            "z": 0.7180433869361877
        },
        "8": {
            "name": "Center of Shoulder",
            "x": -0.027841368690133095,
            "y": 0.058261942118406296,
            "z": 0.9049395322799683
        },
        "9": {
            "name": "Neck",
            "x": -0.007926477119326591,
            "y": 0.11923903971910477,
            "z": 0.9432693123817444
        },
        "10": {
            "name": "Head",
            "x": -0.002473602769896388,
            "y": 0.14657077193260193,
            "z": 1.0
        },
        "11": {
            "name": "Right Shoulder",
            "x": -0.15563054382801056,
            "y": 0.07690560817718506,
            "z": 0.8664764165878296
        },
        "12": {
            "name": "Right Elbow",
            "x": -0.2588089406490326,
            "y": 0.12502916157245636,
            "z": 0.6911253333091736
        },
        "13": {
            "name": "Right Wrist",
            "x": -0.2224237471818924,
            "y": 0.2718050479888916,
            "z": 0.6619322896003723
        },
        "14": {
            "name": "Left Shoulder",
            "x": 0.07091746479272842,
            "y": 9.024247992783785e-05,
            "z": 0.9048319458961487
        },
        "15": {
            "name": "Left Elbow",
            "x": 0.23738853633403778,
            "y": -0.003516795113682747,
            "z": 0.7351055145263672
        },
        "16": {
            "name": "Left Wrist",
            "x": 0.3627423346042633,
            "y": 0.08025042712688446,
            "z": 0.6804794073104858
        }
    }
}