{
    "image_path": "00012/img/15.jpg",
    "shooter_tracklet_id": 5,
    "bbox": {
        "x": 343,
        "y": 250,
        "w": 100,
        "h": 100
    },
    "keypont_2d": {
        "0": {
            "name": "Center of Hips",
            "x": 42.88,
            "y": 41.96
        },
        "1": {
            "name": "Left Hip",
            "x": 35.77,
            "y": 39.75
        },
        "2": {
            "name": "Left Knee",
            "x": 52.45,
            "y": 46.87
        },
        "3": {
            "name": "Left Ankle",
            "x": 61.17,
            "y": 53.25
        },
        "4": {
            "name": "Right Hip",
            "x": 50.32,
            "y": 44.21
        },
        "5": {
            "name": "Right Knee",
            "x": 53.44,
            "y": 62.09
        },
        "6": {
            "name": "Right Ankle",
            "x": 51.6,
            "y": 84.17
        },
        "7": {
            "name": "Center of Body",
            "x": 48.4,
            "y": 29.82
        },
        "8": {
            "name": "Center of Shoulder",
            "x": 54.66,
            "y": 19.39
        },
        "9": {
            "name": "Neck",
            "x": 55.3,
            "y": 18.32
        },
        "10": {
            "name": "Head",
            "x": 56.9,
            "y": 16.41
        },
        "11": {
            "name": "Right Shoulder",
            "x": 60.92,
            "y": 23.8
        },
        "12": {
            "name": "Right Elbow",
            "x": 59.82,
            "y": 38.04
        },
        "13": {
            "name": "Right Wrist",
            "x": 51.96,
            "y": 39.26
        },
        "14": {
            "name": "Left Shoulder",
            "x": 48.65,
            "y": 16.69
        },
        "15": {
            "name": "Left Elbow",
            "x": 39.69,
            "y": 17.18
        },
        "16": {
            "name": "Left Wrist",
            "x": 39.57,
            "y": 25.03
        }
    },
    "keypont_3d": {
        "0": {
            "name": "Center of Hips",
            "x": 0.0,
            "y": 0.0,
            "z": 0.5810877680778503
        },
        "1": {
            "name": "Left Hip",
            "x": 0.11484886705875397,
            "y": -0.04906564578413963,
            "z": 0.602455735206604
        },
        "2": {
            "name": "Left Knee",
            "x": -0.10504789650440216,
            "y": -0.14518263936042786,
            "z": 0.41208481788635254
        },
        "3": {
            "name": "Left Ankle",
            "x": -0.27700620889663696,
            "y": -0.2604479193687439,
            "z": 0.27978140115737915
        },
        "4": {
            "name": "Right Hip",
            "x": -0.10442699491977692,
            "y": -0.0002720057964324951,
            "z": 0.5426068305969238
        },
        "5": {
            "name": "Right Knee",
            "x": -0.09088020771741867,
            "y": 0.1577870398759842,
            "z": 0.2901471257209778
        },
        "6": {
            "name": "Right Ankle",
            "x": -0.06402692198753357,
            "y": 0.07754350453615189,
            "z": 0.0
        },
        "7": {
            "name": "Center of Body",
            "x": -0.033533379435539246,
            "y": 0.029779845848679543,
            "z": 0.7635034322738647
        },
        "8": {
            "name": "Center of Shoulder",
            "x": -0.08714940398931503,
            "y": 0.09343816339969635,
            "z": 0.9229035377502441
        },
        "9": {
            "name": "Neck",
            "x": -0.07237301766872406,
            "y": 0.15082654356956482,
            "z": 0.9535889625549316
        },
        "10": {
            "name": "Head",
            "x": -0.07239045202732086,
            "y": 0.1890556663274765,
            "z": 1.0
        },
        "11": {
            "name": "Right Shoulder",
            "x": -0.19199702143669128,
            "y": 0.09736654907464981,
            "z": 0.8605848550796509
        },
        "12": {
            "name": "Right Elbow",
            "x": -0.19027402997016907,
            "y": 0.10098566114902496,
            "z": 0.6428593993186951
        },
        "13": {
            "name": "Right Wrist",
            "x": -0.052700597792863846,
            "y": 0.18279977142810822,
            "z": 0.6536681056022644
        },
        "14": {
            "name": "Left Shoulder",
            "x": 0.0013949369313195348,
            "y": 0.08046403527259827,
            "z": 0.9622078537940979
        },
        "15": {
            "name": "Left Elbow",
            "x": 0.12007882446050644,
            "y": -0.04847073182463646,
            "z": 0.9119168519973755
        },
        "16": {
            "name": "Left Wrist",
            "x": 0.1723054051399231,
            "y": 0.0652339830994606,
            "z": 0.8360376358032227
        }
    }
}