{
    "image_path": "00012/img/16.jpg",
    "shooter_tracklet_id": 5,
    "bbox": {
        "x": 344,
        "y": 253,
        "w": 100,
        "h": 100
    },
    "keypont_2d": {
        "0": {
            "name": "Center of Hips",
            "x": 35.3,
            "y": 35.91
        },
        "1": {
            "name": "Left Hip",
            "x": 28.77,
            "y": 35.83
        },
        "2": {
            "name": "Left Knee",
            "x": 51.35,
            "y": 41.72
        },
        "3": {
            "name": "Left Ankle",
            "x": 65.22,
            "y": 51.04
        },
        "4": {
            "name": "Right Hip",
            "x": 41.06,
            "y": 41.12
        },
        "5": {
            "name": "Right Knee",
            "x": 47.79,
            "y": 60.86
        },
        "6": {
            "name": "Right Ankle",
            "x": 48.53,
            "y": 83.81
        },
        "7": {
            "name": "Center of Body",
            "x": 40.43,
            "y": 26.87
        },
        "8": {
            "name": "Center of Shoulder",
            "x": 48.65,
            "y": 16.93
        },
        "9": {
            "name": "Neck",
            "x": 49.97,
            "y": 16.37
        },
        "10": {
            "name": "Head",
            "x": 52.7,
            "y": 14.72
        },
        "11": {
            "name": "Right Shoulder",
            "x": 54.66,
            "y": 21.84
        },
        "12": {
            "name": "Right Elbow",
            "x": 48.28,
            "y": 33.13
        },
        "13": {
            "name": "Right Wrist",
            "x": 41.66,
            "y": 36.81
        },
        "14": {
            "name": "Left Shoulder",
            "x": 41.41,
            "y": 12.27
        },
        "15": {
            "name": "Left Elbow",
            "x": 34.05,
            "y": 13.13
        },
        "16": {
            "name": "Left Wrist",
            "x": 35.03,
            "y": 21.23
        }
    },
    "keypont_3d": {
        "0": {
            "name": "Center of Hips",
            "x": 0.0,
            "y": 0.0,
            "z": 0.6127447485923767
        },
        "1": {
            "name": "Left Hip",
            "x": 0.11432421207427979,
            "y": -0.04856359213590622,
            "z": 0.6416519284248352
        },
        "2": {
            "name": "Left Knee",
            "x": -0.2205381691455841,
            "y": -0.06563221663236618,
            "z": 0.5121789574623108
        },
        "3": {
            "name": "Left Ankle",
            "x": -0.44438186287879944,
            "y": -0.13456769287586212,
            "z": 0.3593011796474457
        },
        "4": {
            "name": "Right Hip",
            "x": -0.10055182874202728,
            "y": -0.02144051156938076,
            "z": 0.5668468475341797
        },
        "5": {
            "name": "Right Knee",
            "x": -0.12620709836483002,
            "y": 0.10993856936693192,
            "z": 0.2996304929256439
        },
        "6": {
            "name": "Right Ankle",
            "x": -0.10604443401098251,
            "y": 0.1017422303557396,
            "z": 0.0
        },
        "7": {
            "name": "Center of Body",
            "x": -0.03977500647306442,
            "y": 0.02508494071662426,
            "z": 0.7878270745277405
        },
        "8": {
            "name": "Center of Shoulder",
            "x": -0.10886406153440475,
            "y": 0.09727340936660767,
            "z": 0.9352659583091736
        },
        "9": {
            "name": "Neck",
            "x": -0.10914140939712524,
            "y": 0.14796844124794006,
            "z": 0.957819402217865
        },
        "10": {
            "name": "Head",
            "x": -0.12622009217739105,
            "y": 0.1877288520336151,
            "z": 1.0
        },
        "11": {
            "name": "Right Shoulder",
            "x": -0.1997525542974472,
            "y": 0.10153321176767349,
            "z": 0.872431755065918
        },
        "12": {
            "name": "Right Elbow",
            "x": -0.17617730796337128,
            "y": 0.06704272329807281,
            "z": 0.6689518690109253
        },
        "13": {
            "name": "Right Wrist",
            "x": -0.02570238709449768,
            "y": 0.1485053300857544,
            "z": 0.6652230620384216
        },
        "14": {
            "name": "Left Shoulder",
            "x": -0.015808172523975372,
            "y": 0.08017844706773758,
            "z": 0.9886894226074219
        },
        "15": {
            "name": "Left Elbow",
            "x": 0.0674617737531662,
            "y": -0.05042172595858574,
            "z": 0.9751574397087097
        },
        "16": {
            "name": "Left Wrist",
            "x": 0.07157101482152939,
            "y": 0.013983218930661678,
            "z": 0.8715896010398865
        }
    }
}