{
    "image_path": "00012/img/18.jpg",
    "shooter_tracklet_id": 5,
    "bbox": {
        "x": 343,
        "y": 242,
        "w": 100,
        "h": 100
    },
    "keypont_2d": {
        "0": {
            "name": "Center of Hips",
            "x": 37.45,
            "y": 33.96
        },
        "1": {
            "name": "Left Hip",
            "x": 31.49,
            "y": 32.77
        },
        "2": {
            "name": "Left Knee",
            "x": 57.91,
            "y": 40.48
        },
        "3": {
            "name": "Left Ankle",
            "x": 67.98,
            "y": 56.07
        },
        "4": {
            "name": "Right Hip",
            "x": 43.28,
            "y": 35.44
        },
        "5": {
            "name": "Right Knee",
            "x": 50.25,
            "y": 54.23
        },
        "6": {
            "name": "Right Ankle",
            "x": 53.75,
            "y": 73.91
        },
        "7": {
            "name": "Center of Body",
            "x": 42.75,
            "y": 20.78
        },
        "8": {
            "name": "Center of Shoulder",
            "x": 49.95,
            "y": 13.79
        },
        "9": {
            "name": "Neck",
            "x": 50.95,
            "y": 12.99
        },
        "10": {
            "name": "Head",
            "x": 54.54,
            "y": 12.29
        },
        "11": {
            "name": "Right Shoulder",
            "x": 56.54,
            "y": 18.98
        },
        "12": {
            "name": "Right Elbow",
            "x": 45.71,
            "y": 29.9
        },
        "13": {
            "name": "Right Wrist",
            "x": 30.93,
            "y": 31.0
        },
        "14": {
            "name": "Left Shoulder",
            "x": 41.82,
            "y": 12.21
        },
        "15": {
            "name": "Left Elbow",
            "x": 34.52,
            "y": 20.01
        },
        "16": {
            "name": "Left Wrist",
            "x": 36.12,
            "y": 26.6
        }
    },
    "keypont_3d": {
        "0": {
            "name": "Center of Hips",
            "x": 0.0,
            "y": 0.0,
            "z": 0.6306492686271667
        },
        "1": {
            "name": "Left Hip",
            "x": 0.13461048901081085,
            "y": -0.0438244566321373,
            "z": 0.6554791331291199
        },
        "2": {
            "name": "Left Knee",
            "x": -0.25049060583114624,
            "y": 0.04583295062184334,
            "z": 0.5239167213439941
        },
        "3": {
            "name": "Left Ankle",
            "x": -0.4637637138366699,
            "y": 0.20770525932312012,
            "z": 0.25717684626579285
        },
        "4": {
            "name": "Right Hip",
            "x": -0.08483200520277023,
            "y": -0.04354653134942055,
            "z": 0.5850836038589478
        },
        "5": {
            "name": "Right Knee",
            "x": -0.13697953522205353,
            "y": 0.11040107905864716,
            "z": 0.3144768178462982
        },
        "6": {
            "name": "Right Ankle",
            "x": -0.18066130578517914,
            "y": 0.1929752379655838,
            "z": 0.0
        },
        "7": {
            "name": "Center of Body",
            "x": -0.043186288326978683,
            "y": 0.013744332827627659,
            "z": 0.8166456818580627
        },
        "8": {
            "name": "Center of Shoulder",
            "x": -0.12010112404823303,
            "y": 0.09908408671617508,
            "z": 0.9390674829483032
        },
        "9": {
            "name": "Neck",
            "x": -0.12875781953334808,
            "y": 0.1421034187078476,
            "z": 0.9579737782478333
        },
        "10": {
            "name": "Head",
            "x": -0.16227538883686066,
            "y": 0.17983144521713257,
            "z": 1.0
        },
        "11": {
            "name": "Right Shoulder",
            "x": -0.20398716628551483,
            "y": 0.11690066009759903,
            "z": 0.8733798265457153
        },
        "12": {
            "name": "Right Elbow",
            "x": -0.10728149116039276,
            "y": 0.10581556707620621,
            "z": 0.733268678188324
        },
        "13": {
            "name": "Right Wrist",
            "x": 0.025001756846904755,
            "y": 0.18310777842998505,
            "z": 0.7097571492195129
        },
        "14": {
            "name": "Left Shoulder",
            "x": -0.030417054891586304,
            "y": 0.0723370909690857,
            "z": 0.9722968935966492
        },
        "15": {
            "name": "Left Elbow",
            "x": 0.05220042169094086,
            "y": -0.07033221423625946,
            "z": 0.8640597462654114
        },
        "16": {
            "name": "Left Wrist",
            "x": 0.04386405274271965,
            "y": -0.03891006112098694,
            "z": 0.7682602405548096
        }
    }
}