{
    "image_path": "00012/img/19.jpg",
    "shooter_tracklet_id": 5,
    "bbox": {
        "x": 337,
        "y": 233,
        "w": 100,
        "h": 100
    },
    "keypoint_2d": {
        "0": {
            "name": "Center of Hips",
            "x": 38.51,
            "y": 37.64
        },
        "1": {
            "name": "Left Hip",
            "x": 32.35,
            "y": 36.48
        },
        "2": {
            "name": "Left Knee",
            "x": 57.77,
            "y": 49.15
        },
        "3": {
            "name": "Left Ankle",
            "x": 64.33,
            "y": 64.52
        },
        "4": {
            "name": "Right Hip",
            "x": 44.6,
            "y": 39.07
        },
        "5": {
            "name": "Right Knee",
            "x": 53.28,
            "y": 53.99
        },
        "6": {
            "name": "Right Ankle",
            "x": 59.15,
            "y": 74.53
        },
        "7": {
            "name": "Center of Body",
            "x": 44.26,
            "y": 24.67
        },
        "8": {
            "name": "Center of Shoulder",
            "x": 51.73,
            "y": 18.42
        },
        "9": {
            "name": "Neck",
            "x": 53.28,
            "y": 17.39
        },
        "10": {
            "name": "Head",
            "x": 56.39,
            "y": 16.69
        },
        "11": {
            "name": "Right Shoulder",
            "x": 57.77,
            "y": 22.05
        },
        "12": {
            "name": "Right Elbow",
            "x": 54.32,
            "y": 33.79
        },
        "13": {
            "name": "Right Wrist",
            "x": 50.52,
            "y": 41.9
        },
        "14": {
            "name": "Left Shoulder",
            "x": 44.47,
            "y": 17.73
        },
        "15": {
            "name": "Left Elbow",
            "x": 33.77,
            "y": 22.05
        },
        "16": {
            "name": "Left Wrist",
            "x": 35.43,
            "y": 28.79
        }
    },
    "keypoint_3d": {
        "0": {
            "name": "Center of Hips",
            "x": 0.0,
            "y": 0.0,
            "z": 0.6222440004348755
        },
        "1": {
            "name": "Left Hip",
            "x": 0.15957777202129364,
            "y": -0.0250234454870224,
            "z": 0.6296249628067017
        },
        "2": {
            "name": "Left Knee",
            "x": -0.2316988855600357,
            "y": 0.13258300721645355,
            "z": 0.4400278329849243
        },
        "3": {
            "name": "Left Ankle",
            "x": -0.37815961241722107,
            "y": 0.1932600885629654,
            "z": 0.16530843079090118
        },
        "4": {
            "name": "Right Hip",
            "x": -0.08539620041847229,
            "y": -0.036825645714998245,
            "z": 0.5860899090766907
        },
        "5": {
            "name": "Right Knee",
            "x": -0.18398189544677734,
            "y": 0.11444351822137833,
            "z": 0.33738529682159424
        },
        "6": {
            "name": "Right Ankle",
            "x": -0.24677138030529022,
            "y": 0.22798457741737366,
            "z": 0.0
        },
        "7": {
            "name": "Center of Body",
            "x": -0.0407676175236702,
            "y": 0.01791989803314209,
            "z": 0.812695324420929
        },
        "8": {
            "name": "Center of Shoulder",
            "x": -0.11437997967004776,
            "y": 0.11249782890081406,
            "z": 0.9406328797340393
        },
        "9": {
            "name": "Neck",
            "x": -0.1266305297613144,
            "y": 0.15687650442123413,
            "z": 0.9622499346733093
        },
        "10": {
            "name": "Head",
            "x": -0.16041423380374908,
            "y": 0.1930059939622879,
            "z": 1.0
        },
        "11": {
            "name": "Right Shoulder",
            "x": -0.20402838289737701,
            "y": 0.10916939377784729,
            "z": 0.8773642182350159
        },
        "12": {
            "name": "Right Elbow",
            "x": -0.18768426775932312,
            "y": 0.04629768803715706,
            "z": 0.6737641096115112
        },
        "13": {
            "name": "Right Wrist",
            "x": -0.10533769428730011,
            "y": 0.12025175243616104,
            "z": 0.5595968961715698
        },
        "14": {
            "name": "Left Shoulder",
            "x": 0.0017432767199352384,
            "y": 0.09996721893548965,
            "z": 0.9598780870437622
        },
        "15": {
            "name": "Left Elbow",
            "x": 0.11776246875524521,
            "y": -0.047884251922369,
            "z": 0.8567542433738708
        },
        "16": {
            "name": "Left Wrist",
            "x": 0.09241858869791031,
            "y": -0.032594844698905945,
            "z": 0.7531374096870422
        }
    }
}