{
    "image_path": "00012/img/20.jpg",
    "shooter_tracklet_id": 5,
    "bbox": {
        "x": 333,
        "y": 220,
        "w": 100,
        "h": 100
    },
    "keypoint_2d": {
        "0": {
            "name": "Center of Hips",
            "x": 39.87,
            "y": 41.08
        },
        "1": {
            "name": "Left Hip",
            "x": 37.2,
            "y": 40.67
        },
        "2": {
            "name": "Left Knee",
            "x": 53.92,
            "y": 54.82
        },
        "3": {
            "name": "Left Ankle",
            "x": 63.79,
            "y": 62.21
        },
        "4": {
            "name": "Right Hip",
            "x": 43.52,
            "y": 41.64
        },
        "5": {
            "name": "Right Knee",
            "x": 58.25,
            "y": 54.14
        },
        "6": {
            "name": "Right Ankle",
            "x": 65.85,
            "y": 71.92
        },
        "7": {
            "name": "Center of Body",
            "x": 48.17,
            "y": 28.35
        },
        "8": {
            "name": "Center of Shoulder",
            "x": 56.25,
            "y": 21.92
        },
        "9": {
            "name": "Neck",
            "x": 58.01,
            "y": 20.85
        },
        "10": {
            "name": "Head",
            "x": 61.25,
            "y": 19.54
        },
        "11": {
            "name": "Right Shoulder",
            "x": 61.65,
            "y": 23.73
        },
        "12": {
            "name": "Right Elbow",
            "x": 60.81,
            "y": 34.76
        },
        "13": {
            "name": "Right Wrist",
            "x": 58.53,
            "y": 42.55
        },
        "14": {
            "name": "Left Shoulder",
            "x": 48.4,
            "y": 22.94
        },
        "15": {
            "name": "Left Elbow",
            "x": 37.43,
            "y": 31.04
        },
        "16": {
            "name": "Left Wrist",
            "x": 32.51,
            "y": 36.8
        }
    },
    "keypoint_3d": {
        "0": {
            "name": "Center of Hips",
            "x": 0.0,
            "y": 0.0,
            "z": 0.603699266910553
        },
        "1": {
            "name": "Left Hip",
            "x": 0.12406709790229797,
            "y": -0.013962360098958015,
            "z": 0.5817052125930786
        },
        "2": {
            "name": "Left Knee",
            "x": -0.19559325277805328,
            "y": 0.08206573873758316,
            "z": 0.34936729073524475
        },
        "3": {
            "name": "Left Ankle",
            "x": -0.44366979598999023,
            "y": 0.05821160599589348,
            "z": 0.15016666054725647
        },
        "4": {
            "name": "Right Hip",
            "x": -0.06542897969484329,
            "y": -0.05113944411277771,
            "z": 0.5632336139678955
        },
        "5": {
            "name": "Right Knee",
            "x": -0.240491583943367,
            "y": 0.106163889169693,
            "z": 0.32625943422317505
        },
        "6": {
            "name": "Right Ankle",
            "x": -0.3592176139354706,
            "y": 0.2229459583759308,
            "z": 0.0
        },
        "7": {
            "name": "Center of Body",
            "x": -0.05598669871687889,
            "y": 0.02408541366457939,
            "z": 0.8011155128479004
        },
        "8": {
            "name": "Center of Shoulder",
            "x": -0.15425369143486023,
            "y": 0.11329790204763412,
            "z": 0.9391664862632751
        },
        "9": {
            "name": "Neck",
            "x": -0.16763338446617126,
            "y": 0.170467808842659,
            "z": 0.9607853293418884
        },
        "10": {
            "name": "Head",
            "x": -0.19858324527740479,
            "y": 0.2087675780057907,
            "z": 1.0
        },
        "11": {
            "name": "Right Shoulder",
            "x": -0.2386505901813507,
            "y": 0.10807140916585922,
            "z": 0.8852192759513855
        },
        "12": {
            "name": "Right Elbow",
            "x": -0.24656248092651367,
            "y": 0.050515249371528625,
            "z": 0.6651585698127747
        },
        "13": {
            "name": "Right Wrist",
            "x": -0.1843913197517395,
            "y": 0.16368329524993896,
            "z": 0.5704329013824463
        },
        "14": {
            "name": "Left Shoulder",
            "x": -0.025894194841384888,
            "y": 0.10838913917541504,
            "z": 0.9393140077590942
        },
        "15": {
            "name": "Left Elbow",
            "x": 0.13014206290245056,
            "y": -0.012160379439592361,
            "z": 0.7788305282592773
        },
        "16": {
            "name": "Left Wrist",
            "x": 0.18992871046066284,
            "y": -0.04188208281993866,
            "z": 0.6696029305458069
        }
    }
}