{
    "image_path": "00003/img/1.jpg",
    "shooter_tracklet_id": 13,
    "bbox": {
        "x": 243,
        "y": 423,
        "w": 100,
        "h": 100
    },
    "keypoint_2d": {
        "0": {
            "name": "Center of Hips",
            "x": 52.12,
            "y": 43.23
        },
        "1": {
            "name": "Left Hip",
            "x": 56.59,
            "y": 43.67
        },
        "2": {
            "name": "Left Knee",
            "x": 53.56,
            "y": 57.12
        },
        "3": {
            "name": "Left Ankle",
            "x": 51.32,
            "y": 65.05
        },
        "4": {
            "name": "Right Hip",
            "x": 47.02,
            "y": 42.85
        },
        "5": {
            "name": "Right Knee",
            "x": 43.66,
            "y": 55.03
        },
        "6": {
            "name": "Right Ankle",
            "x": 44.42,
            "y": 65.38
        },
        "7": {
            "name": "Center of Body",
            "x": 50.8,
            "y": 37.69
        },
        "8": {
            "name": "Center of Shoulder",
            "x": 48.9,
            "y": 30.43
        },
        "9": {
            "name": "Neck",
            "x": 48.9,
            "y": 29.72
        },
        "10": {
            "name": "Head",
            "x": 47.71,
            "y": 27.94
        },
        "11": {
            "name": "Right Shoulder",
            "x": 42.11,
            "y": 31.25
        },
        "12": {
            "name": "Right Elbow",
            "x": 39.43,
            "y": 39.73
        },
        "13": {
            "name": "Right Wrist",
            "x": 34.22,
            "y": 46.22
        },
        "14": {
            "name": "Left Shoulder",
            "x": 55.9,
            "y": 29.99
        },
        "15": {
            "name": "Left Elbow",
            "x": 61.86,
            "y": 36.68
        },
        "16": {
            "name": "Left Wrist",
            "x": 61.79,
            "y": 42.63
        }
    },
    "keypoint_3d": {
        "0": {
            "name": "Center of Hips",
            "x": 0.0,
            "y": 0.0,
            "z": 0.608275830745697
        },
        "1": {
            "name": "Left Hip",
            "x": -0.11396583169698715,
            "y": 0.03781495988368988,
            "z": 0.6072213053703308
        },
        "2": {
            "name": "Left Knee",
            "x": -0.07974004745483398,
            "y": -0.040447477251291275,
            "z": 0.2465629279613495
        },
        "3": {
            "name": "Left Ankle",
            "x": 0.06893416494131088,
            "y": 0.17484131455421448,
            "z": 0.05557233840227127
        },
        "4": {
            "name": "Right Hip",
            "x": 0.1215716078877449,
            "y": -0.0466933436691761,
            "z": 0.6167135238647461
        },
        "5": {
            "name": "Right Knee",
            "x": 0.1569404900074005,
            "y": -0.1507570743560791,
            "z": 0.2844376564025879
        },
        "6": {
            "name": "Right Ankle",
            "x": 0.2022247165441513,
            "y": -0.0224588792771101,
            "z": 0.0
        },
        "7": {
            "name": "Center of Body",
            "x": -0.0006676859338767827,
            "y": -0.07700533419847488,
            "z": 0.7761918902397156
        },
        "8": {
            "name": "Center of Shoulder",
            "x": 0.010811148211359978,
            "y": -0.19000746309757233,
            "z": 0.9255227446556091
        },
        "9": {
            "name": "Neck",
            "x": 0.004496445879340172,
            "y": -0.210993692278862,
            "z": 0.9486745595932007
        },
        "10": {
            "name": "Head",
            "x": 0.02990667335689068,
            "y": -0.23286037147045135,
            "z": 1.0
        },
        "11": {
            "name": "Right Shoulder",
            "x": 0.22224122285842896,
            "y": -0.14586588740348816,
            "z": 0.9157613515853882
        },
        "12": {
            "name": "Right Elbow",
            "x": 0.3181774318218231,
            "y": -0.11098691821098328,
            "z": 0.7074535489082336
        },
        "13": {
            "name": "Right Wrist",
            "x": 0.4378381371498108,
            "y": -0.15129336714744568,
            "z": 0.5438731908798218
        },
        "14": {
            "name": "Left Shoulder",
            "x": -0.11568623036146164,
            "y": -0.047012507915496826,
            "z": 0.9508869647979736
        },
        "15": {
            "name": "Left Elbow",
            "x": -0.2416965663433075,
            "y": 0.07781242579221725,
            "z": 0.8011532425880432
        },
        "16": {
            "name": "Left Wrist",
            "x": -0.3014402687549591,
            "y": -0.009506124071776867,
            "z": 0.6193793416023254
        }
    }
}