{
    "image_path": "00003/img/2.jpg",
    "shooter_tracklet_id": 13,
    "bbox": {
        "x": 243,
        "y": 423,
        "w": 100,
        "h": 100
    },
    "keypont_2d": {
        "0": {
            "name": "Center of Hips",
            "x": 57.82,
            "y": 43.79
        },
        "1": {
            "name": "Left Hip",
            "x": 62.92,
            "y": 44.4
        },
        "2": {
            "name": "Left Knee",
            "x": 60.41,
            "y": 58.61
        },
        "3": {
            "name": "Left Ankle",
            "x": 62.37,
            "y": 70.14
        },
        "4": {
            "name": "Right Hip",
            "x": 52.47,
            "y": 43.71
        },
        "5": {
            "name": "Right Knee",
            "x": 50.41,
            "y": 57.31
        },
        "6": {
            "name": "Right Ankle",
            "x": 51.39,
            "y": 67.75
        },
        "7": {
            "name": "Center of Body",
            "x": 57.82,
            "y": 38.09
        },
        "8": {
            "name": "Center of Shoulder",
            "x": 56.03,
            "y": 31.55
        },
        "9": {
            "name": "Neck",
            "x": 55.23,
            "y": 30.0
        },
        "10": {
            "name": "Head",
            "x": 53.74,
            "y": 27.88
        },
        "11": {
            "name": "Right Shoulder",
            "x": 49.2,
            "y": 32.73
        },
        "12": {
            "name": "Right Elbow",
            "x": 46.6,
            "y": 42.34
        },
        "13": {
            "name": "Right Wrist",
            "x": 43.78,
            "y": 48.1
        },
        "14": {
            "name": "Left Shoulder",
            "x": 62.16,
            "y": 30.59
        },
        "15": {
            "name": "Left Elbow",
            "x": 67.59,
            "y": 37.34
        },
        "16": {
            "name": "Left Wrist",
            "x": 67.59,
            "y": 43.86
        }
    },
    "keypont_3d": {
        "0": {
            "name": "Center of Hips",
            "x": 0.0,
            "y": 0.0,
            "z": 0.6264021992683411
        },
        "1": {
            "name": "Left Hip",
            "x": -0.11389923095703125,
            "y": 0.045217856764793396,
            "z": 0.6280262470245361
        },
        "2": {
            "name": "Left Knee",
            "x": -0.09488645941019058,
            "y": -0.020577507093548775,
            "z": 0.2699098587036133
        },
        "3": {
            "name": "Left Ankle",
            "x": -0.02519812434911728,
            "y": 0.19251053035259247,
            "z": 0.02033325284719467
        },
        "4": {
            "name": "Right Hip",
            "x": 0.12244272977113724,
            "y": -0.054383136332035065,
            "z": 0.6309159994125366
        },
        "5": {
            "name": "Right Knee",
            "x": 0.13209740817546844,
            "y": -0.13087786734104156,
            "z": 0.29269638657569885
        },
        "6": {
            "name": "Right Ankle",
            "x": 0.09737890958786011,
            "y": -0.14653876423835754,
            "z": 0.0
        },
        "7": {
            "name": "Center of Body",
            "x": -0.03483254835009575,
            "y": -0.1000899001955986,
            "z": 0.7765766978263855
        },
        "8": {
            "name": "Center of Shoulder",
            "x": -0.01908666267991066,
            "y": -0.19983601570129395,
            "z": 0.9256792664527893
        },
        "9": {
            "name": "Neck",
            "x": -0.023257704451680183,
            "y": -0.2477366328239441,
            "z": 0.9495242238044739
        },
        "10": {
            "name": "Head",
            "x": 0.00930539146065712,
            "y": -0.26517611742019653,
            "z": 1.0
        },
        "11": {
            "name": "Right Shoulder",
            "x": 0.16192220151424408,
            "y": -0.1815667599439621,
            "z": 0.8921087980270386
        },
        "12": {
            "name": "Right Elbow",
            "x": 0.24058935046195984,
            "y": -0.16178138554096222,
            "z": 0.6762652397155762
        },
        "13": {
            "name": "Right Wrist",
            "x": 0.27948376536369324,
            "y": -0.24802909791469574,
            "z": 0.5088303089141846
        },
        "14": {
            "name": "Left Shoulder",
            "x": -0.13244713842868805,
            "y": -0.06732864677906036,
            "z": 0.9521582722663879
        },
        "15": {
            "name": "Left Elbow",
            "x": -0.23960474133491516,
            "y": 0.05127257481217384,
            "z": 0.8095792531967163
        },
        "16": {
            "name": "Left Wrist",
            "x": -0.28445953130722046,
            "y": -0.013121367432177067,
            "z": 0.6273979544639587
        }
    }
}