{
    "image_path": "00003/img/3.jpg",
    "shooter_tracklet_id": 13,
    "bbox": {
        "x": 243,
        "y": 423,
        "w": 100,
        "h": 100
    },
    "keypoint_2d": {
        "0": {
            "name": "Center of Hips",
            "x": 62.67,
            "y": 44.95
        },
        "1": {
            "name": "Left Hip",
            "x": 69.81,
            "y": 44.55
        },
        "2": {
            "name": "Left Knee",
            "x": 65.72,
            "y": 58.14
        },
        "3": {
            "name": "Left Ankle",
            "x": 63.06,
            "y": 68.96
        },
        "4": {
            "name": "Right Hip",
            "x": 54.82,
            "y": 44.79
        },
        "5": {
            "name": "Right Knee",
            "x": 52.65,
            "y": 56.56
        },
        "6": {
            "name": "Right Ankle",
            "x": 49.9,
            "y": 67.8
        },
        "7": {
            "name": "Center of Body",
            "x": 60.42,
            "y": 37.54
        },
        "8": {
            "name": "Center of Shoulder",
            "x": 58.13,
            "y": 31.84
        },
        "9": {
            "name": "Neck",
            "x": 57.73,
            "y": 30.85
        },
        "10": {
            "name": "Head",
            "x": 57.18,
            "y": 28.43
        },
        "11": {
            "name": "Right Shoulder",
            "x": 50.36,
            "y": 32.8
        },
        "12": {
            "name": "Right Elbow",
            "x": 46.95,
            "y": 42.54
        },
        "13": {
            "name": "Right Wrist",
            "x": 42.95,
            "y": 49.45
        },
        "14": {
            "name": "Left Shoulder",
            "x": 64.43,
            "y": 31.13
        },
        "15": {
            "name": "Left Elbow",
            "x": 72.26,
            "y": 36.38
        },
        "16": {
            "name": "Left Wrist",
            "x": 77.92,
            "y": 46.37
        }
    },
    "keypoint_3d": {
        "0": {
            "name": "Center of Hips",
            "x": 0.0,
            "y": 0.0,
            "z": 0.6351028680801392
        },
        "1": {
            "name": "Left Hip",
            "x": -0.12852242588996887,
            "y": 0.0604717843234539,
            "z": 0.6462306976318359
        },
        "2": {
            "name": "Left Knee",
            "x": -0.12868806719779968,
            "y": -0.04643687978386879,
            "z": 0.2914254367351532
        },
        "3": {
            "name": "Left Ankle",
            "x": -0.037113871425390244,
            "y": 0.08226830512285233,
            "z": 0.0
        },
        "4": {
            "name": "Right Hip",
            "x": 0.13717210292816162,
            "y": -0.07732214033603668,
            "z": 0.6234780550003052
        },
        "5": {
            "name": "Right Knee",
            "x": 0.14394636452198029,
            "y": -0.21307767927646637,
            "z": 0.3019745647907257
        },
        "6": {
            "name": "Right Ankle",
            "x": 0.17478035390377045,
            "y": -0.24252279102802277,
            "z": 0.014675863087177277
        },
        "7": {
            "name": "Center of Body",
            "x": -0.01587528921663761,
            "y": -0.11075738072395325,
            "z": 0.7952902913093567
        },
        "8": {
            "name": "Center of Shoulder",
            "x": -0.007297923788428307,
            "y": -0.2334589809179306,
            "z": 0.9237309694290161
        },
        "9": {
            "name": "Neck",
            "x": -0.01628437452018261,
            "y": -0.29344940185546875,
            "z": 0.9435281753540039
        },
        "10": {
            "name": "Head",
            "x": 0.0036248418036848307,
            "y": -0.30624866485595703,
            "z": 1.0
        },
        "11": {
            "name": "Right Shoulder",
            "x": 0.1752004325389862,
            "y": -0.21844090521335602,
            "z": 0.8884801268577576
        },
        "12": {
            "name": "Right Elbow",
            "x": 0.2848823666572571,
            "y": -0.21288441121578217,
            "z": 0.674353837966919
        },
        "13": {
            "name": "Right Wrist",
            "x": 0.33622729778289795,
            "y": -0.2917633056640625,
            "z": 0.5004435181617737
        },
        "14": {
            "name": "Left Shoulder",
            "x": -0.12054308503866196,
            "y": -0.09800099581480026,
            "z": 0.9571967720985413
        },
        "15": {
            "name": "Left Elbow",
            "x": -0.24723097681999207,
            "y": 0.025137318298220634,
            "z": 0.8302565813064575
        },
        "16": {
            "name": "Left Wrist",
            "x": -0.29515159130096436,
            "y": 0.009463442489504814,
            "z": 0.6263713240623474
        }
    }
}