{
    "image_path": "00003/img/4.jpg",
    "shooter_tracklet_id": 13,
    "bbox": {
        "x": 242,
        "y": 417,
        "w": 100,
        "h": 100
    },
    "keypont_2d": {
        "0": {
            "name": "Center of Hips",
            "x": 61.4,
            "y": 45.86
        },
        "1": {
            "name": "Left Hip",
            "x": 67.35,
            "y": 46.18
        },
        "2": {
            "name": "Left Knee",
            "x": 66.05,
            "y": 60.77
        },
        "3": {
            "name": "Left Ankle",
            "x": 63.47,
            "y": 70.91
        },
        "4": {
            "name": "Right Hip",
            "x": 55.96,
            "y": 45.58
        },
        "5": {
            "name": "Right Knee",
            "x": 52.06,
            "y": 58.67
        },
        "6": {
            "name": "Right Ankle",
            "x": 48.78,
            "y": 70.11
        },
        "7": {
            "name": "Center of Body",
            "x": 60.6,
            "y": 37.73
        },
        "8": {
            "name": "Center of Shoulder",
            "x": 58.33,
            "y": 31.01
        },
        "9": {
            "name": "Neck",
            "x": 57.99,
            "y": 30.14
        },
        "10": {
            "name": "Head",
            "x": 57.44,
            "y": 27.91
        },
        "11": {
            "name": "Right Shoulder",
            "x": 51.66,
            "y": 32.49
        },
        "12": {
            "name": "Right Elbow",
            "x": 48.16,
            "y": 42.18
        },
        "13": {
            "name": "Right Wrist",
            "x": 43.47,
            "y": 49.28
        },
        "14": {
            "name": "Left Shoulder",
            "x": 65.65,
            "y": 29.6
        },
        "15": {
            "name": "Left Elbow",
            "x": 74.04,
            "y": 32.79
        },
        "16": {
            "name": "Left Wrist",
            "x": 80.34,
            "y": 36.59
        }
    },
    "keypont_3d": {
        "0": {
            "name": "Center of Hips",
            "x": 0.0,
            "y": 0.0,
            "z": 0.6224505305290222
        },
        "1": {
            "name": "Left Hip",
            "x": -0.12688468396663666,
            "y": 0.0657811164855957,
            "z": 0.6346571445465088
        },
        "2": {
            "name": "Left Knee",
            "x": -0.13816678524017334,
            "y": -0.05001899600028992,
            "z": 0.2801571786403656
        },
        "3": {
            "name": "Left Ankle",
            "x": -0.029173245653510094,
            "y": 0.07334543019533157,
            "z": 0.005196813959628344
        },
        "4": {
            "name": "Right Hip",
            "x": 0.12943139672279358,
            "y": -0.08034272491931915,
            "z": 0.610320508480072
        },
        "5": {
            "name": "Right Knee",
            "x": 0.14722305536270142,
            "y": -0.22922943532466888,
            "z": 0.29535987973213196
        },
        "6": {
            "name": "Right Ankle",
            "x": 0.2505049705505371,
            "y": -0.18783341348171234,
            "z": 0.0
        },
        "7": {
            "name": "Center of Body",
            "x": -0.002629305701702833,
            "y": -0.09864700585603714,
            "z": 0.7994089126586914
        },
        "8": {
            "name": "Center of Shoulder",
            "x": 0.01109784934669733,
            "y": -0.21739326417446136,
            "z": 0.9306618571281433
        },
        "9": {
            "name": "Neck",
            "x": -0.004006708040833473,
            "y": -0.2801460921764374,
            "z": 0.9441359043121338
        },
        "10": {
            "name": "Head",
            "x": 0.009785328060388565,
            "y": -0.2895233631134033,
            "z": 1.0
        },
        "11": {
            "name": "Right Shoulder",
            "x": 0.17831997573375702,
            "y": -0.20724059641361237,
            "z": 0.9010210037231445
        },
        "12": {
            "name": "Right Elbow",
            "x": 0.30028557777404785,
            "y": -0.18598173558712006,
            "z": 0.6876862645149231
        },
        "13": {
            "name": "Right Wrist",
            "x": 0.3878209888935089,
            "y": -0.23325419425964355,
            "z": 0.5173415541648865
        },
        "14": {
            "name": "Left Shoulder",
            "x": -0.1137877032160759,
            "y": -0.07943490147590637,
            "z": 0.973706066608429
        },
        "15": {
            "name": "Left Elbow",
            "x": -0.2696649134159088,
            "y": 0.06486563384532928,
            "z": 0.9006624221801758
        },
        "16": {
            "name": "Left Wrist",
            "x": -0.42578282952308655,
            "y": 0.11553632467985153,
            "z": 0.7968438267707825
        }
    }
}