{
    "image_path": "00003/img/5.jpg",
    "shooter_tracklet_id": 13,
    "bbox": {
        "x": 242,
        "y": 408,
        "w": 100,
        "h": 100
    },
    "keypont_2d": {
        "0": {
            "name": "Center of Hips",
            "x": 60.3,
            "y": 46.97
        },
        "1": {
            "name": "Left Hip",
            "x": 66.48,
            "y": 47.01
        },
        "2": {
            "name": "Left Knee",
            "x": 66.4,
            "y": 60.5
        },
        "3": {
            "name": "Left Ankle",
            "x": 62.5,
            "y": 70.83
        },
        "4": {
            "name": "Right Hip",
            "x": 54.78,
            "y": 46.59
        },
        "5": {
            "name": "Right Knee",
            "x": 51.82,
            "y": 60.34
        },
        "6": {
            "name": "Right Ankle",
            "x": 48.09,
            "y": 70.5
        },
        "7": {
            "name": "Center of Body",
            "x": 59.27,
            "y": 37.11
        },
        "8": {
            "name": "Center of Shoulder",
            "x": 57.86,
            "y": 30.95
        },
        "9": {
            "name": "Neck",
            "x": 57.61,
            "y": 29.87
        },
        "10": {
            "name": "Head",
            "x": 57.21,
            "y": 27.22
        },
        "11": {
            "name": "Right Shoulder",
            "x": 52.6,
            "y": 31.86
        },
        "12": {
            "name": "Right Elbow",
            "x": 49.44,
            "y": 42.69
        },
        "13": {
            "name": "Right Wrist",
            "x": 45.27,
            "y": 50.6
        },
        "14": {
            "name": "Left Shoulder",
            "x": 64.18,
            "y": 30.2
        },
        "15": {
            "name": "Left Elbow",
            "x": 72.59,
            "y": 31.03
        },
        "16": {
            "name": "Left Wrist",
            "x": 79.91,
            "y": 31.61
        }
    },
    "keypont_3d": {
        "0": {
            "name": "Center of Hips",
            "x": 0.0,
            "y": 0.0,
            "z": 0.5998861193656921
        },
        "1": {
            "name": "Left Hip",
            "x": -0.11280708014965057,
            "y": 0.071043461561203,
            "z": 0.6085962057113647
        },
        "2": {
            "name": "Left Knee",
            "x": -0.1641198694705963,
            "y": -0.04020432010293007,
            "z": 0.2687683403491974
        },
        "3": {
            "name": "Left Ankle",
            "x": -0.05143075808882713,
            "y": 0.0561150498688221,
            "z": 0.0037928384263068438
        },
        "4": {
            "name": "Right Hip",
            "x": 0.11390769481658936,
            "y": -0.07808142155408859,
            "z": 0.5911627411842346
        },
        "5": {
            "name": "Right Knee",
            "x": 0.1386774182319641,
            "y": -0.18251276016235352,
            "z": 0.26996907591819763
        },
        "6": {
            "name": "Right Ankle",
            "x": 0.29104748368263245,
            "y": -0.07731880247592926,
            "z": 0.0
        },
        "7": {
            "name": "Center of Body",
            "x": -0.002122254576534033,
            "y": -0.07975729554891586,
            "z": 0.7858298420906067
        },
        "8": {
            "name": "Center of Shoulder",
            "x": 0.008334736339747906,
            "y": -0.17681315541267395,
            "z": 0.9296483397483826
        },
        "9": {
            "name": "Neck",
            "x": -0.009404443204402924,
            "y": -0.23573720455169678,
            "z": 0.9431625604629517
        },
        "10": {
            "name": "Head",
            "x": 0.0015965050552040339,
            "y": -0.24415364861488342,
            "z": 1.0
        },
        "11": {
            "name": "Right Shoulder",
            "x": 0.14086711406707764,
            "y": -0.18949219584465027,
            "z": 0.8947466611862183
        },
        "12": {
            "name": "Right Elbow",
            "x": 0.24977777898311615,
            "y": -0.14156946539878845,
            "z": 0.6798701882362366
        },
        "13": {
            "name": "Right Wrist",
            "x": 0.3403737246990204,
            "y": -0.16467685997486115,
            "z": 0.5069551467895508
        },
        "14": {
            "name": "Left Shoulder",
            "x": -0.11076142638921738,
            "y": -0.050656408071517944,
            "z": 0.9722146987915039
        },
        "15": {
            "name": "Left Elbow",
            "x": -0.2702876031398773,
            "y": 0.07237052917480469,
            "z": 0.9405202269554138
        },
        "16": {
            "name": "Left Wrist",
            "x": -0.4348095953464508,
            "y": 0.11204656958580017,
            "z": 0.8950980305671692
        }
    }
}