{
    "image_path": "00003/img/6.jpg",
    "shooter_tracklet_id": 13,
    "bbox": {
        "x": 242,
        "y": 402,
        "w": 100,
        "h": 100
    },
    "keypont_2d": {
        "0": {
            "name": "Center of Hips",
            "x": 61.17,
            "y": 48.65
        },
        "1": {
            "name": "Left Hip",
            "x": 66.08,
            "y": 48.63
        },
        "2": {
            "name": "Left Knee",
            "x": 66.35,
            "y": 61.04
        },
        "3": {
            "name": "Left Ankle",
            "x": 64.3,
            "y": 70.0
        },
        "4": {
            "name": "Right Hip",
            "x": 54.82,
            "y": 48.55
        },
        "5": {
            "name": "Right Knee",
            "x": 53.31,
            "y": 58.41
        },
        "6": {
            "name": "Right Ankle",
            "x": 50.71,
            "y": 70.0
        },
        "7": {
            "name": "Center of Body",
            "x": 61.19,
            "y": 37.87
        },
        "8": {
            "name": "Center of Shoulder",
            "x": 59.85,
            "y": 30.46
        },
        "9": {
            "name": "Neck",
            "x": 59.54,
            "y": 29.6
        },
        "10": {
            "name": "Head",
            "x": 58.39,
            "y": 27.9
        },
        "11": {
            "name": "Right Shoulder",
            "x": 53.89,
            "y": 32.26
        },
        "12": {
            "name": "Right Elbow",
            "x": 53.14,
            "y": 39.09
        },
        "13": {
            "name": "Right Wrist",
            "x": 50.72,
            "y": 46.67
        },
        "14": {
            "name": "Left Shoulder",
            "x": 65.46,
            "y": 29.51
        },
        "15": {
            "name": "Left Elbow",
            "x": 74.7,
            "y": 29.68
        },
        "16": {
            "name": "Left Wrist",
            "x": 84.94,
            "y": 30.18
        }
    },
    "keypont_3d": {
        "0": {
            "name": "Center of Hips",
            "x": 0.0,
            "y": 0.0,
            "z": 0.5661012530326843
        },
        "1": {
            "name": "Left Hip",
            "x": -0.11243614554405212,
            "y": 0.06876689195632935,
            "z": 0.5724124312400818
        },
        "2": {
            "name": "Left Knee",
            "x": -0.179562047123909,
            "y": -0.06978897005319595,
            "z": 0.24573305249214172
        },
        "3": {
            "name": "Left Ankle",
            "x": -0.06195950135588646,
            "y": 0.08216564357280731,
            "z": 0.010040570981800556
        },
        "4": {
            "name": "Right Hip",
            "x": 0.11981594562530518,
            "y": -0.07054176181554794,
            "z": 0.5538619756698608
        },
        "5": {
            "name": "Right Knee",
            "x": 0.09298142790794373,
            "y": -0.2374430149793625,
            "z": 0.25762635469436646
        },
        "6": {
            "name": "Right Ankle",
            "x": 0.2305617779493332,
            "y": -0.10375353693962097,
            "z": 0.0
        },
        "7": {
            "name": "Center of Body",
            "x": -0.008316467516124249,
            "y": -0.061223696917295456,
            "z": 0.7698962092399597
        },
        "8": {
            "name": "Center of Shoulder",
            "x": -0.003996491897851229,
            "y": -0.14619052410125732,
            "z": 0.9299856424331665
        },
        "9": {
            "name": "Neck",
            "x": -0.020740127190947533,
            "y": -0.2082115113735199,
            "z": 0.9460282325744629
        },
        "10": {
            "name": "Head",
            "x": -0.0007261540740728378,
            "y": -0.21076874434947968,
            "z": 1.0
        },
        "11": {
            "name": "Right Shoulder",
            "x": 0.12776243686676025,
            "y": -0.16155818104743958,
            "z": 0.9017237424850464
        },
        "12": {
            "name": "Right Elbow",
            "x": 0.2267553210258484,
            "y": -0.03657873719930649,
            "z": 0.7420110702514648
        },
        "13": {
            "name": "Right Wrist",
            "x": 0.2724684178829193,
            "y": -0.07120442390441895,
            "z": 0.5539242029190063
        },
        "14": {
            "name": "Left Shoulder",
            "x": -0.12129171192646027,
            "y": -0.046037252992391586,
            "z": 0.9650778770446777
        },
        "15": {
            "name": "Left Elbow",
            "x": -0.2926640808582306,
            "y": 0.07778241485357285,
            "z": 0.9563443660736084
        },
        "16": {
            "name": "Left Wrist",
            "x": -0.4633655548095703,
            "y": 0.15298089385032654,
            "z": 0.9344263672828674
        }
    }
}