{
    "image_path": "00003/img/8.jpg",
    "shooter_tracklet_id": 13,
    "bbox": {
        "x": 242,
        "y": 391,
        "w": 100,
        "h": 100
    },
    "keypont_2d": {
        "0": {
            "name": "Center of Hips",
            "x": 57.18,
            "y": 50.74
        },
        "1": {
            "name": "Left Hip",
            "x": 62.74,
            "y": 51.09
        },
        "2": {
            "name": "Left Knee",
            "x": 64.97,
            "y": 62.09
        },
        "3": {
            "name": "Left Ankle",
            "x": 59.88,
            "y": 71.49
        },
        "4": {
            "name": "Right Hip",
            "x": 52.47,
            "y": 50.67
        },
        "5": {
            "name": "Right Knee",
            "x": 49.38,
            "y": 60.3
        },
        "6": {
            "name": "Right Ankle",
            "x": 47.79,
            "y": 72.49
        },
        "7": {
            "name": "Center of Body",
            "x": 57.56,
            "y": 40.66
        },
        "8": {
            "name": "Center of Shoulder",
            "x": 57.57,
            "y": 32.37
        },
        "9": {
            "name": "Neck",
            "x": 57.55,
            "y": 30.79
        },
        "10": {
            "name": "Head",
            "x": 58.2,
            "y": 28.05
        },
        "11": {
            "name": "Right Shoulder",
            "x": 53.34,
            "y": 34.22
        },
        "12": {
            "name": "Right Elbow",
            "x": 53.27,
            "y": 42.27
        },
        "13": {
            "name": "Right Wrist",
            "x": 53.41,
            "y": 47.82
        },
        "14": {
            "name": "Left Shoulder",
            "x": 62.78,
            "y": 30.2
        },
        "15": {
            "name": "Left Elbow",
            "x": 69.3,
            "y": 29.99
        },
        "16": {
            "name": "Left Wrist",
            "x": 76.17,
            "y": 29.92
        }
    },
    "keypont_3d": {
        "0": {
            "name": "Center of Hips",
            "x": 0.0,
            "y": 0.0,
            "z": 0.540618896484375
        },
        "1": {
            "name": "Left Hip",
            "x": -0.09767526388168335,
            "y": 0.06792788952589035,
            "z": 0.542578399181366
        },
        "2": {
            "name": "Left Knee",
            "x": -0.20310573279857635,
            "y": -0.07607515156269073,
            "z": 0.2616543471813202
        },
        "3": {
            "name": "Left Ankle",
            "x": -0.053503088653087616,
            "y": 0.04240931570529938,
            "z": 0.06038327142596245
        },
        "4": {
            "name": "Right Hip",
            "x": 0.10323628038167953,
            "y": -0.06395277380943298,
            "z": 0.5344607830047607
        },
        "5": {
            "name": "Right Knee",
            "x": 0.09209013730287552,
            "y": -0.22341695427894592,
            "z": 0.2631736993789673
        },
        "6": {
            "name": "Right Ankle",
            "x": 0.18619327247142792,
            "y": -0.12716716527938843,
            "z": 0.0
        },
        "7": {
            "name": "Center of Body",
            "x": -0.007231862749904394,
            "y": -0.0315290242433548,
            "z": 0.7377661466598511
        },
        "8": {
            "name": "Center of Shoulder",
            "x": -0.01436721719801426,
            "y": -0.07431469857692719,
            "z": 0.9160362482070923
        },
        "9": {
            "name": "Neck",
            "x": -0.03546138480305672,
            "y": -0.12908117473125458,
            "z": 0.9451704621315002
        },
        "10": {
            "name": "Head",
            "x": -0.03226536884903908,
            "y": -0.12644101679325104,
            "z": 1.0
        },
        "11": {
            "name": "Right Shoulder",
            "x": 0.07662293314933777,
            "y": -0.1106942668557167,
            "z": 0.8811804056167603
        },
        "12": {
            "name": "Right Elbow",
            "x": 0.13892759382724762,
            "y": -0.009143474511802197,
            "z": 0.7085797786712646
        },
        "13": {
            "name": "Right Wrist",
            "x": 0.08494339138269424,
            "y": -0.08488424867391586,
            "z": 0.5611617565155029
        },
        "14": {
            "name": "Left Shoulder",
            "x": -0.1117398589849472,
            "y": 0.001507034758105874,
            "z": 0.9636585712432861
        },
        "15": {
            "name": "Left Elbow",
            "x": -0.2771752178668976,
            "y": 0.011344730854034424,
            "z": 0.9568162560462952
        },
        "16": {
            "name": "Left Wrist",
            "x": -0.4184741973876953,
            "y": 0.0392223484814167,
            "z": 0.9418621063232422
        }
    }
}