{
    "image_path": "00003/img/9.jpg",
    "shooter_tracklet_id": 13,
    "bbox": {
        "x": 242,
        "y": 388,
        "w": 100,
        "h": 100
    },
    "keypont_2d": {
        "0": {
            "name": "Center of Hips",
            "x": 58.48,
            "y": 52.72
        },
        "1": {
            "name": "Left Hip",
            "x": 63.73,
            "y": 53.29
        },
        "2": {
            "name": "Left Knee",
            "x": 65.96,
            "y": 66.03
        },
        "3": {
            "name": "Left Ankle",
            "x": 64.85,
            "y": 75.74
        },
        "4": {
            "name": "Right Hip",
            "x": 53.46,
            "y": 51.97
        },
        "5": {
            "name": "Right Knee",
            "x": 50.69,
            "y": 61.38
        },
        "6": {
            "name": "Right Ankle",
            "x": 49.79,
            "y": 73.38
        },
        "7": {
            "name": "Center of Body",
            "x": 59.66,
            "y": 43.04
        },
        "8": {
            "name": "Center of Shoulder",
            "x": 60.28,
            "y": 35.13
        },
        "9": {
            "name": "Neck",
            "x": 60.3,
            "y": 33.21
        },
        "10": {
            "name": "Head",
            "x": 60.44,
            "y": 30.16
        },
        "11": {
            "name": "Right Shoulder",
            "x": 56.42,
            "y": 36.06
        },
        "12": {
            "name": "Right Elbow",
            "x": 55.66,
            "y": 43.07
        },
        "13": {
            "name": "Right Wrist",
            "x": 54.96,
            "y": 49.59
        },
        "14": {
            "name": "Left Shoulder",
            "x": 64.12,
            "y": 34.19
        },
        "15": {
            "name": "Left Elbow",
            "x": 72.59,
            "y": 32.17
        },
        "16": {
            "name": "Left Wrist",
            "x": 67.11,
            "y": 31.62
        }
    },
    "keypont_3d": {
        "0": {
            "name": "Center of Hips",
            "x": 0.0,
            "y": 0.0,
            "z": 0.5295272469520569
        },
        "1": {
            "name": "Left Hip",
            "x": -0.08905888348817825,
            "y": 0.07818704098463058,
            "z": 0.5233643651008606
        },
        "2": {
            "name": "Left Knee",
            "x": -0.19997036457061768,
            "y": -0.028697773814201355,
            "z": 0.22598204016685486
        },
        "3": {
            "name": "Left Ankle",
            "x": -0.05717761442065239,
            "y": 0.20195044577121735,
            "z": 0.045772772282361984
        },
        "4": {
            "name": "Right Hip",
            "x": 0.09032683819532394,
            "y": -0.07437258213758469,
            "z": 0.5333506464958191
        },
        "5": {
            "name": "Right Knee",
            "x": 0.061156321316957474,
            "y": -0.2637939155101776,
            "z": 0.2858208417892456
        },
        "6": {
            "name": "Right Ankle",
            "x": 0.1079389825463295,
            "y": -0.22499436140060425,
            "z": 0.0
        },
        "7": {
            "name": "Center of Body",
            "x": -0.026137907058000565,
            "y": -0.03166632726788521,
            "z": 0.7241309285163879
        },
        "8": {
            "name": "Center of Shoulder",
            "x": -0.05298265069723129,
            "y": -0.08153293281793594,
            "z": 0.9013701677322388
        },
        "9": {
            "name": "Neck",
            "x": -0.07610873878002167,
            "y": -0.13189928233623505,
            "z": 0.9322864413261414
        },
        "10": {
            "name": "Head",
            "x": -0.08354797214269638,
            "y": -0.13545309007167816,
            "z": 1.0
        },
        "11": {
            "name": "Right Shoulder",
            "x": 0.0229464340955019,
            "y": -0.1175459697842598,
            "z": 0.874800980091095
        },
        "12": {
            "name": "Right Elbow",
            "x": 0.09886090457439423,
            "y": 0.013282551430165768,
            "z": 0.7353787422180176
        },
        "13": {
            "name": "Right Wrist",
            "x": 0.06231134012341499,
            "y": -0.07174087315797806,
            "z": 0.5800864100456238
        },
        "14": {
            "name": "Left Shoulder",
            "x": -0.13418693840503693,
            "y": -0.011190490797162056,
            "z": 0.9301728010177612
        },
        "15": {
            "name": "Left Elbow",
            "x": -0.2915281057357788,
            "y": 0.04521751031279564,
            "z": 0.973450779914856
        },
        "16": {
            "name": "Left Wrist",
            "x": -0.22684231400489807,
            "y": -0.04451669380068779,
            "z": 0.9855585098266602
        }
    }
}