{
    "image_path": "00003/img/10.jpg",
    "shooter_tracklet_id": 13,
    "bbox": {
        "x": 240,
        "y": 385,
        "w": 100,
        "h": 100
    },
    "keypont_2d": {
        "0": {
            "name": "Center of Hips",
            "x": 60.8,
            "y": 51.57
        },
        "1": {
            "name": "Left Hip",
            "x": 64.72,
            "y": 51.57
        },
        "2": {
            "name": "Left Knee",
            "x": 68.63,
            "y": 67.3
        },
        "3": {
            "name": "Left Ankle",
            "x": 66.2,
            "y": 77.43
        },
        "4": {
            "name": "Right Hip",
            "x": 56.65,
            "y": 51.51
        },
        "5": {
            "name": "Right Knee",
            "x": 49.49,
            "y": 61.56
        },
        "6": {
            "name": "Right Ankle",
            "x": 50.03,
            "y": 66.77
        },
        "7": {
            "name": "Center of Body",
            "x": 62.2,
            "y": 43.46
        },
        "8": {
            "name": "Center of Shoulder",
            "x": 62.57,
            "y": 34.53
        },
        "9": {
            "name": "Neck",
            "x": 62.47,
            "y": 33.34
        },
        "10": {
            "name": "Head",
            "x": 62.58,
            "y": 32.21
        },
        "11": {
            "name": "Right Shoulder",
            "x": 59.33,
            "y": 36.32
        },
        "12": {
            "name": "Right Elbow",
            "x": 57.33,
            "y": 41.43
        },
        "13": {
            "name": "Right Wrist",
            "x": 55.51,
            "y": 47.29
        },
        "14": {
            "name": "Left Shoulder",
            "x": 65.5,
            "y": 32.88
        },
        "15": {
            "name": "Left Elbow",
            "x": 67.5,
            "y": 31.77
        },
        "16": {
            "name": "Left Wrist",
            "x": 71.29,
            "y": 31.36
        }
    },
    "keypont_3d": {
        "0": {
            "name": "Center of Hips",
            "x": 0.0,
            "y": 0.0,
            "z": 0.5415918827056885
        },
        "1": {
            "name": "Left Hip",
            "x": -0.06734911352396011,
            "y": 0.10148164629936218,
            "z": 0.5489572882652283
        },
        "2": {
            "name": "Left Knee",
            "x": -0.17172008752822876,
            "y": 0.06527787446975708,
            "z": 0.20872803032398224
        },
        "3": {
            "name": "Left Ankle",
            "x": -0.034134626388549805,
            "y": 0.29249265789985657,
            "z": 0.0
        },
        "4": {
            "name": "Right Hip",
            "x": 0.0758381262421608,
            "y": -0.0845881924033165,
            "z": 0.5391088724136353
        },
        "5": {
            "name": "Right Knee",
            "x": 0.13066217303276062,
            "y": -0.26729974150657654,
            "z": 0.28111904859542847
        },
        "6": {
            "name": "Right Ankle",
            "x": 0.20145611464977264,
            "y": -0.13775627315044403,
            "z": 0.10575316101312637
        },
        "7": {
            "name": "Center of Body",
            "x": -0.03852212429046631,
            "y": -0.041272398084402084,
            "z": 0.7311313152313232
        },
        "8": {
            "name": "Center of Shoulder",
            "x": -0.07039443403482437,
            "y": -0.09812096506357193,
            "z": 0.9150051474571228
        },
        "9": {
            "name": "Neck",
            "x": -0.09188346564769745,
            "y": -0.15423941612243652,
            "z": 0.9338703155517578
        },
        "10": {
            "name": "Head",
            "x": -0.09568395465612411,
            "y": -0.1627933830022812,
            "z": 0.9897589087486267
        },
        "11": {
            "name": "Right Shoulder",
            "x": -0.00782661885023117,
            "y": -0.132686585187912,
            "z": 0.8903030753135681
        },
        "12": {
            "name": "Right Elbow",
            "x": 0.10609099268913269,
            "y": 0.028883907943964005,
            "z": 0.7719174027442932
        },
        "13": {
            "name": "Right Wrist",
            "x": 0.10648396611213684,
            "y": -0.03665292263031006,
            "z": 0.6264162659645081
        },
        "14": {
            "name": "Left Shoulder",
            "x": -0.13937190175056458,
            "y": -0.04064459726214409,
            "z": 0.9566545486450195
        },
        "15": {
            "name": "Left Elbow",
            "x": -0.23619240522384644,
            "y": -0.08704330027103424,
            "z": 0.9787259697914124
        },
        "16": {
            "name": "Left Wrist",
            "x": -0.28801217675209045,
            "y": -0.11022891104221344,
            "z": 1.0
        }
    }
}