{
    "image_path": "00003/img/11.jpg",
    "shooter_tracklet_id": 13,
    "bbox": {
        "x": 238,
        "y": 380,
        "w": 100,
        "h": 100
    },
    "keypoint_2d": {
        "0": {
            "name": "Center of Hips",
            "x": 59.91,
            "y": 51.95
        },
        "1": {
            "name": "Left Hip",
            "x": 63.88,
            "y": 51.82
        },
        "2": {
            "name": "Left Knee",
            "x": 66.56,
            "y": 68.67
        },
        "3": {
            "name": "Left Ankle",
            "x": 64.51,
            "y": 80.16
        },
        "4": {
            "name": "Right Hip",
            "x": 55.75,
            "y": 52.08
        },
        "5": {
            "name": "Right Knee",
            "x": 50.81,
            "y": 66.51
        },
        "6": {
            "name": "Right Ankle",
            "x": 46.22,
            "y": 65.03
        },
        "7": {
            "name": "Center of Body",
            "x": 60.04,
            "y": 43.93
        },
        "8": {
            "name": "Center of Shoulder",
            "x": 60.04,
            "y": 35.92
        },
        "9": {
            "name": "Neck",
            "x": 59.86,
            "y": 35.05
        },
        "10": {
            "name": "Head",
            "x": 60.15,
            "y": 33.07
        },
        "11": {
            "name": "Right Shoulder",
            "x": 56.4,
            "y": 37.49
        },
        "12": {
            "name": "Right Elbow",
            "x": 51.97,
            "y": 43.42
        },
        "13": {
            "name": "Right Wrist",
            "x": 53.01,
            "y": 49.7
        },
        "14": {
            "name": "Left Shoulder",
            "x": 62.52,
            "y": 34.76
        },
        "15": {
            "name": "Left Elbow",
            "x": 66.36,
            "y": 33.31
        },
        "16": {
            "name": "Left Wrist",
            "x": 68.03,
            "y": 30.74
        }
    },
    "keypoint_3d": {
        "0": {
            "name": "Center of Hips",
            "x": 0.0,
            "y": 0.0,
            "z": 0.5588379502296448
        },
        "1": {
            "name": "Left Hip",
            "x": -0.05097862705588341,
            "y": 0.10684071481227875,
            "z": 0.5787023901939392
        },
        "2": {
            "name": "Left Knee",
            "x": -0.09018207341432571,
            "y": 0.18083389103412628,
            "z": 0.23727871477603912
        },
        "3": {
            "name": "Left Ankle",
            "x": 0.02364441007375717,
            "y": 0.34554174542427063,
            "z": 0.0
        },
        "4": {
            "name": "Right Hip",
            "x": 0.060705769807100296,
            "y": -0.08771210163831711,
            "z": 0.5446030497550964
        },
        "5": {
            "name": "Right Knee",
            "x": 0.14051541686058044,
            "y": -0.1960759460926056,
            "z": 0.2639860510826111
        },
        "6": {
            "name": "Right Ankle",
            "x": 0.27986618876457214,
            "y": -0.07535675913095474,
            "z": 0.22726894915103912
        },
        "7": {
            "name": "Center of Body",
            "x": -0.03585541620850563,
            "y": -0.07309506088495255,
            "z": 0.7258197665214539
        },
        "8": {
            "name": "Center of Shoulder",
            "x": -0.06505727022886276,
            "y": -0.1427544355392456,
            "z": 0.8839077353477478
        },
        "9": {
            "name": "Neck",
            "x": -0.08630038052797318,
            "y": -0.19452683627605438,
            "z": 0.8984325528144836
        },
        "10": {
            "name": "Head",
            "x": -0.09603703022003174,
            "y": -0.2103925198316574,
            "z": 0.9493046402931213
        },
        "11": {
            "name": "Right Shoulder",
            "x": 0.0006560552283190191,
            "y": -0.17079509794712067,
            "z": 0.8586567640304565
        },
        "12": {
            "name": "Right Elbow",
            "x": 0.1468106359243393,
            "y": -0.02490207366645336,
            "z": 0.7549401521682739
        },
        "13": {
            "name": "Right Wrist",
            "x": 0.12400944530963898,
            "y": -0.06318258494138718,
            "z": 0.6148261427879333
        },
        "14": {
            "name": "Left Shoulder",
            "x": -0.11524699628353119,
            "y": -0.09848713874816895,
            "z": 0.9233658909797668
        },
        "15": {
            "name": "Left Elbow",
            "x": -0.20640595257282257,
            "y": -0.1522783488035202,
            "z": 0.9644091725349426
        },
        "16": {
            "name": "Left Wrist",
            "x": -0.268985778093338,
            "y": -0.15622089803218842,
            "z": 1.0
        }
    }
}