{
    "image_path": "00003/img/12.jpg",
    "shooter_tracklet_id": 13,
    "bbox": {
        "x": 239,
        "y": 374,
        "w": 100,
        "h": 100
    },
    "keypont_2d": {
        "0": {
            "name": "Center of Hips",
            "x": 59.6,
            "y": 53.9
        },
        "1": {
            "name": "Left Hip",
            "x": 63.1,
            "y": 53.75
        },
        "2": {
            "name": "Left Knee",
            "x": 67.7,
            "y": 67.63
        },
        "3": {
            "name": "Left Ankle",
            "x": 65.97,
            "y": 81.1
        },
        "4": {
            "name": "Right Hip",
            "x": 55.23,
            "y": 53.75
        },
        "5": {
            "name": "Right Knee",
            "x": 50.0,
            "y": 68.03
        },
        "6": {
            "name": "Right Ankle",
            "x": 49.75,
            "y": 56.95
        },
        "7": {
            "name": "Center of Body",
            "x": 58.87,
            "y": 45.59
        },
        "8": {
            "name": "Center of Shoulder",
            "x": 58.63,
            "y": 37.19
        },
        "9": {
            "name": "Neck",
            "x": 58.63,
            "y": 35.17
        },
        "10": {
            "name": "Head",
            "x": 60.46,
            "y": 32.0
        },
        "11": {
            "name": "Right Shoulder",
            "x": 54.33,
            "y": 38.12
        },
        "12": {
            "name": "Right Elbow",
            "x": 51.1,
            "y": 47.12
        },
        "13": {
            "name": "Right Wrist",
            "x": 49.53,
            "y": 54.17
        },
        "14": {
            "name": "Left Shoulder",
            "x": 63.44,
            "y": 36.18
        },
        "15": {
            "name": "Left Elbow",
            "x": 69.11,
            "y": 33.02
        },
        "16": {
            "name": "Left Wrist",
            "x": 72.08,
            "y": 28.64
        }
    },
    "keypont_3d": {
        "0": {
            "name": "Center of Hips",
            "x": 0.0,
            "y": 0.0,
            "z": 0.5341567993164062
        },
        "1": {
            "name": "Left Hip",
            "x": -0.04483890160918236,
            "y": 0.09920725226402283,
            "z": 0.5562803745269775
        },
        "2": {
            "name": "Left Knee",
            "x": -0.13740915060043335,
            "y": 0.1204388216137886,
            "z": 0.25801822543144226
        },
        "3": {
            "name": "Left Ankle",
            "x": -0.013660592027008533,
            "y": 0.29682958126068115,
            "z": 0.0
        },
        "4": {
            "name": "Right Hip",
            "x": 0.05233214795589447,
            "y": -0.08828503638505936,
            "z": 0.5160425901412964
        },
        "5": {
            "name": "Right Knee",
            "x": 0.1337933987379074,
            "y": -0.14200590550899506,
            "z": 0.23276379704475403
        },
        "6": {
            "name": "Right Ankle",
            "x": 0.2639870047569275,
            "y": -0.053885165601968765,
            "z": 0.33117467164993286
        },
        "7": {
            "name": "Center of Body",
            "x": -0.018054917454719543,
            "y": -0.06656481325626373,
            "z": 0.6969374418258667
        },
        "8": {
            "name": "Center of Shoulder",
            "x": -0.03481166809797287,
            "y": -0.12018437683582306,
            "z": 0.8520253896713257
        },
        "9": {
            "name": "Neck",
            "x": -0.05859040096402168,
            "y": -0.17214588820934296,
            "z": 0.8737908601760864
        },
        "10": {
            "name": "Head",
            "x": -0.08202631026506424,
            "y": -0.1714361160993576,
            "z": 0.9360024333000183
        },
        "11": {
            "name": "Right Shoulder",
            "x": 0.038273390382528305,
            "y": -0.15784044563770294,
            "z": 0.8206879496574402
        },
        "12": {
            "name": "Right Elbow",
            "x": 0.1581648588180542,
            "y": -0.051155079156160355,
            "z": 0.6765677332878113
        },
        "13": {
            "name": "Right Wrist",
            "x": 0.16599658131599426,
            "y": -0.06986162811517715,
            "z": 0.530296802520752
        },
        "14": {
            "name": "Left Shoulder",
            "x": -0.09873374551534653,
            "y": -0.05321190506219864,
            "z": 0.8850387334823608
        },
        "15": {
            "name": "Left Elbow",
            "x": -0.22291845083236694,
            "y": -0.08227289468050003,
            "z": 0.9445464611053467
        },
        "16": {
            "name": "Left Wrist",
            "x": -0.27983754873275757,
            "y": -0.09541860222816467,
            "z": 1.0
        }
    }
}