{
    "image_path": "00003/img/13.jpg",
    "shooter_tracklet_id": 13,
    "bbox": {
        "x": 239,
        "y": 372,
        "w": 100,
        "h": 100
    },
    "keypont_2d": {
        "0": {
            "name": "Center of Hips",
            "x": 60.03,
            "y": 52.43
        },
        "1": {
            "name": "Left Hip",
            "x": 63.84,
            "y": 52.96
        },
        "2": {
            "name": "Left Knee",
            "x": 69.34,
            "y": 60.78
        },
        "3": {
            "name": "Left Ankle",
            "x": 69.02,
            "y": 74.89
        },
        "4": {
            "name": "Right Hip",
            "x": 55.4,
            "y": 52.01
        },
        "5": {
            "name": "Right Knee",
            "x": 55.97,
            "y": 67.6
        },
        "6": {
            "name": "Right Ankle",
            "x": 48.74,
            "y": 74.15
        },
        "7": {
            "name": "Center of Body",
            "x": 59.43,
            "y": 45.75
        },
        "8": {
            "name": "Center of Shoulder",
            "x": 59.39,
            "y": 39.35
        },
        "9": {
            "name": "Neck",
            "x": 59.53,
            "y": 37.45
        },
        "10": {
            "name": "Head",
            "x": 59.42,
            "y": 34.71
        },
        "11": {
            "name": "Right Shoulder",
            "x": 55.49,
            "y": 39.9
        },
        "12": {
            "name": "Right Elbow",
            "x": 50.05,
            "y": 47.19
        },
        "13": {
            "name": "Right Wrist",
            "x": 43.64,
            "y": 51.75
        },
        "14": {
            "name": "Left Shoulder",
            "x": 64.81,
            "y": 35.98
        },
        "15": {
            "name": "Left Elbow",
            "x": 72.44,
            "y": 32.14
        },
        "16": {
            "name": "Left Wrist",
            "x": 75.94,
            "y": 26.31
        }
    },
    "keypont_3d": {
        "0": {
            "name": "Center of Hips",
            "x": 0.0,
            "y": 0.0,
            "z": 0.4767591059207916
        },
        "1": {
            "name": "Left Hip",
            "x": -0.052078504115343094,
            "y": 0.1009666845202446,
            "z": 0.48815351724624634
        },
        "2": {
            "name": "Left Knee",
            "x": -0.24940001964569092,
            "y": -0.022694692015647888,
            "z": 0.2695849537849426
        },
        "3": {
            "name": "Left Ankle",
            "x": -0.166411355137825,
            "y": 0.14962324500083923,
            "z": 0.0
        },
        "4": {
            "name": "Right Hip",
            "x": 0.05789937078952789,
            "y": -0.09458362311124802,
            "z": 0.46479809284210205
        },
        "5": {
            "name": "Right Knee",
            "x": 0.05720245838165283,
            "y": -0.11374467611312866,
            "z": 0.13510450720787048
        },
        "6": {
            "name": "Right Ankle",
            "x": 0.28382158279418945,
            "y": 0.04559889808297157,
            "z": 0.04246318340301514
        },
        "7": {
            "name": "Center of Body",
            "x": -0.030468186363577843,
            "y": -0.10098608583211899,
            "z": 0.6258239150047302
        },
        "8": {
            "name": "Center of Shoulder",
            "x": -0.04559402912855148,
            "y": -0.1638813465833664,
            "z": 0.7692177295684814
        },
        "9": {
            "name": "Neck",
            "x": -0.06764287501573563,
            "y": -0.20624056458473206,
            "z": 0.7861800193786621
        },
        "10": {
            "name": "Head",
            "x": -0.08598998188972473,
            "y": -0.2327737659215927,
            "z": 0.8502385020256042
        },
        "11": {
            "name": "Right Shoulder",
            "x": 0.029074152931571007,
            "y": -0.1956426203250885,
            "z": 0.7354108095169067
        },
        "12": {
            "name": "Right Elbow",
            "x": 0.16881904006004333,
            "y": -0.12711480259895325,
            "z": 0.5872176289558411
        },
        "13": {
            "name": "Right Wrist",
            "x": 0.2556758224964142,
            "y": -0.21639791131019592,
            "z": 0.4614083170890808
        },
        "14": {
            "name": "Left Shoulder",
            "x": -0.12444642931222916,
            "y": -0.049222711473703384,
            "z": 0.8349464535713196
        },
        "15": {
            "name": "Left Elbow",
            "x": -0.2690944969654083,
            "y": -0.01478204783052206,
            "z": 0.9090861678123474
        },
        "16": {
            "name": "Left Wrist",
            "x": -0.3428260087966919,
            "y": -0.03173943981528282,
            "z": 1.0
        }
    }
}