{
    "image_path": "00003/img/14.jpg",
    "shooter_tracklet_id": 13,
    "bbox": {
        "x": 239,
        "y": 368,
        "w": 100,
        "h": 100
    },
    "keypoint_2d": {
        "0": {
            "name": "Center of Hips",
            "x": 58.46,
            "y": 50.95
        },
        "1": {
            "name": "Left Hip",
            "x": 63.73,
            "y": 51.15
        },
        "2": {
            "name": "Left Knee",
            "x": 70.81,
            "y": 65.85
        },
        "3": {
            "name": "Left Ankle",
            "x": 67.97,
            "y": 77.8
        },
        "4": {
            "name": "Right Hip",
            "x": 53.91,
            "y": 50.54
        },
        "5": {
            "name": "Right Knee",
            "x": 58.21,
            "y": 66.05
        },
        "6": {
            "name": "Right Ankle",
            "x": 57.45,
            "y": 75.62
        },
        "7": {
            "name": "Center of Body",
            "x": 58.55,
            "y": 44.12
        },
        "8": {
            "name": "Center of Shoulder",
            "x": 59.65,
            "y": 37.56
        },
        "9": {
            "name": "Neck",
            "x": 60.38,
            "y": 35.5
        },
        "10": {
            "name": "Head",
            "x": 63.11,
            "y": 31.89
        },
        "11": {
            "name": "Right Shoulder",
            "x": 56.5,
            "y": 39.19
        },
        "12": {
            "name": "Right Elbow",
            "x": 49.26,
            "y": 42.75
        },
        "13": {
            "name": "Right Wrist",
            "x": 39.73,
            "y": 48.62
        },
        "14": {
            "name": "Left Shoulder",
            "x": 65.11,
            "y": 35.98
        },
        "15": {
            "name": "Left Elbow",
            "x": 72.52,
            "y": 31.97
        },
        "16": {
            "name": "Left Wrist",
            "x": 77.38,
            "y": 26.39
        }
    },
    "keypoint_3d": {
        "0": {
            "name": "Center of Hips",
            "x": 0.0,
            "y": 0.0,
            "z": 0.5038915872573853
        },
        "1": {
            "name": "Left Hip",
            "x": -0.05852708965539932,
            "y": 0.09182628244161606,
            "z": 0.5121538639068604
        },
        "2": {
            "name": "Left Knee",
            "x": -0.2344941943883896,
            "y": 0.030772032216191292,
            "z": 0.2705685496330261
        },
        "3": {
            "name": "Left Ankle",
            "x": -0.14464952051639557,
            "y": 0.16375130414962769,
            "z": 0.0
        },
        "4": {
            "name": "Right Hip",
            "x": 0.05937037616968155,
            "y": -0.08569039404392242,
            "z": 0.494860976934433
        },
        "5": {
            "name": "Right Knee",
            "x": -0.012826032005250454,
            "y": -0.09258648753166199,
            "z": 0.18873046338558197
        },
        "6": {
            "name": "Right Ankle",
            "x": 0.12973830103874207,
            "y": 0.14344438910484314,
            "z": 0.04271553084254265
        },
        "7": {
            "name": "Center of Body",
            "x": -0.03673727810382843,
            "y": -0.09809863567352295,
            "z": 0.6394510865211487
        },
        "8": {
            "name": "Center of Shoulder",
            "x": -0.06470997631549835,
            "y": -0.14714394509792328,
            "z": 0.7714152336120605
        },
        "9": {
            "name": "Neck",
            "x": -0.09466688334941864,
            "y": -0.18178290128707886,
            "z": 0.7841408252716064
        },
        "10": {
            "name": "Head",
            "x": -0.13618431985378265,
            "y": -0.17790615558624268,
            "z": 0.8525325059890747
        },
        "11": {
            "name": "Right Shoulder",
            "x": -0.001761925988830626,
            "y": -0.17408308386802673,
            "z": 0.7332885265350342
        },
        "12": {
            "name": "Right Elbow",
            "x": 0.16310761868953705,
            "y": -0.13305659592151642,
            "z": 0.6513770222663879
        },
        "13": {
            "name": "Right Wrist",
            "x": 0.30173560976982117,
            "y": -0.18903937935829163,
            "z": 0.5196906328201294
        },
        "14": {
            "name": "Left Shoulder",
            "x": -0.1361936777830124,
            "y": -0.029641442000865936,
            "z": 0.8213807344436646
        },
        "15": {
            "name": "Left Elbow",
            "x": -0.2785389721393585,
            "y": 0.023941591382026672,
            "z": 0.8928837776184082
        },
        "16": {
            "name": "Left Wrist",
            "x": -0.3596290349960327,
            "y": 0.04210423305630684,
            "z": 1.0
        }
    }
}