{
    "image_path": "00003/img/15.jpg",
    "shooter_tracklet_id": 13,
    "bbox": {
        "x": 241,
        "y": 362,
        "w": 100,
        "h": 100
    },
    "keypont_2d": {
        "0": {
            "name": "Center of Hips",
            "x": 57.1,
            "y": 48.92
        },
        "1": {
            "name": "Left Hip",
            "x": 61.78,
            "y": 49.13
        },
        "2": {
            "name": "Left Knee",
            "x": 71.89,
            "y": 61.31
        },
        "3": {
            "name": "Left Ankle",
            "x": 68.3,
            "y": 75.56
        },
        "4": {
            "name": "Right Hip",
            "x": 52.53,
            "y": 48.59
        },
        "5": {
            "name": "Right Knee",
            "x": 66.67,
            "y": 59.9
        },
        "6": {
            "name": "Right Ankle",
            "x": 68.85,
            "y": 70.01
        },
        "7": {
            "name": "Center of Body",
            "x": 57.28,
            "y": 42.99
        },
        "8": {
            "name": "Center of Shoulder",
            "x": 58.42,
            "y": 34.72
        },
        "9": {
            "name": "Neck",
            "x": 58.64,
            "y": 33.21
        },
        "10": {
            "name": "Head",
            "x": 61.14,
            "y": 31.63
        },
        "11": {
            "name": "Right Shoulder",
            "x": 54.19,
            "y": 35.54
        },
        "12": {
            "name": "Right Elbow",
            "x": 47.49,
            "y": 39.86
        },
        "13": {
            "name": "Right Wrist",
            "x": 36.83,
            "y": 43.34
        },
        "14": {
            "name": "Left Shoulder",
            "x": 63.06,
            "y": 33.47
        },
        "15": {
            "name": "Left Elbow",
            "x": 71.43,
            "y": 31.37
        },
        "16": {
            "name": "Left Wrist",
            "x": 77.18,
            "y": 27.36
        }
    },
    "keypont_3d": {
        "0": {
            "name": "Center of Hips",
            "x": 0.0,
            "y": 0.0,
            "z": 0.5302063226699829
        },
        "1": {
            "name": "Left Hip",
            "x": -0.06364881992340088,
            "y": 0.0928661897778511,
            "z": 0.5399152040481567
        },
        "2": {
            "name": "Left Knee",
            "x": -0.23544956743717194,
            "y": 0.21745626628398895,
            "z": 0.272727370262146
        },
        "3": {
            "name": "Left Ankle",
            "x": -0.12463763356208801,
            "y": 0.3029259145259857,
            "z": 0.0
        },
        "4": {
            "name": "Right Hip",
            "x": 0.060696423053741455,
            "y": -0.0890887975692749,
            "z": 0.5160345435142517
        },
        "5": {
            "name": "Right Knee",
            "x": -0.1448347270488739,
            "y": -0.019933009520173073,
            "z": 0.24702045321464539
        },
        "6": {
            "name": "Right Ankle",
            "x": -0.09378475695848465,
            "y": 0.2425752431154251,
            "z": 0.05518867447972298
        },
        "7": {
            "name": "Center of Body",
            "x": -0.039530958980321884,
            "y": -0.09147313237190247,
            "z": 0.6684455871582031
        },
        "8": {
            "name": "Center of Shoulder",
            "x": -0.08344537019729614,
            "y": -0.14797259867191315,
            "z": 0.8095919489860535
        },
        "9": {
            "name": "Neck",
            "x": -0.11027619987726212,
            "y": -0.1784636676311493,
            "z": 0.8278361558914185
        },
        "10": {
            "name": "Head",
            "x": -0.1525098830461502,
            "y": -0.15740831196308136,
            "z": 0.8890824317932129
        },
        "11": {
            "name": "Right Shoulder",
            "x": -0.008339657448232174,
            "y": -0.17479491233825684,
            "z": 0.7822383642196655
        },
        "12": {
            "name": "Right Elbow",
            "x": 0.17212042212486267,
            "y": -0.1338440328836441,
            "z": 0.7047231793403625
        },
        "13": {
            "name": "Right Wrist",
            "x": 0.36931854486465454,
            "y": -0.20461039245128632,
            "z": 0.6116930246353149
        },
        "14": {
            "name": "Left Shoulder",
            "x": -0.1466662436723709,
            "y": -0.024095097556710243,
            "z": 0.8546926975250244
        },
        "15": {
            "name": "Left Elbow",
            "x": -0.29740405082702637,
            "y": 0.040171317756175995,
            "z": 0.9094095230102539
        },
        "16": {
            "name": "Left Wrist",
            "x": -0.4072728455066681,
            "y": 0.07620671391487122,
            "z": 1.0
        }
    }
}