{
    "image_path": "00003/img/16.jpg",
    "shooter_tracklet_id": 13,
    "bbox": {
        "x": 243,
        "y": 357,
        "w": 100,
        "h": 100
    },
    "keypont_2d": {
        "0": {
            "name": "Center of Hips",
            "x": 57.2,
            "y": 46.23
        },
        "1": {
            "name": "Left Hip",
            "x": 61.49,
            "y": 46.0
        },
        "2": {
            "name": "Left Knee",
            "x": 68.03,
            "y": 59.94
        },
        "3": {
            "name": "Left Ankle",
            "x": 68.03,
            "y": 74.42
        },
        "4": {
            "name": "Right Hip",
            "x": 51.59,
            "y": 46.44
        },
        "5": {
            "name": "Right Knee",
            "x": 66.18,
            "y": 52.99
        },
        "6": {
            "name": "Right Ankle",
            "x": 77.54,
            "y": 58.6
        },
        "7": {
            "name": "Center of Body",
            "x": 56.89,
            "y": 41.3
        },
        "8": {
            "name": "Center of Shoulder",
            "x": 56.71,
            "y": 34.05
        },
        "9": {
            "name": "Neck",
            "x": 57.16,
            "y": 32.24
        },
        "10": {
            "name": "Head",
            "x": 58.68,
            "y": 29.44
        },
        "11": {
            "name": "Right Shoulder",
            "x": 53.36,
            "y": 35.05
        },
        "12": {
            "name": "Right Elbow",
            "x": 43.92,
            "y": 37.36
        },
        "13": {
            "name": "Right Wrist",
            "x": 37.94,
            "y": 41.73
        },
        "14": {
            "name": "Left Shoulder",
            "x": 63.01,
            "y": 32.63
        },
        "15": {
            "name": "Left Elbow",
            "x": 70.3,
            "y": 32.93
        },
        "16": {
            "name": "Left Wrist",
            "x": 77.36,
            "y": 29.33
        }
    },
    "keypont_3d": {
        "0": {
            "name": "Center of Hips",
            "x": 0.0,
            "y": 0.0,
            "z": 0.5867667198181152
        },
        "1": {
            "name": "Left Hip",
            "x": -0.06572971493005753,
            "y": 0.09792269766330719,
            "z": 0.5982350707054138
        },
        "2": {
            "name": "Left Knee",
            "x": -0.19709710776805878,
            "y": 0.2479633241891861,
            "z": 0.3133198320865631
        },
        "3": {
            "name": "Left Ankle",
            "x": -0.15064072608947754,
            "y": 0.3334351181983948,
            "z": 0.0
        },
        "4": {
            "name": "Right Hip",
            "x": 0.07320898771286011,
            "y": -0.09311018884181976,
            "z": 0.5698372721672058
        },
        "5": {
            "name": "Right Knee",
            "x": -0.24035391211509705,
            "y": -0.028573114424943924,
            "z": 0.3889656960964203
        },
        "6": {
            "name": "Right Ankle",
            "x": -0.37933000922203064,
            "y": 0.06370391696691513,
            "z": 0.12134534120559692
        },
        "7": {
            "name": "Center of Body",
            "x": -0.050147347152233124,
            "y": -0.113438680768013,
            "z": 0.7064579129219055
        },
        "8": {
            "name": "Center of Shoulder",
            "x": -0.08886238187551498,
            "y": -0.18059679865837097,
            "z": 0.8611692190170288
        },
        "9": {
            "name": "Neck",
            "x": -0.11048577725887299,
            "y": -0.21976512670516968,
            "z": 0.8819611668586731
        },
        "10": {
            "name": "Head",
            "x": -0.1443781852722168,
            "y": -0.2005258947610855,
            "z": 0.9432975053787231
        },
        "11": {
            "name": "Right Shoulder",
            "x": -0.0011484924471005797,
            "y": -0.20770874619483948,
            "z": 0.8322542905807495
        },
        "12": {
            "name": "Right Elbow",
            "x": 0.19802497327327728,
            "y": -0.2034260481595993,
            "z": 0.7558073997497559
        },
        "13": {
            "name": "Right Wrist",
            "x": 0.36938661336898804,
            "y": -0.28313788771629333,
            "z": 0.6778550148010254
        },
        "14": {
            "name": "Left Shoulder",
            "x": -0.16576048731803894,
            "y": -0.05508401244878769,
            "z": 0.9047207236289978
        },
        "15": {
            "name": "Left Elbow",
            "x": -0.3243531584739685,
            "y": 0.018531160429120064,
            "z": 0.9190425872802734
        },
        "16": {
            "name": "Left Wrist",
            "x": -0.4499764144420624,
            "y": 0.08528117090463638,
            "z": 1.0
        }
    }
}