{
    "image_path": "00003/img/17.jpg",
    "shooter_tracklet_id": 13,
    "bbox": {
        "x": 245,
        "y": 352,
        "w": 100,
        "h": 100
    },
    "keypoint_2d": {
        "0": {
            "name": "Center of Hips",
            "x": 57.99,
            "y": 47.83
        },
        "1": {
            "name": "Left Hip",
            "x": 62.8,
            "y": 48.12
        },
        "2": {
            "name": "Left Knee",
            "x": 67.47,
            "y": 62.53
        },
        "3": {
            "name": "Left Ankle",
            "x": 71.97,
            "y": 76.59
        },
        "4": {
            "name": "Right Hip",
            "x": 52.39,
            "y": 48.6
        },
        "5": {
            "name": "Right Knee",
            "x": 68.06,
            "y": 53.63
        },
        "6": {
            "name": "Right Ankle",
            "x": 80.98,
            "y": 59.49
        },
        "7": {
            "name": "Center of Body",
            "x": 57.4,
            "y": 42.73
        },
        "8": {
            "name": "Center of Shoulder",
            "x": 58.5,
            "y": 36.55
        },
        "9": {
            "name": "Neck",
            "x": 58.59,
            "y": 34.87
        },
        "10": {
            "name": "Head",
            "x": 59.73,
            "y": 32.6
        },
        "11": {
            "name": "Right Shoulder",
            "x": 54.76,
            "y": 38.57
        },
        "12": {
            "name": "Right Elbow",
            "x": 45.32,
            "y": 41.85
        },
        "13": {
            "name": "Right Wrist",
            "x": 35.53,
            "y": 43.75
        },
        "14": {
            "name": "Left Shoulder",
            "x": 63.29,
            "y": 36.33
        },
        "15": {
            "name": "Left Elbow",
            "x": 71.47,
            "y": 36.23
        },
        "16": {
            "name": "Left Wrist",
            "x": 79.02,
            "y": 36.48
        }
    },
    "keypoint_3d": {
        "0": {
            "name": "Center of Hips",
            "x": 0.0,
            "y": 0.0,
            "z": 0.6505911350250244
        },
        "1": {
            "name": "Left Hip",
            "x": -0.07685958594083786,
            "y": 0.09989847987890244,
            "z": 0.6662463545799255
        },
        "2": {
            "name": "Left Knee",
            "x": -0.16004332900047302,
            "y": 0.24983787536621094,
            "z": 0.32980892062187195
        },
        "3": {
            "name": "Left Ankle",
            "x": -0.1786273568868637,
            "y": 0.4209740161895752,
            "z": 0.0
        },
        "4": {
            "name": "Right Hip",
            "x": 0.08963742107152939,
            "y": -0.09834997355937958,
            "z": 0.6292440891265869
        },
        "5": {
            "name": "Right Knee",
            "x": -0.26995086669921875,
            "y": -0.03375157341361046,
            "z": 0.47793251276016235
        },
        "6": {
            "name": "Right Ankle",
            "x": -0.5848487019538879,
            "y": 0.046893391758203506,
            "z": 0.3335226774215698
        },
        "7": {
            "name": "Center of Body",
            "x": -0.060192253440618515,
            "y": -0.14509901404380798,
            "z": 0.7606534957885742
        },
        "8": {
            "name": "Center of Shoulder",
            "x": -0.1089150607585907,
            "y": -0.2364824265241623,
            "z": 0.9047721028327942
        },
        "9": {
            "name": "Neck",
            "x": -0.13449335098266602,
            "y": -0.27984127402305603,
            "z": 0.9311060309410095
        },
        "10": {
            "name": "Head",
            "x": -0.15562742948532104,
            "y": -0.27149784564971924,
            "z": 1.0
        },
        "11": {
            "name": "Right Shoulder",
            "x": -0.026828166097402573,
            "y": -0.27312424778938293,
            "z": 0.8564869165420532
        },
        "12": {
            "name": "Right Elbow",
            "x": 0.20681749284267426,
            "y": -0.3192082643508911,
            "z": 0.7725289463996887
        },
        "13": {
            "name": "Right Wrist",
            "x": 0.39653825759887695,
            "y": -0.38991665840148926,
            "z": 0.7190603613853455
        },
        "14": {
            "name": "Left Shoulder",
            "x": -0.19292797148227692,
            "y": -0.11313392966985703,
            "z": 0.9342538714408875
        },
        "15": {
            "name": "Left Elbow",
            "x": -0.3571264147758484,
            "y": 0.004326392896473408,
            "z": 0.9393553733825684
        },
        "16": {
            "name": "Left Wrist",
            "x": -0.5175153613090515,
            "y": 0.09840888530015945,
            "z": 0.9436584115028381
        }
    }
}