{
    "image_path": "00003/img/18.jpg",
    "shooter_tracklet_id": 13,
    "bbox": {
        "x": 246,
        "y": 346,
        "w": 100,
        "h": 100
    },
    "keypont_2d": {
        "0": {
            "name": "Center of Hips",
            "x": 56.03,
            "y": 48.78
        },
        "1": {
            "name": "Left Hip",
            "x": 60.45,
            "y": 48.73
        },
        "2": {
            "name": "Left Knee",
            "x": 67.54,
            "y": 63.56
        },
        "3": {
            "name": "Left Ankle",
            "x": 72.24,
            "y": 74.84
        },
        "4": {
            "name": "Right Hip",
            "x": 50.78,
            "y": 48.68
        },
        "5": {
            "name": "Right Knee",
            "x": 67.38,
            "y": 54.32
        },
        "6": {
            "name": "Right Ankle",
            "x": 75.53,
            "y": 61.21
        },
        "7": {
            "name": "Center of Body",
            "x": 55.07,
            "y": 42.79
        },
        "8": {
            "name": "Center of Shoulder",
            "x": 55.64,
            "y": 36.34
        },
        "9": {
            "name": "Neck",
            "x": 55.53,
            "y": 35.01
        },
        "10": {
            "name": "Head",
            "x": 55.97,
            "y": 33.05
        },
        "11": {
            "name": "Right Shoulder",
            "x": 51.64,
            "y": 37.74
        },
        "12": {
            "name": "Right Elbow",
            "x": 43.43,
            "y": 42.84
        },
        "13": {
            "name": "Right Wrist",
            "x": 37.16,
            "y": 46.75
        },
        "14": {
            "name": "Left Shoulder",
            "x": 59.53,
            "y": 35.21
        },
        "15": {
            "name": "Left Elbow",
            "x": 65.98,
            "y": 37.83
        },
        "16": {
            "name": "Left Wrist",
            "x": 60.96,
            "y": 32.97
        }
    },
    "keypont_3d": {
        "0": {
            "name": "Center of Hips",
            "x": 0.0,
            "y": 0.0,
            "z": 0.6380184888839722
        },
        "1": {
            "name": "Left Hip",
            "x": -0.07682710886001587,
            "y": 0.10409728437662125,
            "z": 0.6530041098594666
        },
        "2": {
            "name": "Left Knee",
            "x": -0.17214685678482056,
            "y": 0.29682934284210205,
            "z": 0.3115893304347992
        },
        "3": {
            "name": "Left Ankle",
            "x": -0.24291293323040009,
            "y": 0.5096562504768372,
            "z": 0.0
        },
        "4": {
            "name": "Right Hip",
            "x": 0.08527476340532303,
            "y": -0.0977175161242485,
            "z": 0.6191514134407043
        },
        "5": {
            "name": "Right Knee",
            "x": -0.30408939719200134,
            "y": -0.015679191797971725,
            "z": 0.47143229842185974
        },
        "6": {
            "name": "Right Ankle",
            "x": -0.5859420299530029,
            "y": 0.028531568124890327,
            "z": 0.2754310369491577
        },
        "7": {
            "name": "Center of Body",
            "x": -0.043932706117630005,
            "y": -0.1338893175125122,
            "z": 0.7740702629089355
        },
        "8": {
            "name": "Center of Shoulder",
            "x": -0.08846721798181534,
            "y": -0.23706471920013428,
            "z": 0.9173954129219055
        },
        "9": {
            "name": "Neck",
            "x": -0.11302939802408218,
            "y": -0.28937920928001404,
            "z": 0.9364832639694214
        },
        "10": {
            "name": "Head",
            "x": -0.1250981241464615,
            "y": -0.29552045464515686,
            "z": 1.0
        },
        "11": {
            "name": "Right Shoulder",
            "x": -0.0025868769735097885,
            "y": -0.272739440202713,
            "z": 0.8701493740081787
        },
        "12": {
            "name": "Right Elbow",
            "x": 0.21663157641887665,
            "y": -0.3076627254486084,
            "z": 0.7478570342063904
        },
        "13": {
            "name": "Right Wrist",
            "x": 0.3543517589569092,
            "y": -0.3964049816131592,
            "z": 0.638225257396698
        },
        "14": {
            "name": "Left Shoulder",
            "x": -0.18282321095466614,
            "y": -0.13316155970096588,
            "z": 0.9470766186714172
        },
        "15": {
            "name": "Left Elbow",
            "x": -0.35243523120880127,
            "y": -0.1470612734556198,
            "z": 0.891334056854248
        },
        "16": {
            "name": "Left Wrist",
            "x": -0.2525484263896942,
            "y": -0.267539381980896,
            "z": 0.9978457093238831
        }
    }
}