{
    "image_path": "00003/img/19.jpg",
    "shooter_tracklet_id": 13,
    "bbox": {
        "x": 244,
        "y": 338,
        "w": 100,
        "h": 100
    },
    "keypont_2d": {
        "0": {
            "name": "Center of Hips",
            "x": 56.37,
            "y": 45.61
        },
        "1": {
            "name": "Left Hip",
            "x": 59.11,
            "y": 45.08
        },
        "2": {
            "name": "Left Knee",
            "x": 68.9,
            "y": 56.57
        },
        "3": {
            "name": "Left Ankle",
            "x": 73.07,
            "y": 65.05
        },
        "4": {
            "name": "Right Hip",
            "x": 53.53,
            "y": 46.37
        },
        "5": {
            "name": "Right Knee",
            "x": 70.73,
            "y": 49.78
        },
        "6": {
            "name": "Right Ankle",
            "x": 77.77,
            "y": 62.83
        },
        "7": {
            "name": "Center of Body",
            "x": 56.58,
            "y": 40.06
        },
        "8": {
            "name": "Center of Shoulder",
            "x": 57.57,
            "y": 34.23
        },
        "9": {
            "name": "Neck",
            "x": 58.34,
            "y": 32.3
        },
        "10": {
            "name": "Head",
            "x": 61.97,
            "y": 29.0
        },
        "11": {
            "name": "Right Shoulder",
            "x": 53.83,
            "y": 35.24
        },
        "12": {
            "name": "Right Elbow",
            "x": 50.57,
            "y": 41.91
        },
        "13": {
            "name": "Right Wrist",
            "x": 46.49,
            "y": 47.71
        },
        "14": {
            "name": "Left Shoulder",
            "x": 61.34,
            "y": 35.13
        },
        "15": {
            "name": "Left Elbow",
            "x": 59.23,
            "y": 42.31
        },
        "16": {
            "name": "Left Wrist",
            "x": 64.4,
            "y": 41.13
        }
    },
    "keypont_3d": {
        "0": {
            "name": "Center of Hips",
            "x": 0.0,
            "y": 0.0,
            "z": 0.5430335402488708
        },
        "1": {
            "name": "Left Hip",
            "x": -0.055509716272354126,
            "y": 0.13409705460071564,
            "z": 0.576072096824646
        },
        "2": {
            "name": "Left Knee",
            "x": -0.2592743933200836,
            "y": 0.37000057101249695,
            "z": 0.25013184547424316
        },
        "3": {
            "name": "Left Ankle",
            "x": -0.35734108090400696,
            "y": 0.6202691197395325,
            "z": 0.0
        },
        "4": {
            "name": "Right Hip",
            "x": 0.06116987392306328,
            "y": -0.10756537318229675,
            "z": 0.5067222118377686
        },
        "5": {
            "name": "Right Knee",
            "x": -0.3818831443786621,
            "y": 0.10096327215433121,
            "z": 0.3717378079891205
        },
        "6": {
            "name": "Right Ankle",
            "x": -0.6290689706802368,
            "y": 0.22618573904037476,
            "z": 0.0778326541185379
        },
        "7": {
            "name": "Center of Body",
            "x": -0.04820822924375534,
            "y": -0.10475523769855499,
            "z": 0.7180371284484863
        },
        "8": {
            "name": "Center of Shoulder",
            "x": -0.09394234418869019,
            "y": -0.18711212277412415,
            "z": 0.8940870761871338
        },
        "9": {
            "name": "Neck",
            "x": -0.13794028759002686,
            "y": -0.2350352257490158,
            "z": 0.9237362146377563
        },
        "10": {
            "name": "Head",
            "x": -0.19836081564426422,
            "y": -0.22386889159679413,
            "z": 1.0
        },
        "11": {
            "name": "Right Shoulder",
            "x": 0.007602262776345015,
            "y": -0.2324289083480835,
            "z": 0.8456772565841675
        },
        "12": {
            "name": "Right Elbow",
            "x": 0.19506599009037018,
            "y": -0.1343904584646225,
            "z": 0.675333559513092
        },
        "13": {
            "name": "Right Wrist",
            "x": 0.30223309993743896,
            "y": -0.13268548250198364,
            "z": 0.48905378580093384
        },
        "14": {
            "name": "Left Shoulder",
            "x": -0.16453661024570465,
            "y": -0.009479624219238758,
            "z": 0.9010911583900452
        },
        "15": {
            "name": "Left Elbow",
            "x": -0.0861600935459137,
            "y": 0.13889968395233154,
            "z": 0.7362737059593201
        },
        "16": {
            "name": "Left Wrist",
            "x": -0.23696044087409973,
            "y": 0.023574577644467354,
            "z": 0.7377762794494629
        }
    }
}