{
    "image_path": "00003/img/20.jpg",
    "shooter_tracklet_id": 13,
    "bbox": {
        "x": 244,
        "y": 333,
        "w": 100,
        "h": 100
    },
    "keypont_2d": {
        "0": {
            "name": "Center of Hips",
            "x": 54.71,
            "y": 49.44
        },
        "1": {
            "name": "Left Hip",
            "x": 51.17,
            "y": 49.54
        },
        "2": {
            "name": "Left Knee",
            "x": 67.57,
            "y": 60.66
        },
        "3": {
            "name": "Left Ankle",
            "x": 65.87,
            "y": 66.14
        },
        "4": {
            "name": "Right Hip",
            "x": 58.05,
            "y": 48.93
        },
        "5": {
            "name": "Right Knee",
            "x": 74.09,
            "y": 54.79
        },
        "6": {
            "name": "Right Ankle",
            "x": 84.01,
            "y": 67.45
        },
        "7": {
            "name": "Center of Body",
            "x": 54.91,
            "y": 42.65
        },
        "8": {
            "name": "Center of Shoulder",
            "x": 57.64,
            "y": 36.15
        },
        "9": {
            "name": "Neck",
            "x": 59.65,
            "y": 34.48
        },
        "10": {
            "name": "Head",
            "x": 63.17,
            "y": 31.35
        },
        "11": {
            "name": "Right Shoulder",
            "x": 59.49,
            "y": 37.47
        },
        "12": {
            "name": "Right Elbow",
            "x": 57.2,
            "y": 45.74
        },
        "13": {
            "name": "Right Wrist",
            "x": 58.84,
            "y": 52.56
        },
        "14": {
            "name": "Left Shoulder",
            "x": 53.29,
            "y": 36.6
        },
        "15": {
            "name": "Left Elbow",
            "x": 51.98,
            "y": 45.52
        },
        "16": {
            "name": "Left Wrist",
            "x": 62.97,
            "y": 42.04
        }
    },
    "keypont_3d": {
        "0": {
            "name": "Center of Hips",
            "x": 0.0,
            "y": 0.0,
            "z": 0.4834309220314026
        },
        "1": {
            "name": "Left Hip",
            "x": 0.10080195218324661,
            "y": 0.08399597555398941,
            "z": 0.4897809624671936
        },
        "2": {
            "name": "Left Knee",
            "x": -0.23952049016952515,
            "y": 0.37303462624549866,
            "z": 0.2379409819841385
        },
        "3": {
            "name": "Left Ankle",
            "x": -0.3343576490879059,
            "y": 0.1318841427564621,
            "z": 0.0
        },
        "4": {
            "name": "Right Hip",
            "x": -0.056038763374090195,
            "y": -0.08638350665569305,
            "z": 0.47476398944854736
        },
        "5": {
            "name": "Right Knee",
            "x": -0.4327852427959442,
            "y": 0.23979364335536957,
            "z": 0.3660186231136322
        },
        "6": {
            "name": "Right Ankle",
            "x": -0.6011757254600525,
            "y": 0.4040876030921936,
            "z": 0.03256774693727493
        },
        "7": {
            "name": "Center of Body",
            "x": -0.005727530922740698,
            "y": -0.02764744870364666,
            "z": 0.6907941102981567
        },
        "8": {
            "name": "Center of Shoulder",
            "x": -0.060575906187295914,
            "y": -0.0015570401446893811,
            "z": 0.8728885650634766
        },
        "9": {
            "name": "Neck",
            "x": -0.11036182194948196,
            "y": 0.006071079522371292,
            "z": 0.9065632820129395
        },
        "10": {
            "name": "Head",
            "x": -0.20923839509487152,
            "y": 0.05344593524932861,
            "z": 1.0
        },
        "11": {
            "name": "Right Shoulder",
            "x": -0.0978979840874672,
            "y": -0.09980754554271698,
            "z": 0.8094888925552368
        },
        "12": {
            "name": "Right Elbow",
            "x": -0.05053195357322693,
            "y": -0.12472238391637802,
            "z": 0.5846250653266907
        },
        "13": {
            "name": "Right Wrist",
            "x": -0.0649823322892189,
            "y": -0.1400371640920639,
            "z": 0.3753640055656433
        },
        "14": {
            "name": "Left Shoulder",
            "x": 0.03330877423286438,
            "y": 0.1195625588297844,
            "z": 0.8689022660255432
        },
        "15": {
            "name": "Left Elbow",
            "x": 0.12952260673046112,
            "y": 0.17374524474143982,
            "z": 0.6473057866096497
        },
        "16": {
            "name": "Left Wrist",
            "x": -0.12824822962284088,
            "y": 0.2703005373477936,
            "z": 0.7228359580039978
        }
    }
}