{
    "image_path": "00016/img/1.jpg",
    "shooter_tracklet_id": 8,
    "bbox": {
        "x": 300,
        "y": 328,
        "w": 100,
        "h": 100
    },
    "keypont_2d": {
        "0": {
            "name": "Center of Hips",
            "x": 45.25,
            "y": 46.77
        },
        "1": {
            "name": "Left Hip",
            "x": 44.63,
            "y": 43.74
        },
        "2": {
            "name": "Left Knee",
            "x": 54.07,
            "y": 58.28
        },
        "3": {
            "name": "Left Ankle",
            "x": 42.56,
            "y": 76.99
        },
        "4": {
            "name": "Right Hip",
            "x": 45.95,
            "y": 49.73
        },
        "5": {
            "name": "Right Knee",
            "x": 53.43,
            "y": 63.07
        },
        "6": {
            "name": "Right Ankle",
            "x": 53.87,
            "y": 79.6
        },
        "7": {
            "name": "Center of Body",
            "x": 49.82,
            "y": 33.27
        },
        "8": {
            "name": "Center of Shoulder",
            "x": 59.7,
            "y": 22.47
        },
        "9": {
            "name": "Neck",
            "x": 61.25,
            "y": 22.0
        },
        "10": {
            "name": "Head",
            "x": 64.77,
            "y": 20.59
        },
        "11": {
            "name": "Right Shoulder",
            "x": 62.28,
            "y": 25.98
        },
        "12": {
            "name": "Right Elbow",
            "x": 58.48,
            "y": 41.87
        },
        "13": {
            "name": "Right Wrist",
            "x": 61.22,
            "y": 54.5
        },
        "14": {
            "name": "Left Shoulder",
            "x": 57.18,
            "y": 20.08
        },
        "15": {
            "name": "Left Elbow",
            "x": 47.61,
            "y": 25.28
        },
        "16": {
            "name": "Left Wrist",
            "x": 50.15,
            "y": 39.11
        }
    },
    "keypont_3d": {
        "0": {
            "name": "Center of Hips",
            "x": 0.0,
            "y": 0.0,
            "z": 0.5937476754188538
        },
        "1": {
            "name": "Left Hip",
            "x": 0.06531454622745514,
            "y": 0.04969950020313263,
            "z": 0.6157059073448181
        },
        "2": {
            "name": "Left Knee",
            "x": -0.12550191581249237,
            "y": 0.01663966290652752,
            "z": 0.374906450510025
        },
        "3": {
            "name": "Left Ankle",
            "x": 0.04120341315865517,
            "y": -0.04087667539715767,
            "z": 0.03543990105390549
        },
        "4": {
            "name": "Right Hip",
            "x": -0.027281997725367546,
            "y": -0.08244770765304565,
            "z": 0.5175670385360718
        },
        "5": {
            "name": "Right Knee",
            "x": -0.16387367248535156,
            "y": -0.08520344644784927,
            "z": 0.28534114360809326
        },
        "6": {
            "name": "Right Ankle",
            "x": -0.1719636768102646,
            "y": -0.04373926296830177,
            "z": 0.0
        },
        "7": {
            "name": "Center of Body",
            "x": -0.03120657056570053,
            "y": 0.022711362689733505,
            "z": 0.7813435792922974
        },
        "8": {
            "name": "Center of Shoulder",
            "x": -0.15942247211933136,
            "y": 0.06926428526639938,
            "z": 0.9485347867012024
        },
        "9": {
            "name": "Neck",
            "x": -0.16970333456993103,
            "y": 0.12673915922641754,
            "z": 0.9647760391235352
        },
        "10": {
            "name": "Head",
            "x": -0.21935634315013885,
            "y": 0.13079124689102173,
            "z": 0.9936921000480652
        },
        "11": {
            "name": "Right Shoulder",
            "x": -0.21445024013519287,
            "y": 0.054878491908311844,
            "z": 0.8811472058296204
        },
        "12": {
            "name": "Right Elbow",
            "x": -0.18653923273086548,
            "y": 0.016975831240415573,
            "z": 0.6293628215789795
        },
        "13": {
            "name": "Right Wrist",
            "x": -0.2182251214981079,
            "y": 0.07214806228876114,
            "z": 0.45700427889823914
        },
        "14": {
            "name": "Left Shoulder",
            "x": -0.10288794338703156,
            "y": 0.11510809510946274,
            "z": 1.0
        },
        "15": {
            "name": "Left Elbow",
            "x": 0.07548502832651138,
            "y": 0.11066669970750809,
            "z": 0.9165900349617004
        },
        "16": {
            "name": "Left Wrist",
            "x": 0.0251458752900362,
            "y": 0.15040399134159088,
            "z": 0.7297954559326172
        }
    }
}