{
    "image_path": "00016/img/2.jpg",
    "shooter_tracklet_id": 8,
    "bbox": {
        "x": 300,
        "y": 329,
        "w": 100,
        "h": 100
    },
    "keypont_2d": {
        "0": {
            "name": "Center of Hips",
            "x": 41.08,
            "y": 48.65
        },
        "1": {
            "name": "Left Hip",
            "x": 45.17,
            "y": 51.05
        },
        "2": {
            "name": "Left Knee",
            "x": 55.03,
            "y": 62.75
        },
        "3": {
            "name": "Left Ankle",
            "x": 48.45,
            "y": 78.63
        },
        "4": {
            "name": "Right Hip",
            "x": 37.39,
            "y": 46.54
        },
        "5": {
            "name": "Right Knee",
            "x": 52.56,
            "y": 59.05
        },
        "6": {
            "name": "Right Ankle",
            "x": 44.82,
            "y": 77.27
        },
        "7": {
            "name": "Center of Body",
            "x": 47.71,
            "y": 34.79
        },
        "8": {
            "name": "Center of Shoulder",
            "x": 57.24,
            "y": 23.31
        },
        "9": {
            "name": "Neck",
            "x": 59.36,
            "y": 22.53
        },
        "10": {
            "name": "Head",
            "x": 63.37,
            "y": 23.07
        },
        "11": {
            "name": "Right Shoulder",
            "x": 56.26,
            "y": 20.74
        },
        "12": {
            "name": "Right Elbow",
            "x": 46.84,
            "y": 24.54
        },
        "13": {
            "name": "Right Wrist",
            "x": 40.91,
            "y": 35.24
        },
        "14": {
            "name": "Left Shoulder",
            "x": 58.59,
            "y": 28.47
        },
        "15": {
            "name": "Left Elbow",
            "x": 55.15,
            "y": 44.91
        },
        "16": {
            "name": "Left Wrist",
            "x": 57.24,
            "y": 54.11
        }
    },
    "keypont_3d": {
        "0": {
            "name": "Center of Hips",
            "x": 0.0,
            "y": 0.0,
            "z": 0.5969898104667664
        },
        "1": {
            "name": "Left Hip",
            "x": 0.04076908528804779,
            "y": 0.08975058794021606,
            "z": 0.6000478267669678
        },
        "2": {
            "name": "Left Knee",
            "x": -0.18374867737293243,
            "y": 0.029140757396817207,
            "z": 0.3415538966655731
        },
        "3": {
            "name": "Left Ankle",
            "x": -0.07745034992694855,
            "y": -0.05621873587369919,
            "z": 0.01199085172265768
        },
        "4": {
            "name": "Right Hip",
            "x": 0.03389047086238861,
            "y": -0.11106932908296585,
            "z": 0.5438059568405151
        },
        "5": {
            "name": "Right Knee",
            "x": -0.19541114568710327,
            "y": -0.09726831316947937,
            "z": 0.3215780556201935
        },
        "6": {
            "name": "Right Ankle",
            "x": -0.10780222713947296,
            "y": -0.08861931413412094,
            "z": 0.0
        },
        "7": {
            "name": "Center of Body",
            "x": -0.0441192090511322,
            "y": 0.03649714216589928,
            "z": 0.7990789413452148
        },
        "8": {
            "name": "Center of Shoulder",
            "x": -0.16873812675476074,
            "y": 0.08060374855995178,
            "z": 0.9748837947845459
        },
        "9": {
            "name": "Neck",
            "x": -0.19819499552249908,
            "y": 0.11576009541749954,
            "z": 0.990908682346344
        },
        "10": {
            "name": "Head",
            "x": -0.26106420159339905,
            "y": 0.10652054101228714,
            "z": 1.0
        },
        "11": {
            "name": "Right Shoulder",
            "x": -0.19392170011997223,
            "y": 0.040113259106874466,
            "z": 0.9781657457351685
        },
        "12": {
            "name": "Right Elbow",
            "x": -0.0735880434513092,
            "y": -0.12191274762153625,
            "z": 0.9022712111473083
        },
        "13": {
            "name": "Right Wrist",
            "x": -0.008072772063314915,
            "y": -0.17538903653621674,
            "z": 0.7427616715431213
        },
        "14": {
            "name": "Left Shoulder",
            "x": -0.150370791554451,
            "y": 0.15857720375061035,
            "z": 0.9378716945648193
        },
        "15": {
            "name": "Left Elbow",
            "x": -0.03894347697496414,
            "y": 0.18942324817180634,
            "z": 0.7581074833869934
        },
        "16": {
            "name": "Left Wrist",
            "x": -0.12236165255308151,
            "y": 0.24229253828525543,
            "z": 0.5297814011573792
        }
    }
}