{
    "image_path": "00016/img/3.jpg",
    "shooter_tracklet_id": 8,
    "bbox": {
        "x": 302,
        "y": 327,
        "w": 100,
        "h": 100
    },
    "keypoint_2d": {
        "0": {
            "name": "Center of Hips",
            "x": 41.38,
            "y": 46.57
        },
        "1": {
            "name": "Left Hip",
            "x": 37.31,
            "y": 44.38
        },
        "2": {
            "name": "Left Knee",
            "x": 55.39,
            "y": 54.31
        },
        "3": {
            "name": "Left Ankle",
            "x": 42.64,
            "y": 77.67
        },
        "4": {
            "name": "Right Hip",
            "x": 45.47,
            "y": 48.83
        },
        "5": {
            "name": "Right Knee",
            "x": 53.68,
            "y": 60.86
        },
        "6": {
            "name": "Right Ankle",
            "x": 51.47,
            "y": 80.25
        },
        "7": {
            "name": "Center of Body",
            "x": 46.72,
            "y": 33.48
        },
        "8": {
            "name": "Center of Shoulder",
            "x": 57.5,
            "y": 22.52
        },
        "9": {
            "name": "Neck",
            "x": 60.58,
            "y": 23.13
        },
        "10": {
            "name": "Head",
            "x": 65.22,
            "y": 22.45
        },
        "11": {
            "name": "Right Shoulder",
            "x": 59.08,
            "y": 25.4
        },
        "12": {
            "name": "Right Elbow",
            "x": 55.77,
            "y": 39.88
        },
        "13": {
            "name": "Right Wrist",
            "x": 61.29,
            "y": 46.75
        },
        "14": {
            "name": "Left Shoulder",
            "x": 55.35,
            "y": 20.79
        },
        "15": {
            "name": "Left Elbow",
            "x": 45.58,
            "y": 27.12
        },
        "16": {
            "name": "Left Wrist",
            "x": 46.44,
            "y": 33.86
        }
    },
    "keypoint_3d": {
        "0": {
            "name": "Center of Hips",
            "x": 0.0,
            "y": 0.0,
            "z": 0.6004382371902466
        },
        "1": {
            "name": "Left Hip",
            "x": 0.10381760448217392,
            "y": 0.005436192266643047,
            "z": 0.5964207053184509
        },
        "2": {
            "name": "Left Knee",
            "x": -0.18250888586044312,
            "y": 0.05944095179438591,
            "z": 0.387464702129364
        },
        "3": {
            "name": "Left Ankle",
            "x": -0.03805917873978615,
            "y": 0.01685512438416481,
            "z": 0.007966908626258373
        },
        "4": {
            "name": "Right Hip",
            "x": -0.051010627299547195,
            "y": -0.08154655247926712,
            "z": 0.542324423789978
        },
        "5": {
            "name": "Right Knee",
            "x": -0.22581814229488373,
            "y": -0.06326077878475189,
            "z": 0.32580652832984924
        },
        "6": {
            "name": "Right Ankle",
            "x": -0.12414173036813736,
            "y": -0.02993721514940262,
            "z": 0.0
        },
        "7": {
            "name": "Center of Body",
            "x": -0.040067218244075775,
            "y": 0.031033329665660858,
            "z": 0.8047724366188049
        },
        "8": {
            "name": "Center of Shoulder",
            "x": -0.17650847136974335,
            "y": 0.07377766817808151,
            "z": 0.9739686846733093
        },
        "9": {
            "name": "Neck",
            "x": -0.21453851461410522,
            "y": 0.13082832098007202,
            "z": 0.9851885437965393
        },
        "10": {
            "name": "Head",
            "x": -0.2753417193889618,
            "y": 0.13086462020874023,
            "z": 0.9977471232414246
        },
        "11": {
            "name": "Right Shoulder",
            "x": -0.2246905416250229,
            "y": 0.03429171070456505,
            "z": 0.9195190072059631
        },
        "12": {
            "name": "Right Elbow",
            "x": -0.22648191452026367,
            "y": -0.04755441099405289,
            "z": 0.6688242554664612
        },
        "13": {
            "name": "Right Wrist",
            "x": -0.2867605686187744,
            "y": 0.10113256424665451,
            "z": 0.5865023732185364
        },
        "14": {
            "name": "Left Shoulder",
            "x": -0.12973973155021667,
            "y": 0.14291836321353912,
            "z": 1.0
        },
        "15": {
            "name": "Left Elbow",
            "x": 0.05950816720724106,
            "y": 0.11939512193202972,
            "z": 0.9202468395233154
        },
        "16": {
            "name": "Left Wrist",
            "x": 0.08261863142251968,
            "y": 0.2215651422739029,
            "z": 0.8315466642379761
        }
    }
}