{
    "image_path": "00016/img/4.jpg",
    "shooter_tracklet_id": 8,
    "bbox": {
        "x": 303,
        "y": 327,
        "w": 100,
        "h": 100
    },
    "keypoint_2d": {
        "0": {
            "name": "Center of Hips",
            "x": 40.45,
            "y": 44.96
        },
        "1": {
            "name": "Left Hip",
            "x": 37.26,
            "y": 43.23
        },
        "2": {
            "name": "Left Knee",
            "x": 51.1,
            "y": 59.08
        },
        "3": {
            "name": "Left Ankle",
            "x": 39.45,
            "y": 77.3
        },
        "4": {
            "name": "Right Hip",
            "x": 44.81,
            "y": 47.32
        },
        "5": {
            "name": "Right Knee",
            "x": 54.66,
            "y": 62.21
        },
        "6": {
            "name": "Right Ankle",
            "x": 53.44,
            "y": 80.98
        },
        "7": {
            "name": "Center of Body",
            "x": 47.25,
            "y": 33.9
        },
        "8": {
            "name": "Center of Shoulder",
            "x": 57.89,
            "y": 22.94
        },
        "9": {
            "name": "Neck",
            "x": 59.95,
            "y": 23.06
        },
        "10": {
            "name": "Head",
            "x": 64.72,
            "y": 22.33
        },
        "11": {
            "name": "Right Shoulder",
            "x": 59.06,
            "y": 26.07
        },
        "12": {
            "name": "Right Elbow",
            "x": 54.54,
            "y": 39.51
        },
        "13": {
            "name": "Right Wrist",
            "x": 61.04,
            "y": 45.52
        },
        "14": {
            "name": "Left Shoulder",
            "x": 56.95,
            "y": 20.72
        },
        "15": {
            "name": "Left Elbow",
            "x": 47.42,
            "y": 24.91
        },
        "16": {
            "name": "Left Wrist",
            "x": 44.13,
            "y": 33.14
        }
    },
    "keypoint_3d": {
        "0": {
            "name": "Center of Hips",
            "x": 0.0,
            "y": 0.0,
            "z": 0.5967389941215515
        },
        "1": {
            "name": "Left Hip",
            "x": 0.10188306123018265,
            "y": -0.009730580262839794,
            "z": 0.613318145275116
        },
        "2": {
            "name": "Left Knee",
            "x": -0.130375936627388,
            "y": 0.07733111083507538,
            "z": 0.3884430527687073
        },
        "3": {
            "name": "Left Ankle",
            "x": 0.03216041997075081,
            "y": 0.0214611254632473,
            "z": 0.03835318237543106
        },
        "4": {
            "name": "Right Hip",
            "x": -0.07597847282886505,
            "y": -0.07064039260149002,
            "z": 0.5404037237167358
        },
        "5": {
            "name": "Right Knee",
            "x": -0.22804035246372223,
            "y": -0.024869315326213837,
            "z": 0.3084856867790222
        },
        "6": {
            "name": "Right Ankle",
            "x": -0.182509183883667,
            "y": 0.041784849017858505,
            "z": 0.0
        },
        "7": {
            "name": "Center of Body",
            "x": -0.04395964741706848,
            "y": 0.02935306914150715,
            "z": 0.7877514958381653
        },
        "8": {
            "name": "Center of Shoulder",
            "x": -0.17859497666358948,
            "y": 0.07761732488870621,
            "z": 0.946713924407959
        },
        "9": {
            "name": "Neck",
            "x": -0.20684278011322021,
            "y": 0.13393165171146393,
            "z": 0.9521764516830444
        },
        "10": {
            "name": "Head",
            "x": -0.2657393515110016,
            "y": 0.14467878639698029,
            "z": 0.9726293087005615
        },
        "11": {
            "name": "Right Shoulder",
            "x": -0.22697778046131134,
            "y": 0.03661639988422394,
            "z": 0.888425350189209
        },
        "12": {
            "name": "Right Elbow",
            "x": -0.22152970731258392,
            "y": -0.03774593397974968,
            "z": 0.6570016145706177
        },
        "13": {
            "name": "Right Wrist",
            "x": -0.27884405851364136,
            "y": 0.104241743683815,
            "z": 0.5878397822380066
        },
        "14": {
            "name": "Left Shoulder",
            "x": -0.13743935525417328,
            "y": 0.12674956023693085,
            "z": 1.0
        },
        "15": {
            "name": "Left Elbow",
            "x": 0.030756186693906784,
            "y": 0.13386064767837524,
            "z": 0.928824245929718
        },
        "16": {
            "name": "Left Wrist",
            "x": 0.09613652527332306,
            "y": 0.21545077860355377,
            "z": 0.830407440662384
        }
    }
}