{
    "image_path": "00016/img/5.jpg",
    "shooter_tracklet_id": 8,
    "bbox": {
        "x": 304,
        "y": 325,
        "w": 100,
        "h": 100
    },
    "keypoint_2d": {
        "0": {
            "name": "Center of Hips",
            "x": 42.7,
            "y": 43.74
        },
        "1": {
            "name": "Left Hip",
            "x": 40.82,
            "y": 40.66
        },
        "2": {
            "name": "Left Knee",
            "x": 50.96,
            "y": 61.13
        },
        "3": {
            "name": "Left Ankle",
            "x": 38.83,
            "y": 75.46
        },
        "4": {
            "name": "Right Hip",
            "x": 44.1,
            "y": 46.74
        },
        "5": {
            "name": "Right Knee",
            "x": 54.66,
            "y": 62.82
        },
        "6": {
            "name": "Right Ankle",
            "x": 48.77,
            "y": 81.6
        },
        "7": {
            "name": "Center of Body",
            "x": 47.14,
            "y": 32.03
        },
        "8": {
            "name": "Center of Shoulder",
            "x": 57.67,
            "y": 22.58
        },
        "9": {
            "name": "Neck",
            "x": 60.2,
            "y": 22.36
        },
        "10": {
            "name": "Head",
            "x": 65.09,
            "y": 21.1
        },
        "11": {
            "name": "Right Shoulder",
            "x": 58.56,
            "y": 28.62
        },
        "12": {
            "name": "Right Elbow",
            "x": 53.7,
            "y": 44.23
        },
        "13": {
            "name": "Right Wrist",
            "x": 55.32,
            "y": 54.39
        },
        "14": {
            "name": "Left Shoulder",
            "x": 57.23,
            "y": 19.64
        },
        "15": {
            "name": "Left Elbow",
            "x": 54.68,
            "y": 33.92
        },
        "16": {
            "name": "Left Wrist",
            "x": 58.36,
            "y": 43.2
        }
    },
    "keypoint_3d": {
        "0": {
            "name": "Center of Hips",
            "x": 0.0,
            "y": 0.0,
            "z": 0.6158315539360046
        },
        "1": {
            "name": "Left Hip",
            "x": 0.08065702766180038,
            "y": 0.02053951472043991,
            "z": 0.6466364860534668
        },
        "2": {
            "name": "Left Knee",
            "x": -0.11017809808254242,
            "y": 0.06568515300750732,
            "z": 0.36615094542503357
        },
        "3": {
            "name": "Left Ankle",
            "x": 0.047882985323667526,
            "y": -0.03173348307609558,
            "z": 0.0737786740064621
        },
        "4": {
            "name": "Right Hip",
            "x": -0.07170901447534561,
            "y": -0.0836673304438591,
            "z": 0.5530380606651306
        },
        "5": {
            "name": "Right Knee",
            "x": -0.19360549747943878,
            "y": 0.034814562648534775,
            "z": 0.31983891129493713
        },
        "6": {
            "name": "Right Ankle",
            "x": -0.13976319134235382,
            "y": 0.060426969081163406,
            "z": 0.0
        },
        "7": {
            "name": "Center of Body",
            "x": -0.05452544614672661,
            "y": 0.019597642123699188,
            "z": 0.7993206977844238
        },
        "8": {
            "name": "Center of Shoulder",
            "x": -0.18841589987277985,
            "y": 0.07057039439678192,
            "z": 0.9511119723320007
        },
        "9": {
            "name": "Neck",
            "x": -0.21459904313087463,
            "y": 0.13167165219783783,
            "z": 0.9597005844116211
        },
        "10": {
            "name": "Head",
            "x": -0.273861825466156,
            "y": 0.1524726152420044,
            "z": 0.9900352358818054
        },
        "11": {
            "name": "Right Shoulder",
            "x": -0.22692671418190002,
            "y": 0.037965092808008194,
            "z": 0.8552737832069397
        },
        "12": {
            "name": "Right Elbow",
            "x": -0.18356727063655853,
            "y": 0.007502230815589428,
            "z": 0.6235395073890686
        },
        "13": {
            "name": "Right Wrist",
            "x": -0.2028631716966629,
            "y": 0.09895561635494232,
            "z": 0.4947074353694916
        },
        "14": {
            "name": "Left Shoulder",
            "x": -0.15465940535068512,
            "y": 0.13596072793006897,
            "z": 1.0
        },
        "15": {
            "name": "Left Elbow",
            "x": -0.06548374891281128,
            "y": 0.22422458231449127,
            "z": 0.8192134499549866
        },
        "16": {
            "name": "Left Wrist",
            "x": -0.12489855289459229,
            "y": 0.2760554850101471,
            "z": 0.6713194251060486
        }
    }
}