{
    "image_path": "00016/img/6.jpg",
    "shooter_tracklet_id": 8,
    "bbox": {
        "x": 304,
        "y": 325,
        "w": 100,
        "h": 100
    },
    "keypont_2d": {
        "0": {
            "name": "Center of Hips",
            "x": 43.49,
            "y": 42.76
        },
        "1": {
            "name": "Left Hip",
            "x": 41.58,
            "y": 45.27
        },
        "2": {
            "name": "Left Knee",
            "x": 47.37,
            "y": 63.78
        },
        "3": {
            "name": "Left Ankle",
            "x": 39.84,
            "y": 73.93
        },
        "4": {
            "name": "Right Hip",
            "x": 45.61,
            "y": 45.69
        },
        "5": {
            "name": "Right Knee",
            "x": 50.17,
            "y": 66.43
        },
        "6": {
            "name": "Right Ankle",
            "x": 44.28,
            "y": 80.49
        },
        "7": {
            "name": "Center of Body",
            "x": 47.81,
            "y": 32.58
        },
        "8": {
            "name": "Center of Shoulder",
            "x": 58.18,
            "y": 22.64
        },
        "9": {
            "name": "Neck",
            "x": 59.41,
            "y": 20.19
        },
        "10": {
            "name": "Head",
            "x": 64.17,
            "y": 19.88
        },
        "11": {
            "name": "Right Shoulder",
            "x": 59.28,
            "y": 27.37
        },
        "12": {
            "name": "Right Elbow",
            "x": 54.1,
            "y": 39.04
        },
        "13": {
            "name": "Right Wrist",
            "x": 55.51,
            "y": 51.39
        },
        "14": {
            "name": "Left Shoulder",
            "x": 57.61,
            "y": 20.17
        },
        "15": {
            "name": "Left Elbow",
            "x": 53.57,
            "y": 28.19
        },
        "16": {
            "name": "Left Wrist",
            "x": 56.34,
            "y": 39.25
        }
    },
    "keypont_3d": {
        "0": {
            "name": "Center of Hips",
            "x": 0.0,
            "y": 0.0,
            "z": 0.6133915781974792
        },
        "1": {
            "name": "Left Hip",
            "x": 0.07830118387937546,
            "y": 0.04793226346373558,
            "z": 0.6327751278877258
        },
        "2": {
            "name": "Left Knee",
            "x": -0.07357495278120041,
            "y": 0.017627427354454994,
            "z": 0.32302325963974
        },
        "3": {
            "name": "Left Ankle",
            "x": 0.01911764033138752,
            "y": -0.14602434635162354,
            "z": 0.07524894177913666
        },
        "4": {
            "name": "Right Hip",
            "x": -0.06741522252559662,
            "y": -0.09485601633787155,
            "z": 0.5657481551170349
        },
        "5": {
            "name": "Right Knee",
            "x": -0.13294079899787903,
            "y": 0.021026484668254852,
            "z": 0.29222360253334045
        },
        "6": {
            "name": "Right Ankle",
            "x": -0.05218563601374626,
            "y": -0.013693862594664097,
            "z": 0.0
        },
        "7": {
            "name": "Center of Body",
            "x": -0.045681241899728775,
            "y": 0.013355718925595284,
            "z": 0.7991852760314941
        },
        "8": {
            "name": "Center of Shoulder",
            "x": -0.17669464647769928,
            "y": 0.06880538165569305,
            "z": 0.9494487047195435
        },
        "9": {
            "name": "Neck",
            "x": -0.19467277824878693,
            "y": 0.12497104704380035,
            "z": 0.9709311723709106
        },
        "10": {
            "name": "Head",
            "x": -0.25426799058914185,
            "y": 0.14339163899421692,
            "z": 0.9971317648887634
        },
        "11": {
            "name": "Right Shoulder",
            "x": -0.22007206082344055,
            "y": 0.02945389412343502,
            "z": 0.8541467189788818
        },
        "12": {
            "name": "Right Elbow",
            "x": -0.18402570486068726,
            "y": -0.04864964634180069,
            "z": 0.6372880935668945
        },
        "13": {
            "name": "Right Wrist",
            "x": -0.2100628763437271,
            "y": -0.010844976641237736,
            "z": 0.4677020013332367
        },
        "14": {
            "name": "Left Shoulder",
            "x": -0.14198337495326996,
            "y": 0.13659511506557465,
            "z": 1.0
        },
        "15": {
            "name": "Left Elbow",
            "x": -0.05369528383016586,
            "y": 0.23343993723392487,
            "z": 0.8560640811920166
        },
        "16": {
            "name": "Left Wrist",
            "x": -0.11020859330892563,
            "y": 0.2639346420764923,
            "z": 0.7109537124633789
        }
    }
}