{
    "image_path": "00016/img/7.jpg",
    "shooter_tracklet_id": 8,
    "bbox": {
        "x": 305,
        "y": 323,
        "w": 100,
        "h": 100
    },
    "keypoint_2d": {
        "0": {
            "name": "Center of Hips",
            "x": 47.22,
            "y": 44.36
        },
        "1": {
            "name": "Left Hip",
            "x": 50.18,
            "y": 44.74
        },
        "2": {
            "name": "Left Knee",
            "x": 58.02,
            "y": 57.4
        },
        "3": {
            "name": "Left Ankle",
            "x": 46.71,
            "y": 76.31
        },
        "4": {
            "name": "Right Hip",
            "x": 42.34,
            "y": 43.92
        },
        "5": {
            "name": "Right Knee",
            "x": 48.58,
            "y": 65.65
        },
        "6": {
            "name": "Right Ankle",
            "x": 40.4,
            "y": 79.62
        },
        "7": {
            "name": "Center of Body",
            "x": 50.38,
            "y": 32.31
        },
        "8": {
            "name": "Center of Shoulder",
            "x": 58.21,
            "y": 20.69
        },
        "9": {
            "name": "Neck",
            "x": 60.96,
            "y": 19.55
        },
        "10": {
            "name": "Head",
            "x": 66.09,
            "y": 18.76
        },
        "11": {
            "name": "Right Shoulder",
            "x": 60.08,
            "y": 24.12
        },
        "12": {
            "name": "Right Elbow",
            "x": 58.4,
            "y": 37.89
        },
        "13": {
            "name": "Right Wrist",
            "x": 60.12,
            "y": 49.34
        },
        "14": {
            "name": "Left Shoulder",
            "x": 57.52,
            "y": 19.09
        },
        "15": {
            "name": "Left Elbow",
            "x": 50.6,
            "y": 27.09
        },
        "16": {
            "name": "Left Wrist",
            "x": 54.36,
            "y": 38.31
        }
    },
    "keypoint_3d": {
        "0": {
            "name": "Center of Hips",
            "x": 0.0,
            "y": 0.0,
            "z": 0.5958977341651917
        },
        "1": {
            "name": "Left Hip",
            "x": 0.019998764619231224,
            "y": 0.10192809253931046,
            "z": 0.6034361124038696
        },
        "2": {
            "name": "Left Knee",
            "x": -0.13952720165252686,
            "y": -0.00682295486330986,
            "z": 0.3424908518791199
        },
        "3": {
            "name": "Left Ankle",
            "x": -0.017905959859490395,
            "y": -0.09610090404748917,
            "z": 0.05743945762515068
        },
        "4": {
            "name": "Right Hip",
            "x": -0.0013848753878846765,
            "y": -0.11793720722198486,
            "z": 0.5575516819953918
        },
        "5": {
            "name": "Right Knee",
            "x": -0.0644577220082283,
            "y": -0.014966355636715889,
            "z": 0.2661898136138916
        },
        "6": {
            "name": "Right Ankle",
            "x": 0.040726400911808014,
            "y": -0.058425258845090866,
            "z": 0.0
        },
        "7": {
            "name": "Center of Body",
            "x": -0.02691112458705902,
            "y": 0.021191168576478958,
            "z": 0.7811371088027954
        },
        "8": {
            "name": "Center of Shoulder",
            "x": -0.13695679605007172,
            "y": 0.06312067806720734,
            "z": 0.9490399956703186
        },
        "9": {
            "name": "Neck",
            "x": -0.15894240140914917,
            "y": 0.11541442573070526,
            "z": 0.976107656955719
        },
        "10": {
            "name": "Head",
            "x": -0.22237500548362732,
            "y": 0.1369321048259735,
            "z": 1.0
        },
        "11": {
            "name": "Right Shoulder",
            "x": -0.18500284850597382,
            "y": 0.0281622763723135,
            "z": 0.8826618790626526
        },
        "12": {
            "name": "Right Elbow",
            "x": -0.16878357529640198,
            "y": -0.019276278093457222,
            "z": 0.66134113073349
        },
        "13": {
            "name": "Right Wrist",
            "x": -0.1836872547864914,
            "y": 0.0521777980029583,
            "z": 0.5045861601829529
        },
        "14": {
            "name": "Left Shoulder",
            "x": -0.09952443838119507,
            "y": 0.12350734323263168,
            "z": 0.9893580079078674
        },
        "15": {
            "name": "Left Elbow",
            "x": 0.033243387937545776,
            "y": 0.18695780634880066,
            "z": 0.8980086445808411
        },
        "16": {
            "name": "Left Wrist",
            "x": -0.03147934377193451,
            "y": 0.20815719664096832,
            "z": 0.7186135053634644
        }
    }
}