{
    "image_path": "00016/img/8.jpg",
    "shooter_tracklet_id": 8,
    "bbox": {
        "x": 305,
        "y": 320,
        "w": 100,
        "h": 100
    },
    "keypoint_2d": {
        "0": {
            "name": "Center of Hips",
            "x": 45.94,
            "y": 41.51
        },
        "1": {
            "name": "Left Hip",
            "x": 50.28,
            "y": 43.03
        },
        "2": {
            "name": "Left Knee",
            "x": 61.1,
            "y": 59.91
        },
        "3": {
            "name": "Left Ankle",
            "x": 56.27,
            "y": 76.6
        },
        "4": {
            "name": "Right Hip",
            "x": 46.29,
            "y": 44.73
        },
        "5": {
            "name": "Right Knee",
            "x": 47.37,
            "y": 65.94
        },
        "6": {
            "name": "Right Ankle",
            "x": 36.22,
            "y": 80.77
        },
        "7": {
            "name": "Center of Body",
            "x": 51.71,
            "y": 31.65
        },
        "8": {
            "name": "Center of Shoulder",
            "x": 60.28,
            "y": 19.78
        },
        "9": {
            "name": "Neck",
            "x": 63.28,
            "y": 18.74
        },
        "10": {
            "name": "Head",
            "x": 68.35,
            "y": 17.6
        },
        "11": {
            "name": "Right Shoulder",
            "x": 63.26,
            "y": 23.04
        },
        "12": {
            "name": "Right Elbow",
            "x": 61.19,
            "y": 39.19
        },
        "13": {
            "name": "Right Wrist",
            "x": 65.17,
            "y": 46.57
        },
        "14": {
            "name": "Left Shoulder",
            "x": 57.32,
            "y": 18.31
        },
        "15": {
            "name": "Left Elbow",
            "x": 52.89,
            "y": 27.72
        },
        "16": {
            "name": "Left Wrist",
            "x": 55.94,
            "y": 36.6
        }
    },
    "keypoint_3d": {
        "0": {
            "name": "Center of Hips",
            "x": 0.0,
            "y": 0.0,
            "z": 0.5987223386764526
        },
        "1": {
            "name": "Left Hip",
            "x": 0.008105656132102013,
            "y": 0.1064879521727562,
            "z": 0.613252580165863
        },
        "2": {
            "name": "Left Knee",
            "x": -0.19106799364089966,
            "y": 0.030787302181124687,
            "z": 0.36197608709335327
        },
        "3": {
            "name": "Left Ankle",
            "x": -0.11542730033397675,
            "y": -0.03292235732078552,
            "z": 0.05321097373962402
        },
        "4": {
            "name": "Right Hip",
            "x": 0.013275365345180035,
            "y": -0.11428520828485489,
            "z": 0.5611804723739624
        },
        "5": {
            "name": "Right Knee",
            "x": -0.02265131287276745,
            "y": -0.03263057768344879,
            "z": 0.26154547929763794
        },
        "6": {
            "name": "Right Ankle",
            "x": 0.1151336058974266,
            "y": -0.05505254492163658,
            "z": 0.0
        },
        "7": {
            "name": "Center of Body",
            "x": -0.03278568014502525,
            "y": 0.023365693166851997,
            "z": 0.78348308801651
        },
        "8": {
            "name": "Center of Shoulder",
            "x": -0.1387612670660019,
            "y": 0.06382395327091217,
            "z": 0.9517897367477417
        },
        "9": {
            "name": "Neck",
            "x": -0.17114824056625366,
            "y": 0.11139903962612152,
            "z": 0.9742646813392639
        },
        "10": {
            "name": "Head",
            "x": -0.2305477261543274,
            "y": 0.13905785977840424,
            "z": 1.0
        },
        "11": {
            "name": "Right Shoulder",
            "x": -0.1893872320652008,
            "y": 0.04077208414673805,
            "z": 0.8928321003913879
        },
        "12": {
            "name": "Right Elbow",
            "x": -0.18270422518253326,
            "y": 0.02177467755973339,
            "z": 0.6609476804733276
        },
        "13": {
            "name": "Right Wrist",
            "x": -0.19389034807682037,
            "y": 0.1474871039390564,
            "z": 0.5519819855690002
        },
        "14": {
            "name": "Left Shoulder",
            "x": -0.08376485854387283,
            "y": 0.12017030268907547,
            "z": 0.9864112138748169
        },
        "15": {
            "name": "Left Elbow",
            "x": 0.0419858880341053,
            "y": 0.1768433004617691,
            "z": 0.8839511871337891
        },
        "16": {
            "name": "Left Wrist",
            "x": -0.011583223938941956,
            "y": 0.2191740721464157,
            "z": 0.7249582409858704
        }
    }
}