{
    "image_path": "00016/img/9.jpg",
    "shooter_tracklet_id": 8,
    "bbox": {
        "x": 305,
        "y": 318,
        "w": 100,
        "h": 100
    },
    "keypont_2d": {
        "0": {
            "name": "Center of Hips",
            "x": 47.64,
            "y": 43.85
        },
        "1": {
            "name": "Left Hip",
            "x": 46.61,
            "y": 46.36
        },
        "2": {
            "name": "Left Knee",
            "x": 43.37,
            "y": 63.07
        },
        "3": {
            "name": "Left Ankle",
            "x": 31.72,
            "y": 81.35
        },
        "4": {
            "name": "Right Hip",
            "x": 49.35,
            "y": 46.13
        },
        "5": {
            "name": "Right Knee",
            "x": 62.84,
            "y": 62.05
        },
        "6": {
            "name": "Right Ankle",
            "x": 66.07,
            "y": 79.76
        },
        "7": {
            "name": "Center of Body",
            "x": 52.79,
            "y": 31.63
        },
        "8": {
            "name": "Center of Shoulder",
            "x": 60.82,
            "y": 19.19
        },
        "9": {
            "name": "Neck",
            "x": 62.78,
            "y": 17.99
        },
        "10": {
            "name": "Head",
            "x": 67.63,
            "y": 17.07
        },
        "11": {
            "name": "Right Shoulder",
            "x": 65.1,
            "y": 23.13
        },
        "12": {
            "name": "Right Elbow",
            "x": 62.77,
            "y": 42.98
        },
        "13": {
            "name": "Right Wrist",
            "x": 69.47,
            "y": 46.91
        },
        "14": {
            "name": "Left Shoulder",
            "x": 56.69,
            "y": 17.43
        },
        "15": {
            "name": "Left Elbow",
            "x": 46.95,
            "y": 25.02
        },
        "16": {
            "name": "Left Wrist",
            "x": 54.08,
            "y": 28.59
        }
    },
    "keypont_3d": {
        "0": {
            "name": "Center of Hips",
            "x": 0.0,
            "y": 0.0,
            "z": 0.5903348326683044
        },
        "1": {
            "name": "Left Hip",
            "x": -0.02100365236401558,
            "y": -0.08855060487985611,
            "z": 0.5795536041259766
        },
        "2": {
            "name": "Left Knee",
            "x": 0.009935126639902592,
            "y": -0.09636972099542618,
            "z": 0.29880067706108093
        },
        "3": {
            "name": "Left Ankle",
            "x": -0.07734213769435883,
            "y": -0.046086277812719345,
            "z": 0.0
        },
        "4": {
            "name": "Right Hip",
            "x": -0.02652738057076931,
            "y": -0.07250230759382248,
            "z": 0.5503190159797668
        },
        "5": {
            "name": "Right Knee",
            "x": -0.2009740024805069,
            "y": 0.05718173831701279,
            "z": 0.3209507167339325
        },
        "6": {
            "name": "Right Ankle",
            "x": -0.2605661451816559,
            "y": 0.12267038971185684,
            "z": 0.02485683560371399
        },
        "7": {
            "name": "Center of Body",
            "x": -0.03049776889383793,
            "y": 0.022146154195070267,
            "z": 0.7812819480895996
        },
        "8": {
            "name": "Center of Shoulder",
            "x": -0.12652279436588287,
            "y": 0.044935498386621475,
            "z": 0.9400663375854492
        },
        "9": {
            "name": "Neck",
            "x": -0.15280640125274658,
            "y": 0.10252764075994492,
            "z": 0.9743838310241699
        },
        "10": {
            "name": "Head",
            "x": -0.20698782801628113,
            "y": 0.1198578029870987,
            "z": 1.0
        },
        "11": {
            "name": "Right Shoulder",
            "x": -0.1799568235874176,
            "y": 0.06734786182641983,
            "z": 0.88906329870224
        },
        "12": {
            "name": "Right Elbow",
            "x": -0.1777651458978653,
            "y": 0.06336405873298645,
            "z": 0.6424235701560974
        },
        "13": {
            "name": "Right Wrist",
            "x": -0.239424929022789,
            "y": 0.1996251940727234,
            "z": 0.5812184810638428
        },
        "14": {
            "name": "Left Shoulder",
            "x": -0.059678975492715836,
            "y": 0.08557283878326416,
            "z": 0.9806320667266846
        },
        "15": {
            "name": "Left Elbow",
            "x": 0.09318812936544418,
            "y": 0.10637740790843964,
            "z": 0.8924305438995361
        },
        "16": {
            "name": "Left Wrist",
            "x": 0.04091751202940941,
            "y": 0.2338649034500122,
            "z": 0.8579016327857971
        }
    }
}