{
    "image_path": "00016/img/10.jpg",
    "shooter_tracklet_id": 8,
    "bbox": {
        "x": 304,
        "y": 315,
        "w": 100,
        "h": 100
    },
    "keypoint_2d": {
        "0": {
            "name": "Center of Hips",
            "x": 49.83,
            "y": 45.85
        },
        "1": {
            "name": "Left Hip",
            "x": 48.26,
            "y": 43.32
        },
        "2": {
            "name": "Left Knee",
            "x": 63.08,
            "y": 62.42
        },
        "3": {
            "name": "Left Ankle",
            "x": 71.11,
            "y": 81.58
        },
        "4": {
            "name": "Right Hip",
            "x": 51.64,
            "y": 48.36
        },
        "5": {
            "name": "Right Knee",
            "x": 44.74,
            "y": 67.62
        },
        "6": {
            "name": "Right Ankle",
            "x": 29.56,
            "y": 80.52
        },
        "7": {
            "name": "Center of Body",
            "x": 53.7,
            "y": 30.49
        },
        "8": {
            "name": "Center of Shoulder",
            "x": 61.58,
            "y": 20.6
        },
        "9": {
            "name": "Neck",
            "x": 63.03,
            "y": 19.98
        },
        "10": {
            "name": "Head",
            "x": 66.37,
            "y": 17.59
        },
        "11": {
            "name": "Right Shoulder",
            "x": 64.68,
            "y": 23.37
        },
        "12": {
            "name": "Right Elbow",
            "x": 62.23,
            "y": 37.1
        },
        "13": {
            "name": "Right Wrist",
            "x": 66.99,
            "y": 47.97
        },
        "14": {
            "name": "Left Shoulder",
            "x": 58.46,
            "y": 19.52
        },
        "15": {
            "name": "Left Elbow",
            "x": 51.52,
            "y": 26.23
        },
        "16": {
            "name": "Left Wrist",
            "x": 50.32,
            "y": 36.59
        }
    },
    "keypoint_3d": {
        "0": {
            "name": "Center of Hips",
            "x": 0.0,
            "y": 0.0,
            "z": 0.5675125122070312
        },
        "1": {
            "name": "Left Hip",
            "x": 0.06186217442154884,
            "y": 0.05606331676244736,
            "z": 0.5858498811721802
        },
        "2": {
            "name": "Left Knee",
            "x": -0.15402871370315552,
            "y": 0.07007554918527603,
            "z": 0.30178022384643555
        },
        "3": {
            "name": "Left Ankle",
            "x": -0.26587745547294617,
            "y": 0.11170894652605057,
            "z": 0.0029186848551034927
        },
        "4": {
            "name": "Right Hip",
            "x": -0.05402175709605217,
            "y": -0.08717339485883713,
            "z": 0.520417332649231
        },
        "5": {
            "name": "Right Knee",
            "x": -0.06750486046075821,
            "y": -0.02413308061659336,
            "z": 0.24027860164642334
        },
        "6": {
            "name": "Right Ankle",
            "x": 0.10604755580425262,
            "y": -0.08176504075527191,
            "z": 0.0
        },
        "7": {
            "name": "Center of Body",
            "x": -0.03652928024530411,
            "y": 0.008901646360754967,
            "z": 0.7657554745674133
        },
        "8": {
            "name": "Center of Shoulder",
            "x": -0.13027645647525787,
            "y": 0.044632911682128906,
            "z": 0.931480884552002
        },
        "9": {
            "name": "Neck",
            "x": -0.13812053203582764,
            "y": 0.11935336142778397,
            "z": 0.9604687690734863
        },
        "10": {
            "name": "Head",
            "x": -0.18317918479442596,
            "y": 0.13385514914989471,
            "z": 1.0
        },
        "11": {
            "name": "Right Shoulder",
            "x": -0.19956113398075104,
            "y": 0.027450984343886375,
            "z": 0.8801766633987427
        },
        "12": {
            "name": "Right Elbow",
            "x": -0.20753321051597595,
            "y": -0.02019432932138443,
            "z": 0.646811306476593
        },
        "13": {
            "name": "Right Wrist",
            "x": -0.2625086307525635,
            "y": 0.0958973690867424,
            "z": 0.5318648815155029
        },
        "14": {
            "name": "Left Shoulder",
            "x": -0.0615214966237545,
            "y": 0.10366140305995941,
            "z": 0.9694667458534241
        },
        "15": {
            "name": "Left Elbow",
            "x": 0.08119893074035645,
            "y": 0.11783703416585922,
            "z": 0.8845008015632629
        },
        "16": {
            "name": "Left Wrist",
            "x": 0.08420546352863312,
            "y": 0.2144964039325714,
            "z": 0.7913698554039001
        }
    }
}