{
    "image_path": "00016/img/12.jpg",
    "shooter_tracklet_id": 8,
    "bbox": {
        "x": 306,
        "y": 309,
        "w": 100,
        "h": 100
    },
    "keypoint_2d": {
        "0": {
            "name": "Center of Hips",
            "x": 51.05,
            "y": 47.02
        },
        "1": {
            "name": "Left Hip",
            "x": 47.88,
            "y": 45.89
        },
        "2": {
            "name": "Left Knee",
            "x": 64.56,
            "y": 70.31
        },
        "3": {
            "name": "Left Ankle",
            "x": 67.81,
            "y": 84.75
        },
        "4": {
            "name": "Right Hip",
            "x": 53.85,
            "y": 48.05
        },
        "5": {
            "name": "Right Knee",
            "x": 55.29,
            "y": 67.98
        },
        "6": {
            "name": "Right Ankle",
            "x": 33.48,
            "y": 67.69
        },
        "7": {
            "name": "Center of Body",
            "x": 52.04,
            "y": 33.93
        },
        "8": {
            "name": "Center of Shoulder",
            "x": 55.75,
            "y": 22.42
        },
        "9": {
            "name": "Neck",
            "x": 56.74,
            "y": 20.42
        },
        "10": {
            "name": "Head",
            "x": 60.07,
            "y": 18.46
        },
        "11": {
            "name": "Right Shoulder",
            "x": 58.61,
            "y": 24.71
        },
        "12": {
            "name": "Right Elbow",
            "x": 57.11,
            "y": 36.78
        },
        "13": {
            "name": "Right Wrist",
            "x": 60.28,
            "y": 44.81
        },
        "14": {
            "name": "Left Shoulder",
            "x": 53.07,
            "y": 20.27
        },
        "15": {
            "name": "Left Elbow",
            "x": 47.98,
            "y": 29.68
        },
        "16": {
            "name": "Left Wrist",
            "x": 50.14,
            "y": 38.74
        }
    },
    "keypoint_3d": {
        "0": {
            "name": "Center of Hips",
            "x": 0.0,
            "y": 0.0,
            "z": 0.5659295320510864
        },
        "1": {
            "name": "Left Hip",
            "x": 0.06916174292564392,
            "y": 0.06643587350845337,
            "z": 0.5864205360412598
        },
        "2": {
            "name": "Left Knee",
            "x": -0.13646547496318817,
            "y": 0.19380581378936768,
            "z": 0.2905494272708893
        },
        "3": {
            "name": "Left Ankle",
            "x": -0.22398380935192108,
            "y": 0.18067461252212524,
            "z": 0.0
        },
        "4": {
            "name": "Right Hip",
            "x": -0.06997159123420715,
            "y": -0.07524167001247406,
            "z": 0.5337930917739868
        },
        "5": {
            "name": "Right Knee",
            "x": -0.07454071193933487,
            "y": -0.0484064482152462,
            "z": 0.2454523891210556
        },
        "6": {
            "name": "Right Ankle",
            "x": 0.21429821848869324,
            "y": -0.2246524840593338,
            "z": 0.18058377504348755
        },
        "7": {
            "name": "Center of Body",
            "x": -0.010196603834629059,
            "y": -0.0048471661284565926,
            "z": 0.7530732154846191
        },
        "8": {
            "name": "Center of Shoulder",
            "x": -0.05877598375082016,
            "y": 0.007950982078909874,
            "z": 0.9289383292198181
        },
        "9": {
            "name": "Neck",
            "x": -0.05185740813612938,
            "y": 0.06141287088394165,
            "z": 0.9608381390571594
        },
        "10": {
            "name": "Head",
            "x": -0.10686175525188446,
            "y": 0.06198907643556595,
            "z": 1.0
        },
        "11": {
            "name": "Right Shoulder",
            "x": -0.13372176885604858,
            "y": -0.025932395830750465,
            "z": 0.8853398561477661
        },
        "12": {
            "name": "Right Elbow",
            "x": -0.1481209546327591,
            "y": -0.11319959163665771,
            "z": 0.6958819031715393
        },
        "13": {
            "name": "Right Wrist",
            "x": -0.17731058597564697,
            "y": -0.022637849673628807,
            "z": 0.5749668478965759
        },
        "14": {
            "name": "Left Shoulder",
            "x": 0.010886408388614655,
            "y": 0.06307804584503174,
            "z": 0.9627333879470825
        },
        "15": {
            "name": "Left Elbow",
            "x": 0.11169508844614029,
            "y": 0.09369628876447678,
            "z": 0.8637853264808655
        },
        "16": {
            "name": "Left Wrist",
            "x": 0.0977398231625557,
            "y": 0.1514514684677124,
            "z": 0.7241057753562927
        }
    }
}