{
    "image_path": "00016/img/13.jpg",
    "shooter_tracklet_id": 8,
    "bbox": {
        "x": 305,
        "y": 307,
        "w": 100,
        "h": 100
    },
    "keypoint_2d": {
        "0": {
            "name": "Center of Hips",
            "x": 48.42,
            "y": 50.29
        },
        "1": {
            "name": "Left Hip",
            "x": 43.34,
            "y": 49.19
        },
        "2": {
            "name": "Left Knee",
            "x": 56.98,
            "y": 67.32
        },
        "3": {
            "name": "Left Ankle",
            "x": 59.02,
            "y": 84.17
        },
        "4": {
            "name": "Right Hip",
            "x": 53.88,
            "y": 51.02
        },
        "5": {
            "name": "Right Knee",
            "x": 63.21,
            "y": 59.82
        },
        "6": {
            "name": "Right Ankle",
            "x": 62.77,
            "y": 68.3
        },
        "7": {
            "name": "Center of Body",
            "x": 48.07,
            "y": 33.04
        },
        "8": {
            "name": "Center of Shoulder",
            "x": 51.61,
            "y": 22.23
        },
        "9": {
            "name": "Neck",
            "x": 53.18,
            "y": 20.81
        },
        "10": {
            "name": "Head",
            "x": 56.44,
            "y": 19.02
        },
        "11": {
            "name": "Right Shoulder",
            "x": 56.52,
            "y": 24.03
        },
        "12": {
            "name": "Right Elbow",
            "x": 51.28,
            "y": 34.99
        },
        "13": {
            "name": "Right Wrist",
            "x": 51.07,
            "y": 44.68
        },
        "14": {
            "name": "Left Shoulder",
            "x": 47.44,
            "y": 21.18
        },
        "15": {
            "name": "Left Elbow",
            "x": 43.33,
            "y": 27.08
        },
        "16": {
            "name": "Left Wrist",
            "x": 43.96,
            "y": 41.67
        }
    },
    "keypoint_3d": {
        "0": {
            "name": "Center of Hips",
            "x": 0.0,
            "y": 0.0,
            "z": 0.5670645236968994
        },
        "1": {
            "name": "Left Hip",
            "x": 0.09010948985815048,
            "y": 0.04481673613190651,
            "z": 0.5683717131614685
        },
        "2": {
            "name": "Left Knee",
            "x": -0.08518087863922119,
            "y": 0.1558147370815277,
            "z": 0.28703898191452026
        },
        "3": {
            "name": "Left Ankle",
            "x": -0.16178937256336212,
            "y": 0.10062067955732346,
            "z": 0.0
        },
        "4": {
            "name": "Right Hip",
            "x": -0.0911911204457283,
            "y": -0.055689532309770584,
            "z": 0.5402360558509827
        },
        "5": {
            "name": "Right Knee",
            "x": -0.24780191481113434,
            "y": -0.06365969777107239,
            "z": 0.3403177559375763
        },
        "6": {
            "name": "Right Ankle",
            "x": -0.3310548961162567,
            "y": -0.18336325883865356,
            "z": 0.18143662810325623
        },
        "7": {
            "name": "Center of Body",
            "x": -0.0011910531902685761,
            "y": -0.021414540708065033,
            "z": 0.7627562880516052
        },
        "8": {
            "name": "Center of Shoulder",
            "x": -0.04359837993979454,
            "y": -0.005061780568212271,
            "z": 0.9410954117774963
        },
        "9": {
            "name": "Neck",
            "x": -0.040735695511102676,
            "y": 0.04253043979406357,
            "z": 0.9728701710700989
        },
        "10": {
            "name": "Head",
            "x": -0.09865836054086685,
            "y": 0.022713782265782356,
            "z": 1.0
        },
        "11": {
            "name": "Right Shoulder",
            "x": -0.1203330010175705,
            "y": -0.03937393054366112,
            "z": 0.8981301784515381
        },
        "12": {
            "name": "Right Elbow",
            "x": -0.112912118434906,
            "y": -0.1320791393518448,
            "z": 0.7074300646781921
        },
        "13": {
            "name": "Right Wrist",
            "x": -0.10788633674383163,
            "y": -0.06541939079761505,
            "z": 0.5925028324127197
        },
        "14": {
            "name": "Left Shoulder",
            "x": 0.03450867906212807,
            "y": 0.03472062200307846,
            "z": 0.9780674576759338
        },
        "15": {
            "name": "Left Elbow",
            "x": 0.13890911638736725,
            "y": 0.0767110288143158,
            "z": 0.8895770907402039
        },
        "16": {
            "name": "Left Wrist",
            "x": 0.11688533425331116,
            "y": 0.12085632234811783,
            "z": 0.7050411701202393
        }
    }
}