{
    "image_path": "00016/img/14.jpg",
    "shooter_tracklet_id": 8,
    "bbox": {
        "x": 305,
        "y": 307,
        "w": 100,
        "h": 100
    },
    "keypont_2d": {
        "0": {
            "name": "Center of Hips",
            "x": 42.01,
            "y": 46.98
        },
        "1": {
            "name": "Left Hip",
            "x": 38.69,
            "y": 46.08
        },
        "2": {
            "name": "Left Knee",
            "x": 48.86,
            "y": 65.57
        },
        "3": {
            "name": "Left Ankle",
            "x": 51.52,
            "y": 86.41
        },
        "4": {
            "name": "Right Hip",
            "x": 45.64,
            "y": 47.97
        },
        "5": {
            "name": "Right Knee",
            "x": 57.92,
            "y": 50.55
        },
        "6": {
            "name": "Right Ankle",
            "x": 64.77,
            "y": 58.49
        },
        "7": {
            "name": "Center of Body",
            "x": 39.98,
            "y": 33.93
        },
        "8": {
            "name": "Center of Shoulder",
            "x": 44.65,
            "y": 22.46
        },
        "9": {
            "name": "Neck",
            "x": 46.47,
            "y": 20.71
        },
        "10": {
            "name": "Head",
            "x": 49.72,
            "y": 19.25
        },
        "11": {
            "name": "Right Shoulder",
            "x": 48.99,
            "y": 23.79
        },
        "12": {
            "name": "Right Elbow",
            "x": 46.96,
            "y": 35.48
        },
        "13": {
            "name": "Right Wrist",
            "x": 49.96,
            "y": 47.65
        },
        "14": {
            "name": "Left Shoulder",
            "x": 39.98,
            "y": 21.84
        },
        "15": {
            "name": "Left Elbow",
            "x": 36.09,
            "y": 32.31
        },
        "16": {
            "name": "Left Wrist",
            "x": 37.71,
            "y": 43.19
        }
    },
    "keypont_3d": {
        "0": {
            "name": "Center of Hips",
            "x": 0.0,
            "y": 0.0,
            "z": 0.5728781223297119
        },
        "1": {
            "name": "Left Hip",
            "x": 0.08541956543922424,
            "y": 0.05015907809138298,
            "z": 0.5806791186332703
        },
        "2": {
            "name": "Left Knee",
            "x": -0.042982067912817,
            "y": 0.19719229638576508,
            "z": 0.3019609749317169
        },
        "3": {
            "name": "Left Ankle",
            "x": -0.09750740975141525,
            "y": 0.17945948243141174,
            "z": 0.0
        },
        "4": {
            "name": "Right Hip",
            "x": -0.08339835703372955,
            "y": -0.053405825048685074,
            "z": 0.5524492263793945
        },
        "5": {
            "name": "Right Knee",
            "x": -0.2888506054878235,
            "y": -0.02845088765025139,
            "z": 0.4576762616634369
        },
        "6": {
            "name": "Right Ankle",
            "x": -0.3948061764240265,
            "y": -0.09784650802612305,
            "z": 0.2921786308288574
        },
        "7": {
            "name": "Center of Body",
            "x": 0.02645178698003292,
            "y": -0.03237682953476906,
            "z": 0.7561527490615845
        },
        "8": {
            "name": "Center of Shoulder",
            "x": -0.014392624609172344,
            "y": 0.016251010820269585,
            "z": 0.9323467016220093
        },
        "9": {
            "name": "Neck",
            "x": -0.024104483425617218,
            "y": 0.061916038393974304,
            "z": 0.9646249413490295
        },
        "10": {
            "name": "Head",
            "x": -0.07455653697252274,
            "y": 0.05906689539551735,
            "z": 1.0
        },
        "11": {
            "name": "Right Shoulder",
            "x": -0.10173498839139938,
            "y": -0.01901022344827652,
            "z": 0.8990809321403503
        },
        "12": {
            "name": "Right Elbow",
            "x": -0.11596167087554932,
            "y": -0.10696031898260117,
            "z": 0.7074599266052246
        },
        "13": {
            "name": "Right Wrist",
            "x": -0.14482666552066803,
            "y": -0.07951744645833969,
            "z": 0.5490579009056091
        },
        "14": {
            "name": "Left Shoulder",
            "x": 0.06893953680992126,
            "y": 0.03876550868153572,
            "z": 0.9570848345756531
        },
        "15": {
            "name": "Left Elbow",
            "x": 0.17236965894699097,
            "y": 0.09802518784999847,
            "z": 0.8320698738098145
        },
        "16": {
            "name": "Left Wrist",
            "x": 0.14338518679141998,
            "y": 0.12351469695568085,
            "z": 0.6569328308105469
        }
    }
}