{
    "image_path": "00016/img/15.jpg",
    "shooter_tracklet_id": 8,
    "bbox": {
        "x": 301,
        "y": 304,
        "w": 100,
        "h": 100
    },
    "keypont_2d": {
        "0": {
            "name": "Center of Hips",
            "x": 36.64,
            "y": 48.31
        },
        "1": {
            "name": "Left Hip",
            "x": 30.33,
            "y": 48.43
        },
        "2": {
            "name": "Left Knee",
            "x": 43.94,
            "y": 68.92
        },
        "3": {
            "name": "Left Ankle",
            "x": 46.1,
            "y": 89.12
        },
        "4": {
            "name": "Right Hip",
            "x": 42.66,
            "y": 48.14
        },
        "5": {
            "name": "Right Knee",
            "x": 57.96,
            "y": 57.79
        },
        "6": {
            "name": "Right Ankle",
            "x": 70.29,
            "y": 66.47
        },
        "7": {
            "name": "Center of Body",
            "x": 37.03,
            "y": 38.81
        },
        "8": {
            "name": "Center of Shoulder",
            "x": 42.37,
            "y": 28.9
        },
        "9": {
            "name": "Neck",
            "x": 42.91,
            "y": 26.46
        },
        "10": {
            "name": "Head",
            "x": 47.88,
            "y": 23.55
        },
        "11": {
            "name": "Right Shoulder",
            "x": 43.89,
            "y": 30.3
        },
        "12": {
            "name": "Right Elbow",
            "x": 41.64,
            "y": 38.31
        },
        "13": {
            "name": "Right Wrist",
            "x": 45.65,
            "y": 50.94
        },
        "14": {
            "name": "Left Shoulder",
            "x": 40.92,
            "y": 27.34
        },
        "15": {
            "name": "Left Elbow",
            "x": 48.17,
            "y": 28.56
        },
        "16": {
            "name": "Left Wrist",
            "x": 60.59,
            "y": 27.81
        }
    },
    "keypont_3d": {
        "0": {
            "name": "Center of Hips",
            "x": 0.0,
            "y": 0.0,
            "z": 0.5959388613700867
        },
        "1": {
            "name": "Left Hip",
            "x": 0.1076880544424057,
            "y": 0.03719586133956909,
            "z": 0.599041223526001
        },
        "2": {
            "name": "Left Knee",
            "x": -0.014256933704018593,
            "y": 0.2354065626859665,
            "z": 0.32864394783973694
        },
        "3": {
            "name": "Left Ankle",
            "x": -0.04375556483864784,
            "y": 0.27183040976524353,
            "z": 0.0
        },
        "4": {
            "name": "Right Hip",
            "x": -0.09025043249130249,
            "y": -0.040234338492155075,
            "z": 0.5868647694587708
        },
        "5": {
            "name": "Right Knee",
            "x": -0.30866795778274536,
            "y": 0.04192391410470009,
            "z": 0.4685414731502533
        },
        "6": {
            "name": "Right Ankle",
            "x": -0.47782787680625916,
            "y": 0.010657732374966145,
            "z": 0.35219845175743103
        },
        "7": {
            "name": "Center of Body",
            "x": 0.03943284973502159,
            "y": 0.023428425192832947,
            "z": 0.7608890533447266
        },
        "8": {
            "name": "Center of Shoulder",
            "x": -0.013476536609232426,
            "y": 0.09843244403600693,
            "z": 0.919517993927002
        },
        "9": {
            "name": "Neck",
            "x": -0.014979999512434006,
            "y": 0.12891627848148346,
            "z": 0.9528708457946777
        },
        "10": {
            "name": "Head",
            "x": -0.07894998788833618,
            "y": 0.1450435072183609,
            "z": 1.0
        },
        "11": {
            "name": "Right Shoulder",
            "x": -0.07247629016637802,
            "y": 0.05660824850201607,
            "z": 0.8726601600646973
        },
        "12": {
            "name": "Right Elbow",
            "x": -0.10221417248249054,
            "y": -0.06217363476753235,
            "z": 0.7290313839912415
        },
        "13": {
            "name": "Right Wrist",
            "x": -0.14823491871356964,
            "y": -0.01790177822113037,
            "z": 0.5598260164260864
        },
        "14": {
            "name": "Left Shoulder",
            "x": 0.04022825509309769,
            "y": 0.13681240379810333,
            "z": 0.9465799927711487
        },
        "15": {
            "name": "Left Elbow",
            "x": -0.008101056329905987,
            "y": 0.27190953493118286,
            "z": 0.9431808590888977
        },
        "16": {
            "name": "Left Wrist",
            "x": -0.13006694614887238,
            "y": 0.3411758542060852,
            "z": 0.9169027209281921
        }
    }
}