{
    "image_path": "00016/img/16.jpg",
    "shooter_tracklet_id": 8,
    "bbox": {
        "x": 297,
        "y": 305,
        "w": 100,
        "h": 100
    },
    "keypont_2d": {
        "0": {
            "name": "Center of Hips",
            "x": 30.58,
            "y": 50.07
        },
        "1": {
            "name": "Left Hip",
            "x": 24.53,
            "y": 50.72
        },
        "2": {
            "name": "Left Knee",
            "x": 34.46,
            "y": 72.42
        },
        "3": {
            "name": "Left Ankle",
            "x": 36.26,
            "y": 93.16
        },
        "4": {
            "name": "Right Hip",
            "x": 35.8,
            "y": 49.96
        },
        "5": {
            "name": "Right Knee",
            "x": 51.55,
            "y": 58.75
        },
        "6": {
            "name": "Right Ankle",
            "x": 66.43,
            "y": 62.51
        },
        "7": {
            "name": "Center of Body",
            "x": 34.97,
            "y": 38.93
        },
        "8": {
            "name": "Center of Shoulder",
            "x": 38.45,
            "y": 32.18
        },
        "9": {
            "name": "Neck",
            "x": 39.21,
            "y": 30.69
        },
        "10": {
            "name": "Head",
            "x": 42.7,
            "y": 28.75
        },
        "11": {
            "name": "Right Shoulder",
            "x": 34.04,
            "y": 32.03
        },
        "12": {
            "name": "Right Elbow",
            "x": 30.12,
            "y": 40.45
        },
        "13": {
            "name": "Right Wrist",
            "x": 39.06,
            "y": 44.37
        },
        "14": {
            "name": "Left Shoulder",
            "x": 41.48,
            "y": 32.57
        },
        "15": {
            "name": "Left Elbow",
            "x": 47.21,
            "y": 38.05
        },
        "16": {
            "name": "Left Wrist",
            "x": 57.73,
            "y": 38.44
        }
    },
    "keypont_3d": {
        "0": {
            "name": "Center of Hips",
            "x": 0.0,
            "y": 0.0,
            "z": 0.608126699924469
        },
        "1": {
            "name": "Left Hip",
            "x": 0.1093825027346611,
            "y": 0.034164682030677795,
            "z": 0.6090103387832642
        },
        "2": {
            "name": "Left Knee",
            "x": 0.009493056684732437,
            "y": 0.18685714900493622,
            "z": 0.31571152806282043
        },
        "3": {
            "name": "Left Ankle",
            "x": -0.01183429267257452,
            "y": 0.2171032726764679,
            "z": 0.0
        },
        "4": {
            "name": "Right Hip",
            "x": -0.09267214685678482,
            "y": -0.050693705677986145,
            "z": 0.5994024276733398
        },
        "5": {
            "name": "Right Knee",
            "x": -0.29556870460510254,
            "y": 0.14015743136405945,
            "z": 0.47401925921440125
        },
        "6": {
            "name": "Right Ankle",
            "x": -0.5354191064834595,
            "y": 0.2721951901912689,
            "z": 0.3701380491256714
        },
        "7": {
            "name": "Center of Body",
            "x": -0.02309921197593212,
            "y": 0.02866811864078045,
            "z": 0.7760741114616394
        },
        "8": {
            "name": "Center of Shoulder",
            "x": -0.04185858741402626,
            "y": 0.12851789593696594,
            "z": 0.922332227230072
        },
        "9": {
            "name": "Neck",
            "x": -0.03846774622797966,
            "y": 0.1631980538368225,
            "z": 0.9439936280250549
        },
        "10": {
            "name": "Head",
            "x": -0.08008304983377457,
            "y": 0.19597381353378296,
            "z": 1.0
        },
        "11": {
            "name": "Right Shoulder",
            "x": -0.04012122005224228,
            "y": 0.04854946583509445,
            "z": 0.8930734992027283
        },
        "12": {
            "name": "Right Elbow",
            "x": -0.0610310360789299,
            "y": -0.09701334685087204,
            "z": 0.7467911839485168
        },
        "13": {
            "name": "Right Wrist",
            "x": -0.14591127634048462,
            "y": -0.018509790301322937,
            "z": 0.6426537036895752
        },
        "14": {
            "name": "Left Shoulder",
            "x": -0.04365817457437515,
            "y": 0.17590084671974182,
            "z": 0.9110145568847656
        },
        "15": {
            "name": "Left Elbow",
            "x": -0.11457239091396332,
            "y": 0.2908765375614166,
            "z": 0.8592932224273682
        },
        "16": {
            "name": "Left Wrist",
            "x": -0.2972719967365265,
            "y": 0.30996787548065186,
            "z": 0.8394941687583923
        }
    }
}