{
    "image_path": "00016/img/17.jpg",
    "shooter_tracklet_id": 8,
    "bbox": {
        "x": 309,
        "y": 299,
        "w": 100,
        "h": 100
    },
    "keypont_2d": {
        "0": {
            "name": "Center of Hips",
            "x": 30.39,
            "y": 36.4
        },
        "1": {
            "name": "Left Hip",
            "x": 33.69,
            "y": 34.53
        },
        "2": {
            "name": "Left Knee",
            "x": 49.73,
            "y": 40.78
        },
        "3": {
            "name": "Left Ankle",
            "x": 64.14,
            "y": 45.41
        },
        "4": {
            "name": "Right Hip",
            "x": 25.44,
            "y": 39.97
        },
        "5": {
            "name": "Right Knee",
            "x": 34.14,
            "y": 58.28
        },
        "6": {
            "name": "Right Ankle",
            "x": 34.59,
            "y": 80.66
        },
        "7": {
            "name": "Center of Body",
            "x": 34.32,
            "y": 26.09
        },
        "8": {
            "name": "Center of Shoulder",
            "x": 37.34,
            "y": 18.42
        },
        "9": {
            "name": "Neck",
            "x": 37.62,
            "y": 16.98
        },
        "10": {
            "name": "Head",
            "x": 42.25,
            "y": 14.4
        },
        "11": {
            "name": "Right Shoulder",
            "x": 33.81,
            "y": 18.72
        },
        "12": {
            "name": "Right Elbow",
            "x": 32.33,
            "y": 30.26
        },
        "13": {
            "name": "Right Wrist",
            "x": 37.75,
            "y": 41.69
        },
        "14": {
            "name": "Left Shoulder",
            "x": 40.46,
            "y": 18.32
        },
        "15": {
            "name": "Left Elbow",
            "x": 42.75,
            "y": 27.1
        },
        "16": {
            "name": "Left Wrist",
            "x": 54.6,
            "y": 31.08
        }
    },
    "keypont_3d": {
        "0": {
            "name": "Center of Hips",
            "x": 0.0,
            "y": 0.0,
            "z": 0.6490429639816284
        },
        "1": {
            "name": "Left Hip",
            "x": 0.0027515660040080547,
            "y": 0.08710923790931702,
            "z": 0.7058410048484802
        },
        "2": {
            "name": "Left Knee",
            "x": -0.2833406925201416,
            "y": 0.05827977508306503,
            "z": 0.5872822403907776
        },
        "3": {
            "name": "Left Ankle",
            "x": -0.5058192610740662,
            "y": 0.08077150583267212,
            "z": 0.492687851190567
        },
        "4": {
            "name": "Right Hip",
            "x": 0.040295571088790894,
            "y": -0.07121077924966812,
            "z": 0.5933997631072998
        },
        "5": {
            "name": "Right Knee",
            "x": -0.04681789129972458,
            "y": 0.024633076041936874,
            "z": 0.3281949758529663
        },
        "6": {
            "name": "Right Ankle",
            "x": -0.026093129068613052,
            "y": 0.14283330738544464,
            "z": 0.0
        },
        "7": {
            "name": "Center of Body",
            "x": -0.04375043883919716,
            "y": -0.0027648673858493567,
            "z": 0.8120007514953613
        },
        "8": {
            "name": "Center of Shoulder",
            "x": -0.094469353556633,
            "y": -0.001655545667745173,
            "z": 0.9403606057167053
        },
        "9": {
            "name": "Neck",
            "x": -0.09857682138681412,
            "y": 0.00986679457128048,
            "z": 0.9606301188468933
        },
        "10": {
            "name": "Head",
            "x": -0.1570684015750885,
            "y": 0.018780888989567757,
            "z": 1.0
        },
        "11": {
            "name": "Right Shoulder",
            "x": -0.06317097693681717,
            "y": -0.05214288830757141,
            "z": 0.9142892956733704
        },
        "12": {
            "name": "Right Elbow",
            "x": -0.05879920348525047,
            "y": -0.0881398543715477,
            "z": 0.7260864973068237
        },
        "13": {
            "name": "Right Wrist",
            "x": -0.1334659308195114,
            "y": -0.03446362540125847,
            "z": 0.574307382106781
        },
        "14": {
            "name": "Left Shoulder",
            "x": -0.12441091239452362,
            "y": 0.046397846192121506,
            "z": 0.9385025501251221
        },
        "15": {
            "name": "Left Elbow",
            "x": -0.11017031222581863,
            "y": 0.14806155860424042,
            "z": 0.8206552863121033
        },
        "16": {
            "name": "Left Wrist",
            "x": -0.2661432921886444,
            "y": 0.22956927120685577,
            "z": 0.7720432877540588
        }
    }
}