{
    "image_path": "00016/img/18.jpg",
    "shooter_tracklet_id": 8,
    "bbox": {
        "x": 313,
        "y": 289,
        "w": 100,
        "h": 100
    },
    "keypont_2d": {
        "0": {
            "name": "Center of Hips",
            "x": 34.72,
            "y": 33.86
        },
        "1": {
            "name": "Left Hip",
            "x": 31.18,
            "y": 35.88
        },
        "2": {
            "name": "Left Knee",
            "x": 35.570000000000014,
            "y": 59.01
        },
        "3": {
            "name": "Left Ankle",
            "x": 38.1,
            "y": 80.33
        },
        "4": {
            "name": "Right Hip",
            "x": 38.23,
            "y": 32.23
        },
        "5": {
            "name": "Right Knee",
            "x": 50.41,
            "y": 31.99
        },
        "6": {
            "name": "Right Ankle",
            "x": 63.24,
            "y": 42.11
        },
        "7": {
            "name": "Center of Body",
            "x": 37.49,
            "y": 24.33
        },
        "8": {
            "name": "Center of Shoulder",
            "x": 39.64,
            "y": 16.78
        },
        "9": {
            "name": "Neck",
            "x": 40.61,
            "y": 15.3
        },
        "10": {
            "name": "Head",
            "x": 44.64,
            "y": 12.47
        },
        "11": {
            "name": "Right Shoulder",
            "x": 36.89,
            "y": 17.95
        },
        "12": {
            "name": "Right Elbow",
            "x": 34.8,
            "y": 30.46
        },
        "13": {
            "name": "Right Wrist",
            "x": 42.88,
            "y": 40.76
        },
        "14": {
            "name": "Left Shoulder",
            "x": 41.57,
            "y": 16.24
        },
        "15": {
            "name": "Left Elbow",
            "x": 47.59,
            "y": 28.14
        },
        "16": {
            "name": "Left Wrist",
            "x": 58.09,
            "y": 29.12
        }
    },
    "keypont_3d": {
        "0": {
            "name": "Center of Hips",
            "x": 0.0,
            "y": 0.0,
            "z": 0.639907717704773
        },
        "1": {
            "name": "Left Hip",
            "x": 0.0800580233335495,
            "y": 0.07543794810771942,
            "z": 0.6371729969978333
        },
        "2": {
            "name": "Left Knee",
            "x": 0.0038070823065936565,
            "y": 0.11368688195943832,
            "z": 0.3331320285797119
        },
        "3": {
            "name": "Left Ankle",
            "x": 0.03818273916840553,
            "y": 0.13201114535331726,
            "z": 0.0
        },
        "4": {
            "name": "Right Hip",
            "x": -0.06933749467134476,
            "y": -0.0686698704957962,
            "z": 0.6589922904968262
        },
        "5": {
            "name": "Right Knee",
            "x": -0.28882259130477905,
            "y": -0.0546126589179039,
            "z": 0.633162796497345
        },
        "6": {
            "name": "Right Ankle",
            "x": -0.467302531003952,
            "y": 0.06235417723655701,
            "z": 0.4917663633823395
        },
        "7": {
            "name": "Center of Body",
            "x": -0.008851948194205761,
            "y": 0.04359619319438934,
            "z": 0.7965225577354431
        },
        "8": {
            "name": "Center of Shoulder",
            "x": -0.027004210278391838,
            "y": 0.09834270179271698,
            "z": 0.9429917931556702
        },
        "9": {
            "name": "Neck",
            "x": -0.032327890396118164,
            "y": 0.12750062346458435,
            "z": 0.963916540145874
        },
        "10": {
            "name": "Head",
            "x": -0.07889095693826675,
            "y": 0.15658289194107056,
            "z": 1.0
        },
        "11": {
            "name": "Right Shoulder",
            "x": -0.02182350680232048,
            "y": 0.017849333584308624,
            "z": 0.9057187438011169
        },
        "12": {
            "name": "Right Elbow",
            "x": -0.023787150159478188,
            "y": -0.048569124191999435,
            "z": 0.7071544528007507
        },
        "13": {
            "name": "Right Wrist",
            "x": -0.12606970965862274,
            "y": -0.002515707863494754,
            "z": 0.546366274356842
        },
        "14": {
            "name": "Left Shoulder",
            "x": -0.0448482483625412,
            "y": 0.1403917521238327,
            "z": 0.9334578514099121
        },
        "15": {
            "name": "Left Elbow",
            "x": -0.10154817998409271,
            "y": 0.20201683044433594,
            "z": 0.7814857363700867
        },
        "16": {
            "name": "Left Wrist",
            "x": -0.26360175013542175,
            "y": 0.24101878702640533,
            "z": 0.7488337755203247
        }
    }
}