{
    "image_path": "00016/img/19.jpg",
    "shooter_tracklet_id": 8,
    "bbox": {
        "x": 307,
        "y": 282,
        "w": 100,
        "h": 100
    },
    "keypoint_2d": {
        "0": {
            "name": "Center of Hips",
            "x": 35.78,
            "y": 42.5
        },
        "1": {
            "name": "Left Hip",
            "x": 41.02,
            "y": 40.53
        },
        "2": {
            "name": "Left Knee",
            "x": 50.66,
            "y": 37.98
        },
        "3": {
            "name": "Left Ankle",
            "x": 58.36,
            "y": 49.75
        },
        "4": {
            "name": "Right Hip",
            "x": 29.68,
            "y": 44.21
        },
        "5": {
            "name": "Right Knee",
            "x": 38.17,
            "y": 64.96
        },
        "6": {
            "name": "Right Ankle",
            "x": 38.37,
            "y": 84.26
        },
        "7": {
            "name": "Center of Body",
            "x": 37.9,
            "y": 33.2
        },
        "8": {
            "name": "Center of Shoulder",
            "x": 42.54,
            "y": 21.68
        },
        "9": {
            "name": "Neck",
            "x": 42.84,
            "y": 20.34
        },
        "10": {
            "name": "Head",
            "x": 46.65,
            "y": 16.03
        },
        "11": {
            "name": "Right Shoulder",
            "x": 40.01,
            "y": 23.11
        },
        "12": {
            "name": "Right Elbow",
            "x": 38.88,
            "y": 39.32
        },
        "13": {
            "name": "Right Wrist",
            "x": 42.04,
            "y": 50.26
        },
        "14": {
            "name": "Left Shoulder",
            "x": 44.97,
            "y": 20.37
        },
        "15": {
            "name": "Left Elbow",
            "x": 49.09,
            "y": 34.98
        },
        "16": {
            "name": "Left Wrist",
            "x": 55.6,
            "y": 38.77
        }
    },
    "keypoint_3d": {
        "0": {
            "name": "Center of Hips",
            "x": 0.0,
            "y": 0.0,
            "z": 0.614640474319458
        },
        "1": {
            "name": "Left Hip",
            "x": -0.037081532180309296,
            "y": 0.082105353474617,
            "z": 0.649000883102417
        },
        "2": {
            "name": "Left Knee",
            "x": -0.27376610040664673,
            "y": -0.07183583080768585,
            "z": 0.6289381980895996
        },
        "3": {
            "name": "Left Ankle",
            "x": -0.4315180480480194,
            "y": -0.08162624388933182,
            "z": 0.4442858099937439
        },
        "4": {
            "name": "Right Hip",
            "x": 0.06164386123418808,
            "y": -0.06631011515855789,
            "z": 0.5718277096748352
        },
        "5": {
            "name": "Right Knee",
            "x": -0.025042178109288216,
            "y": 0.03301643207669258,
            "z": 0.28355297446250916
        },
        "6": {
            "name": "Right Ankle",
            "x": 0.002698492957279086,
            "y": 0.12563534080982208,
            "z": 0.0
        },
        "7": {
            "name": "Center of Body",
            "x": -0.010373720899224281,
            "y": 0.023866331204771996,
            "z": 0.7726849317550659
        },
        "8": {
            "name": "Center of Shoulder",
            "x": -0.07154407352209091,
            "y": 0.032230596989393234,
            "z": 0.9229797124862671
        },
        "9": {
            "name": "Neck",
            "x": -0.07257716357707977,
            "y": 0.043960146605968475,
            "z": 0.9473772048950195
        },
        "10": {
            "name": "Head",
            "x": -0.12241894006729126,
            "y": 0.062096498906612396,
            "z": 1.0
        },
        "11": {
            "name": "Right Shoulder",
            "x": -0.04078076779842377,
            "y": -0.008395757526159286,
            "z": 0.8889172673225403
        },
        "12": {
            "name": "Right Elbow",
            "x": -0.019697636365890503,
            "y": 0.01726049929857254,
            "z": 0.6820516586303711
        },
        "13": {
            "name": "Right Wrist",
            "x": -0.06461407989263535,
            "y": 0.06985536962747574,
            "z": 0.5138763785362244
        },
        "14": {
            "name": "Left Shoulder",
            "x": -0.08732642233371735,
            "y": 0.0876106545329094,
            "z": 0.9460704326629639
        },
        "15": {
            "name": "Left Elbow",
            "x": -0.13359424471855164,
            "y": 0.1459435373544693,
            "z": 0.7381094098091125
        },
        "16": {
            "name": "Left Wrist",
            "x": -0.2712717354297638,
            "y": 0.12212879210710526,
            "z": 0.6738166809082031
        }
    }
}