{
    "image_path": "00016/img/20.jpg",
    "shooter_tracklet_id": 8,
    "bbox": {
        "x": 306,
        "y": 278,
        "w": 100,
        "h": 100
    },
    "keypont_2d": {
        "0": {
            "name": "Center of Hips",
            "x": 32.48,
            "y": 47.95
        },
        "1": {
            "name": "Left Hip",
            "x": 26.39,
            "y": 47.0
        },
        "2": {
            "name": "Left Knee",
            "x": 33.43,
            "y": 70.55
        },
        "3": {
            "name": "Left Ankle",
            "x": 36.29,
            "y": 88.77
        },
        "4": {
            "name": "Right Hip",
            "x": 38.59,
            "y": 48.59
        },
        "5": {
            "name": "Right Knee",
            "x": 50.15,
            "y": 38.88
        },
        "6": {
            "name": "Right Ankle",
            "x": 52.82,
            "y": 54.23
        },
        "7": {
            "name": "Center of Body",
            "x": 34.84,
            "y": 35.18
        },
        "8": {
            "name": "Center of Shoulder",
            "x": 38.84,
            "y": 24.92
        },
        "9": {
            "name": "Neck",
            "x": 39.35,
            "y": 22.79
        },
        "10": {
            "name": "Head",
            "x": 42.1,
            "y": 18.99
        },
        "11": {
            "name": "Right Shoulder",
            "x": 42.83,
            "y": 27.9
        },
        "12": {
            "name": "Right Elbow",
            "x": 39.69,
            "y": 41.35
        },
        "13": {
            "name": "Right Wrist",
            "x": 43.62,
            "y": 54.47
        },
        "14": {
            "name": "Left Shoulder",
            "x": 35.59,
            "y": 23.4
        },
        "15": {
            "name": "Left Elbow",
            "x": 25.59,
            "y": 35.21
        },
        "16": {
            "name": "Left Wrist",
            "x": 26.32,
            "y": 42.69
        }
    },
    "keypont_3d": {
        "0": {
            "name": "Center of Hips",
            "x": 0.0,
            "y": 0.0,
            "z": 0.5870288014411926
        },
        "1": {
            "name": "Left Hip",
            "x": 0.07935924082994461,
            "y": 0.042385686188936234,
            "z": 0.5957797765731812
        },
        "2": {
            "name": "Left Knee",
            "x": 0.01619943417608738,
            "y": 0.10439291596412659,
            "z": 0.2730390727519989
        },
        "3": {
            "name": "Left Ankle",
            "x": -0.021450100466609,
            "y": 0.11729501932859421,
            "z": 0.0
        },
        "4": {
            "name": "Right Hip",
            "x": -0.10057605803012848,
            "y": -0.06389627605676651,
            "z": 0.5582238435745239
        },
        "5": {
            "name": "Right Knee",
            "x": -0.2998051047325134,
            "y": -0.08148052543401718,
            "z": 0.5584036707878113
        },
        "6": {
            "name": "Right Ankle",
            "x": -0.4085903465747833,
            "y": -0.12099941819906235,
            "z": 0.41163724660873413
        },
        "7": {
            "name": "Center of Body",
            "x": -0.03142295032739639,
            "y": -0.006716801319271326,
            "z": 0.7554925084114075
        },
        "8": {
            "name": "Center of Shoulder",
            "x": -0.06830357760190964,
            "y": 0.042275093495845795,
            "z": 0.9064937233924866
        },
        "9": {
            "name": "Neck",
            "x": -0.05335139483213425,
            "y": 0.08865780383348465,
            "z": 0.9403353333473206
        },
        "10": {
            "name": "Head",
            "x": -0.08473559468984604,
            "y": 0.1194741278886795,
            "z": 1.0
        },
        "11": {
            "name": "Right Shoulder",
            "x": -0.1233554482460022,
            "y": -0.005130871664732695,
            "z": 0.8510467410087585
        },
        "12": {
            "name": "Right Elbow",
            "x": -0.14240117371082306,
            "y": -0.06556794792413712,
            "z": 0.6606540679931641
        },
        "13": {
            "name": "Right Wrist",
            "x": -0.1772192269563675,
            "y": -0.034543726593256,
            "z": 0.47573617100715637
        },
        "14": {
            "name": "Left Shoulder",
            "x": -0.02612014301121235,
            "y": 0.05681057274341583,
            "z": 0.9332982301712036
        },
        "15": {
            "name": "Left Elbow",
            "x": 0.13693290948867798,
            "y": 0.06830235570669174,
            "z": 0.7819557785987854
        },
        "16": {
            "name": "Left Wrist",
            "x": 0.16739659011363983,
            "y": 0.16650159657001495,
            "z": 0.6942120790481567
        }
    }
}