{
    "image_path": "00014/img/1.jpg",
    "shooter_tracklet_id": 12,
    "bbox": {
        "x": 351,
        "y": 551,
        "w": 100,
        "h": 100
    },
    "keypoint_2d": {
        "0": {
            "name": "Center of Hips",
            "x": 47.93,
            "y": 47.97
        },
        "1": {
            "name": "Left Hip",
            "x": 49.33,
            "y": 48.95
        },
        "2": {
            "name": "Left Knee",
            "x": 55.53,
            "y": 65.89
        },
        "3": {
            "name": "Left Ankle",
            "x": 41.03,
            "y": 73.99
        },
        "4": {
            "name": "Right Hip",
            "x": 46.13,
            "y": 48.82
        },
        "5": {
            "name": "Right Knee",
            "x": 51.91,
            "y": 66.94
        },
        "6": {
            "name": "Right Ankle",
            "x": 48.43,
            "y": 79.93
        },
        "7": {
            "name": "Center of Body",
            "x": 51.06,
            "y": 37.97
        },
        "8": {
            "name": "Center of Shoulder",
            "x": 58.46,
            "y": 26.4
        },
        "9": {
            "name": "Neck",
            "x": 59.71,
            "y": 24.95
        },
        "10": {
            "name": "Head",
            "x": 63.4,
            "y": 22.5
        },
        "11": {
            "name": "Right Shoulder",
            "x": 60.82,
            "y": 28.7
        },
        "12": {
            "name": "Right Elbow",
            "x": 58.45,
            "y": 38.82
        },
        "13": {
            "name": "Right Wrist",
            "x": 63.66,
            "y": 46.93
        },
        "14": {
            "name": "Left Shoulder",
            "x": 55.44,
            "y": 24.92
        },
        "15": {
            "name": "Left Elbow",
            "x": 51.13,
            "y": 30.96
        },
        "16": {
            "name": "Left Wrist",
            "x": 54.82,
            "y": 36.13
        }
    },
    "keypoint_3d": {
        "0": {
            "name": "Center of Hips",
            "x": 0.0,
            "y": 0.0,
            "z": 0.5677788853645325
        },
        "1": {
            "name": "Left Hip",
            "x": 0.017478425055742264,
            "y": 0.08301779627799988,
            "z": 0.5704505443572998
        },
        "2": {
            "name": "Left Knee",
            "x": -0.08560941368341446,
            "y": 0.11044273525476456,
            "z": 0.2894892692565918
        },
        "3": {
            "name": "Left Ankle",
            "x": 0.11179237067699432,
            "y": -0.06254976242780685,
            "z": 0.10686611384153366
        },
        "4": {
            "name": "Right Hip",
            "x": -0.001437669387087226,
            "y": -0.09585417807102203,
            "z": 0.5427177548408508
        },
        "5": {
            "name": "Right Knee",
            "x": -0.08468521386384964,
            "y": -0.03179808706045151,
            "z": 0.25398963689804077
        },
        "6": {
            "name": "Right Ankle",
            "x": -0.056321706622838974,
            "y": -0.09119080752134323,
            "z": 0.0
        },
        "7": {
            "name": "Center of Body",
            "x": -0.03156639263033867,
            "y": 0.004368002060800791,
            "z": 0.7487982511520386
        },
        "8": {
            "name": "Center of Shoulder",
            "x": -0.12479423731565475,
            "y": 0.05548517405986786,
            "z": 0.9226270318031311
        },
        "9": {
            "name": "Neck",
            "x": -0.1491149663925171,
            "y": 0.07136046141386032,
            "z": 0.9536201357841492
        },
        "10": {
            "name": "Head",
            "x": -0.19857560098171234,
            "y": 0.08224960416555405,
            "z": 1.0
        },
        "11": {
            "name": "Right Shoulder",
            "x": -0.18144136667251587,
            "y": 0.01985076628625393,
            "z": 0.8807026147842407
        },
        "12": {
            "name": "Right Elbow",
            "x": -0.19500912725925446,
            "y": -0.05315511301159859,
            "z": 0.6906539797782898
        },
        "13": {
            "name": "Right Wrist",
            "x": -0.23916512727737427,
            "y": 0.06263398379087448,
            "z": 0.5863877534866333
        },
        "14": {
            "name": "Left Shoulder",
            "x": -0.043299347162246704,
            "y": 0.12682607769966125,
            "z": 0.9636630415916443
        },
        "15": {
            "name": "Left Elbow",
            "x": 0.08125390857458115,
            "y": 0.20306499302387238,
            "z": 0.9050965309143066
        },
        "16": {
            "name": "Left Wrist",
            "x": 0.02667796052992344,
            "y": 0.2528432607650757,
            "z": 0.8220751881599426
        }
    }
}