{
    "image_path": "00014/img/2.jpg",
    "shooter_tracklet_id": 12,
    "bbox": {
        "x": 348,
        "y": 547,
        "w": 100,
        "h": 100
    },
    "keypont_2d": {
        "0": {
            "name": "Center of Hips",
            "x": 48.82,
            "y": 50.02
        },
        "1": {
            "name": "Left Hip",
            "x": 53.44,
            "y": 55.83
        },
        "2": {
            "name": "Left Knee",
            "x": 51.47,
            "y": 69.2
        },
        "3": {
            "name": "Left Ankle",
            "x": 43.5,
            "y": 82.7
        },
        "4": {
            "name": "Right Hip",
            "x": 57.36,
            "y": 52.15
        },
        "5": {
            "name": "Right Knee",
            "x": 65.09,
            "y": 63.8
        },
        "6": {
            "name": "Right Ankle",
            "x": 52.09,
            "y": 74.23
        },
        "7": {
            "name": "Center of Body",
            "x": 55.1,
            "y": 41.0
        },
        "8": {
            "name": "Center of Shoulder",
            "x": 62.91,
            "y": 29.94
        },
        "9": {
            "name": "Neck",
            "x": 65.09,
            "y": 28.47
        },
        "10": {
            "name": "Head",
            "x": 67.42,
            "y": 25.94
        },
        "11": {
            "name": "Right Shoulder",
            "x": 60.31,
            "y": 28.47
        },
        "12": {
            "name": "Right Elbow",
            "x": 53.07,
            "y": 32.88
        },
        "13": {
            "name": "Right Wrist",
            "x": 46.44,
            "y": 33.25
        },
        "14": {
            "name": "Left Shoulder",
            "x": 65.45,
            "y": 31.69
        },
        "15": {
            "name": "Left Elbow",
            "x": 67.91,
            "y": 41.47
        },
        "16": {
            "name": "Left Wrist",
            "x": 75.52,
            "y": 42.09
        }
    },
    "keypont_3d": {
        "0": {
            "name": "Center of Hips",
            "x": 0.0,
            "y": 0.0,
            "z": 0.5496484637260437
        },
        "1": {
            "name": "Left Hip",
            "x": 0.041438423097133636,
            "y": 0.09825471043586731,
            "z": 0.5352287888526917
        },
        "2": {
            "name": "Left Knee",
            "x": 0.03642319142818451,
            "y": 0.05670306831598282,
            "z": 0.24074256420135498
        },
        "3": {
            "name": "Left Ankle",
            "x": 0.14729465544223785,
            "y": -0.07646442949771881,
            "z": 0.0
        },
        "4": {
            "name": "Right Hip",
            "x": -0.08232628554105759,
            "y": -0.054006412625312805,
            "z": 0.5390658378601074
        },
        "5": {
            "name": "Right Knee",
            "x": -0.23237545788288116,
            "y": -0.010721573606133461,
            "z": 0.31143563985824585
        },
        "6": {
            "name": "Right Ankle",
            "x": -0.03975992277264595,
            "y": -0.1483791470527649,
            "z": 0.10071324557065964
        },
        "7": {
            "name": "Center of Body",
            "x": -0.024127552285790443,
            "y": 0.0060205343179404736,
            "z": 0.7406331896781921
        },
        "8": {
            "name": "Center of Shoulder",
            "x": -0.11727321892976761,
            "y": 0.06124692037701607,
            "z": 0.9247652292251587
        },
        "9": {
            "name": "Neck",
            "x": -0.15051354467868805,
            "y": 0.08357695490121841,
            "z": 0.9550901055335999
        },
        "10": {
            "name": "Head",
            "x": -0.19144496321678162,
            "y": 0.08470325171947479,
            "z": 1.0
        },
        "11": {
            "name": "Right Shoulder",
            "x": -0.11281678080558777,
            "y": 0.0021200384944677353,
            "z": 0.9245617985725403
        },
        "12": {
            "name": "Right Elbow",
            "x": -0.02643587812781334,
            "y": -0.10239969193935394,
            "z": 0.8659771084785461
        },
        "13": {
            "name": "Right Wrist",
            "x": 0.05453925207257271,
            "y": -0.20251600444316864,
            "z": 0.8294264674186707
        },
        "14": {
            "name": "Left Shoulder",
            "x": -0.09955942630767822,
            "y": 0.16884803771972656,
            "z": 0.926434338092804
        },
        "15": {
            "name": "Left Elbow",
            "x": -0.10073746740818024,
            "y": 0.2755732536315918,
            "z": 0.7858594059944153
        },
        "16": {
            "name": "Left Wrist",
            "x": -0.26496997475624084,
            "y": 0.2969461679458618,
            "z": 0.7444449067115784
        }
    }
}