{
    "image_path": "00014/img/3.jpg",
    "shooter_tracklet_id": 12,
    "bbox": {
        "x": 348,
        "y": 547,
        "w": 100,
        "h": 100
    },
    "keypont_2d": {
        "0": {
            "name": "Center of Hips",
            "x": 51.45,
            "y": 51.03
        },
        "1": {
            "name": "Left Hip",
            "x": 48.01,
            "y": 49.31
        },
        "2": {
            "name": "Left Knee",
            "x": 47.53,
            "y": 66.65
        },
        "3": {
            "name": "Left Ankle",
            "x": 35.46,
            "y": 79.57
        },
        "4": {
            "name": "Right Hip",
            "x": 56.16,
            "y": 51.1
        },
        "5": {
            "name": "Right Knee",
            "x": 67.49,
            "y": 64.9
        },
        "6": {
            "name": "Right Ankle",
            "x": 58.31,
            "y": 73.5
        },
        "7": {
            "name": "Center of Body",
            "x": 55.79,
            "y": 38.66
        },
        "8": {
            "name": "Center of Shoulder",
            "x": 62.76,
            "y": 29.64
        },
        "9": {
            "name": "Neck",
            "x": 63.68,
            "y": 28.3
        },
        "10": {
            "name": "Head",
            "x": 66.21,
            "y": 24.23
        },
        "11": {
            "name": "Right Shoulder",
            "x": 59.53,
            "y": 28.45
        },
        "12": {
            "name": "Right Elbow",
            "x": 47.08,
            "y": 28.45
        },
        "13": {
            "name": "Right Wrist",
            "x": 44.96,
            "y": 36.24
        },
        "14": {
            "name": "Left Shoulder",
            "x": 65.69,
            "y": 31.46
        },
        "15": {
            "name": "Left Elbow",
            "x": 67.23,
            "y": 40.39
        },
        "16": {
            "name": "Left Wrist",
            "x": 75.74,
            "y": 37.65
        }
    },
    "keypont_3d": {
        "0": {
            "name": "Center of Hips",
            "x": 0.0,
            "y": 0.0,
            "z": 0.5604191422462463
        },
        "1": {
            "name": "Left Hip",
            "x": 0.09423264861106873,
            "y": 0.046759866178035736,
            "z": 0.5738503932952881
        },
        "2": {
            "name": "Left Knee",
            "x": 0.096863754093647,
            "y": 0.054917193949222565,
            "z": 0.2616525888442993
        },
        "3": {
            "name": "Left Ankle",
            "x": 0.19923478364944458,
            "y": -0.057824693620204926,
            "z": 0.0
        },
        "4": {
            "name": "Right Hip",
            "x": -0.09098748862743378,
            "y": -0.03616952523589134,
            "z": 0.5370429158210754
        },
        "5": {
            "name": "Right Knee",
            "x": -0.24950994551181793,
            "y": 0.04409564286470413,
            "z": 0.3124207556247711
        },
        "6": {
            "name": "Right Ankle",
            "x": -0.12385129183530807,
            "y": -0.1397199183702469,
            "z": 0.10649382323026657
        },
        "7": {
            "name": "Center of Body",
            "x": -0.04222315922379494,
            "y": 0.007375115528702736,
            "z": 0.7487784624099731
        },
        "8": {
            "name": "Center of Shoulder",
            "x": -0.14147961139678955,
            "y": 0.061324771493673325,
            "z": 0.9145376682281494
        },
        "9": {
            "name": "Neck",
            "x": -0.15548081696033478,
            "y": 0.09489153325557709,
            "z": 0.9384269714355469
        },
        "10": {
            "name": "Head",
            "x": -0.19751287996768951,
            "y": 0.09274017065763474,
            "z": 1.0
        },
        "11": {
            "name": "Right Shoulder",
            "x": -0.1205822303891182,
            "y": -0.009660794399678707,
            "z": 0.916896641254425
        },
        "12": {
            "name": "Right Elbow",
            "x": 0.029985830187797546,
            "y": -0.14835649728775024,
            "z": 0.8774760365486145
        },
        "13": {
            "name": "Right Wrist",
            "x": 0.05723460391163826,
            "y": -0.2416941076517105,
            "z": 0.7784855961799622
        },
        "14": {
            "name": "Left Shoulder",
            "x": -0.15129655599594116,
            "y": 0.16097792983055115,
            "z": 0.9044167995452881
        },
        "15": {
            "name": "Left Elbow",
            "x": -0.14912334084510803,
            "y": 0.2711162865161896,
            "z": 0.7672804594039917
        },
        "16": {
            "name": "Left Wrist",
            "x": -0.2979351282119751,
            "y": 0.30050891637802124,
            "z": 0.7864299416542053
        }
    }
}