{
    "image_path": "00014/img/4.jpg",
    "shooter_tracklet_id": 12,
    "bbox": {
        "x": 347,
        "y": 546,
        "w": 100,
        "h": 100
    },
    "keypoint_2d": {
        "0": {
            "name": "Center of Hips",
            "x": 53.19,
            "y": 49.33
        },
        "1": {
            "name": "Left Hip",
            "x": 49.14,
            "y": 48.59
        },
        "2": {
            "name": "Left Knee",
            "x": 46.07,
            "y": 64.42
        },
        "3": {
            "name": "Left Ankle",
            "x": 33.15,
            "y": 77.55
        },
        "4": {
            "name": "Right Hip",
            "x": 57.12,
            "y": 50.31
        },
        "5": {
            "name": "Right Knee",
            "x": 67.36,
            "y": 61.33
        },
        "6": {
            "name": "Right Ankle",
            "x": 64.39,
            "y": 78.99
        },
        "7": {
            "name": "Center of Body",
            "x": 57.28,
            "y": 37.67
        },
        "8": {
            "name": "Center of Shoulder",
            "x": 62.39,
            "y": 25.89
        },
        "9": {
            "name": "Neck",
            "x": 63.99,
            "y": 24.78
        },
        "10": {
            "name": "Head",
            "x": 66.39,
            "y": 22.6
        },
        "11": {
            "name": "Right Shoulder",
            "x": 58.71,
            "y": 24.78
        },
        "12": {
            "name": "Right Elbow",
            "x": 50.46,
            "y": 28.69
        },
        "13": {
            "name": "Right Wrist",
            "x": 46.09,
            "y": 36.22
        },
        "14": {
            "name": "Left Shoulder",
            "x": 66.44,
            "y": 26.75
        },
        "15": {
            "name": "Left Elbow",
            "x": 67.91,
            "y": 40.37
        },
        "16": {
            "name": "Left Wrist",
            "x": 75.36,
            "y": 35.77
        }
    },
    "keypoint_3d": {
        "0": {
            "name": "Center of Hips",
            "x": 0.0,
            "y": 0.0,
            "z": 0.5424801111221313
        },
        "1": {
            "name": "Left Hip",
            "x": 0.10149482637643814,
            "y": 0.032103653997182846,
            "z": 0.5593354105949402
        },
        "2": {
            "name": "Left Knee",
            "x": 0.15440711379051208,
            "y": 0.03531526401638985,
            "z": 0.25065404176712036
        },
        "3": {
            "name": "Left Ankle",
            "x": 0.33885830640792847,
            "y": -0.05739445239305496,
            "z": 0.0
        },
        "4": {
            "name": "Right Hip",
            "x": -0.08716551214456558,
            "y": -0.03272169083356857,
            "z": 0.5111697912216187
        },
        "5": {
            "name": "Right Knee",
            "x": -0.25887933373451233,
            "y": 0.05757320299744606,
            "z": 0.2965477705001831
        },
        "6": {
            "name": "Right Ankle",
            "x": -0.19505605101585388,
            "y": -0.05279102176427841,
            "z": 0.02559198997914791
        },
        "7": {
            "name": "Center of Body",
            "x": -0.04794826731085777,
            "y": 0.012578416615724564,
            "z": 0.7357474565505981
        },
        "8": {
            "name": "Center of Shoulder",
            "x": -0.1344381719827652,
            "y": 0.05265325307846069,
            "z": 0.9117700457572937
        },
        "9": {
            "name": "Neck",
            "x": -0.14550431072711945,
            "y": 0.08911188691854477,
            "z": 0.9441712498664856
        },
        "10": {
            "name": "Head",
            "x": -0.19104795157909393,
            "y": 0.08113161474466324,
            "z": 1.0
        },
        "11": {
            "name": "Right Shoulder",
            "x": -0.10315513610839844,
            "y": -0.020791495218873024,
            "z": 0.9191974997520447
        },
        "12": {
            "name": "Right Elbow",
            "x": 0.03685924783349037,
            "y": -0.16629093885421753,
            "z": 0.8594131469726562
        },
        "13": {
            "name": "Right Wrist",
            "x": 0.057228442281484604,
            "y": -0.24982433021068573,
            "z": 0.7231938242912292
        },
        "14": {
            "name": "Left Shoulder",
            "x": -0.15956613421440125,
            "y": 0.14819103479385376,
            "z": 0.9057613611221313
        },
        "15": {
            "name": "Left Elbow",
            "x": -0.1578153371810913,
            "y": 0.2527327835559845,
            "z": 0.7341152429580688
        },
        "16": {
            "name": "Left Wrist",
            "x": -0.2956695258617401,
            "y": 0.28352195024490356,
            "z": 0.7966079711914062
        }
    }
}