{
    "image_path": "00014/img/5.jpg",
    "shooter_tracklet_id": 12,
    "bbox": {
        "x": 346,
        "y": 545,
        "w": 100,
        "h": 100
    },
    "keypont_2d": {
        "0": {
            "name": "Center of Hips",
            "x": 52.69,
            "y": 48.74
        },
        "1": {
            "name": "Left Hip",
            "x": 50.99,
            "y": 47.03
        },
        "2": {
            "name": "Left Knee",
            "x": 49.42,
            "y": 65.06
        },
        "3": {
            "name": "Left Ankle",
            "x": 31.4,
            "y": 74.15
        },
        "4": {
            "name": "Right Hip",
            "x": 54.42,
            "y": 50.55
        },
        "5": {
            "name": "Right Knee",
            "x": 65.82,
            "y": 62.94
        },
        "6": {
            "name": "Right Ankle",
            "x": 65.35,
            "y": 80.95
        },
        "7": {
            "name": "Center of Body",
            "x": 58.65,
            "y": 37.44
        },
        "8": {
            "name": "Center of Shoulder",
            "x": 65.4,
            "y": 27.83
        },
        "9": {
            "name": "Neck",
            "x": 65.99,
            "y": 25.55
        },
        "10": {
            "name": "Head",
            "x": 67.51,
            "y": 21.84
        },
        "11": {
            "name": "Right Shoulder",
            "x": 63.06,
            "y": 27.49
        },
        "12": {
            "name": "Right Elbow",
            "x": 51.99,
            "y": 31.28
        },
        "13": {
            "name": "Right Wrist",
            "x": 48.08,
            "y": 38.46
        },
        "14": {
            "name": "Left Shoulder",
            "x": 67.51,
            "y": 28.75
        },
        "15": {
            "name": "Left Elbow",
            "x": 64.21,
            "y": 41.11
        },
        "16": {
            "name": "Left Wrist",
            "x": 68.7,
            "y": 40.29
        }
    },
    "keypont_3d": {
        "0": {
            "name": "Center of Hips",
            "x": 0.0,
            "y": 0.0,
            "z": 0.5587908029556274
        },
        "1": {
            "name": "Left Hip",
            "x": 0.08533017337322235,
            "y": 0.04700950160622597,
            "z": 0.5790292024612427
        },
        "2": {
            "name": "Left Knee",
            "x": 0.13550326228141785,
            "y": 0.0641755685210228,
            "z": 0.28074365854263306
        },
        "3": {
            "name": "Left Ankle",
            "x": 0.37862756848335266,
            "y": -0.049090344458818436,
            "z": 0.06928692758083344
        },
        "4": {
            "name": "Right Hip",
            "x": -0.07113882899284363,
            "y": -0.04480785131454468,
            "z": 0.5226249694824219
        },
        "5": {
            "name": "Right Knee",
            "x": -0.23670385777950287,
            "y": 0.03452509269118309,
            "z": 0.30555516481399536
        },
        "6": {
            "name": "Right Ankle",
            "x": -0.20787163078784943,
            "y": 0.075471431016922,
            "z": 0.0
        },
        "7": {
            "name": "Center of Body",
            "x": -0.06770971417427063,
            "y": 0.015718253329396248,
            "z": 0.7371471524238586
        },
        "8": {
            "name": "Center of Shoulder",
            "x": -0.15407530963420868,
            "y": 0.052291542291641235,
            "z": 0.9084010720252991
        },
        "9": {
            "name": "Neck",
            "x": -0.16157060861587524,
            "y": 0.07661136239767075,
            "z": 0.9484191536903381
        },
        "10": {
            "name": "Head",
            "x": -0.19514983892440796,
            "y": 0.07226777821779251,
            "z": 1.0
        },
        "11": {
            "name": "Right Shoulder",
            "x": -0.13761883974075317,
            "y": -0.00786407571285963,
            "z": 0.9099453091621399
        },
        "12": {
            "name": "Right Elbow",
            "x": 0.006431482266634703,
            "y": -0.13817641139030457,
            "z": 0.8305036425590515
        },
        "13": {
            "name": "Right Wrist",
            "x": 0.03596771880984306,
            "y": -0.2221783697605133,
            "z": 0.7053134441375732
        },
        "14": {
            "name": "Left Shoulder",
            "x": -0.16908474266529083,
            "y": 0.13954351842403412,
            "z": 0.9157184958457947
        },
        "15": {
            "name": "Left Elbow",
            "x": -0.1198308989405632,
            "y": 0.2173665314912796,
            "z": 0.7120615243911743
        },
        "16": {
            "name": "Left Wrist",
            "x": -0.20799925923347473,
            "y": 0.1738884598016739,
            "z": 0.7221435904502869
        }
    }
}