{
    "image_path": "00014/img/6.jpg",
    "shooter_tracklet_id": 12,
    "bbox": {
        "x": 347,
        "y": 545,
        "w": 100,
        "h": 100
    },
    "keypont_2d": {
        "0": {
            "name": "Center of Hips",
            "x": 52.54,
            "y": 48.41
        },
        "1": {
            "name": "Left Hip",
            "x": 50.77,
            "y": 46.81
        },
        "2": {
            "name": "Left Knee",
            "x": 54.33,
            "y": 65.07
        },
        "3": {
            "name": "Left Ankle",
            "x": 35.24,
            "y": 69.0
        },
        "4": {
            "name": "Right Hip",
            "x": 54.73,
            "y": 49.76
        },
        "5": {
            "name": "Right Knee",
            "x": 62.63,
            "y": 65.07
        },
        "6": {
            "name": "Right Ankle",
            "x": 60.89,
            "y": 81.54
        },
        "7": {
            "name": "Center of Body",
            "x": 57.15,
            "y": 35.95
        },
        "8": {
            "name": "Center of Shoulder",
            "x": 63.13,
            "y": 25.64
        },
        "9": {
            "name": "Neck",
            "x": 64.85,
            "y": 24.54
        },
        "10": {
            "name": "Head",
            "x": 67.92,
            "y": 21.86
        },
        "11": {
            "name": "Right Shoulder",
            "x": 60.06,
            "y": 27.12
        },
        "12": {
            "name": "Right Elbow",
            "x": 51.96,
            "y": 37.18
        },
        "13": {
            "name": "Right Wrist",
            "x": 58.65,
            "y": 31.93
        },
        "14": {
            "name": "Left Shoulder",
            "x": 66.57,
            "y": 24.05
        },
        "15": {
            "name": "Left Elbow",
            "x": 62.64,
            "y": 34.97
        },
        "16": {
            "name": "Left Wrist",
            "x": 63.13,
            "y": 43.68
        }
    },
    "keypont_3d": {
        "0": {
            "name": "Center of Hips",
            "x": 0.0,
            "y": 0.0,
            "z": 0.5767735242843628
        },
        "1": {
            "name": "Left Hip",
            "x": 0.07039139419794083,
            "y": 0.05998333916068077,
            "z": 0.6003316044807434
        },
        "2": {
            "name": "Left Knee",
            "x": 0.04577326402068138,
            "y": 0.06393952667713165,
            "z": 0.30085721611976624
        },
        "3": {
            "name": "Left Ankle",
            "x": 0.29894599318504333,
            "y": -0.11084917187690735,
            "z": 0.1866406351327896
        },
        "4": {
            "name": "Right Hip",
            "x": -0.053990986198186874,
            "y": -0.05980934202671051,
            "z": 0.5396625995635986
        },
        "5": {
            "name": "Right Knee",
            "x": -0.18278180062770844,
            "y": 0.03523731231689453,
            "z": 0.2961220145225525
        },
        "6": {
            "name": "Right Ankle",
            "x": -0.16025088727474213,
            "y": 0.07384409755468369,
            "z": 0.0
        },
        "7": {
            "name": "Center of Body",
            "x": -0.06738603860139847,
            "y": 0.009572631679475307,
            "z": 0.7514639496803284
        },
        "8": {
            "name": "Center of Shoulder",
            "x": -0.15444225072860718,
            "y": 0.040435727685689926,
            "z": 0.9173666834831238
        },
        "9": {
            "name": "Neck",
            "x": -0.1795116513967514,
            "y": 0.05093193054199219,
            "z": 0.9494117498397827
        },
        "10": {
            "name": "Head",
            "x": -0.21641097962856293,
            "y": 0.0497664213180542,
            "z": 1.0
        },
        "11": {
            "name": "Right Shoulder",
            "x": -0.14290304481983185,
            "y": -0.022785048931837082,
            "z": 0.8976038098335266
        },
        "12": {
            "name": "Right Elbow",
            "x": -0.012851560488343239,
            "y": -0.1278940886259079,
            "z": 0.7792929410934448
        },
        "13": {
            "name": "Right Wrist",
            "x": -0.027383625507354736,
            "y": 0.012824428267776966,
            "z": 0.8203960657119751
        },
        "14": {
            "name": "Left Shoulder",
            "x": -0.17336143553256989,
            "y": 0.1288161426782608,
            "z": 0.9481236338615417
        },
        "15": {
            "name": "Left Elbow",
            "x": -0.07283710688352585,
            "y": 0.21897435188293457,
            "z": 0.788163959980011
        },
        "16": {
            "name": "Left Wrist",
            "x": -0.13505347073078156,
            "y": 0.2105768471956253,
            "z": 0.7095475792884827
        }
    }
}