{
    "image_path": "00014/img/7.jpg",
    "shooter_tracklet_id": 12,
    "bbox": {
        "x": 346,
        "y": 543,
        "w": 100,
        "h": 100
    },
    "keypoint_2d": {
        "0": {
            "name": "Center of Hips",
            "x": 55.49,
            "y": 46.58
        },
        "1": {
            "name": "Left Hip",
            "x": 58.29,
            "y": 46.23
        },
        "2": {
            "name": "Left Knee",
            "x": 58.99,
            "y": 65.82
        },
        "3": {
            "name": "Left Ankle",
            "x": 53.7,
            "y": 83.81
        },
        "4": {
            "name": "Right Hip",
            "x": 53.92,
            "y": 48.33
        },
        "5": {
            "name": "Right Knee",
            "x": 62.71,
            "y": 66.46
        },
        "6": {
            "name": "Right Ankle",
            "x": 44.83,
            "y": 69.72
        },
        "7": {
            "name": "Center of Body",
            "x": 58.4,
            "y": 35.92
        },
        "8": {
            "name": "Center of Shoulder",
            "x": 64.48,
            "y": 24.39
        },
        "9": {
            "name": "Neck",
            "x": 65.56,
            "y": 23.37
        },
        "10": {
            "name": "Head",
            "x": 69.46,
            "y": 22.45
        },
        "11": {
            "name": "Right Shoulder",
            "x": 63.72,
            "y": 27.37
        },
        "12": {
            "name": "Right Elbow",
            "x": 60.97,
            "y": 35.53
        },
        "13": {
            "name": "Right Wrist",
            "x": 63.01,
            "y": 40.55
        },
        "14": {
            "name": "Left Shoulder",
            "x": 66.78,
            "y": 23.71
        },
        "15": {
            "name": "Left Elbow",
            "x": 63.71,
            "y": 37.3
        },
        "16": {
            "name": "Left Wrist",
            "x": 64.62,
            "y": 44.99
        }
    },
    "keypoint_3d": {
        "0": {
            "name": "Center of Hips",
            "x": 0.0,
            "y": 0.0,
            "z": 0.5889480113983154
        },
        "1": {
            "name": "Left Hip",
            "x": 0.04021447151899338,
            "y": 0.11067336797714233,
            "z": 0.6228545904159546
        },
        "2": {
            "name": "Left Knee",
            "x": 0.0013795857084915042,
            "y": 0.10829353332519531,
            "z": 0.30626967549324036
        },
        "3": {
            "name": "Left Ankle",
            "x": 0.10163211822509766,
            "y": 0.10210598260164261,
            "z": 0.0
        },
        "4": {
            "name": "Right Hip",
            "x": -0.01525472104549408,
            "y": -0.07575083523988724,
            "z": 0.5561596751213074
        },
        "5": {
            "name": "Right Knee",
            "x": -0.1373019963502884,
            "y": 0.003255829680711031,
            "z": 0.2954556345939636
        },
        "6": {
            "name": "Right Ankle",
            "x": 0.07867010682821274,
            "y": -0.10293170064687729,
            "z": 0.11491569876670837
        },
        "7": {
            "name": "Center of Body",
            "x": -0.04015631601214409,
            "y": -0.0005347091937437654,
            "z": 0.7721863985061646
        },
        "8": {
            "name": "Center of Shoulder",
            "x": -0.12256237864494324,
            "y": 0.021876124665141106,
            "z": 0.9416261315345764
        },
        "9": {
            "name": "Neck",
            "x": -0.1560337096452713,
            "y": 0.01595233753323555,
            "z": 0.9618650078773499
        },
        "10": {
            "name": "Head",
            "x": -0.20719502866268158,
            "y": 0.028590762987732887,
            "z": 1.0
        },
        "11": {
            "name": "Right Shoulder",
            "x": -0.12977071106433868,
            "y": -0.03240551799535751,
            "z": 0.9041736125946045
        },
        "12": {
            "name": "Right Elbow",
            "x": -0.09638294577598572,
            "y": -0.09991159290075302,
            "z": 0.7582756280899048
        },
        "13": {
            "name": "Right Wrist",
            "x": -0.0768062174320221,
            "y": 0.06915910542011261,
            "z": 0.7487637996673584
        },
        "14": {
            "name": "Left Shoulder",
            "x": -0.13011880218982697,
            "y": 0.11229024827480316,
            "z": 0.9798100590705872
        },
        "15": {
            "name": "Left Elbow",
            "x": -0.03949284553527832,
            "y": 0.20637096464633942,
            "z": 0.8009507656097412
        },
        "16": {
            "name": "Left Wrist",
            "x": -0.05853801220655441,
            "y": 0.1915409415960312,
            "z": 0.6633284687995911
        }
    }
}