{
    "image_path": "00014/img/8.jpg",
    "shooter_tracklet_id": 12,
    "bbox": {
        "x": 345,
        "y": 543,
        "w": 100,
        "h": 100
    },
    "keypont_2d": {
        "0": {
            "name": "Center of Hips",
            "x": 56.94,
            "y": 49.51
        },
        "1": {
            "name": "Left Hip",
            "x": 60.44,
            "y": 50.24
        },
        "2": {
            "name": "Left Knee",
            "x": 70.04,
            "y": 64.02
        },
        "3": {
            "name": "Left Ankle",
            "x": 58.95,
            "y": 70.67
        },
        "4": {
            "name": "Right Hip",
            "x": 53.74,
            "y": 48.49
        },
        "5": {
            "name": "Right Knee",
            "x": 53.86,
            "y": 65.85
        },
        "6": {
            "name": "Right Ankle",
            "x": 45.24,
            "y": 83.33
        },
        "7": {
            "name": "Center of Body",
            "x": 60.11,
            "y": 38.0
        },
        "8": {
            "name": "Center of Shoulder",
            "x": 65.17,
            "y": 27.38
        },
        "9": {
            "name": "Neck",
            "x": 66.1,
            "y": 25.86
        },
        "10": {
            "name": "Head",
            "x": 68.73,
            "y": 23.68
        },
        "11": {
            "name": "Right Shoulder",
            "x": 61.46,
            "y": 26.54
        },
        "12": {
            "name": "Right Elbow",
            "x": 58.8,
            "y": 38.44
        },
        "13": {
            "name": "Right Wrist",
            "x": 69.67,
            "y": 37.09
        },
        "14": {
            "name": "Left Shoulder",
            "x": 67.43,
            "y": 29.29
        },
        "15": {
            "name": "Left Elbow",
            "x": 65.73,
            "y": 41.92
        },
        "16": {
            "name": "Left Wrist",
            "x": 71.81,
            "y": 44.35
        }
    },
    "keypont_3d": {
        "0": {
            "name": "Center of Hips",
            "x": 0.0,
            "y": 0.0,
            "z": 0.526611328125
        },
        "1": {
            "name": "Left Hip",
            "x": -0.010456615127623081,
            "y": 0.11576848477125168,
            "z": 0.5388314127922058
        },
        "2": {
            "name": "Left Knee",
            "x": -0.14401791989803314,
            "y": 0.124887615442276,
            "z": 0.23686572909355164
        },
        "3": {
            "name": "Left Ankle",
            "x": -0.0188145712018013,
            "y": 0.027195414528250694,
            "z": 0.022586580365896225
        },
        "4": {
            "name": "Right Hip",
            "x": 0.01781647279858589,
            "y": -0.10490699112415314,
            "z": 0.5119779706001282
        },
        "5": {
            "name": "Right Knee",
            "x": -0.040265053510665894,
            "y": -0.10023120045661926,
            "z": 0.1834218055009842
        },
        "6": {
            "name": "Right Ankle",
            "x": 0.2281346619129181,
            "y": -0.1028621718287468,
            "z": 0.0
        },
        "7": {
            "name": "Center of Body",
            "x": -0.04122234135866165,
            "y": 0.001630584243685007,
            "z": 0.7305004596710205
        },
        "8": {
            "name": "Center of Shoulder",
            "x": -0.12412697821855545,
            "y": 0.029511351138353348,
            "z": 0.9224579334259033
        },
        "9": {
            "name": "Neck",
            "x": -0.16310469806194305,
            "y": 0.017787083983421326,
            "z": 0.9515737295150757
        },
        "10": {
            "name": "Head",
            "x": -0.20607925951480865,
            "y": 0.049823958426713943,
            "z": 1.0
        },
        "11": {
            "name": "Right Shoulder",
            "x": -0.11680180579423904,
            "y": -0.04553799331188202,
            "z": 0.903674840927124
        },
        "12": {
            "name": "Right Elbow",
            "x": -0.11104566603899002,
            "y": -0.12821084260940552,
            "z": 0.7152571082115173
        },
        "13": {
            "name": "Right Wrist",
            "x": -0.18474313616752625,
            "y": 0.07247363775968552,
            "z": 0.7238743305206299
        },
        "14": {
            "name": "Left Shoulder",
            "x": -0.12920717895030975,
            "y": 0.14640212059020996,
            "z": 0.9180662631988525
        },
        "15": {
            "name": "Left Elbow",
            "x": -0.05926192179322243,
            "y": 0.22305703163146973,
            "z": 0.7105869054794312
        },
        "16": {
            "name": "Left Wrist",
            "x": -0.1868385523557663,
            "y": 0.18879859149456024,
            "z": 0.6254193782806396
        }
    }
}