{
    "image_path": "00014/img/9.jpg",
    "shooter_tracklet_id": 12,
    "bbox": {
        "x": 345,
        "y": 542,
        "w": 100,
        "h": 100
    },
    "keypont_2d": {
        "0": {
            "name": "Center of Hips",
            "x": 58.3,
            "y": 49.82
        },
        "1": {
            "name": "Left Hip",
            "x": 60.97,
            "y": 50.3
        },
        "2": {
            "name": "Left Knee",
            "x": 72.5,
            "y": 61.63
        },
        "3": {
            "name": "Left Ankle",
            "x": 63.63,
            "y": 75.73
        },
        "4": {
            "name": "Right Hip",
            "x": 54.78,
            "y": 49.48
        },
        "5": {
            "name": "Right Knee",
            "x": 50.97,
            "y": 67.9
        },
        "6": {
            "name": "Right Ankle",
            "x": 38.96,
            "y": 81.34
        },
        "7": {
            "name": "Center of Body",
            "x": 59.83,
            "y": 38.5
        },
        "8": {
            "name": "Center of Shoulder",
            "x": 62.57,
            "y": 27.32
        },
        "9": {
            "name": "Neck",
            "x": 64.41,
            "y": 25.42
        },
        "10": {
            "name": "Head",
            "x": 66.94,
            "y": 23.09
        },
        "11": {
            "name": "Right Shoulder",
            "x": 66.23,
            "y": 30.21
        },
        "12": {
            "name": "Right Elbow",
            "x": 64.2,
            "y": 38.1
        },
        "13": {
            "name": "Right Wrist",
            "x": 73.51,
            "y": 38.51
        },
        "14": {
            "name": "Left Shoulder",
            "x": 59.94,
            "y": 26.21
        },
        "15": {
            "name": "Left Elbow",
            "x": 55.61,
            "y": 34.32
        },
        "16": {
            "name": "Left Wrist",
            "x": 49.84,
            "y": 39.31
        }
    },
    "keypont_3d": {
        "0": {
            "name": "Center of Hips",
            "x": 0.0,
            "y": 0.0,
            "z": 0.5575777888298035
        },
        "1": {
            "name": "Left Hip",
            "x": -0.015599028207361698,
            "y": 0.09757579863071442,
            "z": 0.5616881251335144
        },
        "2": {
            "name": "Left Knee",
            "x": -0.2060471624135971,
            "y": 0.12346991896629333,
            "z": 0.34907448291778564
        },
        "3": {
            "name": "Left Ankle",
            "x": -0.09267635643482208,
            "y": -0.0017988622421398759,
            "z": 0.11478175967931747
        },
        "4": {
            "name": "Right Hip",
            "x": 0.01959558203816414,
            "y": -0.09326666593551636,
            "z": 0.5483251214027405
        },
        "5": {
            "name": "Right Knee",
            "x": 0.07102416455745697,
            "y": -0.05714886635541916,
            "z": 0.2581370770931244
        },
        "6": {
            "name": "Right Ankle",
            "x": 0.2586561441421509,
            "y": -0.00812845304608345,
            "z": 0.0
        },
        "7": {
            "name": "Center of Body",
            "x": -0.024554895237088203,
            "y": 0.002949982648715377,
            "z": 0.7421227693557739
        },
        "8": {
            "name": "Center of Shoulder",
            "x": -0.08146706223487854,
            "y": 0.024710839614272118,
            "z": 0.9189490079879761
        },
        "9": {
            "name": "Neck",
            "x": -0.11418026685714722,
            "y": 0.015960155054926872,
            "z": 0.9471569061279297
        },
        "10": {
            "name": "Head",
            "x": -0.14420638978481293,
            "y": 0.047639064490795135,
            "z": 1.0
        },
        "11": {
            "name": "Right Shoulder",
            "x": -0.1342339664697647,
            "y": -0.00636962428689003,
            "z": 0.8735307455062866
        },
        "12": {
            "name": "Right Elbow",
            "x": -0.15957096219062805,
            "y": -0.09340810030698776,
            "z": 0.728385865688324
        },
        "13": {
            "name": "Right Wrist",
            "x": -0.2574891746044159,
            "y": 0.0518401674926281,
            "z": 0.7372162938117981
        },
        "14": {
            "name": "Left Shoulder",
            "x": -0.024714503437280655,
            "y": 0.105063296854496,
            "z": 0.9457024931907654
        },
        "15": {
            "name": "Left Elbow",
            "x": 0.1251792162656784,
            "y": 0.159326434135437,
            "z": 0.8499459624290466
        },
        "16": {
            "name": "Left Wrist",
            "x": 0.2005155235528946,
            "y": 0.19298653304576874,
            "z": 0.7717763185501099
        }
    }
}