{
    "image_path": "00014/img/10.jpg",
    "shooter_tracklet_id": 12,
    "bbox": {
        "x": 346,
        "y": 543,
        "w": 100,
        "h": 100
    },
    "keypoint_2d": {
        "0": {
            "name": "Center of Hips",
            "x": 57.42,
            "y": 49.25
        },
        "1": {
            "name": "Left Hip",
            "x": 58.48,
            "y": 51.45
        },
        "2": {
            "name": "Left Knee",
            "x": 73.19,
            "y": 60.61
        },
        "3": {
            "name": "Left Ankle",
            "x": 74.36,
            "y": 77.86
        },
        "4": {
            "name": "Right Hip",
            "x": 55.64,
            "y": 49.85
        },
        "5": {
            "name": "Right Knee",
            "x": 49.63,
            "y": 62.7
        },
        "6": {
            "name": "Right Ankle",
            "x": 31.63,
            "y": 75.87
        },
        "7": {
            "name": "Center of Body",
            "x": 57.13,
            "y": 35.73
        },
        "8": {
            "name": "Center of Shoulder",
            "x": 59.04,
            "y": 25.93
        },
        "9": {
            "name": "Neck",
            "x": 59.28,
            "y": 23.37
        },
        "10": {
            "name": "Head",
            "x": 62.73,
            "y": 20.21
        },
        "11": {
            "name": "Right Shoulder",
            "x": 62.18,
            "y": 27.78
        },
        "12": {
            "name": "Right Elbow",
            "x": 61.04,
            "y": 39.28
        },
        "13": {
            "name": "Right Wrist",
            "x": 72.29,
            "y": 39.75
        },
        "14": {
            "name": "Left Shoulder",
            "x": 57.31,
            "y": 25.26
        },
        "15": {
            "name": "Left Elbow",
            "x": 51.07,
            "y": 29.77
        },
        "16": {
            "name": "Left Wrist",
            "x": 50.3,
            "y": 34.28
        }
    },
    "keypoint_3d": {
        "0": {
            "name": "Center of Hips",
            "x": 0.0,
            "y": 0.0,
            "z": 0.5240632891654968
        },
        "1": {
            "name": "Left Hip",
            "x": -0.004385566804558039,
            "y": 0.09514246881008148,
            "z": 0.5245709419250488
        },
        "2": {
            "name": "Left Knee",
            "x": -0.21909135580062866,
            "y": 0.15976093709468842,
            "z": 0.3384641706943512
        },
        "3": {
            "name": "Left Ankle",
            "x": -0.12289830297231674,
            "y": 0.08332010358572006,
            "z": 0.05288367718458176
        },
        "4": {
            "name": "Right Hip",
            "x": 0.008420340716838837,
            "y": -0.08852513134479523,
            "z": 0.5106978416442871
        },
        "5": {
            "name": "Right Knee",
            "x": 0.08929061889648438,
            "y": -0.11043284088373184,
            "z": 0.2354186475276947
        },
        "6": {
            "name": "Right Ankle",
            "x": 0.33495792746543884,
            "y": -0.08416890352964401,
            "z": 0.0
        },
        "7": {
            "name": "Center of Body",
            "x": -0.0002183240430895239,
            "y": -0.004926061723381281,
            "z": 0.7197981476783752
        },
        "8": {
            "name": "Center of Shoulder",
            "x": -0.03453683853149414,
            "y": 0.006206185556948185,
            "z": 0.9014535546302795
        },
        "9": {
            "name": "Neck",
            "x": -0.05943150445818901,
            "y": -0.00248710042797029,
            "z": 0.9369634389877319
        },
        "10": {
            "name": "Head",
            "x": -0.09685322642326355,
            "y": 0.02328779362142086,
            "z": 1.0
        },
        "11": {
            "name": "Right Shoulder",
            "x": -0.10483919084072113,
            "y": -0.015456033870577812,
            "z": 0.8526185154914856
        },
        "12": {
            "name": "Right Elbow",
            "x": -0.14051185548305511,
            "y": -0.08265165984630585,
            "z": 0.6929580569267273
        },
        "13": {
            "name": "Right Wrist",
            "x": -0.2554425001144409,
            "y": 0.05331532657146454,
            "z": 0.683038055896759
        },
        "14": {
            "name": "Left Shoulder",
            "x": 0.030969446524977684,
            "y": 0.06689383834600449,
            "z": 0.9339105486869812
        },
        "15": {
            "name": "Left Elbow",
            "x": 0.18096211552619934,
            "y": 0.13504929840564728,
            "z": 0.8590063452720642
        },
        "16": {
            "name": "Left Wrist",
            "x": 0.2583256959915161,
            "y": 0.20155394077301025,
            "z": 0.8155134916305542
        }
    }
}