{
    "image_path": "00014/img/11.jpg",
    "shooter_tracklet_id": 12,
    "bbox": {
        "x": 347,
        "y": 545,
        "w": 100,
        "h": 100
    },
    "keypoint_2d": {
        "0": {
            "name": "Center of Hips",
            "x": 51.23,
            "y": 49.08
        },
        "1": {
            "name": "Left Hip",
            "x": 56.61,
            "y": 50.2
        },
        "2": {
            "name": "Left Knee",
            "x": 71.6,
            "y": 62.45
        },
        "3": {
            "name": "Left Ankle",
            "x": 79.69,
            "y": 76.81
        },
        "4": {
            "name": "Right Hip",
            "x": 56.75,
            "y": 53.74
        },
        "5": {
            "name": "Right Knee",
            "x": 46.69,
            "y": 66.01
        },
        "6": {
            "name": "Right Ankle",
            "x": 27.3,
            "y": 65.03
        },
        "7": {
            "name": "Center of Body",
            "x": 53.07,
            "y": 37.79
        },
        "8": {
            "name": "Center of Shoulder",
            "x": 55.29,
            "y": 26.4
        },
        "9": {
            "name": "Neck",
            "x": 56.01,
            "y": 25.28
        },
        "10": {
            "name": "Head",
            "x": 58.83,
            "y": 21.59
        },
        "11": {
            "name": "Right Shoulder",
            "x": 57.24,
            "y": 28.47
        },
        "12": {
            "name": "Right Elbow",
            "x": 57.48,
            "y": 38.16
        },
        "13": {
            "name": "Right Wrist",
            "x": 65.46,
            "y": 41.35
        },
        "14": {
            "name": "Left Shoulder",
            "x": 53.31,
            "y": 24.42
        },
        "15": {
            "name": "Left Elbow",
            "x": 42.36,
            "y": 33.89
        },
        "16": {
            "name": "Left Wrist",
            "x": 40.78,
            "y": 29.26
        }
    },
    "keypoint_3d": {
        "0": {
            "name": "Center of Hips",
            "x": 0.0,
            "y": 0.0,
            "z": 0.4984593093395233
        },
        "1": {
            "name": "Left Hip",
            "x": -0.002752481261268258,
            "y": 0.08639927208423615,
            "z": 0.5065504908561707
        },
        "2": {
            "name": "Left Knee",
            "x": -0.2397214025259018,
            "y": 0.21360327303409576,
            "z": 0.30688896775245667
        },
        "3": {
            "name": "Left Ankle",
            "x": -0.2509072721004486,
            "y": 0.26556122303009033,
            "z": 0.0
        },
        "4": {
            "name": "Right Hip",
            "x": -0.04267692565917969,
            "y": -0.0771409422159195,
            "z": 0.46294698119163513
        },
        "5": {
            "name": "Right Knee",
            "x": 0.07240366190671921,
            "y": -0.17277321219444275,
            "z": 0.1990794539451599
        },
        "6": {
            "name": "Right Ankle",
            "x": 0.3260045349597931,
            "y": -0.3266410231590271,
            "z": 0.12312079221010208
        },
        "7": {
            "name": "Center of Body",
            "x": 0.014130853116512299,
            "y": -0.0263582244515419,
            "z": 0.7006023526191711
        },
        "8": {
            "name": "Center of Shoulder",
            "x": -0.009071245789527893,
            "y": -0.017328161746263504,
            "z": 0.8969151377677917
        },
        "9": {
            "name": "Neck",
            "x": -0.026348548009991646,
            "y": -0.024215223267674446,
            "z": 0.9338209629058838
        },
        "10": {
            "name": "Head",
            "x": -0.07128030806779861,
            "y": -0.012354799546301365,
            "z": 1.0
        },
        "11": {
            "name": "Right Shoulder",
            "x": -0.07025354355573654,
            "y": -0.04750650003552437,
            "z": 0.8550328016281128
        },
        "12": {
            "name": "Right Elbow",
            "x": -0.12285792082548141,
            "y": -0.10363613814115524,
            "z": 0.6792087554931641
        },
        "13": {
            "name": "Right Wrist",
            "x": -0.22817875444889069,
            "y": 0.05592840164899826,
            "z": 0.6493849754333496
        },
        "14": {
            "name": "Left Shoulder",
            "x": 0.04411991313099861,
            "y": 0.02992353029549122,
            "z": 0.9379262328147888
        },
        "15": {
            "name": "Left Elbow",
            "x": 0.25347113609313965,
            "y": 0.06226199492812157,
            "z": 0.8230815529823303
        },
        "16": {
            "name": "Left Wrist",
            "x": 0.3215663731098175,
            "y": 0.12571634352207184,
            "z": 0.8856304287910461
        }
    }
}