{
    "image_path": "00014/img/12.jpg",
    "shooter_tracklet_id": 12,
    "bbox": {
        "x": 348,
        "y": 547,
        "w": 100,
        "h": 100
    },
    "keypoint_2d": {
        "0": {
            "name": "Center of Hips",
            "x": 47.6,
            "y": 49.0
        },
        "1": {
            "name": "Left Hip",
            "x": 53.66,
            "y": 50.31
        },
        "2": {
            "name": "Left Knee",
            "x": 66.07,
            "y": 64.05
        },
        "3": {
            "name": "Left Ankle",
            "x": 73.57,
            "y": 77.05
        },
        "4": {
            "name": "Right Hip",
            "x": 54.25,
            "y": 52.48
        },
        "5": {
            "name": "Right Knee",
            "x": 46.93,
            "y": 66.75
        },
        "6": {
            "name": "Right Ankle",
            "x": 29.14,
            "y": 61.96
        },
        "7": {
            "name": "Center of Body",
            "x": 48.4,
            "y": 36.32
        },
        "8": {
            "name": "Center of Shoulder",
            "x": 49.75,
            "y": 27.42
        },
        "9": {
            "name": "Neck",
            "x": 51.39,
            "y": 25.59
        },
        "10": {
            "name": "Head",
            "x": 53.85,
            "y": 22.81
        },
        "11": {
            "name": "Right Shoulder",
            "x": 53.19,
            "y": 29.26
        },
        "12": {
            "name": "Right Elbow",
            "x": 50.37,
            "y": 39.2
        },
        "13": {
            "name": "Right Wrist",
            "x": 46.2,
            "y": 47.29
        },
        "14": {
            "name": "Left Shoulder",
            "x": 46.2,
            "y": 26.07
        },
        "15": {
            "name": "Left Elbow",
            "x": 40.55,
            "y": 30.97
        },
        "16": {
            "name": "Left Wrist",
            "x": 42.76,
            "y": 24.47
        }
    },
    "keypoint_3d": {
        "0": {
            "name": "Center of Hips",
            "x": 0.0,
            "y": 0.0,
            "z": 0.4973261058330536
        },
        "1": {
            "name": "Left Hip",
            "x": -0.019813306629657745,
            "y": 0.08485658466815948,
            "z": 0.5130043625831604
        },
        "2": {
            "name": "Left Knee",
            "x": -0.21119588613510132,
            "y": 0.24419789016246796,
            "z": 0.2673991918563843
        },
        "3": {
            "name": "Left Ankle",
            "x": -0.3318288326263428,
            "y": 0.31825363636016846,
            "z": 0.0
        },
        "4": {
            "name": "Right Hip",
            "x": -0.0789419636130333,
            "y": -0.03251080960035324,
            "z": 0.44214677810668945
        },
        "5": {
            "name": "Right Knee",
            "x": 0.05349689722061157,
            "y": -0.11491995304822922,
            "z": 0.16475826501846313
        },
        "6": {
            "name": "Right Ankle",
            "x": 0.32436448335647583,
            "y": -0.3461524248123169,
            "z": 0.17297470569610596
        },
        "7": {
            "name": "Center of Body",
            "x": 0.021532393991947174,
            "y": -0.03897883743047714,
            "z": 0.7034997344017029
        },
        "8": {
            "name": "Center of Shoulder",
            "x": 0.02454417757689953,
            "y": -0.03931519761681557,
            "z": 0.9013209342956543
        },
        "9": {
            "name": "Neck",
            "x": -0.011743449606001377,
            "y": -0.030977241694927216,
            "z": 0.93436199426651
        },
        "10": {
            "name": "Head",
            "x": -0.051503464579582214,
            "y": -0.033359091728925705,
            "z": 1.0
        },
        "11": {
            "name": "Right Shoulder",
            "x": -0.05459229648113251,
            "y": -0.04276714846491814,
            "z": 0.862406849861145
        },
        "12": {
            "name": "Right Elbow",
            "x": -0.07328016310930252,
            "y": -0.11948452144861221,
            "z": 0.657723069190979
        },
        "13": {
            "name": "Right Wrist",
            "x": -0.0010177029762417078,
            "y": 0.010572974570095539,
            "z": 0.5599321722984314
        },
        "14": {
            "name": "Left Shoulder",
            "x": 0.0982823520898819,
            "y": -0.017189497128129005,
            "z": 0.9373744130134583
        },
        "15": {
            "name": "Left Elbow",
            "x": 0.27540212869644165,
            "y": 0.061018966138362885,
            "z": 0.853233277797699
        },
        "16": {
            "name": "Left Wrist",
            "x": 0.285273015499115,
            "y": 0.10571005195379257,
            "z": 0.9909011125564575
        }
    }
}