{
    "image_path": "00014/img/13.jpg",
    "shooter_tracklet_id": 12,
    "bbox": {
        "x": 349,
        "y": 545,
        "w": 100,
        "h": 100
    },
    "keypoint_2d": {
        "0": {
            "name": "Center of Hips",
            "x": 47.42,
            "y": 50.8
        },
        "1": {
            "name": "Left Hip",
            "x": 51.86,
            "y": 51.85
        },
        "2": {
            "name": "Left Knee",
            "x": 63.13,
            "y": 62.95
        },
        "3": {
            "name": "Left Ankle",
            "x": 72.33,
            "y": 78.16
        },
        "4": {
            "name": "Right Hip",
            "x": 51.18,
            "y": 53.45
        },
        "5": {
            "name": "Right Knee",
            "x": 52.82,
            "y": 68.71
        },
        "6": {
            "name": "Right Ankle",
            "x": 45.34,
            "y": 66.63
        },
        "7": {
            "name": "Center of Body",
            "x": 47.75,
            "y": 40.09
        },
        "8": {
            "name": "Center of Shoulder",
            "x": 48.45,
            "y": 28.95
        },
        "9": {
            "name": "Neck",
            "x": 49.79,
            "y": 27.71
        },
        "10": {
            "name": "Head",
            "x": 52.82,
            "y": 24.42
        },
        "11": {
            "name": "Right Shoulder",
            "x": 50.4,
            "y": 32.96
        },
        "12": {
            "name": "Right Elbow",
            "x": 48.53,
            "y": 43.53
        },
        "13": {
            "name": "Right Wrist",
            "x": 49.24,
            "y": 48.31
        },
        "14": {
            "name": "Left Shoulder",
            "x": 47.0,
            "y": 26.57
        },
        "15": {
            "name": "Left Elbow",
            "x": 42.52,
            "y": 33.37
        },
        "16": {
            "name": "Left Wrist",
            "x": 37.85,
            "y": 29.82
        }
    },
    "keypoint_3d": {
        "0": {
            "name": "Center of Hips",
            "x": 0.0,
            "y": 0.0,
            "z": 0.49508118629455566
        },
        "1": {
            "name": "Left Hip",
            "x": -0.001304912962950766,
            "y": 0.08745765686035156,
            "z": 0.5113646984100342
        },
        "2": {
            "name": "Left Knee",
            "x": -0.20325788855552673,
            "y": 0.20074808597564697,
            "z": 0.2833889424800873
        },
        "3": {
            "name": "Left Ankle",
            "x": -0.31674107909202576,
            "y": 0.3596709072589874,
            "z": 0.0
        },
        "4": {
            "name": "Right Hip",
            "x": -0.06733746826648712,
            "y": -0.06286256015300751,
            "z": 0.45062896609306335
        },
        "5": {
            "name": "Right Knee",
            "x": -0.049302469938993454,
            "y": -0.07537004351615906,
            "z": 0.15774108469486237
        },
        "6": {
            "name": "Right Ankle",
            "x": 0.01924152858555317,
            "y": -0.25046953558921814,
            "z": 0.09567183256149292
        },
        "7": {
            "name": "Center of Body",
            "x": 0.033407025039196014,
            "y": -0.042225632816553116,
            "z": 0.6987609267234802
        },
        "8": {
            "name": "Center of Shoulder",
            "x": 0.030793456360697746,
            "y": -0.048184651881456375,
            "z": 0.8974592089653015
        },
        "9": {
            "name": "Neck",
            "x": 0.004993774928152561,
            "y": -0.03545253351330757,
            "z": 0.9342382550239563
        },
        "10": {
            "name": "Head",
            "x": -0.04928602650761604,
            "y": -0.03828943520784378,
            "z": 1.0
        },
        "11": {
            "name": "Right Shoulder",
            "x": -0.03100399114191532,
            "y": -0.05873419716954231,
            "z": 0.8465372323989868
        },
        "12": {
            "name": "Right Elbow",
            "x": -0.013821092434227467,
            "y": -0.11030586808919907,
            "z": 0.6571738719940186
        },
        "13": {
            "name": "Right Wrist",
            "x": 0.05232967808842659,
            "y": 0.017747124657034874,
            "z": 0.5579735636711121
        },
        "14": {
            "name": "Left Shoulder",
            "x": 0.089105986058712,
            "y": -0.008979701437056065,
            "z": 0.9467766284942627
        },
        "15": {
            "name": "Left Elbow",
            "x": 0.2472500205039978,
            "y": 0.09653642773628235,
            "z": 0.870437502861023
        },
        "16": {
            "name": "Left Wrist",
            "x": 0.3166453242301941,
            "y": 0.10558436065912247,
            "z": 0.9616825580596924
        }
    }
}