{
    "image_path": "00014/img/14.jpg",
    "shooter_tracklet_id": 12,
    "bbox": {
        "x": 349,
        "y": 541,
        "w": 100,
        "h": 100
    },
    "keypont_2d": {
        "0": {
            "name": "Center of Hips",
            "x": 44.88,
            "y": 51.56
        },
        "1": {
            "name": "Left Hip",
            "x": 54.54,
            "y": 52.76
        },
        "2": {
            "name": "Left Knee",
            "x": 64.85,
            "y": 64.17
        },
        "3": {
            "name": "Left Ankle",
            "x": 66.57,
            "y": 79.26
        },
        "4": {
            "name": "Right Hip",
            "x": 57.12,
            "y": 52.02
        },
        "5": {
            "name": "Right Knee",
            "x": 65.09,
            "y": 59.51
        },
        "6": {
            "name": "Right Ankle",
            "x": 61.04,
            "y": 69.08
        },
        "7": {
            "name": "Center of Body",
            "x": 45.99,
            "y": 40.51
        },
        "8": {
            "name": "Center of Shoulder",
            "x": 48.84,
            "y": 29.28
        },
        "9": {
            "name": "Neck",
            "x": 52.05,
            "y": 28.17
        },
        "10": {
            "name": "Head",
            "x": 55.18,
            "y": 25.68
        },
        "11": {
            "name": "Right Shoulder",
            "x": 50.31,
            "y": 32.65
        },
        "12": {
            "name": "Right Elbow",
            "x": 43.74,
            "y": 43.88
        },
        "13": {
            "name": "Right Wrist",
            "x": 45.14,
            "y": 49.87
        },
        "14": {
            "name": "Left Shoulder",
            "x": 48.05,
            "y": 27.72
        },
        "15": {
            "name": "Left Elbow",
            "x": 55.94,
            "y": 28.22
        },
        "16": {
            "name": "Left Wrist",
            "x": 61.9,
            "y": 25.66
        }
    },
    "keypont_3d": {
        "0": {
            "name": "Center of Hips",
            "x": 0.0,
            "y": 0.0,
            "z": 0.4875599443912506
        },
        "1": {
            "name": "Left Hip",
            "x": -0.012516766786575317,
            "y": 0.08331198990345001,
            "z": 0.4830508530139923
        },
        "2": {
            "name": "Left Knee",
            "x": -0.17469483613967896,
            "y": 0.22368976473808289,
            "z": 0.28486067056655884
        },
        "3": {
            "name": "Left Ankle",
            "x": -0.1869226098060608,
            "y": 0.329540491104126,
            "z": 0.0
        },
        "4": {
            "name": "Right Hip",
            "x": -0.08411390334367752,
            "y": -0.031118303537368774,
            "z": 0.46483832597732544
        },
        "5": {
            "name": "Right Knee",
            "x": -0.2655719816684723,
            "y": 0.004297260660678148,
            "z": 0.32265788316726685
        },
        "6": {
            "name": "Right Ankle",
            "x": -0.23878227174282074,
            "y": -0.12781648337841034,
            "z": 0.1218540370464325
        },
        "7": {
            "name": "Center of Body",
            "x": 0.06297452747821808,
            "y": -0.05397750809788704,
            "z": 0.6561740636825562
        },
        "8": {
            "name": "Center of Shoulder",
            "x": 0.04454091563820839,
            "y": -0.05799173191189766,
            "z": 0.8404163122177124
        },
        "9": {
            "name": "Neck",
            "x": 0.0010113009484484792,
            "y": -0.028502175584435463,
            "z": 0.87142014503479
        },
        "10": {
            "name": "Head",
            "x": -0.05080389231443405,
            "y": -0.020201941952109337,
            "z": 0.9262625575065613
        },
        "11": {
            "name": "Right Shoulder",
            "x": 0.005124461371451616,
            "y": -0.07782933861017227,
            "z": 0.7881390452384949
        },
        "12": {
            "name": "Right Elbow",
            "x": 0.07946081459522247,
            "y": -0.14676257967948914,
            "z": 0.5867414474487305
        },
        "13": {
            "name": "Right Wrist",
            "x": 0.08154135942459106,
            "y": -0.05966224893927574,
            "z": 0.5047214031219482
        },
        "14": {
            "name": "Left Shoulder",
            "x": 0.09744200855493546,
            "y": 0.010605208575725555,
            "z": 0.8876069784164429
        },
        "15": {
            "name": "Left Elbow",
            "x": 0.04521879181265831,
            "y": 0.18133702874183655,
            "z": 0.8923089504241943
        },
        "16": {
            "name": "Left Wrist",
            "x": -0.022739112377166748,
            "y": 0.22291122376918793,
            "z": 1.0
        }
    }
}