{
    "image_path": "00014/img/15.jpg",
    "shooter_tracklet_id": 12,
    "bbox": {
        "x": 350,
        "y": 536,
        "w": 100,
        "h": 100
    },
    "keypont_2d": {
        "0": {
            "name": "Center of Hips",
            "x": 45.27,
            "y": 52.17
        },
        "1": {
            "name": "Left Hip",
            "x": 53.8,
            "y": 50.67
        },
        "2": {
            "name": "Left Knee",
            "x": 63.87,
            "y": 60.25
        },
        "3": {
            "name": "Left Ankle",
            "x": 61.9,
            "y": 77.06
        },
        "4": {
            "name": "Right Hip",
            "x": 52.19,
            "y": 51.8
        },
        "5": {
            "name": "Right Knee",
            "x": 65.46,
            "y": 61.23
        },
        "6": {
            "name": "Right Ankle",
            "x": 76.87,
            "y": 72.64
        },
        "7": {
            "name": "Center of Body",
            "x": 44.7,
            "y": 38.46
        },
        "8": {
            "name": "Center of Shoulder",
            "x": 52.57,
            "y": 28.56
        },
        "9": {
            "name": "Neck",
            "x": 53.93,
            "y": 27.73
        },
        "10": {
            "name": "Head",
            "x": 58.22,
            "y": 26.26
        },
        "11": {
            "name": "Right Shoulder",
            "x": 53.51,
            "y": 30.53
        },
        "12": {
            "name": "Right Elbow",
            "x": 45.58,
            "y": 40.98
        },
        "13": {
            "name": "Right Wrist",
            "x": 46.07,
            "y": 47.61
        },
        "14": {
            "name": "Left Shoulder",
            "x": 52.13,
            "y": 27.57
        },
        "15": {
            "name": "Left Elbow",
            "x": 60.35,
            "y": 29.17
        },
        "16": {
            "name": "Left Wrist",
            "x": 71.86,
            "y": 29.17
        }
    },
    "keypont_3d": {
        "0": {
            "name": "Center of Hips",
            "x": 0.0,
            "y": 0.0,
            "z": 0.5046966671943665
        },
        "1": {
            "name": "Left Hip",
            "x": -0.017107725143432617,
            "y": 0.10458080470561981,
            "z": 0.5080814361572266
        },
        "2": {
            "name": "Left Knee",
            "x": -0.217093363404274,
            "y": 0.18155092000961304,
            "z": 0.3116273581981659
        },
        "3": {
            "name": "Left Ankle",
            "x": -0.15981373190879822,
            "y": 0.2704216539859772,
            "z": 0.0
        },
        "4": {
            "name": "Right Hip",
            "x": -0.07189440727233887,
            "y": -0.05476811155676842,
            "z": 0.47572657465934753
        },
        "5": {
            "name": "Right Knee",
            "x": -0.288951575756073,
            "y": 0.03298383951187134,
            "z": 0.3111899197101593
        },
        "6": {
            "name": "Right Ankle",
            "x": -0.33185097575187683,
            "y": -0.0719885602593422,
            "z": 0.09662527590990067
        },
        "7": {
            "name": "Center of Body",
            "x": 0.07730503380298615,
            "y": -0.06301061064004898,
            "z": 0.6870512366294861
        },
        "8": {
            "name": "Center of Shoulder",
            "x": -0.0008428025175817311,
            "y": -0.04075484722852707,
            "z": 0.8853879570960999
        },
        "9": {
            "name": "Neck",
            "x": -0.03407423198223114,
            "y": -0.01802174560725689,
            "z": 0.9089195728302002
        },
        "10": {
            "name": "Head",
            "x": -0.08475550264120102,
            "y": 0.004262099042534828,
            "z": 0.965061366558075
        },
        "11": {
            "name": "Right Shoulder",
            "x": -0.03448836877942085,
            "y": -0.08431953191757202,
            "z": 0.8317072987556458
        },
        "12": {
            "name": "Right Elbow",
            "x": 0.07027656584978104,
            "y": -0.1554941087961197,
            "z": 0.6270655393600464
        },
        "13": {
            "name": "Right Wrist",
            "x": 0.08653127402067184,
            "y": -0.06569099426269531,
            "z": 0.5293368697166443
        },
        "14": {
            "name": "Left Shoulder",
            "x": 0.06733254343271255,
            "y": 0.055243171751499176,
            "z": 0.9342513680458069
        },
        "15": {
            "name": "Left Elbow",
            "x": -0.02437533624470234,
            "y": 0.23045635223388672,
            "z": 0.9373534917831421
        },
        "16": {
            "name": "Left Wrist",
            "x": -0.16390381753444672,
            "y": 0.30278944969177246,
            "z": 1.0
        }
    }
}