{
    "image_path": "00014/img/16.jpg",
    "shooter_tracklet_id": 12,
    "bbox": {
        "x": 350,
        "y": 534,
        "w": 100,
        "h": 100
    },
    "keypoint_2d": {
        "0": {
            "name": "Center of Hips",
            "x": 42.36,
            "y": 51.18
        },
        "1": {
            "name": "Left Hip",
            "x": 49.75,
            "y": 50.18
        },
        "2": {
            "name": "Left Knee",
            "x": 60.63,
            "y": 59.65
        },
        "3": {
            "name": "Left Ankle",
            "x": 55.4,
            "y": 74.72
        },
        "4": {
            "name": "Right Hip",
            "x": 48.35,
            "y": 51.94
        },
        "5": {
            "name": "Right Knee",
            "x": 63.99,
            "y": 59.75
        },
        "6": {
            "name": "Right Ankle",
            "x": 78.96,
            "y": 65.28
        },
        "7": {
            "name": "Center of Body",
            "x": 42.76,
            "y": 38.65
        },
        "8": {
            "name": "Center of Shoulder",
            "x": 49.49,
            "y": 29.77
        },
        "9": {
            "name": "Neck",
            "x": 53.19,
            "y": 29.08
        },
        "10": {
            "name": "Head",
            "x": 56.87,
            "y": 26.75
        },
        "11": {
            "name": "Right Shoulder",
            "x": 49.1,
            "y": 31.5
        },
        "12": {
            "name": "Right Elbow",
            "x": 43.84,
            "y": 40.41
        },
        "13": {
            "name": "Right Wrist",
            "x": 44.01,
            "y": 50.29
        },
        "14": {
            "name": "Left Shoulder",
            "x": 50.57,
            "y": 28.14
        },
        "15": {
            "name": "Left Elbow",
            "x": 58.24,
            "y": 33.84
        },
        "16": {
            "name": "Left Wrist",
            "x": 64.03,
            "y": 36.49
        }
    },
    "keypoint_3d": {
        "0": {
            "name": "Center of Hips",
            "x": 0.0,
            "y": 0.0,
            "z": 0.5180717706680298
        },
        "1": {
            "name": "Left Hip",
            "x": -0.009431449696421623,
            "y": 0.11574067175388336,
            "z": 0.5321568250656128
        },
        "2": {
            "name": "Left Knee",
            "x": -0.2444438338279724,
            "y": 0.15774449706077576,
            "z": 0.33855608105659485
        },
        "3": {
            "name": "Left Ankle",
            "x": -0.1508219838142395,
            "y": 0.14990831911563873,
            "z": 0.0
        },
        "4": {
            "name": "Right Hip",
            "x": -0.06464238464832306,
            "y": -0.0708029642701149,
            "z": 0.47765809297561646
        },
        "5": {
            "name": "Right Knee",
            "x": -0.3097116947174072,
            "y": 0.13401205837726593,
            "z": 0.30955183506011963
        },
        "6": {
            "name": "Right Ankle",
            "x": -0.5412841439247131,
            "y": 0.2858937084674835,
            "z": 0.12981775403022766
        },
        "7": {
            "name": "Center of Body",
            "x": 0.08087240904569626,
            "y": -0.058519162237644196,
            "z": 0.7265244126319885
        },
        "8": {
            "name": "Center of Shoulder",
            "x": -0.027376342564821243,
            "y": -0.026554614305496216,
            "z": 0.9260082244873047
        },
        "9": {
            "name": "Neck",
            "x": -0.08474520593881607,
            "y": 0.011540593579411507,
            "z": 0.9464443922042847
        },
        "10": {
            "name": "Head",
            "x": -0.14485479891300201,
            "y": 0.02741865999996662,
            "z": 1.0
        },
        "11": {
            "name": "Right Shoulder",
            "x": -0.06066202372312546,
            "y": -0.09386957436800003,
            "z": 0.8731197118759155
        },
        "12": {
            "name": "Right Elbow",
            "x": 0.03667556121945381,
            "y": -0.15793147683143616,
            "z": 0.6693664789199829
        },
        "13": {
            "name": "Right Wrist",
            "x": 0.05966136232018471,
            "y": -0.07742418348789215,
            "z": 0.5135005116462708
        },
        "14": {
            "name": "Left Shoulder",
            "x": 0.019966015592217445,
            "y": 0.09283404797315598,
            "z": 0.9857245683670044
        },
        "15": {
            "name": "Left Elbow",
            "x": -0.0844472274184227,
            "y": 0.27653875946998596,
            "z": 0.9065728783607483
        },
        "16": {
            "name": "Left Wrist",
            "x": -0.227476567029953,
            "y": 0.2955794930458069,
            "z": 0.8310934901237488
        }
    }
}