{
    "image_path": "00014/img/17.jpg",
    "shooter_tracklet_id": 12,
    "bbox": {
        "x": 351,
        "y": 531,
        "w": 100,
        "h": 100
    },
    "keypont_2d": {
        "0": {
            "name": "Center of Hips",
            "x": 40.73,
            "y": 49.06
        },
        "1": {
            "name": "Left Hip",
            "x": 46.5,
            "y": 50.6
        },
        "2": {
            "name": "Left Knee",
            "x": 57.48,
            "y": 60.86
        },
        "3": {
            "name": "Left Ankle",
            "x": 49.63,
            "y": 72.88
        },
        "4": {
            "name": "Right Hip",
            "x": 48.9,
            "y": 48.05
        },
        "5": {
            "name": "Right Knee",
            "x": 64.6,
            "y": 56.44
        },
        "6": {
            "name": "Right Ankle",
            "x": 76.99,
            "y": 62.95
        },
        "7": {
            "name": "Center of Body",
            "x": 43.5,
            "y": 36.93
        },
        "8": {
            "name": "Center of Shoulder",
            "x": 51.1,
            "y": 28.22
        },
        "9": {
            "name": "Neck",
            "x": 53.44,
            "y": 28.1
        },
        "10": {
            "name": "Head",
            "x": 57.36,
            "y": 24.66
        },
        "11": {
            "name": "Right Shoulder",
            "x": 51.6,
            "y": 29.69
        },
        "12": {
            "name": "Right Elbow",
            "x": 43.01,
            "y": 41.23
        },
        "13": {
            "name": "Right Wrist",
            "x": 44.11,
            "y": 50.31
        },
        "14": {
            "name": "Left Shoulder",
            "x": 51.47,
            "y": 26.87
        },
        "15": {
            "name": "Left Elbow",
            "x": 55.35,
            "y": 36.74
        },
        "16": {
            "name": "Left Wrist",
            "x": 63.13,
            "y": 40.74
        }
    },
    "keypont_3d": {
        "0": {
            "name": "Center of Hips",
            "x": 0.0,
            "y": 0.0,
            "z": 0.5200256109237671
        },
        "1": {
            "name": "Left Hip",
            "x": 0.007684809155762196,
            "y": 0.11027935892343521,
            "z": 0.5159854888916016
        },
        "2": {
            "name": "Left Knee",
            "x": -0.22367475926876068,
            "y": 0.15411058068275452,
            "z": 0.2928616404533386
        },
        "3": {
            "name": "Left Ankle",
            "x": -0.10163702815771103,
            "y": 0.04207564890384674,
            "z": 0.0
        },
        "4": {
            "name": "Right Hip",
            "x": -0.07488435506820679,
            "y": -0.06981658935546875,
            "z": 0.5003155469894409
        },
        "5": {
            "name": "Right Knee",
            "x": -0.32847434282302856,
            "y": 0.15751640498638153,
            "z": 0.34966495633125305
        },
        "6": {
            "name": "Right Ankle",
            "x": -0.5502985119819641,
            "y": 0.24146996438503265,
            "z": 0.20828132331371307
        },
        "7": {
            "name": "Center of Body",
            "x": 0.06603886932134628,
            "y": -0.03235924243927002,
            "z": 0.7278621792793274
        },
        "8": {
            "name": "Center of Shoulder",
            "x": -0.03971685469150543,
            "y": 0.012750436551868916,
            "z": 0.9197364449501038
        },
        "9": {
            "name": "Neck",
            "x": -0.08338815718889236,
            "y": 0.06345435976982117,
            "z": 0.9364295601844788
        },
        "10": {
            "name": "Head",
            "x": -0.14363886415958405,
            "y": 0.07877291738986969,
            "z": 1.0
        },
        "11": {
            "name": "Right Shoulder",
            "x": -0.0699375718832016,
            "y": -0.06555846333503723,
            "z": 0.8649823069572449
        },
        "12": {
            "name": "Right Elbow",
            "x": 0.019749637693166733,
            "y": -0.1441422551870346,
            "z": 0.6526000499725342
        },
        "13": {
            "name": "Right Wrist",
            "x": 0.0034750557970255613,
            "y": -0.1383916735649109,
            "z": 0.4649733901023865
        },
        "14": {
            "name": "Left Shoulder",
            "x": -9.165111987385899e-05,
            "y": 0.11793772876262665,
            "z": 0.9685691595077515
        },
        "15": {
            "name": "Left Elbow",
            "x": -0.06642269343137741,
            "y": 0.279838502407074,
            "z": 0.8271493911743164
        },
        "16": {
            "name": "Left Wrist",
            "x": -0.21212531626224518,
            "y": 0.3368060886859894,
            "z": 0.7484127283096313
        }
    }
}