{
    "image_path": "00014/img/18.jpg",
    "shooter_tracklet_id": 12,
    "bbox": {
        "x": 351,
        "y": 529,
        "w": 100,
        "h": 100
    },
    "keypont_2d": {
        "0": {
            "name": "Center of Hips",
            "x": 41.22,
            "y": 50.38
        },
        "1": {
            "name": "Left Hip",
            "x": 46.91,
            "y": 51.05
        },
        "2": {
            "name": "Left Knee",
            "x": 53.96,
            "y": 60.52
        },
        "3": {
            "name": "Left Ankle",
            "x": 45.27,
            "y": 71.68
        },
        "4": {
            "name": "Right Hip",
            "x": 48.68,
            "y": 47.31
        },
        "5": {
            "name": "Right Knee",
            "x": 60.86,
            "y": 55.74
        },
        "6": {
            "name": "Right Ankle",
            "x": 71.68,
            "y": 65.8
        },
        "7": {
            "name": "Center of Body",
            "x": 41.39,
            "y": 38.47
        },
        "8": {
            "name": "Center of Shoulder",
            "x": 48.13,
            "y": 29.05
        },
        "9": {
            "name": "Neck",
            "x": 50.49,
            "y": 27.48
        },
        "10": {
            "name": "Head",
            "x": 53.93,
            "y": 24.66
        },
        "11": {
            "name": "Right Shoulder",
            "x": 48.16,
            "y": 30.92
        },
        "12": {
            "name": "Right Elbow",
            "x": 42.24,
            "y": 42.19
        },
        "13": {
            "name": "Right Wrist",
            "x": 44.97,
            "y": 51.9
        },
        "14": {
            "name": "Left Shoulder",
            "x": 48.28,
            "y": 27.24
        },
        "15": {
            "name": "Left Elbow",
            "x": 52.58,
            "y": 40.49
        },
        "16": {
            "name": "Left Wrist",
            "x": 58.22,
            "y": 46.01
        }
    },
    "keypont_3d": {
        "0": {
            "name": "Center of Hips",
            "x": 0.0,
            "y": 0.0,
            "z": 0.4981329143047333
        },
        "1": {
            "name": "Left Hip",
            "x": 0.027569357305765152,
            "y": 0.10916107892990112,
            "z": 0.48082515597343445
        },
        "2": {
            "name": "Left Knee",
            "x": -0.12681643664836884,
            "y": 0.26870760321617126,
            "z": 0.2536177635192871
        },
        "3": {
            "name": "Left Ankle",
            "x": -0.009708519093692303,
            "y": 0.04460271820425987,
            "z": 0.0
        },
        "4": {
            "name": "Right Hip",
            "x": -0.08640539646148682,
            "y": -0.07122314721345901,
            "z": 0.49741843342781067
        },
        "5": {
            "name": "Right Knee",
            "x": -0.30563127994537354,
            "y": 0.15192827582359314,
            "z": 0.35151374340057373
        },
        "6": {
            "name": "Right Ankle",
            "x": -0.5056193470954895,
            "y": 0.2622296214103699,
            "z": 0.15026649832725525
        },
        "7": {
            "name": "Center of Body",
            "x": 0.0822584331035614,
            "y": -0.01219887938350439,
            "z": 0.7029303312301636
        },
        "8": {
            "name": "Center of Shoulder",
            "x": -0.012545736506581306,
            "y": 0.028266724199056625,
            "z": 0.9031652808189392
        },
        "9": {
            "name": "Neck",
            "x": -0.05635371059179306,
            "y": 0.08423195034265518,
            "z": 0.9313687682151794
        },
        "10": {
            "name": "Head",
            "x": -0.11325390636920929,
            "y": 0.09228956699371338,
            "z": 1.0
        },
        "11": {
            "name": "Right Shoulder",
            "x": -0.049887485802173615,
            "y": -0.04533381760120392,
            "z": 0.8426161408424377
        },
        "12": {
            "name": "Right Elbow",
            "x": 0.03231515362858772,
            "y": -0.12429343163967133,
            "z": 0.6105688214302063
        },
        "13": {
            "name": "Right Wrist",
            "x": -0.004081584047526121,
            "y": -0.11362015455961227,
            "z": 0.4190933108329773
        },
        "14": {
            "name": "Left Shoulder",
            "x": 0.0182716753333807,
            "y": 0.12645269930362701,
            "z": 0.9401848316192627
        },
        "15": {
            "name": "Left Elbow",
            "x": -0.034279320389032364,
            "y": 0.26154905557632446,
            "z": 0.7177155613899231
        },
        "16": {
            "name": "Left Wrist",
            "x": -0.13812489807605743,
            "y": 0.3567773699760437,
            "z": 0.6167131066322327
        }
    }
}