{
    "image_path": "00014/img/19.jpg",
    "shooter_tracklet_id": 12,
    "bbox": {
        "x": 351,
        "y": 528,
        "w": 100,
        "h": 100
    },
    "keypoint_2d": {
        "0": {
            "name": "Center of Hips",
            "x": 37.79,
            "y": 48.45
        },
        "1": {
            "name": "Left Hip",
            "x": 42.76,
            "y": 50.55
        },
        "2": {
            "name": "Left Knee",
            "x": 46.52,
            "y": 61.29
        },
        "3": {
            "name": "Left Ankle",
            "x": 38.07,
            "y": 72.22
        },
        "4": {
            "name": "Right Hip",
            "x": 47.3,
            "y": 48.93
        },
        "5": {
            "name": "Right Knee",
            "x": 55.75,
            "y": 58.52
        },
        "6": {
            "name": "Right Ankle",
            "x": 62.14,
            "y": 72.29
        },
        "7": {
            "name": "Center of Body",
            "x": 40.67,
            "y": 37.49
        },
        "8": {
            "name": "Center of Shoulder",
            "x": 44.85,
            "y": 27.12
        },
        "9": {
            "name": "Neck",
            "x": 47.55,
            "y": 26.75
        },
        "10": {
            "name": "Head",
            "x": 49.77,
            "y": 23.6
        },
        "11": {
            "name": "Right Shoulder",
            "x": 45.58,
            "y": 30.92
        },
        "12": {
            "name": "Right Elbow",
            "x": 41.66,
            "y": 44.54
        },
        "13": {
            "name": "Right Wrist",
            "x": 45.34,
            "y": 53.87
        },
        "14": {
            "name": "Left Shoulder",
            "x": 46.45,
            "y": 28.05
        },
        "15": {
            "name": "Left Elbow",
            "x": 46.44,
            "y": 40.98
        },
        "16": {
            "name": "Left Wrist",
            "x": 47.08,
            "y": 45.58
        }
    },
    "keypoint_3d": {
        "0": {
            "name": "Center of Hips",
            "x": 0.0,
            "y": 0.0,
            "z": 0.48766711354255676
        },
        "1": {
            "name": "Left Hip",
            "x": 0.038280587643384933,
            "y": 0.10159707814455032,
            "z": 0.4787147641181946
        },
        "2": {
            "name": "Left Knee",
            "x": -0.0098924795165658,
            "y": 0.267667293548584,
            "z": 0.2412680834531784
        },
        "3": {
            "name": "Left Ankle",
            "x": 0.08322519809007645,
            "y": 0.02638133615255356,
            "z": 0.0
        },
        "4": {
            "name": "Right Hip",
            "x": -0.10117390751838684,
            "y": -0.04960278794169426,
            "z": 0.4829258918762207
        },
        "5": {
            "name": "Right Knee",
            "x": -0.24096761643886566,
            "y": 0.19213606417179108,
            "z": 0.3055727779865265
        },
        "6": {
            "name": "Right Ankle",
            "x": -0.3589250147342682,
            "y": 0.2544911205768585,
            "z": 0.003919102717190981
        },
        "7": {
            "name": "Center of Body",
            "x": 0.06332559883594513,
            "y": -0.015046530403196812,
            "z": 0.6908779144287109
        },
        "8": {
            "name": "Center of Shoulder",
            "x": -0.006306268274784088,
            "y": 0.018380174413323402,
            "z": 0.8924991488456726
        },
        "9": {
            "name": "Neck",
            "x": -0.04256302863359451,
            "y": 0.07134167104959488,
            "z": 0.9279944896697998
        },
        "10": {
            "name": "Head",
            "x": -0.09410935640335083,
            "y": 0.07731693983078003,
            "z": 1.0
        },
        "11": {
            "name": "Right Shoulder",
            "x": -0.043211910873651505,
            "y": -0.030481211841106415,
            "z": 0.8237483501434326
        },
        "12": {
            "name": "Right Elbow",
            "x": 0.020162682980298996,
            "y": -0.07702765613794327,
            "z": 0.5914672017097473
        },
        "13": {
            "name": "Right Wrist",
            "x": -0.04163004830479622,
            "y": -0.043267060071229935,
            "z": 0.3855823576450348
        },
        "14": {
            "name": "Left Shoulder",
            "x": 0.012210771441459656,
            "y": 0.10816796123981476,
            "z": 0.9096844792366028
        },
        "15": {
            "name": "Left Elbow",
            "x": 0.010488499887287617,
            "y": 0.22516795992851257,
            "z": 0.6830501556396484
        },
        "16": {
            "name": "Left Wrist",
            "x": 0.012874280102550983,
            "y": 0.3517536222934723,
            "z": 0.6067069172859192
        }
    }
}