{
    "image_path": "00014/img/20.jpg",
    "shooter_tracklet_id": 12,
    "bbox": {
        "x": 351,
        "y": 523,
        "w": 100,
        "h": 100
    },
    "keypoint_2d": {
        "0": {
            "name": "Center of Hips",
            "x": 41.97,
            "y": 50.59
        },
        "1": {
            "name": "Left Hip",
            "x": 38.32,
            "y": 49.01
        },
        "2": {
            "name": "Left Knee",
            "x": 44.06,
            "y": 59.44
        },
        "3": {
            "name": "Left Ankle",
            "x": 36.36,
            "y": 71.16
        },
        "4": {
            "name": "Right Hip",
            "x": 46.22,
            "y": 51.2
        },
        "5": {
            "name": "Right Knee",
            "x": 56.66,
            "y": 57.3
        },
        "6": {
            "name": "Right Ankle",
            "x": 58.4,
            "y": 71.51
        },
        "7": {
            "name": "Center of Body",
            "x": 41.72,
            "y": 40.27
        },
        "8": {
            "name": "Center of Shoulder",
            "x": 45.01,
            "y": 29.38
        },
        "9": {
            "name": "Neck",
            "x": 46.49,
            "y": 27.34
        },
        "10": {
            "name": "Head",
            "x": 49.51,
            "y": 23.97
        },
        "11": {
            "name": "Right Shoulder",
            "x": 49.98,
            "y": 33.55
        },
        "12": {
            "name": "Right Elbow",
            "x": 48.77,
            "y": 48.1
        },
        "13": {
            "name": "Right Wrist",
            "x": 51.21,
            "y": 55.62
        },
        "14": {
            "name": "Left Shoulder",
            "x": 39.42,
            "y": 28.82
        },
        "15": {
            "name": "Left Elbow",
            "x": 36.03,
            "y": 38.84
        },
        "16": {
            "name": "Left Wrist",
            "x": 36.15,
            "y": 50.75
        }
    },
    "keypoint_3d": {
        "0": {
            "name": "Center of Hips",
            "x": 0.0,
            "y": 0.0,
            "z": 0.46907007694244385
        },
        "1": {
            "name": "Left Hip",
            "x": 0.09200388938188553,
            "y": 0.05560855567455292,
            "z": 0.48235031962394714
        },
        "2": {
            "name": "Left Knee",
            "x": 0.05908915773034096,
            "y": 0.27804675698280334,
            "z": 0.2799132764339447
        },
        "3": {
            "name": "Left Ankle",
            "x": 0.1322004348039627,
            "y": 0.036820054054260254,
            "z": 0.012798012234270573
        },
        "4": {
            "name": "Right Hip",
            "x": -0.1072605773806572,
            "y": -0.030884725973010063,
            "z": 0.45076802372932434
        },
        "5": {
            "name": "Right Knee",
            "x": -0.2377903163433075,
            "y": 0.2336801141500473,
            "z": 0.3051227629184723
        },
        "6": {
            "name": "Right Ankle",
            "x": -0.3368561565876007,
            "y": 0.18410733342170715,
            "z": 0.0
        },
        "7": {
            "name": "Center of Body",
            "x": 0.02463594451546669,
            "y": -0.02236001193523407,
            "z": 0.6735411882400513
        },
        "8": {
            "name": "Center of Shoulder",
            "x": -0.03488095849752426,
            "y": 0.006959183607250452,
            "z": 0.872329831123352
        },
        "9": {
            "name": "Neck",
            "x": -0.05098726227879524,
            "y": 0.06431348621845245,
            "z": 0.9268317222595215
        },
        "10": {
            "name": "Head",
            "x": -0.10078471153974533,
            "y": 0.07343196868896484,
            "z": 1.0
        },
        "11": {
            "name": "Right Shoulder",
            "x": -0.12014374136924744,
            "y": -0.005775074940174818,
            "z": 0.7837523818016052
        },
        "12": {
            "name": "Right Elbow",
            "x": -0.06276325136423111,
            "y": -0.011918246746063232,
            "z": 0.546561598777771
        },
        "13": {
            "name": "Right Wrist",
            "x": -0.11730605363845825,
            "y": 0.049156248569488525,
            "z": 0.3585803806781769
        },
        "14": {
            "name": "Left Shoulder",
            "x": 0.05982333421707153,
            "y": 0.053871020674705505,
            "z": 0.8937181234359741
        },
        "15": {
            "name": "Left Elbow",
            "x": 0.16892819106578827,
            "y": 0.14416126906871796,
            "z": 0.7095710635185242
        },
        "16": {
            "name": "Left Wrist",
            "x": 0.16396518051624298,
            "y": 0.26400646567344666,
            "z": 0.5521764159202576
        }
    }
}