{
    "image_path": "00021/img/1.jpg",
    "shooter_tracklet_id": 11,
    "bbox": {
        "x": 203,
        "y": 809,
        "w": 100,
        "h": 100
    },
    "keypont_2d": {
        "0": {
            "name": "Center of Hips",
            "x": 61.6,
            "y": 40.29
        },
        "1": {
            "name": "Left Hip",
            "x": 60.75,
            "y": 43.16
        },
        "2": {
            "name": "Left Knee",
            "x": 53.96,
            "y": 65.9
        },
        "3": {
            "name": "Left Ankle",
            "x": 67.92,
            "y": 84.24
        },
        "4": {
            "name": "Right Hip",
            "x": 62.64,
            "y": 37.31
        },
        "5": {
            "name": "Right Knee",
            "x": 45.57,
            "y": 62.94
        },
        "6": {
            "name": "Right Ankle",
            "x": 60.04,
            "y": 81.68
        },
        "7": {
            "name": "Center of Body",
            "x": 55.89,
            "y": 26.46
        },
        "8": {
            "name": "Center of Shoulder",
            "x": 45.89,
            "y": 13.86
        },
        "9": {
            "name": "Neck",
            "x": 42.69,
            "y": 13.1
        },
        "10": {
            "name": "Head",
            "x": 38.13,
            "y": 12.7
        },
        "11": {
            "name": "Right Shoulder",
            "x": 48.38,
            "y": 12.37
        },
        "12": {
            "name": "Right Elbow",
            "x": 57.89,
            "y": 19.9
        },
        "13": {
            "name": "Right Wrist",
            "x": 64.82,
            "y": 30.21
        },
        "14": {
            "name": "Left Shoulder",
            "x": 42.29,
            "y": 16.07
        },
        "15": {
            "name": "Left Elbow",
            "x": 49.33,
            "y": 37.35
        },
        "16": {
            "name": "Left Wrist",
            "x": 44.08,
            "y": 50.48
        }
    },
    "keypont_3d": {
        "0": {
            "name": "Center of Hips",
            "x": 0.0,
            "y": 0.0,
            "z": 0.6182143688201904
        },
        "1": {
            "name": "Left Hip",
            "x": -0.04718751460313797,
            "y": -0.07600187510251999,
            "z": 0.5452943444252014
        },
        "2": {
            "name": "Left Knee",
            "x": 0.03096599690616131,
            "y": -0.05324047431349754,
            "z": 0.24910849332809448
        },
        "3": {
            "name": "Left Ankle",
            "x": -0.11027266085147858,
            "y": 0.11658719927072525,
            "z": 0.0
        },
        "4": {
            "name": "Right Hip",
            "x": -0.018107710406184196,
            "y": 0.0869297981262207,
            "z": 0.6591963768005371
        },
        "5": {
            "name": "Right Knee",
            "x": 0.21247991919517517,
            "y": 0.022715529426932335,
            "z": 0.26294469833374023
        },
        "6": {
            "name": "Right Ankle",
            "x": -0.0003791614144574851,
            "y": 0.09849346429109573,
            "z": 0.030769260600209236
        },
        "7": {
            "name": "Center of Body",
            "x": 0.04970654100179672,
            "y": -0.011995743028819561,
            "z": 0.7965309023857117
        },
        "8": {
            "name": "Center of Shoulder",
            "x": 0.16666699945926666,
            "y": -0.06056826189160347,
            "z": 0.9658014178276062
        },
        "9": {
            "name": "Neck",
            "x": 0.22373069822788239,
            "y": -0.06243769824504852,
            "z": 0.9794660806655884
        },
        "10": {
            "name": "Head",
            "x": 0.277813583612442,
            "y": -0.09852361679077148,
            "z": 0.9910317063331604
        },
        "11": {
            "name": "Right Shoulder",
            "x": 0.15371868014335632,
            "y": -0.03332315757870674,
            "z": 1.0
        },
        "12": {
            "name": "Right Elbow",
            "x": 0.015022343955934048,
            "y": 0.0017501225229352713,
            "z": 0.8743937015533447
        },
        "13": {
            "name": "Right Wrist",
            "x": -0.03921683505177498,
            "y": 0.13202331960201263,
            "z": 0.7502955198287964
        },
        "14": {
            "name": "Left Shoulder",
            "x": 0.19422757625579834,
            "y": -0.10501286387443542,
            "z": 0.9260472655296326
        },
        "15": {
            "name": "Left Elbow",
            "x": 0.08416766673326492,
            "y": -0.12431023269891739,
            "z": 0.6223641037940979
        },
        "16": {
            "name": "Left Wrist",
            "x": 0.14733392000198364,
            "y": -0.1392485648393631,
            "z": 0.45422306656837463
        }
    }
}