{
    "image_path": "00021/img/2.jpg",
    "shooter_tracklet_id": 11,
    "bbox": {
        "x": 203,
        "y": 809,
        "w": 100,
        "h": 100
    },
    "keypont_2d": {
        "0": {
            "name": "Center of Hips",
            "x": 58.89,
            "y": 40.34
        },
        "1": {
            "name": "Left Hip",
            "x": 57.8,
            "y": 43.42
        },
        "2": {
            "name": "Left Knee",
            "x": 54.69,
            "y": 65.44
        },
        "3": {
            "name": "Left Ankle",
            "x": 67.8,
            "y": 82.8
        },
        "4": {
            "name": "Right Hip",
            "x": 60.25,
            "y": 37.35
        },
        "5": {
            "name": "Right Knee",
            "x": 45.2,
            "y": 64.07
        },
        "6": {
            "name": "Right Ankle",
            "x": 59.72,
            "y": 80.67
        },
        "7": {
            "name": "Center of Body",
            "x": 54.88,
            "y": 26.87
        },
        "8": {
            "name": "Center of Shoulder",
            "x": 44.85,
            "y": 14.84
        },
        "9": {
            "name": "Neck",
            "x": 43.26,
            "y": 13.69
        },
        "10": {
            "name": "Head",
            "x": 38.33,
            "y": 12.38
        },
        "11": {
            "name": "Right Shoulder",
            "x": 47.49,
            "y": 13.96
        },
        "12": {
            "name": "Right Elbow",
            "x": 58.08,
            "y": 21.93
        },
        "13": {
            "name": "Right Wrist",
            "x": 63.72,
            "y": 30.39
        },
        "14": {
            "name": "Left Shoulder",
            "x": 42.33,
            "y": 16.47
        },
        "15": {
            "name": "Left Elbow",
            "x": 49.66,
            "y": 35.13
        },
        "16": {
            "name": "Left Wrist",
            "x": 43.71,
            "y": 49.1
        }
    },
    "keypont_3d": {
        "0": {
            "name": "Center of Hips",
            "x": 0.0,
            "y": 0.0,
            "z": 0.6167635917663574
        },
        "1": {
            "name": "Left Hip",
            "x": -0.03444530442357063,
            "y": -0.08538241684436798,
            "z": 0.5501642823219299
        },
        "2": {
            "name": "Left Knee",
            "x": 0.014034129679203033,
            "y": -0.053514450788497925,
            "z": 0.2528318464756012
        },
        "3": {
            "name": "Left Ankle",
            "x": -0.12260405719280243,
            "y": 0.12768946588039398,
            "z": 0.0
        },
        "4": {
            "name": "Right Hip",
            "x": -0.007380131632089615,
            "y": 0.08039650321006775,
            "z": 0.6579198837280273
        },
        "5": {
            "name": "Right Knee",
            "x": 0.20795394480228424,
            "y": 0.029396865516901016,
            "z": 0.25231000781059265
        },
        "6": {
            "name": "Right Ankle",
            "x": -0.012721595354378223,
            "y": 0.10447163879871368,
            "z": 0.0324811190366745
        },
        "7": {
            "name": "Center of Body",
            "x": 0.05314749851822853,
            "y": -0.009323881939053535,
            "z": 0.7968014478683472
        },
        "8": {
            "name": "Center of Shoulder",
            "x": 0.1748177856206894,
            "y": -0.06007679924368858,
            "z": 0.9715583324432373
        },
        "9": {
            "name": "Neck",
            "x": 0.21489368379116058,
            "y": -0.05668451637029648,
            "z": 0.9802707433700562
        },
        "10": {
            "name": "Head",
            "x": 0.27313923835754395,
            "y": -0.09782954305410385,
            "z": 1.0
        },
        "11": {
            "name": "Right Shoulder",
            "x": 0.1589321345090866,
            "y": -0.023618638515472412,
            "z": 0.9911990165710449
        },
        "12": {
            "name": "Right Elbow",
            "x": 0.014049847610294819,
            "y": 0.022085897624492645,
            "z": 0.8734979033470154
        },
        "13": {
            "name": "Right Wrist",
            "x": -0.024256544187664986,
            "y": 0.16500414907932281,
            "z": 0.7648897171020508
        },
        "14": {
            "name": "Left Shoulder",
            "x": 0.19666346907615662,
            "y": -0.10842126607894897,
            "z": 0.9462162852287292
        },
        "15": {
            "name": "Left Elbow",
            "x": 0.07628016173839569,
            "y": -0.12331651896238327,
            "z": 0.644954264163971
        },
        "16": {
            "name": "Left Wrist",
            "x": 0.14573152363300323,
            "y": -0.14144769310951233,
            "z": 0.46207138895988464
        }
    }
}