{
    "image_path": "00021/img/4.jpg",
    "shooter_tracklet_id": 11,
    "bbox": {
        "x": 201,
        "y": 826,
        "w": 100,
        "h": 100
    },
    "keypoint_2d": {
        "0": {
            "name": "Center of Hips",
            "x": 51.62,
            "y": 42.22
        },
        "1": {
            "name": "Left Hip",
            "x": 48.6,
            "y": 45.46
        },
        "2": {
            "name": "Left Knee",
            "x": 61.92,
            "y": 70.04
        },
        "3": {
            "name": "Left Ankle",
            "x": 80.09,
            "y": 81.44
        },
        "4": {
            "name": "Right Hip",
            "x": 54.42,
            "y": 39.65
        },
        "5": {
            "name": "Right Knee",
            "x": 36.35,
            "y": 59.57
        },
        "6": {
            "name": "Right Ankle",
            "x": 36.35,
            "y": 83.74
        },
        "7": {
            "name": "Center of Body",
            "x": 48.03,
            "y": 29.81
        },
        "8": {
            "name": "Center of Shoulder",
            "x": 39.02,
            "y": 16.25
        },
        "9": {
            "name": "Neck",
            "x": 38.0,
            "y": 14.35
        },
        "10": {
            "name": "Head",
            "x": 33.23,
            "y": 13.36
        },
        "11": {
            "name": "Right Shoulder",
            "x": 43.93,
            "y": 14.49
        },
        "12": {
            "name": "Right Elbow",
            "x": 55.26,
            "y": 24.22
        },
        "13": {
            "name": "Right Wrist",
            "x": 61.02,
            "y": 28.49
        },
        "14": {
            "name": "Left Shoulder",
            "x": 34.05,
            "y": 20.27
        },
        "15": {
            "name": "Left Elbow",
            "x": 27.14,
            "y": 31.45
        },
        "16": {
            "name": "Left Wrist",
            "x": 15.96,
            "y": 38.03
        }
    },
    "keypoint_3d": {
        "0": {
            "name": "Center of Hips",
            "x": 0.0,
            "y": 0.0,
            "z": 0.6043739318847656
        },
        "1": {
            "name": "Left Hip",
            "x": 0.01390068605542183,
            "y": -0.03258465230464935,
            "z": 0.5576244592666626
        },
        "2": {
            "name": "Left Knee",
            "x": -0.100716233253479,
            "y": 0.13197579979896545,
            "z": 0.25042426586151123
        },
        "3": {
            "name": "Left Ankle",
            "x": -0.23405928909778595,
            "y": 0.24325262010097504,
            "z": 0.048938900232315063
        },
        "4": {
            "name": "Right Hip",
            "x": -0.02954603172838688,
            "y": 0.06419146806001663,
            "z": 0.6344167590141296
        },
        "5": {
            "name": "Right Knee",
            "x": 0.19543367624282837,
            "y": -0.03437186777591705,
            "z": 0.3450649678707123
        },
        "6": {
            "name": "Right Ankle",
            "x": 0.17994344234466553,
            "y": -0.022765059024095535,
            "z": 0.0
        },
        "7": {
            "name": "Center of Body",
            "x": 0.0483015738427639,
            "y": -0.011831948533654213,
            "z": 0.764420747756958
        },
        "8": {
            "name": "Center of Shoulder",
            "x": 0.15181274712085724,
            "y": -0.04952078312635422,
            "z": 0.950681209564209
        },
        "9": {
            "name": "Neck",
            "x": 0.1847141832113266,
            "y": -0.051425751298666,
            "z": 0.971344530582428
        },
        "10": {
            "name": "Head",
            "x": 0.2369554042816162,
            "y": -0.08819396048784256,
            "z": 1.0
        },
        "11": {
            "name": "Right Shoulder",
            "x": 0.10620633512735367,
            "y": -0.015312925912439823,
            "z": 0.9834296107292175
        },
        "12": {
            "name": "Right Elbow",
            "x": -0.08331191539764404,
            "y": -0.010257501155138016,
            "z": 0.8294976353645325
        },
        "13": {
            "name": "Right Wrist",
            "x": -0.11869877576828003,
            "y": 0.16203323006629944,
            "z": 0.8129281997680664
        },
        "14": {
            "name": "Left Shoulder",
            "x": 0.20086656510829926,
            "y": -0.10497739166021347,
            "z": 0.8929803967475891
        },
        "15": {
            "name": "Left Elbow",
            "x": 0.2301054298877716,
            "y": -0.18066520988941193,
            "z": 0.7025966644287109
        },
        "16": {
            "name": "Left Wrist",
            "x": 0.35390138626098633,
            "y": -0.20135432481765747,
            "z": 0.5948513150215149
        }
    }
}