{
    "image_path": "00021/img/5.jpg",
    "shooter_tracklet_id": 11,
    "bbox": {
        "x": 201,
        "y": 827,
        "w": 100,
        "h": 100
    },
    "keypoint_2d": {
        "0": {
            "name": "Center of Hips",
            "x": 52.6,
            "y": 41.81
        },
        "1": {
            "name": "Left Hip",
            "x": 50.25,
            "y": 45.3
        },
        "2": {
            "name": "Left Knee",
            "x": 59.79,
            "y": 70.99
        },
        "3": {
            "name": "Left Ankle",
            "x": 83.05,
            "y": 77.0
        },
        "4": {
            "name": "Right Hip",
            "x": 55.51,
            "y": 39.14
        },
        "5": {
            "name": "Right Knee",
            "x": 42.11,
            "y": 64.5
        },
        "6": {
            "name": "Right Ankle",
            "x": 43.75,
            "y": 86.04
        },
        "7": {
            "name": "Center of Body",
            "x": 47.79,
            "y": 28.32
        },
        "8": {
            "name": "Center of Shoulder",
            "x": 41.86,
            "y": 16.54
        },
        "9": {
            "name": "Neck",
            "x": 40.56,
            "y": 14.63
        },
        "10": {
            "name": "Head",
            "x": 36.45,
            "y": 12.92
        },
        "11": {
            "name": "Right Shoulder",
            "x": 46.62,
            "y": 15.3
        },
        "12": {
            "name": "Right Elbow",
            "x": 54.21,
            "y": 22.34
        },
        "13": {
            "name": "Right Wrist",
            "x": 57.54,
            "y": 33.0
        },
        "14": {
            "name": "Left Shoulder",
            "x": 37.11,
            "y": 18.74
        },
        "15": {
            "name": "Left Elbow",
            "x": 28.89,
            "y": 27.95
        },
        "16": {
            "name": "Left Wrist",
            "x": 18.18,
            "y": 32.21
        }
    },
    "keypoint_3d": {
        "0": {
            "name": "Center of Hips",
            "x": 0.0,
            "y": 0.0,
            "z": 0.6014589071273804
        },
        "1": {
            "name": "Left Hip",
            "x": 0.014858785085380077,
            "y": -0.0338938944041729,
            "z": 0.548595130443573
        },
        "2": {
            "name": "Left Knee",
            "x": -0.08784462511539459,
            "y": 0.15543824434280396,
            "z": 0.20912033319473267
        },
        "3": {
            "name": "Left Ankle",
            "x": -0.3114597499370575,
            "y": 0.2918171286582947,
            "z": 0.10647149384021759
        },
        "4": {
            "name": "Right Hip",
            "x": -0.026427136734128,
            "y": 0.06338821351528168,
            "z": 0.636409342288971
        },
        "5": {
            "name": "Right Knee",
            "x": 0.16586044430732727,
            "y": -0.013136566616594791,
            "z": 0.31038522720336914
        },
        "6": {
            "name": "Right Ankle",
            "x": 0.14403854310512543,
            "y": 0.001992579083889723,
            "z": 0.0
        },
        "7": {
            "name": "Center of Body",
            "x": 0.05047053098678589,
            "y": -0.011269776150584221,
            "z": 0.7660539746284485
        },
        "8": {
            "name": "Center of Shoulder",
            "x": 0.1457129716873169,
            "y": -0.042101506143808365,
            "z": 0.9519956707954407
        },
        "9": {
            "name": "Neck",
            "x": 0.1649152785539627,
            "y": -0.04407007619738579,
            "z": 0.9685633182525635
        },
        "10": {
            "name": "Head",
            "x": 0.2174355685710907,
            "y": -0.08456964790821075,
            "z": 1.0
        },
        "11": {
            "name": "Right Shoulder",
            "x": 0.0950833261013031,
            "y": 0.00946082267910242,
            "z": 0.9799017310142517
        },
        "12": {
            "name": "Right Elbow",
            "x": -0.04233550652861595,
            "y": 0.013271212577819824,
            "z": 0.861502468585968
        },
        "13": {
            "name": "Right Wrist",
            "x": -0.03669608756899834,
            "y": 0.1625642478466034,
            "z": 0.7610844969749451
        },
        "14": {
            "name": "Left Shoulder",
            "x": 0.18919458985328674,
            "y": -0.10516612231731415,
            "z": 0.9038504362106323
        },
        "15": {
            "name": "Left Elbow",
            "x": 0.26249173283576965,
            "y": -0.1906351000070572,
            "z": 0.7524842023849487
        },
        "16": {
            "name": "Left Wrist",
            "x": 0.4111108183860779,
            "y": -0.22958818078041077,
            "z": 0.7084963917732239
        }
    }
}