{
    "image_path": "00021/img/6.jpg",
    "shooter_tracklet_id": 11,
    "bbox": {
        "x": 199,
        "y": 828,
        "w": 100,
        "h": 100
    },
    "keypont_2d": {
        "0": {
            "name": "Center of Hips",
            "x": 55.28,
            "y": 44.39
        },
        "1": {
            "name": "Left Hip",
            "x": 52.14,
            "y": 47.24
        },
        "2": {
            "name": "Left Knee",
            "x": 57.52,
            "y": 73.26
        },
        "3": {
            "name": "Left Ankle",
            "x": 80.09,
            "y": 75.85
        },
        "4": {
            "name": "Right Hip",
            "x": 58.54,
            "y": 41.94
        },
        "5": {
            "name": "Right Knee",
            "x": 47.2,
            "y": 67.96
        },
        "6": {
            "name": "Right Ankle",
            "x": 54.6,
            "y": 86.7
        },
        "7": {
            "name": "Center of Body",
            "x": 51.16,
            "y": 31.23
        },
        "8": {
            "name": "Center of Shoulder",
            "x": 44.79,
            "y": 17.28
        },
        "9": {
            "name": "Neck",
            "x": 42.76,
            "y": 15.34
        },
        "10": {
            "name": "Head",
            "x": 39.48,
            "y": 14.02
        },
        "11": {
            "name": "Right Shoulder",
            "x": 47.93,
            "y": 16.03
        },
        "12": {
            "name": "Right Elbow",
            "x": 55.39,
            "y": 25.7
        },
        "13": {
            "name": "Right Wrist",
            "x": 48.03,
            "y": 39.02
        },
        "14": {
            "name": "Left Shoulder",
            "x": 42.08,
            "y": 19.17
        },
        "15": {
            "name": "Left Elbow",
            "x": 34.05,
            "y": 27.01
        },
        "16": {
            "name": "Left Wrist",
            "x": 20.26,
            "y": 27.6
        }
    },
    "keypont_3d": {
        "0": {
            "name": "Center of Hips",
            "x": 0.0,
            "y": 0.0,
            "z": 0.6012377142906189
        },
        "1": {
            "name": "Left Hip",
            "x": 0.018127575516700745,
            "y": -0.0470140315592289,
            "z": 0.5460488796234131
        },
        "2": {
            "name": "Left Knee",
            "x": -0.036182571202516556,
            "y": 0.10411137342453003,
            "z": 0.20590391755104065
        },
        "3": {
            "name": "Left Ankle",
            "x": -0.3038766384124756,
            "y": 0.24102680385112762,
            "z": 0.13772030174732208
        },
        "4": {
            "name": "Right Hip",
            "x": -0.02933916449546814,
            "y": 0.06734079122543335,
            "z": 0.6353681683540344
        },
        "5": {
            "name": "Right Knee",
            "x": 0.12201960384845734,
            "y": 0.024838708341121674,
            "z": 0.2891967296600342
        },
        "6": {
            "name": "Right Ankle",
            "x": 0.016178887337446213,
            "y": 0.04795096069574356,
            "z": 0.0
        },
        "7": {
            "name": "Center of Body",
            "x": 0.046476032584905624,
            "y": -0.02259916067123413,
            "z": 0.7649020552635193
        },
        "8": {
            "name": "Center of Shoulder",
            "x": 0.1322460174560547,
            "y": -0.053714819252491,
            "z": 0.9569352865219116
        },
        "9": {
            "name": "Neck",
            "x": 0.15193668007850647,
            "y": -0.056378189474344254,
            "z": 0.9716083407402039
        },
        "10": {
            "name": "Head",
            "x": 0.19487132132053375,
            "y": -0.0972013920545578,
            "z": 1.0
        },
        "11": {
            "name": "Right Shoulder",
            "x": 0.10199619084596634,
            "y": 0.015022755600512028,
            "z": 0.9849711656570435
        },
        "12": {
            "name": "Right Elbow",
            "x": 0.03312882408499718,
            "y": 0.10894972085952759,
            "z": 0.8725599646568298
        },
        "13": {
            "name": "Right Wrist",
            "x": 0.12034028768539429,
            "y": 0.15267032384872437,
            "z": 0.7062235474586487
        },
        "14": {
            "name": "Left Shoulder",
            "x": 0.15305909514427185,
            "y": -0.12315966933965683,
            "z": 0.9101553559303284
        },
        "15": {
            "name": "Left Elbow",
            "x": 0.22809316217899323,
            "y": -0.21521525084972382,
            "z": 0.784584105014801
        },
        "16": {
            "name": "Left Wrist",
            "x": 0.39627623558044434,
            "y": -0.24562270939350128,
            "z": 0.7680895328521729
        }
    }
}