{
    "image_path": "00021/img/7.jpg",
    "shooter_tracklet_id": 11,
    "bbox": {
        "x": 200,
        "y": 830,
        "w": 100,
        "h": 100
    },
    "keypont_2d": {
        "0": {
            "name": "Center of Hips",
            "x": 56.15,
            "y": 43.15
        },
        "1": {
            "name": "Left Hip",
            "x": 52.45,
            "y": 47.98
        },
        "2": {
            "name": "Left Knee",
            "x": 53.29,
            "y": 71.74
        },
        "3": {
            "name": "Left Ankle",
            "x": 74.01,
            "y": 74.2
        },
        "4": {
            "name": "Right Hip",
            "x": 58.95,
            "y": 39.29
        },
        "5": {
            "name": "Right Knee",
            "x": 57.76,
            "y": 67.22
        },
        "6": {
            "name": "Right Ankle",
            "x": 65.13,
            "y": 86.7
        },
        "7": {
            "name": "Center of Body",
            "x": 51.83,
            "y": 29.47
        },
        "8": {
            "name": "Center of Shoulder",
            "x": 46.8,
            "y": 16.85
        },
        "9": {
            "name": "Neck",
            "x": 44.87,
            "y": 14.99
        },
        "10": {
            "name": "Head",
            "x": 40.78,
            "y": 13.04
        },
        "11": {
            "name": "Right Shoulder",
            "x": 49.96,
            "y": 15.45
        },
        "12": {
            "name": "Right Elbow",
            "x": 56.77,
            "y": 27.75
        },
        "13": {
            "name": "Right Wrist",
            "x": 42.76,
            "y": 40.17
        },
        "14": {
            "name": "Left Shoulder",
            "x": 41.66,
            "y": 19.33
        },
        "15": {
            "name": "Left Elbow",
            "x": 35.86,
            "y": 24.47
        },
        "16": {
            "name": "Left Wrist",
            "x": 21.55,
            "y": 20.27
        }
    },
    "keypont_3d": {
        "0": {
            "name": "Center of Hips",
            "x": 0.0,
            "y": 0.0,
            "z": 0.5993329882621765
        },
        "1": {
            "name": "Left Hip",
            "x": 0.021712491288781166,
            "y": -0.06429677456617355,
            "z": 0.5310553908348083
        },
        "2": {
            "name": "Left Knee",
            "x": 0.03054947219789028,
            "y": 0.032395608723163605,
            "z": 0.2049502432346344
        },
        "3": {
            "name": "Left Ankle",
            "x": -0.2523691952228546,
            "y": 0.16419515013694763,
            "z": 0.1456492841243744
        },
        "4": {
            "name": "Right Hip",
            "x": -0.03866810351610184,
            "y": 0.060698892921209335,
            "z": 0.6414760947227478
        },
        "5": {
            "name": "Right Knee",
            "x": 0.03963972628116608,
            "y": 0.049189262092113495,
            "z": 0.27478450536727905
        },
        "6": {
            "name": "Right Ankle",
            "x": -0.05396709218621254,
            "y": 0.0543779581785202,
            "z": 0.0
        },
        "7": {
            "name": "Center of Body",
            "x": 0.04355199262499809,
            "y": -0.023254605010151863,
            "z": 0.764684796333313
        },
        "8": {
            "name": "Center of Shoulder",
            "x": 0.12176787108182907,
            "y": -0.05293326452374458,
            "z": 0.9567587971687317
        },
        "9": {
            "name": "Neck",
            "x": 0.14435017108917236,
            "y": -0.05811804533004761,
            "z": 0.9733517169952393
        },
        "10": {
            "name": "Head",
            "x": 0.18609783053398132,
            "y": -0.09935733675956726,
            "z": 1.0
        },
        "11": {
            "name": "Right Shoulder",
            "x": 0.10333675891160965,
            "y": 0.022874388843774796,
            "z": 0.9881552457809448
        },
        "12": {
            "name": "Right Elbow",
            "x": 0.05813005194067955,
            "y": 0.16355913877487183,
            "z": 0.8475106954574585
        },
        "13": {
            "name": "Right Wrist",
            "x": 0.20235244929790497,
            "y": 0.15082620084285736,
            "z": 0.6906842589378357
        },
        "14": {
            "name": "Left Shoulder",
            "x": 0.1485130488872528,
            "y": -0.129147469997406,
            "z": 0.9083133339881897
        },
        "15": {
            "name": "Left Elbow",
            "x": 0.20738926529884338,
            "y": -0.22926460206508636,
            "z": 0.8074948787689209
        },
        "16": {
            "name": "Left Wrist",
            "x": 0.39722320437431335,
            "y": -0.24360114336013794,
            "z": 0.8453754186630249
        }
    }
}