{
    "image_path": "00021/img/8.jpg",
    "shooter_tracklet_id": 11,
    "bbox": {
        "x": 200,
        "y": 841,
        "w": 100,
        "h": 100
    },
    "keypoint_2d": {
        "0": {
            "name": "Center of Hips",
            "x": 48.99,
            "y": 43.84
        },
        "1": {
            "name": "Left Hip",
            "x": 45.19,
            "y": 46.92
        },
        "2": {
            "name": "Left Knee",
            "x": 31.83,
            "y": 65.19
        },
        "3": {
            "name": "Left Ankle",
            "x": 52.03,
            "y": 78.66
        },
        "4": {
            "name": "Right Hip",
            "x": 52.17,
            "y": 41.3
        },
        "5": {
            "name": "Right Knee",
            "x": 58.77,
            "y": 66.3
        },
        "6": {
            "name": "Right Ankle",
            "x": 73.02,
            "y": 81.93
        },
        "7": {
            "name": "Center of Body",
            "x": 45.89,
            "y": 33.26
        },
        "8": {
            "name": "Center of Shoulder",
            "x": 39.67,
            "y": 20.4
        },
        "9": {
            "name": "Neck",
            "x": 37.34,
            "y": 16.98
        },
        "10": {
            "name": "Head",
            "x": 31.09,
            "y": 13.53
        },
        "11": {
            "name": "Right Shoulder",
            "x": 38.53,
            "y": 19.57
        },
        "12": {
            "name": "Right Elbow",
            "x": 36.91,
            "y": 30.5
        },
        "13": {
            "name": "Right Wrist",
            "x": 26.15,
            "y": 39.67
        },
        "14": {
            "name": "Left Shoulder",
            "x": 40.71,
            "y": 21.14
        },
        "15": {
            "name": "Left Elbow",
            "x": 43.14,
            "y": 17.87
        },
        "16": {
            "name": "Left Wrist",
            "x": 35.66,
            "y": 13.88
        }
    },
    "keypoint_3d": {
        "0": {
            "name": "Center of Hips",
            "x": 0.0,
            "y": 0.0,
            "z": 0.5888257026672363
        },
        "1": {
            "name": "Left Hip",
            "x": 0.01324195321649313,
            "y": -0.08063515275716782,
            "z": 0.531672477722168
        },
        "2": {
            "name": "Left Knee",
            "x": 0.1979246437549591,
            "y": -0.09313671290874481,
            "z": 0.27182504534721375
        },
        "3": {
            "name": "Left Ankle",
            "x": -0.043916523456573486,
            "y": 0.059890151023864746,
            "z": 0.08920826762914658
        },
        "4": {
            "name": "Right Hip",
            "x": -0.056543558835983276,
            "y": 0.004602933768182993,
            "z": 0.6217454671859741
        },
        "5": {
            "name": "Right Knee",
            "x": -0.06958208233118057,
            "y": 0.10843996703624725,
            "z": 0.2745361030101776
        },
        "6": {
            "name": "Right Ankle",
            "x": -0.17334632575511932,
            "y": 0.1633320152759552,
            "z": 0.0
        },
        "7": {
            "name": "Center of Body",
            "x": 0.03421315178275108,
            "y": -0.03300446271896362,
            "z": 0.7401115894317627
        },
        "8": {
            "name": "Center of Shoulder",
            "x": 0.11362253129482269,
            "y": -0.07273086160421371,
            "z": 0.9162967205047607
        },
        "9": {
            "name": "Neck",
            "x": 0.14075113832950592,
            "y": -0.06853533536195755,
            "z": 0.950652539730072
        },
        "10": {
            "name": "Head",
            "x": 0.20408615469932556,
            "y": -0.09878429770469666,
            "z": 1.0
        },
        "11": {
            "name": "Right Shoulder",
            "x": 0.14855025708675385,
            "y": -0.0002892389602493495,
            "z": 0.944985568523407
        },
        "12": {
            "name": "Right Elbow",
            "x": 0.20556947588920593,
            "y": 0.11724245548248291,
            "z": 0.8125385046005249
        },
        "13": {
            "name": "Right Wrist",
            "x": 0.3492427468299866,
            "y": 0.03692416101694107,
            "z": 0.6816648244857788
        },
        "14": {
            "name": "Left Shoulder",
            "x": 0.06437389552593231,
            "y": -0.1476435363292694,
            "z": 0.8881208896636963
        },
        "15": {
            "name": "Left Elbow",
            "x": 0.012802592478692532,
            "y": -0.21776090562343597,
            "z": 0.8854846954345703
        },
        "16": {
            "name": "Left Wrist",
            "x": 0.0888570100069046,
            "y": -0.2506760060787201,
            "z": 0.9624311327934265
        }
    }
}