{
    "image_path": "00021/img/9.jpg",
    "shooter_tracklet_id": 11,
    "bbox": {
        "x": 198,
        "y": 843,
        "w": 100,
        "h": 100
    },
    "keypont_2d": {
        "0": {
            "name": "Center of Hips",
            "x": 47.76,
            "y": 44.57
        },
        "1": {
            "name": "Left Hip",
            "x": 43.63,
            "y": 48.59
        },
        "2": {
            "name": "Left Knee",
            "x": 26.98,
            "y": 63.19
        },
        "3": {
            "name": "Left Ankle",
            "x": 37.67,
            "y": 84.89
        },
        "4": {
            "name": "Right Hip",
            "x": 51.5,
            "y": 41.41
        },
        "5": {
            "name": "Right Knee",
            "x": 61.18,
            "y": 65.16
        },
        "6": {
            "name": "Right Ankle",
            "x": 79.43,
            "y": 78.64
        },
        "7": {
            "name": "Center of Body",
            "x": 42.7,
            "y": 32.99
        },
        "8": {
            "name": "Center of Shoulder",
            "x": 36.92,
            "y": 18.9
        },
        "9": {
            "name": "Neck",
            "x": 36.71,
            "y": 16.69
        },
        "10": {
            "name": "Head",
            "x": 32.63,
            "y": 13.61
        },
        "11": {
            "name": "Right Shoulder",
            "x": 34.98,
            "y": 18.14
        },
        "12": {
            "name": "Right Elbow",
            "x": 34.28,
            "y": 36.35
        },
        "13": {
            "name": "Right Wrist",
            "x": 25.83,
            "y": 42.63
        },
        "14": {
            "name": "Left Shoulder",
            "x": 38.59,
            "y": 19.6
        },
        "15": {
            "name": "Left Elbow",
            "x": 43.95,
            "y": 18.89
        },
        "16": {
            "name": "Left Wrist",
            "x": 35.77,
            "y": 17.4
        }
    },
    "keypont_3d": {
        "0": {
            "name": "Center of Hips",
            "x": 0.0,
            "y": 0.0,
            "z": 0.5545059442520142
        },
        "1": {
            "name": "Left Hip",
            "x": 0.01147898193448782,
            "y": -0.08066029101610184,
            "z": 0.49306997656822205
        },
        "2": {
            "name": "Left Knee",
            "x": 0.2525312304496765,
            "y": -0.10184925049543381,
            "z": 0.22778117656707764
        },
        "3": {
            "name": "Left Ankle",
            "x": 0.0013652120251208544,
            "y": 0.07444875687360764,
            "z": 0.0
        },
        "4": {
            "name": "Right Hip",
            "x": -0.06916162371635437,
            "y": -0.0030408455058932304,
            "z": 0.5896409749984741
        },
        "5": {
            "name": "Right Knee",
            "x": -0.14299632608890533,
            "y": 0.16308410465717316,
            "z": 0.23638701438903809
        },
        "6": {
            "name": "Right Ankle",
            "x": -0.34533825516700745,
            "y": 0.3010667860507965,
            "z": 0.011382503435015678
        },
        "7": {
            "name": "Center of Body",
            "x": 0.04560461640357971,
            "y": -0.02930895984172821,
            "z": 0.7141852974891663
        },
        "8": {
            "name": "Center of Shoulder",
            "x": 0.12650500237941742,
            "y": -0.06785695999860764,
            "z": 0.9107146859169006
        },
        "9": {
            "name": "Neck",
            "x": 0.14492329955101013,
            "y": -0.06879787892103195,
            "z": 0.9434571266174316
        },
        "10": {
            "name": "Head",
            "x": 0.1998058557510376,
            "y": -0.10214165598154068,
            "z": 1.0
        },
        "11": {
            "name": "Right Shoulder",
            "x": 0.17078404128551483,
            "y": -0.007764080539345741,
            "z": 0.9348406791687012
        },
        "12": {
            "name": "Right Elbow",
            "x": 0.24195891618728638,
            "y": 0.08379603177309036,
            "z": 0.7404142022132874
        },
        "13": {
            "name": "Right Wrist",
            "x": 0.34757551550865173,
            "y": -0.0030601704493165016,
            "z": 0.6064576506614685
        },
        "14": {
            "name": "Left Shoulder",
            "x": 0.07009261101484299,
            "y": -0.13749702274799347,
            "z": 0.8823031783103943
        },
        "15": {
            "name": "Left Elbow",
            "x": -0.02018381655216217,
            "y": -0.1905270367860794,
            "z": 0.8769410848617554
        },
        "16": {
            "name": "Left Wrist",
            "x": 0.06837409734725952,
            "y": -0.2731933295726776,
            "z": 0.9194883704185486
        }
    }
}