{
    "image_path": "00021/img/10.jpg",
    "shooter_tracklet_id": 11,
    "bbox": {
        "x": 196,
        "y": 847,
        "w": 100,
        "h": 100
    },
    "keypoint_2d": {
        "0": {
            "name": "Center of Hips",
            "x": 44.28,
            "y": 48.06
        },
        "1": {
            "name": "Left Hip",
            "x": 41.11,
            "y": 51.38
        },
        "2": {
            "name": "Left Knee",
            "x": 22.87,
            "y": 66.97
        },
        "3": {
            "name": "Left Ankle",
            "x": 26.32,
            "y": 87.69
        },
        "4": {
            "name": "Right Hip",
            "x": 47.83,
            "y": 44.89
        },
        "5": {
            "name": "Right Knee",
            "x": 60.03,
            "y": 66.31
        },
        "6": {
            "name": "Right Ankle",
            "x": 82.39,
            "y": 76.34
        },
        "7": {
            "name": "Center of Body",
            "x": 39.31,
            "y": 36.88
        },
        "8": {
            "name": "Center of Shoulder",
            "x": 34.68,
            "y": 21.38
        },
        "9": {
            "name": "Neck",
            "x": 34.05,
            "y": 19.61
        },
        "10": {
            "name": "Head",
            "x": 31.09,
            "y": 15.01
        },
        "11": {
            "name": "Right Shoulder",
            "x": 31.84,
            "y": 21.05
        },
        "12": {
            "name": "Right Elbow",
            "x": 33.97,
            "y": 31.95
        },
        "13": {
            "name": "Right Wrist",
            "x": 35.37,
            "y": 42.3
        },
        "14": {
            "name": "Left Shoulder",
            "x": 38.63,
            "y": 21.77
        },
        "15": {
            "name": "Left Elbow",
            "x": 47.37,
            "y": 25.7
        },
        "16": {
            "name": "Left Wrist",
            "x": 53.12,
            "y": 20.93
        }
    },
    "keypoint_3d": {
        "0": {
            "name": "Center of Hips",
            "x": 0.0,
            "y": 0.0,
            "z": 0.5686819553375244
        },
        "1": {
            "name": "Left Hip",
            "x": -0.0031109557021409273,
            "y": -0.0681992843747139,
            "z": 0.5132487416267395
        },
        "2": {
            "name": "Left Knee",
            "x": 0.27022087574005127,
            "y": -0.09203466027975082,
            "z": 0.271812379360199
        },
        "3": {
            "name": "Left Ankle",
            "x": 0.18075521290302277,
            "y": -0.0005271986592561007,
            "z": 0.0
        },
        "4": {
            "name": "Right Hip",
            "x": -0.07188217341899872,
            "y": -0.005919271148741245,
            "z": 0.6045053601264954
        },
        "5": {
            "name": "Right Knee",
            "x": -0.1976313591003418,
            "y": 0.15698164701461792,
            "z": 0.2974831759929657
        },
        "6": {
            "name": "Right Ankle",
            "x": -0.3743923306465149,
            "y": 0.23252424597740173,
            "z": 0.12443132698535919
        },
        "7": {
            "name": "Center of Body",
            "x": 0.045600615441799164,
            "y": -0.020533686503767967,
            "z": 0.7234055399894714
        },
        "8": {
            "name": "Center of Shoulder",
            "x": 0.11292017251253128,
            "y": -0.06118549406528473,
            "z": 0.9230836033821106
        },
        "9": {
            "name": "Neck",
            "x": 0.11869725584983826,
            "y": -0.06392484903335571,
            "z": 0.9412469267845154
        },
        "10": {
            "name": "Head",
            "x": 0.15733811259269714,
            "y": -0.09829604625701904,
            "z": 1.0
        },
        "11": {
            "name": "Right Shoulder",
            "x": 0.16817395389080048,
            "y": -0.033073101192712784,
            "z": 0.9431753158569336
        },
        "12": {
            "name": "Right Elbow",
            "x": 0.20596136152744293,
            "y": 0.10455086082220078,
            "z": 0.7970442771911621
        },
        "13": {
            "name": "Right Wrist",
            "x": 0.24348169565200806,
            "y": 0.11685476452112198,
            "z": 0.6611720323562622
        },
        "14": {
            "name": "Left Shoulder",
            "x": 0.047548770904541016,
            "y": -0.09897100925445557,
            "z": 0.9057061076164246
        },
        "15": {
            "name": "Left Elbow",
            "x": -0.057375915348529816,
            "y": -0.04611419886350632,
            "z": 0.8755670189857483
        },
        "16": {
            "name": "Left Wrist",
            "x": -0.08912293612957001,
            "y": -0.1099596917629242,
            "z": 0.9345332980155945
        }
    }
}