{
    "image_path": "00021/img/11.jpg",
    "shooter_tracklet_id": 11,
    "bbox": {
        "x": 196,
        "y": 850,
        "w": 100,
        "h": 100
    },
    "keypoint_2d": {
        "0": {
            "name": "Center of Hips",
            "x": 43.09,
            "y": 48.22
        },
        "1": {
            "name": "Left Hip",
            "x": 41.16,
            "y": 51.05
        },
        "2": {
            "name": "Left Knee",
            "x": 23.38,
            "y": 67.5
        },
        "3": {
            "name": "Left Ankle",
            "x": 14.65,
            "y": 83.58
        },
        "4": {
            "name": "Right Hip",
            "x": 45.18,
            "y": 44.96
        },
        "5": {
            "name": "Right Knee",
            "x": 56.41,
            "y": 68.61
        },
        "6": {
            "name": "Right Ankle",
            "x": 80.59,
            "y": 68.29
        },
        "7": {
            "name": "Center of Body",
            "x": 39.83,
            "y": 36.33
        },
        "8": {
            "name": "Center of Shoulder",
            "x": 35.73,
            "y": 22.63
        },
        "9": {
            "name": "Neck",
            "x": 34.87,
            "y": 21.26
        },
        "10": {
            "name": "Head",
            "x": 31.75,
            "y": 18.3
        },
        "11": {
            "name": "Right Shoulder",
            "x": 33.27,
            "y": 22.6
        },
        "12": {
            "name": "Right Elbow",
            "x": 35.98,
            "y": 33.37
        },
        "13": {
            "name": "Right Wrist",
            "x": 35.69,
            "y": 44.28
        },
        "14": {
            "name": "Left Shoulder",
            "x": 39.08,
            "y": 22.48
        },
        "15": {
            "name": "Left Elbow",
            "x": 47.53,
            "y": 26.35
        },
        "16": {
            "name": "Left Wrist",
            "x": 53.12,
            "y": 18.95
        }
    },
    "keypoint_3d": {
        "0": {
            "name": "Center of Hips",
            "x": 0.0,
            "y": 0.0,
            "z": 0.5852116942405701
        },
        "1": {
            "name": "Left Hip",
            "x": -0.007361898198723793,
            "y": -0.06497708708047867,
            "z": 0.5313799381256104
        },
        "2": {
            "name": "Left Knee",
            "x": 0.2711309492588043,
            "y": -0.08946404606103897,
            "z": 0.26938655972480774
        },
        "3": {
            "name": "Left Ankle",
            "x": 0.21050971746444702,
            "y": -0.025338072329759598,
            "z": 0.0
        },
        "4": {
            "name": "Right Hip",
            "x": -0.056114569306373596,
            "y": -0.0044463882222771645,
            "z": 0.6156277060508728
        },
        "5": {
            "name": "Right Knee",
            "x": -0.20263001322746277,
            "y": 0.13925501704216003,
            "z": 0.2861189842224121
        },
        "6": {
            "name": "Right Ankle",
            "x": -0.41155192255973816,
            "y": 0.048515237867832184,
            "z": 0.27504146099090576
        },
        "7": {
            "name": "Center of Body",
            "x": 0.040389616042375565,
            "y": -0.015235131606459618,
            "z": 0.7525193095207214
        },
        "8": {
            "name": "Center of Shoulder",
            "x": 0.09163636714220047,
            "y": -0.06814984232187271,
            "z": 0.9426300525665283
        },
        "9": {
            "name": "Neck",
            "x": 0.09640628844499588,
            "y": -0.08782049268484116,
            "z": 0.9557452201843262
        },
        "10": {
            "name": "Head",
            "x": 0.12868429720401764,
            "y": -0.13409394025802612,
            "z": 1.0
        },
        "11": {
            "name": "Right Shoulder",
            "x": 0.1439686119556427,
            "y": -0.04036123305559158,
            "z": 0.9572396278381348
        },
        "12": {
            "name": "Right Elbow",
            "x": 0.16991367936134338,
            "y": 0.11700181663036346,
            "z": 0.8286172747612
        },
        "13": {
            "name": "Right Wrist",
            "x": 0.17743434011936188,
            "y": 0.14840734004974365,
            "z": 0.6843545436859131
        },
        "14": {
            "name": "Left Shoulder",
            "x": 0.02339702472090721,
            "y": -0.09218508005142212,
            "z": 0.9367101192474365
        },
        "15": {
            "name": "Left Elbow",
            "x": -0.09430810064077377,
            "y": -0.0336897149682045,
            "z": 0.8914504647254944
        },
        "16": {
            "name": "Left Wrist",
            "x": -0.18051385879516602,
            "y": -0.04431918263435364,
            "z": 0.9690500497817993
        }
    }
}