{
    "image_path": "00021/img/12.jpg",
    "shooter_tracklet_id": 11,
    "bbox": {
        "x": 196,
        "y": 851,
        "w": 100,
        "h": 100
    },
    "keypoint_2d": {
        "0": {
            "name": "Center of Hips",
            "x": 44.35,
            "y": 52.05
        },
        "1": {
            "name": "Left Hip",
            "x": 42.46,
            "y": 55.0
        },
        "2": {
            "name": "Left Knee",
            "x": 23.62,
            "y": 73.44
        },
        "3": {
            "name": "Left Ankle",
            "x": 14.23,
            "y": 86.21
        },
        "4": {
            "name": "Right Hip",
            "x": 46.01,
            "y": 48.43
        },
        "5": {
            "name": "Right Knee",
            "x": 54.74,
            "y": 71.11
        },
        "6": {
            "name": "Right Ankle",
            "x": 73.84,
            "y": 63.68
        },
        "7": {
            "name": "Center of Body",
            "x": 40.19,
            "y": 38.35
        },
        "8": {
            "name": "Center of Shoulder",
            "x": 37.15,
            "y": 23.68
        },
        "9": {
            "name": "Neck",
            "x": 36.96,
            "y": 22.35
        },
        "10": {
            "name": "Head",
            "x": 34.34,
            "y": 20.05
        },
        "11": {
            "name": "Right Shoulder",
            "x": 34.93,
            "y": 24.26
        },
        "12": {
            "name": "Right Elbow",
            "x": 33.48,
            "y": 34.96
        },
        "13": {
            "name": "Right Wrist",
            "x": 37.71,
            "y": 46.15
        },
        "14": {
            "name": "Left Shoulder",
            "x": 40.97,
            "y": 22.99
        },
        "15": {
            "name": "Left Elbow",
            "x": 46.79,
            "y": 25.04
        },
        "16": {
            "name": "Left Wrist",
            "x": 52.33,
            "y": 20.23
        }
    },
    "keypoint_3d": {
        "0": {
            "name": "Center of Hips",
            "x": 0.0,
            "y": 0.0,
            "z": 0.5545379519462585
        },
        "1": {
            "name": "Left Hip",
            "x": -0.02113979309797287,
            "y": -0.06132861599326134,
            "z": 0.49388864636421204
        },
        "2": {
            "name": "Left Knee",
            "x": 0.2644672691822052,
            "y": -0.09907088428735733,
            "z": 0.2368766963481903
        },
        "3": {
            "name": "Left Ankle",
            "x": 0.2709310054779053,
            "y": -0.11713294684886932,
            "z": 0.0
        },
        "4": {
            "name": "Right Hip",
            "x": -0.05284162610769272,
            "y": -0.007131400518119335,
            "z": 0.5812764167785645
        },
        "5": {
            "name": "Right Knee",
            "x": -0.17888429760932922,
            "y": 0.09852270036935806,
            "z": 0.23264861106872559
        },
        "6": {
            "name": "Right Ankle",
            "x": -0.4113207757472992,
            "y": -0.03473486751317978,
            "z": 0.2533969283103943
        },
        "7": {
            "name": "Center of Body",
            "x": 0.02816825546324253,
            "y": -0.01176500879228115,
            "z": 0.7384662628173828
        },
        "8": {
            "name": "Center of Shoulder",
            "x": 0.07402710616588593,
            "y": -0.0664362981915474,
            "z": 0.9381768703460693
        },
        "9": {
            "name": "Neck",
            "x": 0.07386267185211182,
            "y": -0.09192969650030136,
            "z": 0.9544610977172852
        },
        "10": {
            "name": "Head",
            "x": 0.10177446901798248,
            "y": -0.14549407362937927,
            "z": 0.9920656085014343
        },
        "11": {
            "name": "Right Shoulder",
            "x": 0.11637967824935913,
            "y": -0.05254083871841431,
            "z": 0.9390307068824768
        },
        "12": {
            "name": "Right Elbow",
            "x": 0.1794808954000473,
            "y": 0.10099373012781143,
            "z": 0.816788911819458
        },
        "13": {
            "name": "Right Wrist",
            "x": 0.16418342292308807,
            "y": 0.1463257074356079,
            "z": 0.654274046421051
        },
        "14": {
            "name": "Left Shoulder",
            "x": 0.009381008334457874,
            "y": -0.08688341826200485,
            "z": 0.9438003897666931
        },
        "15": {
            "name": "Left Elbow",
            "x": -0.0838494673371315,
            "y": -0.012619048357009888,
            "z": 0.9421239495277405
        },
        "16": {
            "name": "Left Wrist",
            "x": -0.17803922295570374,
            "y": -0.03393681347370148,
            "z": 1.0
        }
    }
}