{
    "image_path": "00021/img/13.jpg",
    "shooter_tracklet_id": 11,
    "bbox": {
        "x": 199,
        "y": 852,
        "w": 100,
        "h": 100
    },
    "keypont_2d": {
        "0": {
            "name": "Center of Hips",
            "x": 48.76,
            "y": 52.46
        },
        "1": {
            "name": "Left Hip",
            "x": 46.99,
            "y": 54.75
        },
        "2": {
            "name": "Left Knee",
            "x": 30.76,
            "y": 70.26
        },
        "3": {
            "name": "Left Ankle",
            "x": 20.73,
            "y": 87.2
        },
        "4": {
            "name": "Right Hip",
            "x": 50.76,
            "y": 50.07
        },
        "5": {
            "name": "Right Knee",
            "x": 40.68,
            "y": 69.54
        },
        "6": {
            "name": "Right Ankle",
            "x": 60.52,
            "y": 66.81
        },
        "7": {
            "name": "Center of Body",
            "x": 46.49,
            "y": 37.89
        },
        "8": {
            "name": "Center of Shoulder",
            "x": 43.81,
            "y": 23.64
        },
        "9": {
            "name": "Neck",
            "x": 43.0,
            "y": 21.99
        },
        "10": {
            "name": "Head",
            "x": 40.38,
            "y": 19.65
        },
        "11": {
            "name": "Right Shoulder",
            "x": 42.46,
            "y": 24.67
        },
        "12": {
            "name": "Right Elbow",
            "x": 58.39,
            "y": 38.36
        },
        "13": {
            "name": "Right Wrist",
            "x": 66.28,
            "y": 49.05
        },
        "14": {
            "name": "Left Shoulder",
            "x": 44.88,
            "y": 22.49
        },
        "15": {
            "name": "Left Elbow",
            "x": 47.26,
            "y": 18.85
        },
        "16": {
            "name": "Left Wrist",
            "x": 44.29,
            "y": 11.83
        }
    },
    "keypont_3d": {
        "0": {
            "name": "Center of Hips",
            "x": 0.0,
            "y": 0.0,
            "z": 0.5055538415908813
        },
        "1": {
            "name": "Left Hip",
            "x": -0.022704163566231728,
            "y": -0.07257231324911118,
            "z": 0.45161348581314087
        },
        "2": {
            "name": "Left Knee",
            "x": 0.18443270027637482,
            "y": -0.1196703091263771,
            "z": 0.2198963314294815
        },
        "3": {
            "name": "Left Ankle",
            "x": 0.24424681067466736,
            "y": -0.13484716415405273,
            "z": 0.0
        },
        "4": {
            "name": "Right Hip",
            "x": -0.008236132562160492,
            "y": 0.0789230689406395,
            "z": 0.5320714712142944
        },
        "5": {
            "name": "Right Knee",
            "x": 0.06719425320625305,
            "y": -0.03686864674091339,
            "z": 0.2322995960712433
        },
        "6": {
            "name": "Right Ankle",
            "x": -0.25884008407592773,
            "y": -0.035171028226614,
            "z": 0.23405863344669342
        },
        "7": {
            "name": "Center of Body",
            "x": 0.016573607921600342,
            "y": -0.006863047368824482,
            "z": 0.6756728291511536
        },
        "8": {
            "name": "Center of Shoulder",
            "x": 0.04725522920489311,
            "y": -0.05057767033576965,
            "z": 0.8522815704345703
        },
        "9": {
            "name": "Neck",
            "x": 0.051554881036281586,
            "y": -0.07548839598894119,
            "z": 0.8798124194145203
        },
        "10": {
            "name": "Head",
            "x": 0.07345941662788391,
            "y": -0.12086184322834015,
            "z": 0.90935879945755
        },
        "11": {
            "name": "Right Shoulder",
            "x": 0.06913895905017853,
            "y": -0.017758864909410477,
            "z": 0.8498921394348145
        },
        "12": {
            "name": "Right Elbow",
            "x": -0.06846963614225388,
            "y": 0.11925818026065826,
            "z": 0.6964713931083679
        },
        "13": {
            "name": "Right Wrist",
            "x": -0.052024371922016144,
            "y": 0.17865461111068726,
            "z": 0.5667369961738586
        },
        "14": {
            "name": "Left Shoulder",
            "x": 0.0009499169536866248,
            "y": -0.09509982168674469,
            "z": 0.8654056191444397
        },
        "15": {
            "name": "Left Elbow",
            "x": -0.05518272891640663,
            "y": -0.0932224914431572,
            "z": 0.8981348872184753
        },
        "16": {
            "name": "Left Wrist",
            "x": -0.02685704082250595,
            "y": -0.11911739408969879,
            "z": 1.0
        }
    }
}