{
    "image_path": "00021/img/14.jpg",
    "shooter_tracklet_id": 11,
    "bbox": {
        "x": 199,
        "y": 850,
        "w": 100,
        "h": 100
    },
    "keypont_2d": {
        "0": {
            "name": "Center of Hips",
            "x": 56.52,
            "y": 50.48
        },
        "1": {
            "name": "Left Hip",
            "x": 56.83,
            "y": 52.95
        },
        "2": {
            "name": "Left Knee",
            "x": 42.11,
            "y": 68.61
        },
        "3": {
            "name": "Left Ankle",
            "x": 35.8,
            "y": 85.33
        },
        "4": {
            "name": "Right Hip",
            "x": 55.79,
            "y": 47.7
        },
        "5": {
            "name": "Right Knee",
            "x": 41.61,
            "y": 60.72
        },
        "6": {
            "name": "Right Ankle",
            "x": 47.53,
            "y": 76.84
        },
        "7": {
            "name": "Center of Body",
            "x": 54.81,
            "y": 37.85
        },
        "8": {
            "name": "Center of Shoulder",
            "x": 52.32,
            "y": 21.36
        },
        "9": {
            "name": "Neck",
            "x": 50.83,
            "y": 19.0
        },
        "10": {
            "name": "Head",
            "x": 46.65,
            "y": 16.9
        },
        "11": {
            "name": "Right Shoulder",
            "x": 55.16,
            "y": 22.36
        },
        "12": {
            "name": "Right Elbow",
            "x": 64.92,
            "y": 39.17
        },
        "13": {
            "name": "Right Wrist",
            "x": 71.67,
            "y": 50.97
        },
        "14": {
            "name": "Left Shoulder",
            "x": 49.78,
            "y": 20.44
        },
        "15": {
            "name": "Left Elbow",
            "x": 42.08,
            "y": 14.72
        },
        "16": {
            "name": "Left Wrist",
            "x": 35.83,
            "y": 11.7
        }
    },
    "keypont_3d": {
        "0": {
            "name": "Center of Hips",
            "x": 0.0,
            "y": 0.0,
            "z": 0.5101834535598755
        },
        "1": {
            "name": "Left Hip",
            "x": -0.050981760025024414,
            "y": -0.06842252612113953,
            "z": 0.4574825167655945
        },
        "2": {
            "name": "Left Knee",
            "x": 0.11595913022756577,
            "y": -0.14348825812339783,
            "z": 0.23012010753154755
        },
        "3": {
            "name": "Left Ankle",
            "x": 0.19341225922107697,
            "y": -0.14318987727165222,
            "z": 0.0
        },
        "4": {
            "name": "Right Hip",
            "x": 0.010729897767305374,
            "y": 0.08456752449274063,
            "z": 0.5416854023933411
        },
        "5": {
            "name": "Right Knee",
            "x": 0.12727206945419312,
            "y": -0.13055625557899475,
            "z": 0.33237239718437195
        },
        "6": {
            "name": "Right Ankle",
            "x": 0.00036796554923057556,
            "y": -0.1742061972618103,
            "z": 0.08984290808439255
        },
        "7": {
            "name": "Center of Body",
            "x": 0.012546379119157791,
            "y": 0.003352457657456398,
            "z": 0.6726149320602417
        },
        "8": {
            "name": "Center of Shoulder",
            "x": 0.04033324122428894,
            "y": -0.03194492682814598,
            "z": 0.8542606234550476
        },
        "9": {
            "name": "Neck",
            "x": 0.047535400837659836,
            "y": -0.05113116279244423,
            "z": 0.888861894607544
        },
        "10": {
            "name": "Head",
            "x": 0.08252324163913727,
            "y": -0.09169973433017731,
            "z": 0.919324517250061
        },
        "11": {
            "name": "Right Shoulder",
            "x": 0.030156252905726433,
            "y": 0.019999822601675987,
            "z": 0.8558106422424316
        },
        "12": {
            "name": "Right Elbow",
            "x": -0.10935048013925552,
            "y": 0.09868975728750229,
            "z": 0.6607230305671692
        },
        "13": {
            "name": "Right Wrist",
            "x": -0.19441762566566467,
            "y": 0.1559528261423111,
            "z": 0.5014981031417847
        },
        "14": {
            "name": "Left Shoulder",
            "x": 0.024869924411177635,
            "y": -0.09442968666553497,
            "z": 0.864452600479126
        },
        "15": {
            "name": "Left Elbow",
            "x": 0.048750292509794235,
            "y": -0.1630902737379074,
            "z": 0.9046049118041992
        },
        "16": {
            "name": "Left Wrist",
            "x": 0.12468810379505157,
            "y": -0.16995280981063843,
            "z": 1.0
        }
    }
}