{
    "image_path": "00021/img/15.jpg",
    "shooter_tracklet_id": 11,
    "bbox": {
        "x": 199,
        "y": 847,
        "w": 100,
        "h": 100
    },
    "keypont_2d": {
        "0": {
            "name": "Center of Hips",
            "x": 66.54,
            "y": 45.88
        },
        "1": {
            "name": "Left Hip",
            "x": 64.56,
            "y": 48.77
        },
        "2": {
            "name": "Left Knee",
            "x": 48.52,
            "y": 66.64
        },
        "3": {
            "name": "Left Ankle",
            "x": 27.36,
            "y": 76.89
        },
        "4": {
            "name": "Right Hip",
            "x": 68.44,
            "y": 43.25
        },
        "5": {
            "name": "Right Knee",
            "x": 48.9,
            "y": 62.09
        },
        "6": {
            "name": "Right Ankle",
            "x": 51.71,
            "y": 88.39
        },
        "7": {
            "name": "Center of Body",
            "x": 64.51,
            "y": 32.11
        },
        "8": {
            "name": "Center of Shoulder",
            "x": 58.52,
            "y": 20.4
        },
        "9": {
            "name": "Neck",
            "x": 55.08,
            "y": 17.82
        },
        "10": {
            "name": "Head",
            "x": 47.48,
            "y": 17.2
        },
        "11": {
            "name": "Right Shoulder",
            "x": 64.52,
            "y": 22.11
        },
        "12": {
            "name": "Right Elbow",
            "x": 72.21,
            "y": 39.86
        },
        "13": {
            "name": "Right Wrist",
            "x": 74.34,
            "y": 54.31
        },
        "14": {
            "name": "Left Shoulder",
            "x": 51.43,
            "y": 19.19
        },
        "15": {
            "name": "Left Elbow",
            "x": 41.45,
            "y": 17.64
        },
        "16": {
            "name": "Left Wrist",
            "x": 26.76,
            "y": 14.74
        }
    },
    "keypont_3d": {
        "0": {
            "name": "Center of Hips",
            "x": 0.0,
            "y": 0.0,
            "z": 0.5427341461181641
        },
        "1": {
            "name": "Left Hip",
            "x": -0.044126659631729126,
            "y": -0.07028520852327347,
            "z": 0.49178415536880493
        },
        "2": {
            "name": "Left Knee",
            "x": 0.14581337571144104,
            "y": -0.14450499415397644,
            "z": 0.24657057225704193
        },
        "3": {
            "name": "Left Ankle",
            "x": 0.25489577651023865,
            "y": -0.1460462063550949,
            "z": 0.0
        },
        "4": {
            "name": "Right Hip",
            "x": -0.004542682319879532,
            "y": 0.09814721345901489,
            "z": 0.5727458596229553
        },
        "5": {
            "name": "Right Knee",
            "x": 0.17465977370738983,
            "y": -0.0905022919178009,
            "z": 0.334500253200531
        },
        "6": {
            "name": "Right Ankle",
            "x": 0.06281018257141113,
            "y": -0.1289026141166687,
            "z": 0.05387236177921295
        },
        "7": {
            "name": "Center of Body",
            "x": -0.0027686061803251505,
            "y": 0.003236802527680993,
            "z": 0.7223519682884216
        },
        "8": {
            "name": "Center of Shoulder",
            "x": 0.06151407212018967,
            "y": -0.02196306362748146,
            "z": 0.8866758346557617
        },
        "9": {
            "name": "Neck",
            "x": 0.10093763470649719,
            "y": -0.031278569251298904,
            "z": 0.9233117699623108
        },
        "10": {
            "name": "Head",
            "x": 0.16811411082744598,
            "y": -0.06546875089406967,
            "z": 0.9426478743553162
        },
        "11": {
            "name": "Right Shoulder",
            "x": 0.01036827638745308,
            "y": 0.057048797607421875,
            "z": 0.8745150566101074
        },
        "12": {
            "name": "Right Elbow",
            "x": -0.09033495932817459,
            "y": 0.1095833033323288,
            "z": 0.6466163396835327
        },
        "13": {
            "name": "Right Wrist",
            "x": -0.144629567861557,
            "y": 0.16737139225006104,
            "z": 0.4720860719680786
        },
        "14": {
            "name": "Left Shoulder",
            "x": 0.10607634484767914,
            "y": -0.08972570300102234,
            "z": 0.8902101516723633
        },
        "15": {
            "name": "Left Elbow",
            "x": 0.221553772687912,
            "y": -0.15961959958076477,
            "z": 0.9214391112327576
        },
        "16": {
            "name": "Left Wrist",
            "x": 0.3202233612537384,
            "y": -0.17198778688907623,
            "z": 1.0
        }
    }
}