{
    "image_path": "00021/img/16.jpg",
    "shooter_tracklet_id": 11,
    "bbox": {
        "x": 201,
        "y": 845,
        "w": 100,
        "h": 100
    },
    "keypont_2d": {
        "0": {
            "name": "Center of Hips",
            "x": 74.93,
            "y": 42.33
        },
        "1": {
            "name": "Left Hip",
            "x": 72.72,
            "y": 45.04
        },
        "2": {
            "name": "Left Knee",
            "x": 56.96,
            "y": 65.16
        },
        "3": {
            "name": "Left Ankle",
            "x": 63.81,
            "y": 85.55
        },
        "4": {
            "name": "Right Hip",
            "x": 77.19,
            "y": 39.75
        },
        "5": {
            "name": "Right Knee",
            "x": 53.01,
            "y": 58.85
        },
        "6": {
            "name": "Right Ankle",
            "x": 31.9,
            "y": 68.91
        },
        "7": {
            "name": "Center of Body",
            "x": 69.0,
            "y": 28.51
        },
        "8": {
            "name": "Center of Shoulder",
            "x": 61.11,
            "y": 16.95
        },
        "9": {
            "name": "Neck",
            "x": 60.02,
            "y": 16.01
        },
        "10": {
            "name": "Head",
            "x": 51.81,
            "y": 15.67
        },
        "11": {
            "name": "Right Shoulder",
            "x": 66.04,
            "y": 16.79
        },
        "12": {
            "name": "Right Elbow",
            "x": 74.67,
            "y": 25.2
        },
        "13": {
            "name": "Right Wrist",
            "x": 79.91,
            "y": 38.93
        },
        "14": {
            "name": "Left Shoulder",
            "x": 54.88,
            "y": 17.91
        },
        "15": {
            "name": "Left Elbow",
            "x": 44.22,
            "y": 19.34
        },
        "16": {
            "name": "Left Wrist",
            "x": 36.54,
            "y": 17.27
        }
    },
    "keypont_3d": {
        "0": {
            "name": "Center of Hips",
            "x": 0.0,
            "y": 0.0,
            "z": 0.6175240278244019
        },
        "1": {
            "name": "Left Hip",
            "x": -0.05192389711737633,
            "y": -0.06689110398292542,
            "z": 0.5561973452568054
        },
        "2": {
            "name": "Left Knee",
            "x": 0.16139690577983856,
            "y": -0.12567618489265442,
            "z": 0.290688157081604
        },
        "3": {
            "name": "Left Ankle",
            "x": 0.09230117499828339,
            "y": 0.015072420239448547,
            "z": 0.0
        },
        "4": {
            "name": "Right Hip",
            "x": -0.0580844022333622,
            "y": 0.10311215370893478,
            "z": 0.6534913182258606
        },
        "5": {
            "name": "Right Knee",
            "x": 0.24310243129730225,
            "y": -0.0341406911611557,
            "z": 0.3753793239593506
        },
        "6": {
            "name": "Right Ankle",
            "x": 0.24462836980819702,
            "y": -0.07621033489704132,
            "z": 0.08697126060724258
        },
        "7": {
            "name": "Center of Body",
            "x": 0.00902078952640295,
            "y": -0.002060507657006383,
            "z": 0.8010857701301575
        },
        "8": {
            "name": "Center of Shoulder",
            "x": 0.10105764120817184,
            "y": -0.03790696710348129,
            "z": 0.9560014009475708
        },
        "9": {
            "name": "Neck",
            "x": 0.14700447022914886,
            "y": -0.03208300843834877,
            "z": 0.9870112538337708
        },
        "10": {
            "name": "Head",
            "x": 0.23628640174865723,
            "y": -0.06780058890581131,
            "z": 1.0
        },
        "11": {
            "name": "Right Shoulder",
            "x": 0.05660941079258919,
            "y": 0.013588596135377884,
            "z": 0.9725930094718933
        },
        "12": {
            "name": "Right Elbow",
            "x": -0.09844961762428284,
            "y": 0.0007781427120789886,
            "z": 0.8224439024925232
        },
        "13": {
            "name": "Right Wrist",
            "x": -0.15495547652244568,
            "y": 0.07504430413246155,
            "z": 0.6423601508140564
        },
        "14": {
            "name": "Left Shoulder",
            "x": 0.17139993607997894,
            "y": -0.09420619159936905,
            "z": 0.9490687251091003
        },
        "15": {
            "name": "Left Elbow",
            "x": 0.309975802898407,
            "y": -0.1720348447561264,
            "z": 0.9373697638511658
        },
        "16": {
            "name": "Left Wrist",
            "x": 0.4484974145889282,
            "y": -0.1756034791469574,
            "z": 0.9794443249702454
        }
    }
}