{
    "image_path": "00021/img/17.jpg",
    "shooter_tracklet_id": 11,
    "bbox": {
        "x": 202,
        "y": 849,
        "w": 100,
        "h": 100
    },
    "keypont_2d": {
        "0": {
            "name": "Center of Hips",
            "x": 74.63,
            "y": 39.95
        },
        "1": {
            "name": "Left Hip",
            "x": 72.81,
            "y": 42.76
        },
        "2": {
            "name": "Left Knee",
            "x": 61.81,
            "y": 64.56
        },
        "3": {
            "name": "Left Ankle",
            "x": 70.06,
            "y": 83.08
        },
        "4": {
            "name": "Right Hip",
            "x": 75.89,
            "y": 37.96
        },
        "5": {
            "name": "Right Knee",
            "x": 54.26,
            "y": 53.89
        },
        "6": {
            "name": "Right Ankle",
            "x": 33.23,
            "y": 64.34
        },
        "7": {
            "name": "Center of Body",
            "x": 70.55,
            "y": 26.98
        },
        "8": {
            "name": "Center of Shoulder",
            "x": 62.56,
            "y": 18.04
        },
        "9": {
            "name": "Neck",
            "x": 59.73,
            "y": 16.59
        },
        "10": {
            "name": "Head",
            "x": 57.64,
            "y": 15.07
        },
        "11": {
            "name": "Right Shoulder",
            "x": 67.22,
            "y": 17.79
        },
        "12": {
            "name": "Right Elbow",
            "x": 76.29,
            "y": 22.68
        },
        "13": {
            "name": "Right Wrist",
            "x": 79.29,
            "y": 35.41
        },
        "14": {
            "name": "Left Shoulder",
            "x": 57.45,
            "y": 19.63
        },
        "15": {
            "name": "Left Elbow",
            "x": 46.98,
            "y": 23.73
        },
        "16": {
            "name": "Left Wrist",
            "x": 33.42,
            "y": 24.68
        }
    },
    "keypont_3d": {
        "0": {
            "name": "Center of Hips",
            "x": 0.0,
            "y": 0.0,
            "z": 0.6174503564834595
        },
        "1": {
            "name": "Left Hip",
            "x": -0.04787936434149742,
            "y": -0.06188972294330597,
            "z": 0.559833824634552
        },
        "2": {
            "name": "Left Knee",
            "x": 0.13298103213310242,
            "y": -0.08654654026031494,
            "z": 0.274044930934906
        },
        "3": {
            "name": "Left Ankle",
            "x": 0.059852585196495056,
            "y": 0.053048163652420044,
            "z": 0.0
        },
        "4": {
            "name": "Right Hip",
            "x": -0.05975811183452606,
            "y": 0.08387300372123718,
            "z": 0.6565383076667786
        },
        "5": {
            "name": "Right Knee",
            "x": 0.2257297784090042,
            "y": -0.09202437847852707,
            "z": 0.41140449047088623
        },
        "6": {
            "name": "Right Ankle",
            "x": 0.35046514868736267,
            "y": -0.19940316677093506,
            "z": 0.17357508838176727
        },
        "7": {
            "name": "Center of Body",
            "x": 0.012446092441678047,
            "y": -0.014069103635847569,
            "z": 0.8040152788162231
        },
        "8": {
            "name": "Center of Shoulder",
            "x": 0.12578588724136353,
            "y": -0.04969798028469086,
            "z": 0.9447882771492004
        },
        "9": {
            "name": "Neck",
            "x": 0.16377367079257965,
            "y": -0.04298713058233261,
            "z": 0.9722669124603271
        },
        "10": {
            "name": "Head",
            "x": 0.20624035596847534,
            "y": -0.06549569219350815,
            "z": 1.0
        },
        "11": {
            "name": "Right Shoulder",
            "x": 0.07668394595384598,
            "y": 0.01253452803939581,
            "z": 0.9610135555267334
        },
        "12": {
            "name": "Right Elbow",
            "x": -0.08461544662714005,
            "y": 0.021086981520056725,
            "z": 0.8563091158866882
        },
        "13": {
            "name": "Right Wrist",
            "x": -0.12044913321733475,
            "y": 0.09494776278734207,
            "z": 0.6688917279243469
        },
        "14": {
            "name": "Left Shoulder",
            "x": 0.17204070091247559,
            "y": -0.11575853824615479,
            "z": 0.9091028571128845
        },
        "15": {
            "name": "Left Elbow",
            "x": 0.3011374771595001,
            "y": -0.19708098471164703,
            "z": 0.8415893316268921
        },
        "16": {
            "name": "Left Wrist",
            "x": 0.46266722679138184,
            "y": -0.18837133049964905,
            "z": 0.8829453587532043
        }
    }
}