{
    "image_path": "00021/img/18.jpg",
    "shooter_tracklet_id": 11,
    "bbox": {
        "x": 203,
        "y": 870,
        "w": 100,
        "h": 100
    },
    "keypont_2d": {
        "0": {
            "name": "Center of Hips",
            "x": 66.65,
            "y": 35.02
        },
        "1": {
            "name": "Left Hip",
            "x": 64.48,
            "y": 37.46
        },
        "2": {
            "name": "Left Knee",
            "x": 61.18,
            "y": 61.71
        },
        "3": {
            "name": "Left Ankle",
            "x": 71.38,
            "y": 80.12
        },
        "4": {
            "name": "Right Hip",
            "x": 69.1,
            "y": 33.02
        },
        "5": {
            "name": "Right Knee",
            "x": 46.73,
            "y": 51.63
        },
        "6": {
            "name": "Right Ankle",
            "x": 27.31,
            "y": 62.2
        },
        "7": {
            "name": "Center of Body",
            "x": 60.91,
            "y": 24.46
        },
        "8": {
            "name": "Center of Shoulder",
            "x": 52.64,
            "y": 15.24
        },
        "9": {
            "name": "Neck",
            "x": 50.28,
            "y": 13.71
        },
        "10": {
            "name": "Head",
            "x": 45.78,
            "y": 12.81
        },
        "11": {
            "name": "Right Shoulder",
            "x": 58.18,
            "y": 13.48
        },
        "12": {
            "name": "Right Elbow",
            "x": 68.75,
            "y": 19.61
        },
        "13": {
            "name": "Right Wrist",
            "x": 77.95,
            "y": 26.52
        },
        "14": {
            "name": "Left Shoulder",
            "x": 46.38,
            "y": 18.85
        },
        "15": {
            "name": "Left Elbow",
            "x": 44.41,
            "y": 30.47
        },
        "16": {
            "name": "Left Wrist",
            "x": 54.6,
            "y": 28.66
        }
    },
    "keypont_3d": {
        "0": {
            "name": "Center of Hips",
            "x": 0.0,
            "y": 0.0,
            "z": 0.6576583981513977
        },
        "1": {
            "name": "Left Hip",
            "x": -0.02241024561226368,
            "y": -0.08403458446264267,
            "z": 0.6058812141418457
        },
        "2": {
            "name": "Left Knee",
            "x": 0.056577861309051514,
            "y": -0.02129269391298294,
            "z": 0.28757986426353455
        },
        "3": {
            "name": "Left Ankle",
            "x": -0.0002672175760380924,
            "y": 0.12685823440551758,
            "z": 0.0
        },
        "4": {
            "name": "Right Hip",
            "x": -0.03989409655332565,
            "y": 0.07591041922569275,
            "z": 0.7004597187042236
        },
        "5": {
            "name": "Right Knee",
            "x": 0.25281643867492676,
            "y": -0.050553396344184875,
            "z": 0.40854349732398987
        },
        "6": {
            "name": "Right Ankle",
            "x": 0.35416877269744873,
            "y": -0.0913504883646965,
            "z": 0.10207507759332657
        },
        "7": {
            "name": "Center of Body",
            "x": 0.050695642828941345,
            "y": -0.01943099871277809,
            "z": 0.8249699473381042
        },
        "8": {
            "name": "Center of Shoulder",
            "x": 0.17580321431159973,
            "y": -0.0516577810049057,
            "z": 0.9598813056945801
        },
        "9": {
            "name": "Neck",
            "x": 0.21913470327854156,
            "y": -0.04801694676280022,
            "z": 0.9839670658111572
        },
        "10": {
            "name": "Head",
            "x": 0.26515594124794006,
            "y": -0.07513990998268127,
            "z": 1.0
        },
        "11": {
            "name": "Right Shoulder",
            "x": 0.12155179679393768,
            "y": 0.007868953049182892,
            "z": 0.9894953370094299
        },
        "12": {
            "name": "Right Elbow",
            "x": -0.0660143718123436,
            "y": 0.035125039517879486,
            "z": 0.8924427032470703
        },
        "13": {
            "name": "Right Wrist",
            "x": -0.16376526653766632,
            "y": 0.14394016563892365,
            "z": 0.7708479166030884
        },
        "14": {
            "name": "Left Shoulder",
            "x": 0.22579891979694366,
            "y": -0.10397027432918549,
            "z": 0.9009351134300232
        },
        "15": {
            "name": "Left Elbow",
            "x": 0.2709220051765442,
            "y": -0.10310032218694687,
            "z": 0.7278193235397339
        },
        "16": {
            "name": "Left Wrist",
            "x": 0.17894119024276733,
            "y": 0.05427229776978493,
            "z": 0.7781174182891846
        }
    }
}