{
    "image_path": "00021/img/19.jpg",
    "shooter_tracklet_id": 11,
    "bbox": {
        "x": 201,
        "y": 874,
        "w": 100,
        "h": 100
    },
    "keypoint_2d": {
        "0": {
            "name": "Center of Hips",
            "x": 70.51,
            "y": 36.44
        },
        "1": {
            "name": "Left Hip",
            "x": 68.55,
            "y": 39.16
        },
        "2": {
            "name": "Left Knee",
            "x": 67.13,
            "y": 64.19
        },
        "3": {
            "name": "Left Ankle",
            "x": 78.78,
            "y": 84.07
        },
        "4": {
            "name": "Right Hip",
            "x": 72.03,
            "y": 34.05
        },
        "5": {
            "name": "Right Knee",
            "x": 52.52,
            "y": 57.09
        },
        "6": {
            "name": "Right Ankle",
            "x": 34.21,
            "y": 70.09
        },
        "7": {
            "name": "Center of Body",
            "x": 68.09,
            "y": 26.03
        },
        "8": {
            "name": "Center of Shoulder",
            "x": 57.43,
            "y": 17.03
        },
        "9": {
            "name": "Neck",
            "x": 54.6,
            "y": 15.5
        },
        "10": {
            "name": "Head",
            "x": 50.49,
            "y": 14.19
        },
        "11": {
            "name": "Right Shoulder",
            "x": 62.56,
            "y": 15.45
        },
        "12": {
            "name": "Right Elbow",
            "x": 78.12,
            "y": 24.38
        },
        "13": {
            "name": "Right Wrist",
            "x": 76.8,
            "y": 33.1
        },
        "14": {
            "name": "Left Shoulder",
            "x": 52.06,
            "y": 19.68
        },
        "15": {
            "name": "Left Elbow",
            "x": 52.47,
            "y": 30.63
        },
        "16": {
            "name": "Left Wrist",
            "x": 60.52,
            "y": 29.97
        }
    },
    "keypoint_3d": {
        "0": {
            "name": "Center of Hips",
            "x": 0.0,
            "y": 0.0,
            "z": 0.6670343279838562
        },
        "1": {
            "name": "Left Hip",
            "x": -0.021436644718050957,
            "y": -0.07203371077775955,
            "z": 0.6126202940940857
        },
        "2": {
            "name": "Left Knee",
            "x": 0.012369276955723763,
            "y": 0.010884374380111694,
            "z": 0.28928935527801514
        },
        "3": {
            "name": "Left Ankle",
            "x": -0.056232091039419174,
            "y": 0.17111878097057343,
            "z": 0.0
        },
        "4": {
            "name": "Right Hip",
            "x": -0.029404431581497192,
            "y": 0.07521706074476242,
            "z": 0.7120400667190552
        },
        "5": {
            "name": "Right Knee",
            "x": 0.2341752052307129,
            "y": -0.05084921419620514,
            "z": 0.3842450976371765
        },
        "6": {
            "name": "Right Ankle",
            "x": 0.41906067728996277,
            "y": -0.1705528348684311,
            "z": 0.1651412546634674
        },
        "7": {
            "name": "Center of Body",
            "x": 0.038505543023347855,
            "y": -0.026348460465669632,
            "z": 0.8381066918373108
        },
        "8": {
            "name": "Center of Shoulder",
            "x": 0.17080019414424896,
            "y": -0.05900808796286583,
            "z": 0.9644402861595154
        },
        "9": {
            "name": "Neck",
            "x": 0.21859614551067352,
            "y": -0.05339619517326355,
            "z": 0.9814092516899109
        },
        "10": {
            "name": "Head",
            "x": 0.267757385969162,
            "y": -0.08651512116193771,
            "z": 1.0
        },
        "11": {
            "name": "Right Shoulder",
            "x": 0.12844565510749817,
            "y": 0.01588602364063263,
            "z": 0.9926475286483765
        },
        "12": {
            "name": "Right Elbow",
            "x": -0.04861248657107353,
            "y": 0.10891476273536682,
            "z": 0.9007634520530701
        },
        "13": {
            "name": "Right Wrist",
            "x": -0.06299867480993271,
            "y": 0.20622673630714417,
            "z": 0.7573269605636597
        },
        "14": {
            "name": "Left Shoulder",
            "x": 0.22116099298000336,
            "y": -0.11569865792989731,
            "z": 0.9113264679908752
        },
        "15": {
            "name": "Left Elbow",
            "x": 0.2097707837820053,
            "y": -0.13225694000720978,
            "z": 0.7367627024650574
        },
        "16": {
            "name": "Left Wrist",
            "x": 0.15352056920528412,
            "y": 0.044318247586488724,
            "z": 0.7913938760757446
        }
    }
}