{
    "image_path": "00021/img/20.jpg",
    "shooter_tracklet_id": 11,
    "bbox": {
        "x": 199,
        "y": 880,
        "w": 100,
        "h": 100
    },
    "keypont_2d": {
        "0": {
            "name": "Center of Hips",
            "x": 71.9,
            "y": 39.67
        },
        "1": {
            "name": "Left Hip",
            "x": 73.8,
            "y": 40.82
        },
        "2": {
            "name": "Left Knee",
            "x": 69.77,
            "y": 62.55
        },
        "3": {
            "name": "Left Ankle",
            "x": 85.88,
            "y": 84.84
        },
        "4": {
            "name": "Right Hip",
            "x": 69.85,
            "y": 38.3
        },
        "5": {
            "name": "Right Knee",
            "x": 54.91,
            "y": 60.86
        },
        "6": {
            "name": "Right Ankle",
            "x": 38.16,
            "y": 79.96
        },
        "7": {
            "name": "Center of Body",
            "x": 68.02,
            "y": 28.45
        },
        "8": {
            "name": "Center of Shoulder",
            "x": 61.84,
            "y": 18.63
        },
        "9": {
            "name": "Neck",
            "x": 59.37,
            "y": 16.98
        },
        "10": {
            "name": "Head",
            "x": 52.37,
            "y": 15.29
        },
        "11": {
            "name": "Right Shoulder",
            "x": 66.77,
            "y": 16.82
        },
        "12": {
            "name": "Right Elbow",
            "x": 78.28,
            "y": 23.89
        },
        "13": {
            "name": "Right Wrist",
            "x": 86.5,
            "y": 24.38
        },
        "14": {
            "name": "Left Shoulder",
            "x": 57.51,
            "y": 22.14
        },
        "15": {
            "name": "Left Elbow",
            "x": 57.89,
            "y": 35.56
        },
        "16": {
            "name": "Left Wrist",
            "x": 55.1,
            "y": 49.05
        }
    },
    "keypont_3d": {
        "0": {
            "name": "Center of Hips",
            "x": 0.0,
            "y": 0.0,
            "z": 0.6515076160430908
        },
        "1": {
            "name": "Left Hip",
            "x": -0.06300779432058334,
            "y": -0.05884326621890068,
            "z": 0.6189650297164917
        },
        "2": {
            "name": "Left Knee",
            "x": -0.020373882725834846,
            "y": -0.02409326285123825,
            "z": 0.3162371516227722
        },
        "3": {
            "name": "Left Ankle",
            "x": -0.16665375232696533,
            "y": 0.21243582665920258,
            "z": 0.0
        },
        "4": {
            "name": "Right Hip",
            "x": 0.023303024470806122,
            "y": 0.08101749420166016,
            "z": 0.6830592155456543
        },
        "5": {
            "name": "Right Knee",
            "x": 0.23155544698238373,
            "y": -0.019326049834489822,
            "z": 0.35381805896759033
        },
        "6": {
            "name": "Right Ankle",
            "x": 0.4286186993122101,
            "y": -0.12669187784194946,
            "z": 0.12282086908817291
        },
        "7": {
            "name": "Center of Body",
            "x": 0.04417715594172478,
            "y": 0.0008632790413685143,
            "z": 0.8173875212669373
        },
        "8": {
            "name": "Center of Shoulder",
            "x": 0.15812735259532928,
            "y": -0.031687475740909576,
            "z": 0.9579221606254578
        },
        "9": {
            "name": "Neck",
            "x": 0.19932343065738678,
            "y": -0.034130558371543884,
            "z": 0.9706792831420898
        },
        "10": {
            "name": "Head",
            "x": 0.26639696955680847,
            "y": -0.0742783471941948,
            "z": 1.0
        },
        "11": {
            "name": "Right Shoulder",
            "x": 0.1145273745059967,
            "y": 0.04116062819957733,
            "z": 0.9828481078147888
        },
        "12": {
            "name": "Right Elbow",
            "x": -0.04331542178988457,
            "y": 0.1539125144481659,
            "z": 0.8933459520339966
        },
        "13": {
            "name": "Right Wrist",
            "x": -0.06132033094763756,
            "y": 0.27946704626083374,
            "z": 0.8187921047210693
        },
        "14": {
            "name": "Left Shoulder",
            "x": 0.1754869967699051,
            "y": -0.12014009803533554,
            "z": 0.8887906670570374
        },
        "15": {
            "name": "Left Elbow",
            "x": 0.15799809992313385,
            "y": -0.1459321677684784,
            "z": 0.7025822997093201
        },
        "16": {
            "name": "Left Wrist",
            "x": 0.1924828737974167,
            "y": -0.08608023822307587,
            "z": 0.5301093459129333
        }
    }
}