{
    "image_path": "00015/img/1.jpg",
    "shooter_tracklet_id": 15,
    "bbox": {
        "x": 434,
        "y": 531,
        "w": 100,
        "h": 100
    },
    "keypont_2d": {
        "0": {
            "name": "Center of Hips",
            "x": 56.7,
            "y": 48.02
        },
        "1": {
            "name": "Left Hip",
            "x": 48.39,
            "y": 48.78
        },
        "2": {
            "name": "Left Knee",
            "x": 38.52,
            "y": 69.29
        },
        "3": {
            "name": "Left Ankle",
            "x": 47.58,
            "y": 87.13
        },
        "4": {
            "name": "Right Hip",
            "x": 63.0,
            "y": 48.02
        },
        "5": {
            "name": "Right Knee",
            "x": 60.1,
            "y": 67.85
        },
        "6": {
            "name": "Right Ankle",
            "x": 72.19,
            "y": 86.7
        },
        "7": {
            "name": "Center of Body",
            "x": 52.69,
            "y": 35.09
        },
        "8": {
            "name": "Center of Shoulder",
            "x": 48.78,
            "y": 25.11
        },
        "9": {
            "name": "Neck",
            "x": 47.56,
            "y": 22.69
        },
        "10": {
            "name": "Head",
            "x": 45.13,
            "y": 18.68
        },
        "11": {
            "name": "Right Shoulder",
            "x": 55.33,
            "y": 26.57
        },
        "12": {
            "name": "Right Elbow",
            "x": 61.04,
            "y": 37.38
        },
        "13": {
            "name": "Right Wrist",
            "x": 53.09,
            "y": 33.53
        },
        "14": {
            "name": "Left Shoulder",
            "x": 39.91,
            "y": 24.87
        },
        "15": {
            "name": "Left Elbow",
            "x": 33.02,
            "y": 31.54
        },
        "16": {
            "name": "Left Wrist",
            "x": 17.37,
            "y": 31.59
        }
    },
    "keypont_3d": {
        "0": {
            "name": "Center of Hips",
            "x": 0.0,
            "y": 0.0,
            "z": 0.5766084790229797
        },
        "1": {
            "name": "Left Hip",
            "x": 0.052610449492931366,
            "y": -0.11049658805131912,
            "z": 0.5450507998466492
        },
        "2": {
            "name": "Left Knee",
            "x": 0.23490843176841736,
            "y": -0.01887441612780094,
            "z": 0.2710031569004059
        },
        "3": {
            "name": "Left Ankle",
            "x": 0.11768998950719833,
            "y": 0.06265914440155029,
            "z": 0.0
        },
        "4": {
            "name": "Right Hip",
            "x": -0.10806233435869217,
            "y": 0.03437086194753647,
            "z": 0.5798675417900085
        },
        "5": {
            "name": "Right Knee",
            "x": -0.07425642758607864,
            "y": 0.05376057326793671,
            "z": 0.2964138686656952
        },
        "6": {
            "name": "Right Ankle",
            "x": -0.13791464269161224,
            "y": -0.033426713198423386,
            "z": 0.08378464728593826
        },
        "7": {
            "name": "Center of Body",
            "x": 0.04546041786670685,
            "y": 0.019538236781954765,
            "z": 0.7528620362281799
        },
        "8": {
            "name": "Center of Shoulder",
            "x": 0.13005447387695312,
            "y": 0.059041112661361694,
            "z": 0.9073426127433777
        },
        "9": {
            "name": "Neck",
            "x": 0.16137667000293732,
            "y": 0.0925317257642746,
            "z": 0.9342493414878845
        },
        "10": {
            "name": "Head",
            "x": 0.19957271218299866,
            "y": 0.09007693082094193,
            "z": 1.0
        },
        "11": {
            "name": "Right Shoulder",
            "x": 0.05867743492126465,
            "y": 0.1252187192440033,
            "z": 0.8910861015319824
        },
        "12": {
            "name": "Right Elbow",
            "x": 0.014028418809175491,
            "y": 0.24060773849487305,
            "z": 0.7695279121398926
        },
        "13": {
            "name": "Right Wrist",
            "x": 0.14854764938354492,
            "y": 0.26696905493736267,
            "z": 0.8387975096702576
        },
        "14": {
            "name": "Left Shoulder",
            "x": 0.20659801363945007,
            "y": -0.03615579381585121,
            "z": 0.88713139295578
        },
        "15": {
            "name": "Left Elbow",
            "x": 0.27107179164886475,
            "y": -0.16234585642814636,
            "z": 0.7780401110649109
        },
        "16": {
            "name": "Left Wrist",
            "x": 0.3967217803001404,
            "y": -0.16427858173847198,
            "z": 0.7017295956611633
        }
    }
}