{
    "image_path": "00015/img/2.jpg",
    "shooter_tracklet_id": 15,
    "bbox": {
        "x": 429,
        "y": 528,
        "w": 100,
        "h": 101
    },
    "keypoint_2d": {
        "0": {
            "name": "Center of Hips",
            "x": 55.67,
            "y": 53.0
        },
        "1": {
            "name": "Left Hip",
            "x": 49.4,
            "y": 53.9
        },
        "2": {
            "name": "Left Knee",
            "x": 38.48,
            "y": 74.92
        },
        "3": {
            "name": "Left Ankle",
            "x": 48.16,
            "y": 91.55
        },
        "4": {
            "name": "Right Hip",
            "x": 61.51,
            "y": 52.62
        },
        "5": {
            "name": "Right Knee",
            "x": 63.41,
            "y": 75.79
        },
        "6": {
            "name": "Right Ankle",
            "x": 76.25,
            "y": 95.3
        },
        "7": {
            "name": "Center of Body",
            "x": 50.94,
            "y": 37.86
        },
        "8": {
            "name": "Center of Shoulder",
            "x": 45.9,
            "y": 27.58
        },
        "9": {
            "name": "Neck",
            "x": 45.28,
            "y": 26.11
        },
        "10": {
            "name": "Head",
            "x": 43.56,
            "y": 23.48
        },
        "11": {
            "name": "Right Shoulder",
            "x": 51.67,
            "y": 27.49
        },
        "12": {
            "name": "Right Elbow",
            "x": 54.4,
            "y": 39.12
        },
        "13": {
            "name": "Right Wrist",
            "x": 48.21,
            "y": 47.41
        },
        "14": {
            "name": "Left Shoulder",
            "x": 40.24,
            "y": 28.42
        },
        "15": {
            "name": "Left Elbow",
            "x": 30.37,
            "y": 34.99
        },
        "16": {
            "name": "Left Wrist",
            "x": 16.42,
            "y": 33.52
        }
    },
    "keypoint_3d": {
        "0": {
            "name": "Center of Hips",
            "x": 0.0,
            "y": 0.0,
            "z": 0.5669342875480652
        },
        "1": {
            "name": "Left Hip",
            "x": 0.03331296890974045,
            "y": -0.1113487109541893,
            "z": 0.5374536514282227
        },
        "2": {
            "name": "Left Knee",
            "x": 0.21317501366138458,
            "y": -0.04331096634268761,
            "z": 0.25693318247795105
        },
        "3": {
            "name": "Left Ankle",
            "x": 0.0857120156288147,
            "y": 0.007099889684468508,
            "z": 0.0
        },
        "4": {
            "name": "Right Hip",
            "x": -0.09112781286239624,
            "y": 0.034834105521440506,
            "z": 0.5656222701072693
        },
        "5": {
            "name": "Right Knee",
            "x": -0.0776965320110321,
            "y": 0.11129278689622879,
            "z": 0.2692301273345947
        },
        "6": {
            "name": "Right Ankle",
            "x": -0.12940922379493713,
            "y": 0.01580629125237465,
            "z": 0.05789082497358322
        },
        "7": {
            "name": "Center of Body",
            "x": 0.051697738468647,
            "y": 0.0032703145407140255,
            "z": 0.754092276096344
        },
        "8": {
            "name": "Center of Shoulder",
            "x": 0.13696011900901794,
            "y": 0.020584695041179657,
            "z": 0.9071096181869507
        },
        "9": {
            "name": "Neck",
            "x": 0.16980990767478943,
            "y": 0.07000018656253815,
            "z": 0.933542013168335
        },
        "10": {
            "name": "Head",
            "x": 0.21503925323486328,
            "y": 0.08782005310058594,
            "z": 1.0
        },
        "11": {
            "name": "Right Shoulder",
            "x": 0.07883070409297943,
            "y": 0.08722945302724838,
            "z": 0.9054790139198303
        },
        "12": {
            "name": "Right Elbow",
            "x": 0.08482271432876587,
            "y": 0.20237070322036743,
            "z": 0.7906773090362549
        },
        "13": {
            "name": "Right Wrist",
            "x": 0.21816912293434143,
            "y": 0.26297926902770996,
            "z": 0.7184218764305115
        },
        "14": {
            "name": "Left Shoulder",
            "x": 0.1807549148797989,
            "y": -0.08282303065061569,
            "z": 0.8767226934432983
        },
        "15": {
            "name": "Left Elbow",
            "x": 0.28745120763778687,
            "y": -0.18652726709842682,
            "z": 0.7935694456100464
        },
        "16": {
            "name": "Left Wrist",
            "x": 0.46713152527809143,
            "y": -0.1928442120552063,
            "z": 0.8113924264907837
        }
    }
}