{
    "image_path": "00015/img/3.jpg",
    "shooter_tracklet_id": 15,
    "bbox": {
        "x": 434,
        "y": 526,
        "w": 100,
        "h": 100
    },
    "keypoint_2d": {
        "0": {
            "name": "Center of Hips",
            "x": 53.97,
            "y": 51.16
        },
        "1": {
            "name": "Left Hip",
            "x": 46.57,
            "y": 51.54
        },
        "2": {
            "name": "Left Knee",
            "x": 36.19,
            "y": 70.35
        },
        "3": {
            "name": "Left Ankle",
            "x": 48.79,
            "y": 90.75
        },
        "4": {
            "name": "Right Hip",
            "x": 58.8,
            "y": 51.01
        },
        "5": {
            "name": "Right Knee",
            "x": 62.63,
            "y": 70.26
        },
        "6": {
            "name": "Right Ankle",
            "x": 76.72,
            "y": 90.62
        },
        "7": {
            "name": "Center of Body",
            "x": 50.29,
            "y": 35.44
        },
        "8": {
            "name": "Center of Shoulder",
            "x": 46.16,
            "y": 23.33
        },
        "9": {
            "name": "Neck",
            "x": 44.81,
            "y": 21.28
        },
        "10": {
            "name": "Head",
            "x": 43.73,
            "y": 17.43
        },
        "11": {
            "name": "Right Shoulder",
            "x": 51.57,
            "y": 23.59
        },
        "12": {
            "name": "Right Elbow",
            "x": 55.31,
            "y": 35.7
        },
        "13": {
            "name": "Right Wrist",
            "x": 50.67,
            "y": 41.63
        },
        "14": {
            "name": "Left Shoulder",
            "x": 38.43,
            "y": 23.33
        },
        "15": {
            "name": "Left Elbow",
            "x": 24.78,
            "y": 29.13
        },
        "16": {
            "name": "Left Wrist",
            "x": 13.79,
            "y": 28.06
        }
    },
    "keypoint_3d": {
        "0": {
            "name": "Center of Hips",
            "x": 0.0,
            "y": 0.0,
            "z": 0.5750170946121216
        },
        "1": {
            "name": "Left Hip",
            "x": 0.028815051540732384,
            "y": -0.10567276179790497,
            "z": 0.5446895360946655
        },
        "2": {
            "name": "Left Knee",
            "x": 0.19670604169368744,
            "y": -0.0554361455142498,
            "z": 0.2872565984725952
        },
        "3": {
            "name": "Left Ankle",
            "x": 0.05808097869157791,
            "y": 0.05191675201058388,
            "z": 0.0
        },
        "4": {
            "name": "Right Hip",
            "x": -0.09425832331180573,
            "y": 0.014323411509394646,
            "z": 0.5681196451187134
        },
        "5": {
            "name": "Right Knee",
            "x": -0.1117473691701889,
            "y": 0.11217419803142548,
            "z": 0.3000565469264984
        },
        "6": {
            "name": "Right Ankle",
            "x": -0.01534691359847784,
            "y": -0.012858817353844643,
            "z": 0.07998581230640411
        },
        "7": {
            "name": "Center of Body",
            "x": 0.0320286862552166,
            "y": -0.0015415495727211237,
            "z": 0.7532982230186462
        },
        "8": {
            "name": "Center of Shoulder",
            "x": 0.1069374829530716,
            "y": 0.009560786187648773,
            "z": 0.9078506827354431
        },
        "9": {
            "name": "Neck",
            "x": 0.14110226929187775,
            "y": 0.05471458658576012,
            "z": 0.9372822642326355
        },
        "10": {
            "name": "Head",
            "x": 0.17577429115772247,
            "y": 0.07517538219690323,
            "z": 1.0
        },
        "11": {
            "name": "Right Shoulder",
            "x": 0.05736282467842102,
            "y": 0.0674639493227005,
            "z": 0.9059029221534729
        },
        "12": {
            "name": "Right Elbow",
            "x": 0.04765273630619049,
            "y": 0.17734494805335999,
            "z": 0.7953963875770569
        },
        "13": {
            "name": "Right Wrist",
            "x": 0.15853659808635712,
            "y": 0.2515504062175751,
            "z": 0.7363904118537903
        },
        "14": {
            "name": "Left Shoulder",
            "x": 0.15541812777519226,
            "y": -0.07992666214704514,
            "z": 0.8818674683570862
        },
        "15": {
            "name": "Left Elbow",
            "x": 0.2859865725040436,
            "y": -0.1585734337568283,
            "z": 0.8013930320739746
        },
        "16": {
            "name": "Left Wrist",
            "x": 0.45655664801597595,
            "y": -0.16686761379241943,
            "z": 0.8366803526878357
        }
    }
}