{
    "image_path": "00015/img/4.jpg",
    "shooter_tracklet_id": 15,
    "bbox": {
        "x": 437,
        "y": 520,
        "w": 100,
        "h": 100
    },
    "keypoint_2d": {
        "0": {
            "name": "Center of Hips",
            "x": 55.02,
            "y": 47.0
        },
        "1": {
            "name": "Left Hip",
            "x": 47.41,
            "y": 45.91
        },
        "2": {
            "name": "Left Knee",
            "x": 43.2,
            "y": 70.88
        },
        "3": {
            "name": "Left Ankle",
            "x": 57.03,
            "y": 88.29
        },
        "4": {
            "name": "Right Hip",
            "x": 62.23,
            "y": 48.1
        },
        "5": {
            "name": "Right Knee",
            "x": 63.05,
            "y": 66.95
        },
        "6": {
            "name": "Right Ankle",
            "x": 79.6,
            "y": 85.04
        },
        "7": {
            "name": "Center of Body",
            "x": 52.54,
            "y": 32.32
        },
        "8": {
            "name": "Center of Shoulder",
            "x": 48.53,
            "y": 17.83
        },
        "9": {
            "name": "Neck",
            "x": 47.33,
            "y": 15.58
        },
        "10": {
            "name": "Head",
            "x": 44.81,
            "y": 11.76
        },
        "11": {
            "name": "Right Shoulder",
            "x": 54.23,
            "y": 19.94
        },
        "12": {
            "name": "Right Elbow",
            "x": 61.97,
            "y": 31.55
        },
        "13": {
            "name": "Right Wrist",
            "x": 63.21,
            "y": 40.51
        },
        "14": {
            "name": "Left Shoulder",
            "x": 40.64,
            "y": 16.4
        },
        "15": {
            "name": "Left Elbow",
            "x": 28.38,
            "y": 24.25
        },
        "16": {
            "name": "Left Wrist",
            "x": 16.52,
            "y": 22.58
        }
    },
    "keypoint_3d": {
        "0": {
            "name": "Center of Hips",
            "x": 0.0,
            "y": 0.0,
            "z": 0.5706510543823242
        },
        "1": {
            "name": "Left Hip",
            "x": 0.035903751850128174,
            "y": -0.11703115701675415,
            "z": 0.5375220775604248
        },
        "2": {
            "name": "Left Knee",
            "x": 0.17625389993190765,
            "y": -0.031137974932789803,
            "z": 0.26228994131088257
        },
        "3": {
            "name": "Left Ankle",
            "x": 0.027087515220046043,
            "y": 0.09440962225198746,
            "z": 0.0
        },
        "4": {
            "name": "Right Hip",
            "x": -0.10684224218130112,
            "y": 0.020771678537130356,
            "z": 0.5532621145248413
        },
        "5": {
            "name": "Right Knee",
            "x": -0.11122036725282669,
            "y": 0.07698515802621841,
            "z": 0.2958635985851288
        },
        "6": {
            "name": "Right Ankle",
            "x": -0.0368790365755558,
            "y": -0.05983629450201988,
            "z": 0.09336214512586594
        },
        "7": {
            "name": "Center of Body",
            "x": 0.016703255474567413,
            "y": -0.007587593514472246,
            "z": 0.7385172247886658
        },
        "8": {
            "name": "Center of Shoulder",
            "x": 0.08790885657072067,
            "y": 0.00781471747905016,
            "z": 0.9065421223640442
        },
        "9": {
            "name": "Neck",
            "x": 0.12385556846857071,
            "y": 0.045707546174526215,
            "z": 0.9402360320091248
        },
        "10": {
            "name": "Head",
            "x": 0.15453432500362396,
            "y": 0.04923420771956444,
            "z": 1.0
        },
        "11": {
            "name": "Right Shoulder",
            "x": 0.036160606890916824,
            "y": 0.06569067388772964,
            "z": 0.9001991748809814
        },
        "12": {
            "name": "Right Elbow",
            "x": -0.007844806648790836,
            "y": 0.17912566661834717,
            "z": 0.7791796922683716
        },
        "13": {
            "name": "Right Wrist",
            "x": 0.05259024724364281,
            "y": 0.27113214135169983,
            "z": 0.7108993530273438
        },
        "14": {
            "name": "Left Shoulder",
            "x": 0.15790730714797974,
            "y": -0.06908315420150757,
            "z": 0.8957744240760803
        },
        "15": {
            "name": "Left Elbow",
            "x": 0.30078354477882385,
            "y": -0.14078091084957123,
            "z": 0.8321124911308289
        },
        "16": {
            "name": "Left Wrist",
            "x": 0.4467949867248535,
            "y": -0.13967059552669525,
            "z": 0.8577924966812134
        }
    }
}