{
    "image_path": "00015/img/5.jpg",
    "shooter_tracklet_id": 15,
    "bbox": {
        "x": 436,
        "y": 515,
        "w": 100,
        "h": 100
    },
    "keypoint_2d": {
        "0": {
            "name": "Center of Hips",
            "x": 55.61,
            "y": 44.32
        },
        "1": {
            "name": "Left Hip",
            "x": 53.46,
            "y": 46.96
        },
        "2": {
            "name": "Left Knee",
            "x": 49.4,
            "y": 72.72
        },
        "3": {
            "name": "Left Ankle",
            "x": 63.78,
            "y": 89.37
        },
        "4": {
            "name": "Right Hip",
            "x": 57.71,
            "y": 42.03
        },
        "5": {
            "name": "Right Knee",
            "x": 61.98,
            "y": 72.0
        },
        "6": {
            "name": "Right Ankle",
            "x": 76.4,
            "y": 81.21
        },
        "7": {
            "name": "Center of Body",
            "x": 53.72,
            "y": 29.59
        },
        "8": {
            "name": "Center of Shoulder",
            "x": 50.44,
            "y": 16.3
        },
        "9": {
            "name": "Neck",
            "x": 48.75,
            "y": 14.04
        },
        "10": {
            "name": "Head",
            "x": 46.9,
            "y": 10.52
        },
        "11": {
            "name": "Right Shoulder",
            "x": 56.17,
            "y": 18.37
        },
        "12": {
            "name": "Right Elbow",
            "x": 65.85,
            "y": 34.33
        },
        "13": {
            "name": "Right Wrist",
            "x": 71.3,
            "y": 38.27
        },
        "14": {
            "name": "Left Shoulder",
            "x": 44.65,
            "y": 14.91
        },
        "15": {
            "name": "Left Elbow",
            "x": 32.55,
            "y": 24.86
        },
        "16": {
            "name": "Left Wrist",
            "x": 20.93,
            "y": 23.88
        }
    },
    "keypoint_3d": {
        "0": {
            "name": "Center of Hips",
            "x": 0.0,
            "y": 0.0,
            "z": 0.5782575607299805
        },
        "1": {
            "name": "Left Hip",
            "x": 0.010216421447694302,
            "y": -0.09225121885538101,
            "z": 0.5286089777946472
        },
        "2": {
            "name": "Left Knee",
            "x": 0.11898047477006912,
            "y": -0.005515561904758215,
            "z": 0.23493985831737518
        },
        "3": {
            "name": "Left Ankle",
            "x": -0.03442688658833504,
            "y": 0.14100994169712067,
            "z": 0.0
        },
        "4": {
            "name": "Right Hip",
            "x": -0.003822589060291648,
            "y": 0.13105659186840057,
            "z": 0.6181243658065796
        },
        "5": {
            "name": "Right Knee",
            "x": -0.07761859893798828,
            "y": 0.1271873116493225,
            "z": 0.2992002069950104
        },
        "6": {
            "name": "Right Ankle",
            "x": -0.24699968099594116,
            "y": 0.1606910526752472,
            "z": 0.08953170478343964
        },
        "7": {
            "name": "Center of Body",
            "x": 0.01612229272723198,
            "y": -0.010187918320298195,
            "z": 0.7399230599403381
        },
        "8": {
            "name": "Center of Shoulder",
            "x": 0.07705983519554138,
            "y": 0.0004933234886266291,
            "z": 0.9144740104675293
        },
        "9": {
            "name": "Neck",
            "x": 0.11452237516641617,
            "y": 0.038700029253959656,
            "z": 0.9423831105232239
        },
        "10": {
            "name": "Head",
            "x": 0.1422215700149536,
            "y": 0.022187428548932076,
            "z": 1.0
        },
        "11": {
            "name": "Right Shoulder",
            "x": 0.028220023959875107,
            "y": 0.06444232910871506,
            "z": 0.8917878270149231
        },
        "12": {
            "name": "Right Elbow",
            "x": -0.04507195204496384,
            "y": 0.169991597533226,
            "z": 0.752825915813446
        },
        "13": {
            "name": "Right Wrist",
            "x": -0.058169398456811905,
            "y": 0.28652578592300415,
            "z": 0.6871383190155029
        },
        "14": {
            "name": "Left Shoulder",
            "x": 0.12891069054603577,
            "y": -0.06536253541707993,
            "z": 0.9182676672935486
        },
        "15": {
            "name": "Left Elbow",
            "x": 0.25020936131477356,
            "y": -0.15085723996162415,
            "z": 0.7998724579811096
        },
        "16": {
            "name": "Left Wrist",
            "x": 0.395686537027359,
            "y": -0.15456686913967133,
            "z": 0.8156240582466125
        }
    }
}