{
    "image_path": "00015/img/6.jpg",
    "shooter_tracklet_id": 15,
    "bbox": {
        "x": 436,
        "y": 511,
        "w": 100,
        "h": 100
    },
    "keypoint_2d": {
        "0": {
            "name": "Center of Hips",
            "x": 58.51,
            "y": 43.89
        },
        "1": {
            "name": "Left Hip",
            "x": 55.94,
            "y": 46.15
        },
        "2": {
            "name": "Left Knee",
            "x": 48.07,
            "y": 68.84
        },
        "3": {
            "name": "Left Ankle",
            "x": 67.14,
            "y": 87.78
        },
        "4": {
            "name": "Right Hip",
            "x": 60.61,
            "y": 42.48
        },
        "5": {
            "name": "Right Knee",
            "x": 52.45,
            "y": 66.91
        },
        "6": {
            "name": "Right Ankle",
            "x": 67.01,
            "y": 82.63
        },
        "7": {
            "name": "Center of Body",
            "x": 56.29,
            "y": 29.75
        },
        "8": {
            "name": "Center of Shoulder",
            "x": 53.2,
            "y": 17.53
        },
        "9": {
            "name": "Neck",
            "x": 51.96,
            "y": 14.58
        },
        "10": {
            "name": "Head",
            "x": 49.49,
            "y": 10.58
        },
        "11": {
            "name": "Right Shoulder",
            "x": 59.85,
            "y": 20.47
        },
        "12": {
            "name": "Right Elbow",
            "x": 71.13,
            "y": 34.7
        },
        "13": {
            "name": "Right Wrist",
            "x": 79.95,
            "y": 39.03
        },
        "14": {
            "name": "Left Shoulder",
            "x": 44.62,
            "y": 14.53
        },
        "15": {
            "name": "Left Elbow",
            "x": 31.4,
            "y": 26.5
        },
        "16": {
            "name": "Left Wrist",
            "x": 24.9,
            "y": 24.34
        }
    },
    "keypoint_3d": {
        "0": {
            "name": "Center of Hips",
            "x": 0.0,
            "y": 0.0,
            "z": 0.5868083834648132
        },
        "1": {
            "name": "Left Hip",
            "x": -0.011377818882465363,
            "y": -0.09174252301454544,
            "z": 0.539056122303009
        },
        "2": {
            "name": "Left Knee",
            "x": 0.09881949424743652,
            "y": -0.025230076164007187,
            "z": 0.264530748128891
        },
        "3": {
            "name": "Left Ankle",
            "x": -0.0777292400598526,
            "y": 0.1669587790966034,
            "z": 0.0
        },
        "4": {
            "name": "Right Hip",
            "x": 0.007606806233525276,
            "y": 0.11592644453048706,
            "z": 0.6167833209037781
        },
        "5": {
            "name": "Right Knee",
            "x": 0.08462366461753845,
            "y": 0.07416611909866333,
            "z": 0.3094232976436615
        },
        "6": {
            "name": "Right Ankle",
            "x": -0.09617140889167786,
            "y": 0.14704348146915436,
            "z": 0.09236302226781845
        },
        "7": {
            "name": "Center of Body",
            "x": 0.021004563197493553,
            "y": 0.012322486378252506,
            "z": 0.7520496845245361
        },
        "8": {
            "name": "Center of Shoulder",
            "x": 0.07626501470804214,
            "y": 0.018503356724977493,
            "z": 0.9105334281921387
        },
        "9": {
            "name": "Neck",
            "x": 0.11263203620910645,
            "y": 0.051184751093387604,
            "z": 0.940994381904602
        },
        "10": {
            "name": "Head",
            "x": 0.1397889256477356,
            "y": 0.029957663267850876,
            "z": 1.0
        },
        "11": {
            "name": "Right Shoulder",
            "x": 0.016952872276306152,
            "y": 0.07975976914167404,
            "z": 0.8771118521690369
        },
        "12": {
            "name": "Right Elbow",
            "x": -0.08416564017534256,
            "y": 0.16994504630565643,
            "z": 0.7143107652664185
        },
        "13": {
            "name": "Right Wrist",
            "x": -0.126389741897583,
            "y": 0.285892128944397,
            "z": 0.6838103532791138
        },
        "14": {
            "name": "Left Shoulder",
            "x": 0.13653886318206787,
            "y": -0.05350843816995621,
            "z": 0.924396812915802
        },
        "15": {
            "name": "Left Elbow",
            "x": 0.2656645178794861,
            "y": -0.13355951011180878,
            "z": 0.7910264730453491
        },
        "16": {
            "name": "Left Wrist",
            "x": 0.3926098644733429,
            "y": -0.11640088260173798,
            "z": 0.8153085708618164
        }
    }
}