{
    "image_path": "00015/img/7.jpg",
    "shooter_tracklet_id": 15,
    "bbox": {
        "x": 434,
        "y": 509,
        "w": 100,
        "h": 100
    },
    "keypont_2d": {
        "0": {
            "name": "Center of Hips",
            "x": 55.2,
            "y": 45.58
        },
        "1": {
            "name": "Left Hip",
            "x": 53.48,
            "y": 46.78
        },
        "2": {
            "name": "Left Knee",
            "x": 48.07,
            "y": 72.71
        },
        "3": {
            "name": "Left Ankle",
            "x": 70.49,
            "y": 85.34
        },
        "4": {
            "name": "Right Hip",
            "x": 56.8,
            "y": 44.3
        },
        "5": {
            "name": "Right Knee",
            "x": 53.44,
            "y": 70.31
        },
        "6": {
            "name": "Right Ankle",
            "x": 70.73,
            "y": 83.29
        },
        "7": {
            "name": "Center of Body",
            "x": 54.44,
            "y": 30.87
        },
        "8": {
            "name": "Center of Shoulder",
            "x": 52.79,
            "y": 17.65
        },
        "9": {
            "name": "Neck",
            "x": 52.32,
            "y": 15.12
        },
        "10": {
            "name": "Head",
            "x": 49.1,
            "y": 11.0
        },
        "11": {
            "name": "Right Shoulder",
            "x": 59.02,
            "y": 19.89
        },
        "12": {
            "name": "Right Elbow",
            "x": 69.71,
            "y": 33.16
        },
        "13": {
            "name": "Right Wrist",
            "x": 83.24,
            "y": 38.18
        },
        "14": {
            "name": "Left Shoulder",
            "x": 45.49,
            "y": 16.28
        },
        "15": {
            "name": "Left Elbow",
            "x": 33.4,
            "y": 30.46
        },
        "16": {
            "name": "Left Wrist",
            "x": 25.52,
            "y": 30.84
        }
    },
    "keypont_3d": {
        "0": {
            "name": "Center of Hips",
            "x": 0.0,
            "y": 0.0,
            "z": 0.5588514804840088
        },
        "1": {
            "name": "Left Hip",
            "x": -0.014482753351330757,
            "y": -0.09534403681755066,
            "z": 0.5165554881095886
        },
        "2": {
            "name": "Left Knee",
            "x": 0.0949481651186943,
            "y": -0.012575209140777588,
            "z": 0.21856534481048584
        },
        "3": {
            "name": "Left Ankle",
            "x": -0.1468658149242401,
            "y": 0.18744690716266632,
            "z": 0.0
        },
        "4": {
            "name": "Right Hip",
            "x": 0.02323182113468647,
            "y": 0.1212337464094162,
            "z": 0.5854908227920532
        },
        "5": {
            "name": "Right Knee",
            "x": 0.06754821538925171,
            "y": 0.0911458358168602,
            "z": 0.2647016942501068
        },
        "6": {
            "name": "Right Ankle",
            "x": -0.13991732895374298,
            "y": 0.1730051338672638,
            "z": 0.06145533174276352
        },
        "7": {
            "name": "Center of Body",
            "x": 0.016325009986758232,
            "y": 0.015308220870792866,
            "z": 0.7323940396308899
        },
        "8": {
            "name": "Center of Shoulder",
            "x": 0.05865143612027168,
            "y": 0.0191061832010746,
            "z": 0.9036263823509216
        },
        "9": {
            "name": "Neck",
            "x": 0.08606323599815369,
            "y": 0.05812492221593857,
            "z": 0.9333390593528748
        },
        "10": {
            "name": "Head",
            "x": 0.11902790516614914,
            "y": 0.03330826386809349,
            "z": 1.0
        },
        "11": {
            "name": "Right Shoulder",
            "x": -0.004313893150538206,
            "y": 0.08548782020807266,
            "z": 0.8739681839942932
        },
        "12": {
            "name": "Right Elbow",
            "x": -0.12322928011417389,
            "y": 0.17507334053516388,
            "z": 0.7132624387741089
        },
        "13": {
            "name": "Right Wrist",
            "x": -0.22909297049045563,
            "y": 0.2952587902545929,
            "z": 0.6622129082679749
        },
        "14": {
            "name": "Left Shoulder",
            "x": 0.12307239323854446,
            "y": -0.05214603245258331,
            "z": 0.9088433980941772
        },
        "15": {
            "name": "Left Elbow",
            "x": 0.2413550317287445,
            "y": -0.13569195568561554,
            "z": 0.7284513115882874
        },
        "16": {
            "name": "Left Wrist",
            "x": 0.37762251496315,
            "y": -0.1144833043217659,
            "z": 0.742806613445282
        }
    }
}