{
    "image_path": "00015/img/8.jpg",
    "shooter_tracklet_id": 15,
    "bbox": {
        "x": 432,
        "y": 506,
        "w": 100,
        "h": 100
    },
    "keypoint_2d": {
        "0": {
            "name": "Center of Hips",
            "x": 54.92,
            "y": 47.67
        },
        "1": {
            "name": "Left Hip",
            "x": 50.68,
            "y": 49.04
        },
        "2": {
            "name": "Left Knee",
            "x": 48.9,
            "y": 75.09
        },
        "3": {
            "name": "Left Ankle",
            "x": 72.93,
            "y": 83.66
        },
        "4": {
            "name": "Right Hip",
            "x": 58.15,
            "y": 46.61
        },
        "5": {
            "name": "Right Knee",
            "x": 41.53,
            "y": 61.23
        },
        "6": {
            "name": "Right Ankle",
            "x": 41.37,
            "y": 74.9
        },
        "7": {
            "name": "Center of Body",
            "x": 54.73,
            "y": 34.77
        },
        "8": {
            "name": "Center of Shoulder",
            "x": 54.55,
            "y": 19.54
        },
        "9": {
            "name": "Neck",
            "x": 53.46,
            "y": 16.98
        },
        "10": {
            "name": "Head",
            "x": 51.67,
            "y": 13.44
        },
        "11": {
            "name": "Right Shoulder",
            "x": 61.34,
            "y": 21.3
        },
        "12": {
            "name": "Right Elbow",
            "x": 72.93,
            "y": 34.57
        },
        "13": {
            "name": "Right Wrist",
            "x": 84.53,
            "y": 38.31
        },
        "14": {
            "name": "Left Shoulder",
            "x": 46.56,
            "y": 18.88
        },
        "15": {
            "name": "Left Elbow",
            "x": 36.99,
            "y": 34.7
        },
        "16": {
            "name": "Left Wrist",
            "x": 26.55,
            "y": 38.44
        }
    },
    "keypoint_3d": {
        "0": {
            "name": "Center of Hips",
            "x": 0.0,
            "y": 0.0,
            "z": 0.5323227643966675
        },
        "1": {
            "name": "Left Hip",
            "x": -0.002491818042472005,
            "y": -0.11213312298059464,
            "z": 0.4903268814086914
        },
        "2": {
            "name": "Left Knee",
            "x": 0.09724340587854385,
            "y": 0.001921436982229352,
            "z": 0.14925041794776917
        },
        "3": {
            "name": "Left Ankle",
            "x": -0.15337659418582916,
            "y": 0.147664412856102,
            "z": 0.0
        },
        "4": {
            "name": "Right Hip",
            "x": -0.010153229348361492,
            "y": 0.09489237517118454,
            "z": 0.5554801225662231
        },
        "5": {
            "name": "Right Knee",
            "x": 0.1554996371269226,
            "y": -0.08441140502691269,
            "z": 0.3062494099140167
        },
        "6": {
            "name": "Right Ankle",
            "x": 0.10161130875349045,
            "y": -0.21593698859214783,
            "z": 0.08645547181367874
        },
        "7": {
            "name": "Center of Body",
            "x": -0.005063449498265982,
            "y": -0.021096397191286087,
            "z": 0.7051188945770264
        },
        "8": {
            "name": "Center of Shoulder",
            "x": 0.021357281133532524,
            "y": 0.0011904563289135695,
            "z": 0.9087385535240173
        },
        "9": {
            "name": "Neck",
            "x": 0.05458590015769005,
            "y": 0.0445222333073616,
            "z": 0.9461731910705566
        },
        "10": {
            "name": "Head",
            "x": 0.07345506548881531,
            "y": 0.01088361069560051,
            "z": 1.0
        },
        "11": {
            "name": "Right Shoulder",
            "x": -0.04729090631008148,
            "y": 0.07583444565534592,
            "z": 0.8894060850143433
        },
        "12": {
            "name": "Right Elbow",
            "x": -0.1808280199766159,
            "y": 0.1791953444480896,
            "z": 0.7167121767997742
        },
        "13": {
            "name": "Right Wrist",
            "x": -0.32404735684394836,
            "y": 0.2970009744167328,
            "z": 0.6669763922691345
        },
        "14": {
            "name": "Left Shoulder",
            "x": 0.1036933958530426,
            "y": -0.06501025706529617,
            "z": 0.908263087272644
        },
        "15": {
            "name": "Left Elbow",
            "x": 0.2139206826686859,
            "y": -0.14770755171775818,
            "z": 0.6959577202796936
        },
        "16": {
            "name": "Left Wrist",
            "x": 0.36628609895706177,
            "y": -0.17311234772205353,
            "z": 0.6617797613143921
        }
    }
}