{
    "image_path": "00015/img/9.jpg",
    "shooter_tracklet_id": 15,
    "bbox": {
        "x": 430,
        "y": 504,
        "w": 100,
        "h": 100
    },
    "keypont_2d": {
        "0": {
            "name": "Center of Hips",
            "x": 53.43,
            "y": 51.37
        },
        "1": {
            "name": "Left Hip",
            "x": 49.34,
            "y": 52.52
        },
        "2": {
            "name": "Left Knee",
            "x": 45.75,
            "y": 72.97
        },
        "3": {
            "name": "Left Ankle",
            "x": 69.71,
            "y": 79.41
        },
        "4": {
            "name": "Right Hip",
            "x": 57.71,
            "y": 50.67
        },
        "5": {
            "name": "Right Knee",
            "x": 38.4,
            "y": 66.01
        },
        "6": {
            "name": "Right Ankle",
            "x": 30.93,
            "y": 81.99
        },
        "7": {
            "name": "Center of Body",
            "x": 53.66,
            "y": 36.96
        },
        "8": {
            "name": "Center of Shoulder",
            "x": 53.74,
            "y": 23.11
        },
        "9": {
            "name": "Neck",
            "x": 52.32,
            "y": 21.04
        },
        "10": {
            "name": "Head",
            "x": 52.06,
            "y": 17.05
        },
        "11": {
            "name": "Right Shoulder",
            "x": 61.85,
            "y": 25.3
        },
        "12": {
            "name": "Right Elbow",
            "x": 72.68,
            "y": 37.92
        },
        "13": {
            "name": "Right Wrist",
            "x": 85.69,
            "y": 39.98
        },
        "14": {
            "name": "Left Shoulder",
            "x": 45.62,
            "y": 23.62
        },
        "15": {
            "name": "Left Elbow",
            "x": 39.18,
            "y": 40.76
        },
        "16": {
            "name": "Left Wrist",
            "x": 26.68,
            "y": 44.88
        }
    },
    "keypont_3d": {
        "0": {
            "name": "Center of Hips",
            "x": 0.0,
            "y": 0.0,
            "z": 0.500642716884613
        },
        "1": {
            "name": "Left Hip",
            "x": 0.00841524638235569,
            "y": -0.12946127355098724,
            "z": 0.4670761227607727
        },
        "2": {
            "name": "Left Knee",
            "x": 0.09049956500530243,
            "y": -0.0783407911658287,
            "z": 0.14914174377918243
        },
        "3": {
            "name": "Left Ankle",
            "x": -0.12985655665397644,
            "y": -0.0861871987581253,
            "z": 0.0
        },
        "4": {
            "name": "Right Hip",
            "x": -0.02897452935576439,
            "y": 0.09506937116384506,
            "z": 0.5133275985717773
        },
        "5": {
            "name": "Right Knee",
            "x": 0.21527040004730225,
            "y": -0.041269466280937195,
            "z": 0.2639564871788025
        },
        "6": {
            "name": "Right Ankle",
            "x": 0.1625327169895172,
            "y": -0.1896679550409317,
            "z": 0.022987641394138336
        },
        "7": {
            "name": "Center of Body",
            "x": -0.01786619797348976,
            "y": -0.019330667331814766,
            "z": 0.6926335692405701
        },
        "8": {
            "name": "Center of Shoulder",
            "x": -0.0008607700001448393,
            "y": -0.004220367409288883,
            "z": 0.8945298194885254
        },
        "9": {
            "name": "Neck",
            "x": 0.039074696600437164,
            "y": 0.03595757484436035,
            "z": 0.9383331537246704
        },
        "10": {
            "name": "Head",
            "x": 0.0374307818710804,
            "y": -0.003884226782247424,
            "z": 1.0
        },
        "11": {
            "name": "Right Shoulder",
            "x": -0.09898527711629868,
            "y": 0.06964623183012009,
            "z": 0.8751357793807983
        },
        "12": {
            "name": "Right Elbow",
            "x": -0.22614078223705292,
            "y": 0.19243866205215454,
            "z": 0.7043930888175964
        },
        "13": {
            "name": "Right Wrist",
            "x": -0.2840108275413513,
            "y": 0.3559068739414215,
            "z": 0.7519024014472961
        },
        "14": {
            "name": "Left Shoulder",
            "x": 0.08599778264760971,
            "y": -0.07689113169908524,
            "z": 0.8719375729560852
        },
        "15": {
            "name": "Left Elbow",
            "x": 0.18205808103084564,
            "y": -0.14853277802467346,
            "z": 0.645557701587677
        },
        "16": {
            "name": "Left Wrist",
            "x": 0.3453235626220703,
            "y": -0.19719108939170837,
            "z": 0.5792520046234131
        }
    }
}