{
    "image_path": "00015/img/10.jpg",
    "shooter_tracklet_id": 15,
    "bbox": {
        "x": 432,
        "y": 497,
        "w": 100,
        "h": 100
    },
    "keypont_2d": {
        "0": {
            "name": "Center of Hips",
            "x": 57.77,
            "y": 52.06
        },
        "1": {
            "name": "Left Hip",
            "x": 48.95,
            "y": 52.06
        },
        "2": {
            "name": "Left Knee",
            "x": 44.75,
            "y": 74.31
        },
        "3": {
            "name": "Left Ankle",
            "x": 65.17,
            "y": 72.73
        },
        "4": {
            "name": "Right Hip",
            "x": 63.43,
            "y": 51.85
        },
        "5": {
            "name": "Right Knee",
            "x": 44.89,
            "y": 70.93
        },
        "6": {
            "name": "Right Ankle",
            "x": 26.3,
            "y": 88.42
        },
        "7": {
            "name": "Center of Body",
            "x": 60.19,
            "y": 36.26
        },
        "8": {
            "name": "Center of Shoulder",
            "x": 60.52,
            "y": 24.9
        },
        "9": {
            "name": "Neck",
            "x": 59.51,
            "y": 21.4
        },
        "10": {
            "name": "Head",
            "x": 56.48,
            "y": 16.43
        },
        "11": {
            "name": "Right Shoulder",
            "x": 66.96,
            "y": 24.4
        },
        "12": {
            "name": "Right Elbow",
            "x": 76.63,
            "y": 36.54
        },
        "13": {
            "name": "Right Wrist",
            "x": 91.11,
            "y": 36.12
        },
        "14": {
            "name": "Left Shoulder",
            "x": 51.17,
            "y": 25.86
        },
        "15": {
            "name": "Left Elbow",
            "x": 51.65,
            "y": 37.59
        },
        "16": {
            "name": "Left Wrist",
            "x": 39.48,
            "y": 44.1
        }
    },
    "keypont_3d": {
        "0": {
            "name": "Center of Hips",
            "x": 0.0,
            "y": 0.0,
            "z": 0.49897515773773193
        },
        "1": {
            "name": "Left Hip",
            "x": 0.0457143560051918,
            "y": -0.1247980147600174,
            "z": 0.46834513545036316
        },
        "2": {
            "name": "Left Knee",
            "x": 0.11769624054431915,
            "y": -0.09121619164943695,
            "z": 0.14821597933769226
        },
        "3": {
            "name": "Left Ankle",
            "x": -0.1922427862882614,
            "y": -0.07366873323917389,
            "z": 0.10006702691316605
        },
        "4": {
            "name": "Right Hip",
            "x": -0.04849645495414734,
            "y": 0.09211011230945587,
            "z": 0.49687057733535767
        },
        "5": {
            "name": "Right Knee",
            "x": 0.24298891425132751,
            "y": 0.05471337214112282,
            "z": 0.24384211003780365
        },
        "6": {
            "name": "Right Ankle",
            "x": 0.27461889386177063,
            "y": -0.09872525930404663,
            "z": 0.0
        },
        "7": {
            "name": "Center of Body",
            "x": -0.03349516540765762,
            "y": 0.005529752001166344,
            "z": 0.6994935274124146
        },
        "8": {
            "name": "Center of Shoulder",
            "x": -0.024317825213074684,
            "y": 0.013558782637119293,
            "z": 0.8815286159515381
        },
        "9": {
            "name": "Neck",
            "x": 0.015395372174680233,
            "y": 0.05777403712272644,
            "z": 0.9296536445617676
        },
        "10": {
            "name": "Head",
            "x": 0.037530649453401566,
            "y": 0.0301066767424345,
            "z": 1.0
        },
        "11": {
            "name": "Right Shoulder",
            "x": -0.1070823222398758,
            "y": 0.07177814841270447,
            "z": 0.8748849034309387
        },
        "12": {
            "name": "Right Elbow",
            "x": -0.22895292937755585,
            "y": 0.19522906839847565,
            "z": 0.7188922166824341
        },
        "13": {
            "name": "Right Wrist",
            "x": -0.3896656930446625,
            "y": 0.3311035633087158,
            "z": 0.7660878300666809
        },
        "14": {
            "name": "Left Shoulder",
            "x": 0.06429466605186462,
            "y": -0.07461417466402054,
            "z": 0.849177360534668
        },
        "15": {
            "name": "Left Elbow",
            "x": 0.04749911651015282,
            "y": -0.17994911968708038,
            "z": 0.656237006187439
        },
        "16": {
            "name": "Left Wrist",
            "x": 0.19998778402805328,
            "y": -0.21847455203533173,
            "z": 0.5695639252662659
        }
    }
}