{
    "image_path": "00015/img/11.jpg",
    "shooter_tracklet_id": 15,
    "bbox": {
        "x": 434,
        "y": 497,
        "w": 100,
        "h": 100
    },
    "keypoint_2d": {
        "0": {
            "name": "Center of Hips",
            "x": 56.3,
            "y": 51.4
        },
        "1": {
            "name": "Left Hip",
            "x": 50.8,
            "y": 49.71
        },
        "2": {
            "name": "Left Knee",
            "x": 39.52,
            "y": 65.01
        },
        "3": {
            "name": "Left Ankle",
            "x": 48.84,
            "y": 77.06
        },
        "4": {
            "name": "Right Hip",
            "x": 62.06,
            "y": 53.59
        },
        "5": {
            "name": "Right Knee",
            "x": 41.17,
            "y": 70.07
        },
        "6": {
            "name": "Right Ankle",
            "x": 31.0,
            "y": 84.24
        },
        "7": {
            "name": "Center of Body",
            "x": 59.46,
            "y": 35.48
        },
        "8": {
            "name": "Center of Shoulder",
            "x": 59.84,
            "y": 21.46
        },
        "9": {
            "name": "Neck",
            "x": 58.51,
            "y": 19.35
        },
        "10": {
            "name": "Head",
            "x": 54.05,
            "y": 14.98
        },
        "11": {
            "name": "Right Shoulder",
            "x": 66.09,
            "y": 23.18
        },
        "12": {
            "name": "Right Elbow",
            "x": 74.96,
            "y": 34.19
        },
        "13": {
            "name": "Right Wrist",
            "x": 83.96,
            "y": 33.84
        },
        "14": {
            "name": "Left Shoulder",
            "x": 53.04,
            "y": 21.1
        },
        "15": {
            "name": "Left Elbow",
            "x": 53.04,
            "y": 34.25
        },
        "16": {
            "name": "Left Wrist",
            "x": 46.34,
            "y": 42.92
        }
    },
    "keypoint_3d": {
        "0": {
            "name": "Center of Hips",
            "x": 0.0,
            "y": 0.0,
            "z": 0.49001988768577576
        },
        "1": {
            "name": "Left Hip",
            "x": 0.048554182052612305,
            "y": -0.1303819864988327,
            "z": 0.4751478135585785
        },
        "2": {
            "name": "Left Knee",
            "x": 0.22204655408859253,
            "y": -0.13920260965824127,
            "z": 0.22770506143569946
        },
        "3": {
            "name": "Left Ankle",
            "x": 0.024037592113018036,
            "y": -0.16694007813930511,
            "z": 0.019964057952165604
        },
        "4": {
            "name": "Right Hip",
            "x": -0.062337592244148254,
            "y": 0.09441256523132324,
            "z": 0.46650248765945435
        },
        "5": {
            "name": "Right Knee",
            "x": 0.23315009474754333,
            "y": 0.061535101383924484,
            "z": 0.19251559674739838
        },
        "6": {
            "name": "Right Ankle",
            "x": 0.19792725145816803,
            "y": -0.12265245616436005,
            "z": 0.0
        },
        "7": {
            "name": "Center of Body",
            "x": -0.05088465288281441,
            "y": 0.013344230130314827,
            "z": 0.6884549856185913
        },
        "8": {
            "name": "Center of Shoulder",
            "x": -0.035612720996141434,
            "y": 0.021573485806584358,
            "z": 0.8747335076332092
        },
        "9": {
            "name": "Neck",
            "x": -0.0005272198468446732,
            "y": 0.06733009219169617,
            "z": 0.9341137409210205
        },
        "10": {
            "name": "Head",
            "x": 0.046176739037036896,
            "y": 0.03535783663392067,
            "z": 1.0
        },
        "11": {
            "name": "Right Shoulder",
            "x": -0.11781223863363266,
            "y": 0.07969353348016739,
            "z": 0.8788818717002869
        },
        "12": {
            "name": "Right Elbow",
            "x": -0.20945729315280914,
            "y": 0.23520317673683167,
            "z": 0.7412307858467102
        },
        "13": {
            "name": "Right Wrist",
            "x": -0.2712208926677704,
            "y": 0.4068576693534851,
            "z": 0.7925227880477905
        },
        "14": {
            "name": "Left Shoulder",
            "x": 0.04905730485916138,
            "y": -0.06193696707487106,
            "z": 0.8575294613838196
        },
        "15": {
            "name": "Left Elbow",
            "x": -0.006094370502978563,
            "y": -0.1813773512840271,
            "z": 0.6693693995475769
        },
        "16": {
            "name": "Left Wrist",
            "x": 0.11477908492088318,
            "y": -0.22390538454055786,
            "z": 0.5595956444740295
        }
    }
}