{
    "image_path": "00015/img/12.jpg",
    "shooter_tracklet_id": 15,
    "bbox": {
        "x": 435,
        "y": 494,
        "w": 100,
        "h": 100
    },
    "keypoint_2d": {
        "0": {
            "name": "Center of Hips",
            "x": 60.06,
            "y": 52.7
        },
        "1": {
            "name": "Left Hip",
            "x": 53.35,
            "y": 50.94
        },
        "2": {
            "name": "Left Knee",
            "x": 35.79,
            "y": 66.16
        },
        "3": {
            "name": "Left Ankle",
            "x": 28.34,
            "y": 79.82
        },
        "4": {
            "name": "Right Hip",
            "x": 65.72,
            "y": 54.29
        },
        "5": {
            "name": "Right Knee",
            "x": 45.47,
            "y": 66.95
        },
        "6": {
            "name": "Right Ankle",
            "x": 37.08,
            "y": 81.12
        },
        "7": {
            "name": "Center of Body",
            "x": 64.02,
            "y": 36.35
        },
        "8": {
            "name": "Center of Shoulder",
            "x": 61.08,
            "y": 22.72
        },
        "9": {
            "name": "Neck",
            "x": 59.53,
            "y": 21.69
        },
        "10": {
            "name": "Head",
            "x": 53.74,
            "y": 18.21
        },
        "11": {
            "name": "Right Shoulder",
            "x": 67.92,
            "y": 22.75
        },
        "12": {
            "name": "Right Elbow",
            "x": 73.53,
            "y": 29.13
        },
        "13": {
            "name": "Right Wrist",
            "x": 67.96,
            "y": 33.08
        },
        "14": {
            "name": "Left Shoulder",
            "x": 55.41,
            "y": 26.46
        },
        "15": {
            "name": "Left Elbow",
            "x": 59.48,
            "y": 36.85
        },
        "16": {
            "name": "Left Wrist",
            "x": 49.61,
            "y": 43.98
        }
    },
    "keypoint_3d": {
        "0": {
            "name": "Center of Hips",
            "x": 0.0,
            "y": 0.0,
            "z": 0.5061827898025513
        },
        "1": {
            "name": "Left Hip",
            "x": 0.04175800830125809,
            "y": -0.12840497493743896,
            "z": 0.49292197823524475
        },
        "2": {
            "name": "Left Knee",
            "x": 0.2575919032096863,
            "y": -0.11898679286241531,
            "z": 0.25095126032829285
        },
        "3": {
            "name": "Left Ankle",
            "x": 0.1221146509051323,
            "y": -0.16162939369678497,
            "z": 0.0
        },
        "4": {
            "name": "Right Hip",
            "x": -0.06858855485916138,
            "y": 0.10437797755002975,
            "z": 0.4647272527217865
        },
        "5": {
            "name": "Right Knee",
            "x": 0.2626490890979767,
            "y": 0.05946270748972893,
            "z": 0.2483205497264862
        },
        "6": {
            "name": "Right Ankle",
            "x": 0.31636881828308105,
            "y": -0.08568073809146881,
            "z": 0.003488044021651149
        },
        "7": {
            "name": "Center of Body",
            "x": -0.06703004240989685,
            "y": 0.013812070712447166,
            "z": 0.7055115699768066
        },
        "8": {
            "name": "Center of Shoulder",
            "x": -0.03423480689525604,
            "y": 0.012972408905625343,
            "z": 0.9019186496734619
        },
        "9": {
            "name": "Neck",
            "x": 0.013019139878451824,
            "y": 0.05081317573785782,
            "z": 0.9467192888259888
        },
        "10": {
            "name": "Head",
            "x": 0.08358823508024216,
            "y": 0.012845716439187527,
            "z": 1.0
        },
        "11": {
            "name": "Right Shoulder",
            "x": -0.11303769052028656,
            "y": 0.08054358512163162,
            "z": 0.9098663926124573
        },
        "12": {
            "name": "Right Elbow",
            "x": -0.16694815456867218,
            "y": 0.2562815248966217,
            "z": 0.8210870623588562
        },
        "13": {
            "name": "Right Wrist",
            "x": -0.03237926587462425,
            "y": 0.33476364612579346,
            "z": 0.8526416420936584
        },
        "14": {
            "name": "Left Shoulder",
            "x": 0.02325868234038353,
            "y": -0.06647083163261414,
            "z": 0.8587481379508972
        },
        "15": {
            "name": "Left Elbow",
            "x": -0.06140856817364693,
            "y": -0.17458073794841766,
            "z": 0.6823963522911072
        },
        "16": {
            "name": "Left Wrist",
            "x": 0.066226527094841,
            "y": -0.21604804694652557,
            "z": 0.5774400234222412
        }
    }
}