{
    "image_path": "00015/img/13.jpg",
    "shooter_tracklet_id": 15,
    "bbox": {
        "x": 435,
        "y": 492,
        "w": 100,
        "h": 100
    },
    "keypoint_2d": {
        "0": {
            "name": "Center of Hips",
            "x": 63.2,
            "y": 54.56
        },
        "1": {
            "name": "Left Hip",
            "x": 56.56,
            "y": 52.63
        },
        "2": {
            "name": "Left Knee",
            "x": 36.87,
            "y": 65.04
        },
        "3": {
            "name": "Left Ankle",
            "x": 20.51,
            "y": 76.79
        },
        "4": {
            "name": "Right Hip",
            "x": 68.77,
            "y": 56.1
        },
        "5": {
            "name": "Right Knee",
            "x": 47.38,
            "y": 67.04
        },
        "6": {
            "name": "Right Ankle",
            "x": 37.94,
            "y": 81.77
        },
        "7": {
            "name": "Center of Body",
            "x": 67.25,
            "y": 38.24
        },
        "8": {
            "name": "Center of Shoulder",
            "x": 62.88,
            "y": 23.75
        },
        "9": {
            "name": "Neck",
            "x": 61.18,
            "y": 21.98
        },
        "10": {
            "name": "Head",
            "x": 55.36,
            "y": 20.21
        },
        "11": {
            "name": "Right Shoulder",
            "x": 69.79,
            "y": 21.64
        },
        "12": {
            "name": "Right Elbow",
            "x": 75.26,
            "y": 29.27
        },
        "13": {
            "name": "Right Wrist",
            "x": 68.38,
            "y": 33.91
        },
        "14": {
            "name": "Left Shoulder",
            "x": 56.91,
            "y": 29.2
        },
        "15": {
            "name": "Left Elbow",
            "x": 54.96,
            "y": 43.07
        },
        "16": {
            "name": "Left Wrist",
            "x": 46.74,
            "y": 43.94
        }
    },
    "keypoint_3d": {
        "0": {
            "name": "Center of Hips",
            "x": 0.0,
            "y": 0.0,
            "z": 0.5116942524909973
        },
        "1": {
            "name": "Left Hip",
            "x": 0.036738745868206024,
            "y": -0.11753877252340317,
            "z": 0.49878573417663574
        },
        "2": {
            "name": "Left Knee",
            "x": 0.32731887698173523,
            "y": -0.13644397258758545,
            "z": 0.29891955852508545
        },
        "3": {
            "name": "Left Ankle",
            "x": 0.4531676173210144,
            "y": -0.21156008541584015,
            "z": 0.06639488786458969
        },
        "4": {
            "name": "Right Hip",
            "x": -0.08104369044303894,
            "y": 0.11592037975788116,
            "z": 0.4715573489665985
        },
        "5": {
            "name": "Right Knee",
            "x": 0.28190934658050537,
            "y": 0.060379233211278915,
            "z": 0.27481135725975037
        },
        "6": {
            "name": "Right Ankle",
            "x": 0.35914596915245056,
            "y": -0.07469093054533005,
            "z": 0.0
        },
        "7": {
            "name": "Center of Body",
            "x": -0.09192895889282227,
            "y": 0.029594874009490013,
            "z": 0.7144550085067749
        },
        "8": {
            "name": "Center of Shoulder",
            "x": -0.032020099461078644,
            "y": 0.005637040361762047,
            "z": 0.9173423051834106
        },
        "9": {
            "name": "Neck",
            "x": 0.020092980936169624,
            "y": 0.03321165591478348,
            "z": 0.9590696692466736
        },
        "10": {
            "name": "Head",
            "x": 0.10026340186595917,
            "y": -0.007982627488672733,
            "z": 1.0
        },
        "11": {
            "name": "Right Shoulder",
            "x": -0.1094370111823082,
            "y": 0.0786566510796547,
            "z": 0.9473047852516174
        },
        "12": {
            "name": "Right Elbow",
            "x": -0.13433709740638733,
            "y": 0.2548293173313141,
            "z": 0.8843823075294495
        },
        "13": {
            "name": "Right Wrist",
            "x": -0.0005061130505055189,
            "y": 0.3259568512439728,
            "z": 0.8730411529541016
        },
        "14": {
            "name": "Left Shoulder",
            "x": 0.030794812366366386,
            "y": -0.08386901766061783,
            "z": 0.853467583656311
        },
        "15": {
            "name": "Left Elbow",
            "x": -0.0415416844189167,
            "y": -0.18566849827766418,
            "z": 0.6681820750236511
        },
        "16": {
            "name": "Left Wrist",
            "x": 0.14944015443325043,
            "y": -0.19908036291599274,
            "z": 0.6054350137710571
        }
    }
}