{
    "image_path": "00015/img/14.jpg",
    "shooter_tracklet_id": 15,
    "bbox": {
        "x": 435,
        "y": 490,
        "w": 100,
        "h": 100
    },
    "keypoint_2d": {
        "0": {
            "name": "Center of Hips",
            "x": 65.65,
            "y": 54.64
        },
        "1": {
            "name": "Left Hip",
            "x": 60.19,
            "y": 52.41
        },
        "2": {
            "name": "Left Knee",
            "x": 43.43,
            "y": 62.78
        },
        "3": {
            "name": "Left Ankle",
            "x": 27.12,
            "y": 71.24
        },
        "4": {
            "name": "Right Hip",
            "x": 72.36,
            "y": 56.7
        },
        "5": {
            "name": "Right Knee",
            "x": 50.53,
            "y": 67.56
        },
        "6": {
            "name": "Right Ankle",
            "x": 41.79,
            "y": 81.36
        },
        "7": {
            "name": "Center of Body",
            "x": 69.14,
            "y": 37.55
        },
        "8": {
            "name": "Center of Shoulder",
            "x": 62.79,
            "y": 23.95
        },
        "9": {
            "name": "Neck",
            "x": 61.27,
            "y": 22.97
        },
        "10": {
            "name": "Head",
            "x": 56.44,
            "y": 20.73
        },
        "11": {
            "name": "Right Shoulder",
            "x": 68.43,
            "y": 24.04
        },
        "12": {
            "name": "Right Elbow",
            "x": 72.91,
            "y": 35.61
        },
        "13": {
            "name": "Right Wrist",
            "x": 66.22,
            "y": 45.45
        },
        "14": {
            "name": "Left Shoulder",
            "x": 54.35,
            "y": 26.61
        },
        "15": {
            "name": "Left Elbow",
            "x": 60.26,
            "y": 35.74
        },
        "16": {
            "name": "Left Wrist",
            "x": 51.56,
            "y": 42.07
        }
    },
    "keypoint_3d": {
        "0": {
            "name": "Center of Hips",
            "x": 0.0,
            "y": 0.0,
            "z": 0.5119938850402832
        },
        "1": {
            "name": "Left Hip",
            "x": 0.017711086198687553,
            "y": -0.11481738835573196,
            "z": 0.4999467730522156
        },
        "2": {
            "name": "Left Knee",
            "x": 0.31177374720573425,
            "y": -0.1725684255361557,
            "z": 0.303498774766922
        },
        "3": {
            "name": "Left Ankle",
            "x": 0.5100497007369995,
            "y": -0.2632220685482025,
            "z": 0.14202989637851715
        },
        "4": {
            "name": "Right Hip",
            "x": -0.09641160815954208,
            "y": 0.1287114918231964,
            "z": 0.4627700746059418
        },
        "5": {
            "name": "Right Knee",
            "x": 0.2746264338493347,
            "y": 0.04832135885953903,
            "z": 0.26210951805114746
        },
        "6": {
            "name": "Right Ankle",
            "x": 0.36307293176651,
            "y": -0.08288995921611786,
            "z": 0.0
        },
        "7": {
            "name": "Center of Body",
            "x": -0.08661483228206635,
            "y": 0.03148350119590759,
            "z": 0.7207027077674866
        },
        "8": {
            "name": "Center of Shoulder",
            "x": -1.6800931916804984e-05,
            "y": -0.005836110562086105,
            "z": 0.9210940003395081
        },
        "9": {
            "name": "Neck",
            "x": 0.04976092651486397,
            "y": 0.021212175488471985,
            "z": 0.9619857668876648
        },
        "10": {
            "name": "Head",
            "x": 0.12887699902057648,
            "y": -0.01182609423995018,
            "z": 1.0
        },
        "11": {
            "name": "Right Shoulder",
            "x": -0.05826270207762718,
            "y": 0.07242897897958755,
            "z": 0.9411255717277527
        },
        "12": {
            "name": "Right Elbow",
            "x": -0.07603278756141663,
            "y": 0.22821475565433502,
            "z": 0.7972000241279602
        },
        "13": {
            "name": "Right Wrist",
            "x": 0.05366581305861473,
            "y": 0.27167150378227234,
            "z": 0.7050106525421143
        },
        "14": {
            "name": "Left Shoulder",
            "x": 0.08911106735467911,
            "y": -0.09646056592464447,
            "z": 0.872755765914917
        },
        "15": {
            "name": "Left Elbow",
            "x": -0.0228995680809021,
            "y": -0.2006591558456421,
            "z": 0.6991679668426514
        },
        "16": {
            "name": "Left Wrist",
            "x": 0.13918231427669525,
            "y": -0.21132101118564606,
            "z": 0.634723961353302
        }
    }
}