{
    "image_path": "00015/img/15.jpg",
    "shooter_tracklet_id": 15,
    "bbox": {
        "x": 436,
        "y": 491,
        "w": 100,
        "h": 100
    },
    "keypont_2d": {
        "0": {
            "name": "Center of Hips",
            "x": 65.89,
            "y": 53.52
        },
        "1": {
            "name": "Left Hip",
            "x": 58.72,
            "y": 50.63
        },
        "2": {
            "name": "Left Knee",
            "x": 44.41,
            "y": 58.98
        },
        "3": {
            "name": "Left Ankle",
            "x": 31.17,
            "y": 68.19
        },
        "4": {
            "name": "Right Hip",
            "x": 71.52,
            "y": 55.49
        },
        "5": {
            "name": "Right Knee",
            "x": 50.85,
            "y": 66.14
        },
        "6": {
            "name": "Right Ankle",
            "x": 43.16,
            "y": 78.75
        },
        "7": {
            "name": "Center of Body",
            "x": 67.3,
            "y": 37.18
        },
        "8": {
            "name": "Center of Shoulder",
            "x": 64.3,
            "y": 24.91
        },
        "9": {
            "name": "Neck",
            "x": 61.34,
            "y": 23.24
        },
        "10": {
            "name": "Head",
            "x": 57.24,
            "y": 20.41
        },
        "11": {
            "name": "Right Shoulder",
            "x": 66.23,
            "y": 23.62
        },
        "12": {
            "name": "Right Elbow",
            "x": 56.7,
            "y": 32.38
        },
        "13": {
            "name": "Right Wrist",
            "x": 46.02,
            "y": 34.08
        },
        "14": {
            "name": "Left Shoulder",
            "x": 61.6,
            "y": 27.45
        },
        "15": {
            "name": "Left Elbow",
            "x": 59.28,
            "y": 35.44
        },
        "16": {
            "name": "Left Wrist",
            "x": 55.42,
            "y": 31.31
        }
    },
    "keypont_3d": {
        "0": {
            "name": "Center of Hips",
            "x": 0.0,
            "y": 0.0,
            "z": 0.5073034763336182
        },
        "1": {
            "name": "Left Hip",
            "x": 0.02402625046670437,
            "y": -0.12296432256698608,
            "z": 0.49814626574516296
        },
        "2": {
            "name": "Left Knee",
            "x": 0.3283064365386963,
            "y": -0.17059315741062164,
            "z": 0.3212639093399048
        },
        "3": {
            "name": "Left Ankle",
            "x": 0.4364452362060547,
            "y": -0.27082201838493347,
            "z": 0.12435801327228546
        },
        "4": {
            "name": "Right Hip",
            "x": -0.1087615042924881,
            "y": 0.13921360671520233,
            "z": 0.4508081078529358
        },
        "5": {
            "name": "Right Knee",
            "x": 0.27253520488739014,
            "y": 0.05595497041940689,
            "z": 0.2543173134326935
        },
        "6": {
            "name": "Right Ankle",
            "x": 0.3404289484024048,
            "y": -0.10085243731737137,
            "z": 0.0
        },
        "7": {
            "name": "Center of Body",
            "x": -0.07236900180578232,
            "y": 0.02860122360289097,
            "z": 0.7171591520309448
        },
        "8": {
            "name": "Center of Shoulder",
            "x": -0.0035407308023422956,
            "y": -0.001626904122531414,
            "z": 0.9132123589515686
        },
        "9": {
            "name": "Neck",
            "x": 0.06258928030729294,
            "y": 0.02634781040251255,
            "z": 0.9513803124427795
        },
        "10": {
            "name": "Head",
            "x": 0.13282892107963562,
            "y": -0.004476326983422041,
            "z": 1.0
        },
        "11": {
            "name": "Right Shoulder",
            "x": -0.03341520577669144,
            "y": 0.0750817060470581,
            "z": 0.9442680478096008
        },
        "12": {
            "name": "Right Elbow",
            "x": 0.15535898506641388,
            "y": 0.14116299152374268,
            "z": 0.8246173858642578
        },
        "13": {
            "name": "Right Wrist",
            "x": 0.3705674707889557,
            "y": 0.10650491714477539,
            "z": 0.8326355814933777
        },
        "14": {
            "name": "Left Shoulder",
            "x": 0.005021280143409967,
            "y": -0.10820599645376205,
            "z": 0.8658110499382019
        },
        "15": {
            "name": "Left Elbow",
            "x": -0.025363806635141373,
            "y": -0.2263292670249939,
            "z": 0.7061670422554016
        },
        "16": {
            "name": "Left Wrist",
            "x": 0.1256301999092102,
            "y": -0.1288481056690216,
            "z": 0.7647528648376465
        }
    }
}