{
    "image_path": "00015/img/16.jpg",
    "shooter_tracklet_id": 15,
    "bbox": {
        "x": 436,
        "y": 494,
        "w": 100,
        "h": 100
    },
    "keypoint_2d": {
        "0": {
            "name": "Center of Hips",
            "x": 64.95,
            "y": 54.9
        },
        "1": {
            "name": "Left Hip",
            "x": 59.59,
            "y": 52.43
        },
        "2": {
            "name": "Left Knee",
            "x": 44.18,
            "y": 59.2
        },
        "3": {
            "name": "Left Ankle",
            "x": 41.41,
            "y": 73.05
        },
        "4": {
            "name": "Right Hip",
            "x": 69.14,
            "y": 57.7
        },
        "5": {
            "name": "Right Knee",
            "x": 49.22,
            "y": 65.87
        },
        "6": {
            "name": "Right Ankle",
            "x": 47.33,
            "y": 76.58
        },
        "7": {
            "name": "Center of Body",
            "x": 68.17,
            "y": 38.48
        },
        "8": {
            "name": "Center of Shoulder",
            "x": 62.27,
            "y": 24.52
        },
        "9": {
            "name": "Neck",
            "x": 60.99,
            "y": 22.42
        },
        "10": {
            "name": "Head",
            "x": 56.58,
            "y": 18.4
        },
        "11": {
            "name": "Right Shoulder",
            "x": 63.69,
            "y": 22.19
        },
        "12": {
            "name": "Right Elbow",
            "x": 51.12,
            "y": 33.46
        },
        "13": {
            "name": "Right Wrist",
            "x": 41.35,
            "y": 37.27
        },
        "14": {
            "name": "Left Shoulder",
            "x": 60.25,
            "y": 27.42
        },
        "15": {
            "name": "Left Elbow",
            "x": 57.83,
            "y": 36.37
        },
        "16": {
            "name": "Left Wrist",
            "x": 53.0,
            "y": 31.53
        }
    },
    "keypoint_3d": {
        "0": {
            "name": "Center of Hips",
            "x": 0.0,
            "y": 0.0,
            "z": 0.4779110252857208
        },
        "1": {
            "name": "Left Hip",
            "x": 0.013988076709210873,
            "y": -0.12730368971824646,
            "z": 0.4694957733154297
        },
        "2": {
            "name": "Left Knee",
            "x": 0.3293917179107666,
            "y": -0.17864537239074707,
            "z": 0.31644588708877563
        },
        "3": {
            "name": "Left Ankle",
            "x": 0.3032425343990326,
            "y": -0.2529209554195404,
            "z": 0.05925977602601051
        },
        "4": {
            "name": "Right Hip",
            "x": -0.09414823353290558,
            "y": 0.13359303772449493,
            "z": 0.42307984828948975
        },
        "5": {
            "name": "Right Knee",
            "x": 0.2958162724971771,
            "y": 0.06606977432966232,
            "z": 0.2508513927459717
        },
        "6": {
            "name": "Right Ankle",
            "x": 0.2549607455730438,
            "y": -0.12678243219852448,
            "z": 0.0
        },
        "7": {
            "name": "Center of Body",
            "x": -0.07676137983798981,
            "y": 0.031592924147844315,
            "z": 0.688072681427002
        },
        "8": {
            "name": "Center of Shoulder",
            "x": 0.0019052538555115461,
            "y": -0.00015771822654642165,
            "z": 0.8890126943588257
        },
        "9": {
            "name": "Neck",
            "x": 0.05632579326629639,
            "y": 0.0267157182097435,
            "z": 0.9427398443222046
        },
        "10": {
            "name": "Head",
            "x": 0.1226719543337822,
            "y": -0.006416081916540861,
            "z": 1.0
        },
        "11": {
            "name": "Right Shoulder",
            "x": -0.005737352650612593,
            "y": 0.06884980201721191,
            "z": 0.9230266213417053
        },
        "12": {
            "name": "Right Elbow",
            "x": 0.2262250781059265,
            "y": 0.09663112461566925,
            "z": 0.8034957647323608
        },
        "13": {
            "name": "Right Wrist",
            "x": 0.4230709671974182,
            "y": 0.06129290163516998,
            "z": 0.7804268002510071
        },
        "14": {
            "name": "Left Shoulder",
            "x": -0.00781544391065836,
            "y": -0.11341515928506851,
            "z": 0.8457728624343872
        },
        "15": {
            "name": "Left Elbow",
            "x": -0.014978059567511082,
            "y": -0.24261464178562164,
            "z": 0.6819499135017395
        },
        "16": {
            "name": "Left Wrist",
            "x": 0.11733818054199219,
            "y": -0.13523367047309875,
            "z": 0.7974765300750732
        }
    }
}