{
    "image_path": "00015/img/17.jpg",
    "shooter_tracklet_id": 15,
    "bbox": {
        "x": 436,
        "y": 496,
        "w": 100,
        "h": 100
    },
    "keypoint_2d": {
        "0": {
            "name": "Center of Hips",
            "x": 60.97,
            "y": 52.62
        },
        "1": {
            "name": "Left Hip",
            "x": 54.92,
            "y": 49.4
        },
        "2": {
            "name": "Left Knee",
            "x": 44.85,
            "y": 60.6
        },
        "3": {
            "name": "Left Ankle",
            "x": 40.59,
            "y": 75.03
        },
        "4": {
            "name": "Right Hip",
            "x": 67.13,
            "y": 52.29
        },
        "5": {
            "name": "Right Knee",
            "x": 52.47,
            "y": 67.83
        },
        "6": {
            "name": "Right Ankle",
            "x": 45.88,
            "y": 79.8
        },
        "7": {
            "name": "Center of Body",
            "x": 62.07,
            "y": 37.96
        },
        "8": {
            "name": "Center of Shoulder",
            "x": 60.18,
            "y": 26.62
        },
        "9": {
            "name": "Neck",
            "x": 59.55,
            "y": 24.61
        },
        "10": {
            "name": "Head",
            "x": 57.71,
            "y": 19.12
        },
        "11": {
            "name": "Right Shoulder",
            "x": 56.75,
            "y": 25.67
        },
        "12": {
            "name": "Right Elbow",
            "x": 48.62,
            "y": 37.71
        },
        "13": {
            "name": "Right Wrist",
            "x": 38.05,
            "y": 41.87
        },
        "14": {
            "name": "Left Shoulder",
            "x": 64.57,
            "y": 28.35
        },
        "15": {
            "name": "Left Elbow",
            "x": 65.38,
            "y": 32.02
        },
        "16": {
            "name": "Left Wrist",
            "x": 64.21,
            "y": 37.47
        }
    },
    "keypoint_3d": {
        "0": {
            "name": "Center of Hips",
            "x": 0.0,
            "y": 0.0,
            "z": 0.5009891390800476
        },
        "1": {
            "name": "Left Hip",
            "x": 0.035845186561346054,
            "y": -0.12660381197929382,
            "z": 0.49615082144737244
        },
        "2": {
            "name": "Left Knee",
            "x": 0.30561408400535583,
            "y": -0.09093310683965683,
            "z": 0.30566322803497314
        },
        "3": {
            "name": "Left Ankle",
            "x": 0.2874046266078949,
            "y": -0.1833326816558838,
            "z": 0.05862472951412201
        },
        "4": {
            "name": "Right Hip",
            "x": -0.07292341440916061,
            "y": 0.11211307346820831,
            "z": 0.4828090965747833
        },
        "5": {
            "name": "Right Knee",
            "x": 0.22180698812007904,
            "y": 0.1435074359178543,
            "z": 0.24838629364967346
        },
        "6": {
            "name": "Right Ankle",
            "x": 0.24403978884220123,
            "y": -0.04062580689787865,
            "z": 0.0
        },
        "7": {
            "name": "Center of Body",
            "x": -0.02845514565706253,
            "y": 0.02247460186481476,
            "z": 0.6946606040000916
        },
        "8": {
            "name": "Center of Shoulder",
            "x": 0.017291605472564697,
            "y": 0.020548023283481598,
            "z": 0.8762844204902649
        },
        "9": {
            "name": "Neck",
            "x": 0.044899843633174896,
            "y": 0.05863628163933754,
            "z": 0.9151790142059326
        },
        "10": {
            "name": "Head",
            "x": 0.07744070142507553,
            "y": 0.04872487485408783,
            "z": 1.0
        },
        "11": {
            "name": "Right Shoulder",
            "x": 0.08352324366569519,
            "y": 0.03544368967413902,
            "z": 0.884743332862854
        },
        "12": {
            "name": "Right Elbow",
            "x": 0.2422095388174057,
            "y": 0.048720188438892365,
            "z": 0.7266889214515686
        },
        "13": {
            "name": "Right Wrist",
            "x": 0.40805584192276,
            "y": -0.004546398296952248,
            "z": 0.6756047010421753
        },
        "14": {
            "name": "Left Shoulder",
            "x": -0.08358016610145569,
            "y": -0.04447002708911896,
            "z": 0.8374666571617126
        },
        "15": {
            "name": "Left Elbow",
            "x": -0.13080540299415588,
            "y": -0.15269909799098969,
            "z": 0.7400836944580078
        },
        "16": {
            "name": "Left Wrist",
            "x": -0.08866248279809952,
            "y": -0.1234947219491005,
            "z": 0.7137439250946045
        }
    }
}