{
    "image_path": "00015/img/18.jpg",
    "shooter_tracklet_id": 15,
    "bbox": {
        "x": 436,
        "y": 500,
        "w": 100,
        "h": 100
    },
    "keypont_2d": {
        "0": {
            "name": "Center of Hips",
            "x": 59.73,
            "y": 54.37
        },
        "1": {
            "name": "Left Hip",
            "x": 52.93,
            "y": 51.12
        },
        "2": {
            "name": "Left Knee",
            "x": 40.98,
            "y": 62.4
        },
        "3": {
            "name": "Left Ankle",
            "x": 39.82,
            "y": 76.57
        },
        "4": {
            "name": "Right Hip",
            "x": 65.14,
            "y": 53.9
        },
        "5": {
            "name": "Right Knee",
            "x": 51.55,
            "y": 69.23
        },
        "6": {
            "name": "Right Ankle",
            "x": 43.94,
            "y": 83.27
        },
        "7": {
            "name": "Center of Body",
            "x": 62.36,
            "y": 38.44
        },
        "8": {
            "name": "Center of Shoulder",
            "x": 59.36,
            "y": 25.68
        },
        "9": {
            "name": "Neck",
            "x": 58.1,
            "y": 23.13
        },
        "10": {
            "name": "Head",
            "x": 56.03,
            "y": 17.55
        },
        "11": {
            "name": "Right Shoulder",
            "x": 58.63,
            "y": 21.95
        },
        "12": {
            "name": "Right Elbow",
            "x": 47.47,
            "y": 37.82
        },
        "13": {
            "name": "Right Wrist",
            "x": 37.28,
            "y": 43.61
        },
        "14": {
            "name": "Left Shoulder",
            "x": 60.05,
            "y": 27.36
        },
        "15": {
            "name": "Left Elbow",
            "x": 60.83,
            "y": 33.29
        },
        "16": {
            "name": "Left Wrist",
            "x": 61.47,
            "y": 40.11
        }
    },
    "keypont_3d": {
        "0": {
            "name": "Center of Hips",
            "x": 0.0,
            "y": 0.0,
            "z": 0.5054164528846741
        },
        "1": {
            "name": "Left Hip",
            "x": 0.03861590847373009,
            "y": -0.11696835607290268,
            "z": 0.5025737881660461
        },
        "2": {
            "name": "Left Knee",
            "x": 0.28967076539993286,
            "y": -0.09884165972471237,
            "z": 0.3103293180465698
        },
        "3": {
            "name": "Left Ankle",
            "x": 0.24503666162490845,
            "y": -0.18845374882221222,
            "z": 0.06987893581390381
        },
        "4": {
            "name": "Right Hip",
            "x": -0.07360415160655975,
            "y": 0.10125947743654251,
            "z": 0.48698365688323975
        },
        "5": {
            "name": "Right Knee",
            "x": 0.17771658301353455,
            "y": 0.12923230230808258,
            "z": 0.23524820804595947
        },
        "6": {
            "name": "Right Ankle",
            "x": 0.22942094504833221,
            "y": -0.02355220355093479,
            "z": 0.0
        },
        "7": {
            "name": "Center of Body",
            "x": -0.04852209612727165,
            "y": 0.02681245654821396,
            "z": 0.6917728781700134
        },
        "8": {
            "name": "Center of Shoulder",
            "x": 0.0042387954890728,
            "y": 0.012611791491508484,
            "z": 0.8747098445892334
        },
        "9": {
            "name": "Neck",
            "x": 0.03901500999927521,
            "y": 0.05287894979119301,
            "z": 0.918717622756958
        },
        "10": {
            "name": "Head",
            "x": 0.0659523755311966,
            "y": 0.03966585546731949,
            "z": 1.0
        },
        "11": {
            "name": "Right Shoulder",
            "x": 0.05485286936163902,
            "y": 0.03482191264629364,
            "z": 0.8913899660110474
        },
        "12": {
            "name": "Right Elbow",
            "x": 0.22018513083457947,
            "y": 0.04646286740899086,
            "z": 0.7229892015457153
        },
        "13": {
            "name": "Right Wrist",
            "x": 0.37104761600494385,
            "y": -0.012571009807288647,
            "z": 0.6447592377662659
        },
        "14": {
            "name": "Left Shoulder",
            "x": -0.06912383437156677,
            "y": -0.06290986388921738,
            "z": 0.839424729347229
        },
        "15": {
            "name": "Left Elbow",
            "x": -0.12475413829088211,
            "y": -0.1465483456850052,
            "z": 0.7290080189704895
        },
        "16": {
            "name": "Left Wrist",
            "x": -0.12050577253103256,
            "y": -0.13785165548324585,
            "z": 0.6621264219284058
        }
    }
}