{
    "image_path": "00015/img/19.jpg",
    "shooter_tracklet_id": 15,
    "bbox": {
        "x": 436,
        "y": 503,
        "w": 100,
        "h": 100
    },
    "keypoint_2d": {
        "0": {
            "name": "Center of Hips",
            "x": 58.51,
            "y": 53.9
        },
        "1": {
            "name": "Left Hip",
            "x": 51.81,
            "y": 51.32
        },
        "2": {
            "name": "Left Knee",
            "x": 38.54,
            "y": 64.08
        },
        "3": {
            "name": "Left Ankle",
            "x": 38.02,
            "y": 77.09
        },
        "4": {
            "name": "Right Hip",
            "x": 64.84,
            "y": 51.97
        },
        "5": {
            "name": "Right Knee",
            "x": 53.23,
            "y": 70.01
        },
        "6": {
            "name": "Right Ankle",
            "x": 45.62,
            "y": 83.66
        },
        "7": {
            "name": "Center of Body",
            "x": 62.76,
            "y": 40.63
        },
        "8": {
            "name": "Center of Shoulder",
            "x": 58.63,
            "y": 25.52
        },
        "9": {
            "name": "Neck",
            "x": 58.32,
            "y": 23.52
        },
        "10": {
            "name": "Head",
            "x": 56.85,
            "y": 17.33
        },
        "11": {
            "name": "Right Shoulder",
            "x": 55.04,
            "y": 25.45
        },
        "12": {
            "name": "Right Elbow",
            "x": 49.09,
            "y": 36.85
        },
        "13": {
            "name": "Right Wrist",
            "x": 38.39,
            "y": 43.04
        },
        "14": {
            "name": "Left Shoulder",
            "x": 61.23,
            "y": 29.46
        },
        "15": {
            "name": "Left Elbow",
            "x": 60.89,
            "y": 41.67
        },
        "16": {
            "name": "Left Wrist",
            "x": 62.71,
            "y": 51.98
        }
    },
    "keypoint_3d": {
        "0": {
            "name": "Center of Hips",
            "x": 0.0,
            "y": 0.0,
            "z": 0.508021354675293
        },
        "1": {
            "name": "Left Hip",
            "x": 0.04352467879652977,
            "y": -0.11346099525690079,
            "z": 0.5007405281066895
        },
        "2": {
            "name": "Left Knee",
            "x": 0.28059762716293335,
            "y": -0.12461193650960922,
            "z": 0.3030027747154236
        },
        "3": {
            "name": "Left Ankle",
            "x": 0.233614981174469,
            "y": -0.21963387727737427,
            "z": 0.06803425401449203
        },
        "4": {
            "name": "Right Hip",
            "x": -0.07363670319318771,
            "y": 0.09653350710868835,
            "z": 0.49878013134002686
        },
        "5": {
            "name": "Right Knee",
            "x": 0.14763900637626648,
            "y": 0.12961654365062714,
            "z": 0.22656092047691345
        },
        "6": {
            "name": "Right Ankle",
            "x": 0.20259101688861847,
            "y": -0.022557320073246956,
            "z": 0.0
        },
        "7": {
            "name": "Center of Body",
            "x": -0.06336460262537003,
            "y": 0.02377362549304962,
            "z": 0.6752141714096069
        },
        "8": {
            "name": "Center of Shoulder",
            "x": -0.007242714520543814,
            "y": 0.001812713802792132,
            "z": 0.8704429864883423
        },
        "9": {
            "name": "Neck",
            "x": 0.02668611705303192,
            "y": 0.04922410100698471,
            "z": 0.9184887409210205
        },
        "10": {
            "name": "Head",
            "x": 0.04864748567342758,
            "y": 0.030500207096338272,
            "z": 1.0
        },
        "11": {
            "name": "Right Shoulder",
            "x": 0.05278320983052254,
            "y": 0.028060441836714745,
            "z": 0.8838088512420654
        },
        "12": {
            "name": "Right Elbow",
            "x": 0.19812224805355072,
            "y": 0.06733506172895432,
            "z": 0.7375844717025757
        },
        "13": {
            "name": "Right Wrist",
            "x": 0.36283615231513977,
            "y": 0.024194762110710144,
            "z": 0.6596456170082092
        },
        "14": {
            "name": "Left Shoulder",
            "x": -0.07309351116418839,
            "y": -0.06505708396434784,
            "z": 0.8149444460868835
        },
        "15": {
            "name": "Left Elbow",
            "x": -0.10526861250400543,
            "y": -0.1143847331404686,
            "z": 0.6530150175094604
        },
        "16": {
            "name": "Left Wrist",
            "x": -0.12204282730817795,
            "y": -0.1014285534620285,
            "z": 0.5162832736968994
        }
    }
}