{
    "image_path": "00015/img/20.jpg",
    "shooter_tracklet_id": 15,
    "bbox": {
        "x": 435,
        "y": 505,
        "w": 100,
        "h": 100
    },
    "keypoint_2d": {
        "0": {
            "name": "Center of Hips",
            "x": 62.35,
            "y": 50.18
        },
        "1": {
            "name": "Left Hip",
            "x": 55.88,
            "y": 51.99
        },
        "2": {
            "name": "Left Knee",
            "x": 43.69,
            "y": 61.76
        },
        "3": {
            "name": "Left Ankle",
            "x": 40.34,
            "y": 78.76
        },
        "4": {
            "name": "Right Hip",
            "x": 67.47,
            "y": 48.64
        },
        "5": {
            "name": "Right Knee",
            "x": 58.28,
            "y": 58.74
        },
        "6": {
            "name": "Right Ankle",
            "x": 55.15,
            "y": 72.19
        },
        "7": {
            "name": "Center of Body",
            "x": 63.61,
            "y": 37.56
        },
        "8": {
            "name": "Center of Shoulder",
            "x": 61.16,
            "y": 25.96
        },
        "9": {
            "name": "Neck",
            "x": 60.64,
            "y": 23.13
        },
        "10": {
            "name": "Head",
            "x": 60.39,
            "y": 17.72
        },
        "11": {
            "name": "Right Shoulder",
            "x": 65.27,
            "y": 22.89
        },
        "12": {
            "name": "Right Elbow",
            "x": 69.71,
            "y": 37.54
        },
        "13": {
            "name": "Right Wrist",
            "x": 65.07,
            "y": 43.33
        },
        "14": {
            "name": "Left Shoulder",
            "x": 54.59,
            "y": 29.83
        },
        "15": {
            "name": "Left Elbow",
            "x": 48.15,
            "y": 40.0
        },
        "16": {
            "name": "Left Wrist",
            "x": 39.44,
            "y": 42.17
        }
    },
    "keypoint_3d": {
        "0": {
            "name": "Center of Hips",
            "x": 0.0,
            "y": 0.0,
            "z": 0.4930243492126465
        },
        "1": {
            "name": "Left Hip",
            "x": 0.060084063559770584,
            "y": -0.10440797358751297,
            "z": 0.46431252360343933
        },
        "2": {
            "name": "Left Knee",
            "x": 0.30290207266807556,
            "y": -0.10965922474861145,
            "z": 0.25823941826820374
        },
        "3": {
            "name": "Left Ankle",
            "x": 0.3003752529621124,
            "y": -0.1717085987329483,
            "z": 0.0
        },
        "4": {
            "name": "Right Hip",
            "x": -0.0822383463382721,
            "y": 0.07417964190244675,
            "z": 0.5035255551338196
        },
        "5": {
            "name": "Right Knee",
            "x": 0.008027976378798485,
            "y": -0.11641531437635422,
            "z": 0.29161620140075684
        },
        "6": {
            "name": "Right Ankle",
            "x": 0.02504897676408291,
            "y": -0.18237332999706268,
            "z": 0.05039411410689354
        },
        "7": {
            "name": "Center of Body",
            "x": -0.05594833940267563,
            "y": -0.0123171117156744,
            "z": 0.670670211315155
        },
        "8": {
            "name": "Center of Shoulder",
            "x": 0.0016004153294488788,
            "y": -0.01922379806637764,
            "z": 0.864809513092041
        },
        "9": {
            "name": "Neck",
            "x": 0.03178119286894798,
            "y": 0.027494341135025024,
            "z": 0.9150174260139465
        },
        "10": {
            "name": "Head",
            "x": 0.03682234138250351,
            "y": 0.009480038657784462,
            "z": 1.0
        },
        "11": {
            "name": "Right Shoulder",
            "x": 0.0001636394881643355,
            "y": 0.04095049202442169,
            "z": 0.8999395370483398
        },
        "12": {
            "name": "Right Elbow",
            "x": -0.0166834257543087,
            "y": 0.17626850306987762,
            "z": 0.713712751865387
        },
        "13": {
            "name": "Right Wrist",
            "x": 0.08421145379543304,
            "y": 0.25938084721565247,
            "z": 0.6404440402984619
        },
        "14": {
            "name": "Left Shoulder",
            "x": 0.032883767038583755,
            "y": -0.12024211883544922,
            "z": 0.7914087176322937
        },
        "15": {
            "name": "Left Elbow",
            "x": 0.14414742588996887,
            "y": -0.17872188985347748,
            "z": 0.6176717281341553
        },
        "16": {
            "name": "Left Wrist",
            "x": 0.30207690596580505,
            "y": -0.1820426881313324,
            "z": 0.5803709626197815
        }
    }
}