{
    "image_path": "00006/img/1.jpg",
    "shooter_tracklet_id": 5,
    "bbox": {
        "x": 376,
        "y": 40,
        "w": 100,
        "h": 100
    },
    "keypoint_2d": {
        "0": {
            "name": "Center of Hips",
            "x": 61.4,
            "y": 40.29
        },
        "1": {
            "name": "Left Hip",
            "x": 54.65,
            "y": 39.41
        },
        "2": {
            "name": "Left Knee",
            "x": 65.06,
            "y": 63.89
        },
        "3": {
            "name": "Left Ankle",
            "x": 50.98,
            "y": 70.31
        },
        "4": {
            "name": "Right Hip",
            "x": 66.93,
            "y": 41.84
        },
        "5": {
            "name": "Right Knee",
            "x": 76.14,
            "y": 63.8
        },
        "6": {
            "name": "Right Ankle",
            "x": 71.35,
            "y": 83.19
        },
        "7": {
            "name": "Center of Body",
            "x": 65.95,
            "y": 27.24
        },
        "8": {
            "name": "Center of Shoulder",
            "x": 73.9,
            "y": 16.13
        },
        "9": {
            "name": "Neck",
            "x": 75.76,
            "y": 14.54
        },
        "10": {
            "name": "Head",
            "x": 78.83,
            "y": 12.7
        },
        "11": {
            "name": "Right Shoulder",
            "x": 80.83,
            "y": 18.52
        },
        "12": {
            "name": "Right Elbow",
            "x": 90.23,
            "y": 36.18
        },
        "13": {
            "name": "Right Wrist",
            "x": 79.57,
            "y": 34.85
        },
        "14": {
            "name": "Left Shoulder",
            "x": 65.84,
            "y": 17.73
        },
        "15": {
            "name": "Left Elbow",
            "x": 58.51,
            "y": 26.41
        },
        "16": {
            "name": "Left Wrist",
            "x": 60.32,
            "y": 34.93
        }
    },
    "keypoint_3d": {
        "0": {
            "name": "Center of Hips",
            "x": 0.0,
            "y": 0.0,
            "z": 0.5932693481445312
        },
        "1": {
            "name": "Left Hip",
            "x": 0.10372796654701233,
            "y": 0.0019054736476391554,
            "z": 0.5995767116546631
        },
        "2": {
            "name": "Left Knee",
            "x": 0.004971539136022329,
            "y": 0.0958431288599968,
            "z": 0.27533668279647827
        },
        "3": {
            "name": "Left Ankle",
            "x": 0.11844944953918457,
            "y": -0.11240743845701218,
            "z": 0.1243644505739212
        },
        "4": {
            "name": "Right Hip",
            "x": -0.08144944161176682,
            "y": -0.025455666705965996,
            "z": 0.5668220520019531
        },
        "5": {
            "name": "Right Knee",
            "x": -0.1522890031337738,
            "y": 0.13812775909900665,
            "z": 0.27627483010292053
        },
        "6": {
            "name": "Right Ankle",
            "x": -0.09774703532457352,
            "y": 0.10010368376970291,
            "z": 0.0
        },
        "7": {
            "name": "Center of Body",
            "x": -0.03618216514587402,
            "y": 0.030301643535494804,
            "z": 0.7670872211456299
        },
        "8": {
            "name": "Center of Shoulder",
            "x": -0.10275941342115402,
            "y": 0.11409877240657806,
            "z": 0.9348027110099792
        },
        "9": {
            "name": "Neck",
            "x": -0.1059982106089592,
            "y": 0.17561988532543182,
            "z": 0.9641481041908264
        },
        "10": {
            "name": "Head",
            "x": -0.13691850006580353,
            "y": 0.19324928522109985,
            "z": 1.0
        },
        "11": {
            "name": "Right Shoulder",
            "x": -0.19381946325302124,
            "y": 0.14361675083637238,
            "z": 0.9032198786735535
        },
        "12": {
            "name": "Right Elbow",
            "x": -0.282185822725296,
            "y": 0.23639337718486786,
            "z": 0.6973655223846436
        },
        "13": {
            "name": "Right Wrist",
            "x": -0.14437445998191833,
            "y": 0.28150931000709534,
            "z": 0.7087002992630005
        },
        "14": {
            "name": "Left Shoulder",
            "x": -0.005261023063212633,
            "y": 0.09289425611495972,
            "z": 0.9168385863304138
        },
        "15": {
            "name": "Left Elbow",
            "x": 0.04313924163579941,
            "y": -0.045950472354888916,
            "z": 0.7788143754005432
        },
        "16": {
            "name": "Left Wrist",
            "x": 0.02597748301923275,
            "y": -0.020847447216510773,
            "z": 0.6699877381324768
        }
    }
}