{
    "image_path": "00006/img/2.jpg",
    "shooter_tracklet_id": 5,
    "bbox": {
        "x": 374,
        "y": 69,
        "w": 100,
        "h": 100
    },
    "keypoint_2d": {
        "0": {
            "name": "Center of Hips",
            "x": 46.44,
            "y": 37.18
        },
        "1": {
            "name": "Left Hip",
            "x": 40.43,
            "y": 37.67
        },
        "2": {
            "name": "Left Knee",
            "x": 45.83,
            "y": 56.32
        },
        "3": {
            "name": "Left Ankle",
            "x": 43.5,
            "y": 69.08
        },
        "4": {
            "name": "Right Hip",
            "x": 52.7,
            "y": 38.04
        },
        "5": {
            "name": "Right Knee",
            "x": 56.5,
            "y": 63.8
        },
        "6": {
            "name": "Right Ankle",
            "x": 48.28,
            "y": 85.4
        },
        "7": {
            "name": "Center of Body",
            "x": 50.25,
            "y": 27.12
        },
        "8": {
            "name": "Center of Shoulder",
            "x": 55.15,
            "y": 18.04
        },
        "9": {
            "name": "Neck",
            "x": 56.87,
            "y": 17.18
        },
        "10": {
            "name": "Head",
            "x": 57.48,
            "y": 13.99
        },
        "11": {
            "name": "Right Shoulder",
            "x": 63.99,
            "y": 19.26
        },
        "12": {
            "name": "Right Elbow",
            "x": 72.45,
            "y": 33.01
        },
        "13": {
            "name": "Right Wrist",
            "x": 63.37,
            "y": 37.67
        },
        "14": {
            "name": "Left Shoulder",
            "x": 47.2,
            "y": 18.72
        },
        "15": {
            "name": "Left Elbow",
            "x": 36.01,
            "y": 28.59
        },
        "16": {
            "name": "Left Wrist",
            "x": 40.67,
            "y": 33.25
        }
    },
    "keypoint_3d": {
        "0": {
            "name": "Center of Hips",
            "x": 0.0,
            "y": 0.0,
            "z": 0.6362841129302979
        },
        "1": {
            "name": "Left Hip",
            "x": 0.09390226751565933,
            "y": -0.012645642273128033,
            "z": 0.6456099152565002
        },
        "2": {
            "name": "Left Knee",
            "x": -0.004276094492524862,
            "y": -0.06134661287069321,
            "z": 0.3847138285636902
        },
        "3": {
            "name": "Left Ankle",
            "x": -0.02345041185617447,
            "y": -0.17323088645935059,
            "z": 0.15941999852657318
        },
        "4": {
            "name": "Right Hip",
            "x": -0.08636465668678284,
            "y": -0.010622482746839523,
            "z": 0.6236266493797302
        },
        "5": {
            "name": "Right Knee",
            "x": -0.1025785431265831,
            "y": 0.12108545750379562,
            "z": 0.3039785921573639
        },
        "6": {
            "name": "Right Ankle",
            "x": -0.0062223169952631,
            "y": 0.155115008354187,
            "z": 0.0
        },
        "7": {
            "name": "Center of Body",
            "x": -0.027582712471485138,
            "y": 0.03481527790427208,
            "z": 0.7985549569129944
        },
        "8": {
            "name": "Center of Shoulder",
            "x": -0.043218523263931274,
            "y": 0.12766024470329285,
            "z": 0.9373624920845032
        },
        "9": {
            "name": "Neck",
            "x": -0.04157925397157669,
            "y": 0.1880224198102951,
            "z": 0.9558398723602295
        },
        "10": {
            "name": "Head",
            "x": -0.04074402153491974,
            "y": 0.20524990558624268,
            "z": 1.0
        },
        "11": {
            "name": "Right Shoulder",
            "x": -0.16443653404712677,
            "y": 0.14165635406970978,
            "z": 0.9129101634025574
        },
        "12": {
            "name": "Right Elbow",
            "x": -0.26892298460006714,
            "y": 0.2008058875799179,
            "z": 0.737180233001709
        },
        "13": {
            "name": "Right Wrist",
            "x": -0.1346328854560852,
            "y": 0.24083010852336884,
            "z": 0.6858334541320801
        },
        "14": {
            "name": "Left Shoulder",
            "x": 0.05328737199306488,
            "y": 0.10354210436344147,
            "z": 0.9270197153091431
        },
        "15": {
            "name": "Left Elbow",
            "x": 0.15768995881080627,
            "y": 0.016931077465415,
            "z": 0.7838782668113708
        },
        "16": {
            "name": "Left Wrist",
            "x": 0.1597965806722641,
            "y": 0.13068778812885284,
            "z": 0.7370976209640503
        }
    }
}