{
    "image_path": "00006/img/3.jpg",
    "shooter_tracklet_id": 5,
    "bbox": {
        "x": 372,
        "y": 84,
        "w": 100,
        "h": 100
    },
    "keypoint_2d": {
        "0": {
            "name": "Center of Hips",
            "x": 44.97,
            "y": 40.61
        },
        "1": {
            "name": "Left Hip",
            "x": 38.72,
            "y": 40.57
        },
        "2": {
            "name": "Left Knee",
            "x": 55.03,
            "y": 53.74
        },
        "3": {
            "name": "Left Ankle",
            "x": 54.17,
            "y": 70.8
        },
        "4": {
            "name": "Right Hip",
            "x": 51.72,
            "y": 40.94
        },
        "5": {
            "name": "Right Knee",
            "x": 50.0,
            "y": 66.75
        },
        "6": {
            "name": "Right Ankle",
            "x": 38.83,
            "y": 84.3
        },
        "7": {
            "name": "Center of Body",
            "x": 49.14,
            "y": 28.96
        },
        "8": {
            "name": "Center of Shoulder",
            "x": 53.93,
            "y": 18.16
        },
        "9": {
            "name": "Neck",
            "x": 54.27,
            "y": 16.47
        },
        "10": {
            "name": "Head",
            "x": 55.02,
            "y": 13.37
        },
        "11": {
            "name": "Right Shoulder",
            "x": 61.9,
            "y": 18.77
        },
        "12": {
            "name": "Right Elbow",
            "x": 68.28,
            "y": 31.41
        },
        "13": {
            "name": "Right Wrist",
            "x": 59.2,
            "y": 37.42
        },
        "14": {
            "name": "Left Shoulder",
            "x": 48.16,
            "y": 18.28
        },
        "15": {
            "name": "Left Elbow",
            "x": 35.64,
            "y": 25.64
        },
        "16": {
            "name": "Left Wrist",
            "x": 37.12,
            "y": 36.56
        }
    },
    "keypoint_3d": {
        "0": {
            "name": "Center of Hips",
            "x": 0.0,
            "y": 0.0,
            "z": 0.6229422688484192
        },
        "1": {
            "name": "Left Hip",
            "x": 0.09532592445611954,
            "y": -0.013176657259464264,
            "z": 0.6278618574142456
        },
        "2": {
            "name": "Left Knee",
            "x": -0.07314044237136841,
            "y": -0.03157339245080948,
            "z": 0.3922268748283386
        },
        "3": {
            "name": "Left Ankle",
            "x": -0.1121060848236084,
            "y": -0.10420278459787369,
            "z": 0.16701975464820862
        },
        "4": {
            "name": "Right Hip",
            "x": -0.0867810770869255,
            "y": -0.011092264205217361,
            "z": 0.6040451526641846
        },
        "5": {
            "name": "Right Knee",
            "x": -0.04230983927845955,
            "y": 0.0868750736117363,
            "z": 0.28714999556541443
        },
        "6": {
            "name": "Right Ankle",
            "x": 0.11894159764051437,
            "y": 0.08428649604320526,
            "z": 0.0
        },
        "7": {
            "name": "Center of Body",
            "x": -0.028714338317513466,
            "y": 0.023907581344246864,
            "z": 0.7816787362098694
        },
        "8": {
            "name": "Center of Shoulder",
            "x": -0.05098280310630798,
            "y": 0.10434535890817642,
            "z": 0.928192138671875
        },
        "9": {
            "name": "Neck",
            "x": -0.0405842624604702,
            "y": 0.15725299715995789,
            "z": 0.9531044363975525
        },
        "10": {
            "name": "Head",
            "x": -0.038969188928604126,
            "y": 0.1759677529335022,
            "z": 1.0
        },
        "11": {
            "name": "Right Shoulder",
            "x": -0.1638060212135315,
            "y": 0.11648952215909958,
            "z": 0.9133841395378113
        },
        "12": {
            "name": "Right Elbow",
            "x": -0.25898945331573486,
            "y": 0.1422216296195984,
            "z": 0.7448536157608032
        },
        "13": {
            "name": "Right Wrist",
            "x": -0.129274383187294,
            "y": 0.18726412951946259,
            "z": 0.680917501449585
        },
        "14": {
            "name": "Left Shoulder",
            "x": 0.03593986853957176,
            "y": 0.08992115408182144,
            "z": 0.9296925663948059
        },
        "15": {
            "name": "Left Elbow",
            "x": 0.17215052247047424,
            "y": -0.00015064419130794704,
            "z": 0.8070745468139648
        },
        "16": {
            "name": "Left Wrist",
            "x": 0.17605583369731903,
            "y": 0.10011594742536545,
            "z": 0.7077761888504028
        }
    }
}