{
    "image_path": "00006/img/4.jpg",
    "shooter_tracklet_id": 5,
    "bbox": {
        "x": 370,
        "y": 99,
        "w": 100,
        "h": 100
    },
    "keypont_2d": {
        "0": {
            "name": "Center of Hips",
            "x": 42.67,
            "y": 37.99
        },
        "1": {
            "name": "Left Hip",
            "x": 36.87,
            "y": 38.04
        },
        "2": {
            "name": "Left Knee",
            "x": 51.35,
            "y": 58.04
        },
        "3": {
            "name": "Left Ankle",
            "x": 50.37,
            "y": 76.93
        },
        "4": {
            "name": "Right Hip",
            "x": 50.37,
            "y": 38.16
        },
        "5": {
            "name": "Right Knee",
            "x": 48.28,
            "y": 66.5
        },
        "6": {
            "name": "Right Ankle",
            "x": 34.29,
            "y": 79.76
        },
        "7": {
            "name": "Center of Body",
            "x": 46.32,
            "y": 26.13
        },
        "8": {
            "name": "Center of Shoulder",
            "x": 49.26,
            "y": 16.81
        },
        "9": {
            "name": "Neck",
            "x": 49.53,
            "y": 15.3
        },
        "10": {
            "name": "Head",
            "x": 50.12,
            "y": 11.78
        },
        "11": {
            "name": "Right Shoulder",
            "x": 58.1,
            "y": 16.81
        },
        "12": {
            "name": "Right Elbow",
            "x": 71.11,
            "y": 26.38
        },
        "13": {
            "name": "Right Wrist",
            "x": 60.31,
            "y": 32.15
        },
        "14": {
            "name": "Left Shoulder",
            "x": 42.52,
            "y": 17.54
        },
        "15": {
            "name": "Left Elbow",
            "x": 31.72,
            "y": 25.64
        },
        "16": {
            "name": "Left Wrist",
            "x": 37.48,
            "y": 30.55
        }
    },
    "keypont_3d": {
        "0": {
            "name": "Center of Hips",
            "x": 0.0,
            "y": 0.0,
            "z": 0.5941871404647827
        },
        "1": {
            "name": "Left Hip",
            "x": 0.10378137230873108,
            "y": -0.005882196594029665,
            "z": 0.598834753036499
        },
        "2": {
            "name": "Left Knee",
            "x": -0.10836391896009445,
            "y": 0.03798788785934448,
            "z": 0.36412370204925537
        },
        "3": {
            "name": "Left Ankle",
            "x": -0.14739836752414703,
            "y": -0.04526909440755844,
            "z": 0.10769414156675339
        },
        "4": {
            "name": "Right Hip",
            "x": -0.09327293187379837,
            "y": -0.013251600787043571,
            "z": 0.577138364315033
        },
        "5": {
            "name": "Right Knee",
            "x": -0.031141087412834167,
            "y": 0.07900490611791611,
            "z": 0.22228874266147614
        },
        "6": {
            "name": "Right Ankle",
            "x": 0.13522681593894958,
            "y": 0.0039048795588314533,
            "z": 0.0
        },
        "7": {
            "name": "Center of Body",
            "x": -0.02293768711388111,
            "y": 0.01779472827911377,
            "z": 0.7596814036369324
        },
        "8": {
            "name": "Center of Shoulder",
            "x": -0.029209375381469727,
            "y": 0.10508093982934952,
            "z": 0.9165234565734863
        },
        "9": {
            "name": "Neck",
            "x": -0.010476581752300262,
            "y": 0.15990085899829865,
            "z": 0.9476986527442932
        },
        "10": {
            "name": "Head",
            "x": -0.008062904700636864,
            "y": 0.18038709461688995,
            "z": 1.0
        },
        "11": {
            "name": "Right Shoulder",
            "x": -0.14730995893478394,
            "y": 0.11665160208940506,
            "z": 0.9059218764305115
        },
        "12": {
            "name": "Right Elbow",
            "x": -0.270728200674057,
            "y": 0.1746654361486435,
            "z": 0.7439358830451965
        },
        "13": {
            "name": "Right Wrist",
            "x": -0.12205604463815689,
            "y": 0.22207172214984894,
            "z": 0.6924372315406799
        },
        "14": {
            "name": "Left Shoulder",
            "x": 0.06123441457748413,
            "y": 0.08935533463954926,
            "z": 0.9111677408218384
        },
        "15": {
            "name": "Left Elbow",
            "x": 0.18851140141487122,
            "y": -0.002670109737664461,
            "z": 0.780829906463623
        },
        "16": {
            "name": "Left Wrist",
            "x": 0.17930836975574493,
            "y": 0.12497539818286896,
            "z": 0.7208126783370972
        }
    }
}