{
    "image_path": "00006/img/5.jpg",
    "shooter_tracklet_id": 5,
    "bbox": {
        "x": 366,
        "y": 108,
        "w": 100,
        "h": 100
    },
    "keypont_2d": {
        "0": {
            "name": "Center of Hips",
            "x": 44.6,
            "y": 40.98
        },
        "1": {
            "name": "Left Hip",
            "x": 37.97,
            "y": 41.72
        },
        "2": {
            "name": "Left Knee",
            "x": 46.56,
            "y": 64.79
        },
        "3": {
            "name": "Left Ankle",
            "x": 50.98,
            "y": 83.31
        },
        "4": {
            "name": "Right Hip",
            "x": 51.47,
            "y": 40.49
        },
        "5": {
            "name": "Right Knee",
            "x": 49.51,
            "y": 66.26
        },
        "6": {
            "name": "Right Ankle",
            "x": 33.68,
            "y": 77.3
        },
        "7": {
            "name": "Center of Body",
            "x": 45.83,
            "y": 29.08
        },
        "8": {
            "name": "Center of Shoulder",
            "x": 48.28,
            "y": 19.39
        },
        "9": {
            "name": "Neck",
            "x": 48.81,
            "y": 17.57
        },
        "10": {
            "name": "Head",
            "x": 49.88,
            "y": 13.99
        },
        "11": {
            "name": "Right Shoulder",
            "x": 55.99,
            "y": 19.1
        },
        "12": {
            "name": "Right Elbow",
            "x": 69.88,
            "y": 25.4
        },
        "13": {
            "name": "Right Wrist",
            "x": 59.82,
            "y": 33.25
        },
        "14": {
            "name": "Left Shoulder",
            "x": 40.31,
            "y": 20.13
        },
        "15": {
            "name": "Left Elbow",
            "x": 30.86,
            "y": 29.82
        },
        "16": {
            "name": "Left Wrist",
            "x": 37.12,
            "y": 36.32
        }
    },
    "keypont_3d": {
        "0": {
            "name": "Center of Hips",
            "x": 0.0,
            "y": 0.0,
            "z": 0.5830293297767639
        },
        "1": {
            "name": "Left Hip",
            "x": 0.10546468198299408,
            "y": -0.000967363128438592,
            "z": 0.5786918997764587
        },
        "2": {
            "name": "Left Knee",
            "x": -0.00043717960943467915,
            "y": 0.11675025522708893,
            "z": 0.29379332065582275
        },
        "3": {
            "name": "Left Ankle",
            "x": -0.06714757531881332,
            "y": 0.09782078862190247,
            "z": 0.0
        },
        "4": {
            "name": "Right Hip",
            "x": -0.09619027376174927,
            "y": -0.012707035057246685,
            "z": 0.5792855024337769
        },
        "5": {
            "name": "Right Knee",
            "x": -0.046792443841695786,
            "y": 0.06248227506875992,
            "z": 0.23747408390045166
        },
        "6": {
            "name": "Right Ankle",
            "x": 0.14198742806911469,
            "y": -0.0538661852478981,
            "z": 0.019022060558199883
        },
        "7": {
            "name": "Center of Body",
            "x": -0.0022686091251671314,
            "y": 0.01666974648833275,
            "z": 0.754705011844635
        },
        "8": {
            "name": "Center of Shoulder",
            "x": 0.010805073194205761,
            "y": 0.11628179252147675,
            "z": 0.9102267026901245
        },
        "9": {
            "name": "Neck",
            "x": 0.0281781367957592,
            "y": 0.1697590947151184,
            "z": 0.943267285823822
        },
        "10": {
            "name": "Head",
            "x": 0.02453479915857315,
            "y": 0.18858332931995392,
            "z": 1.0
        },
        "11": {
            "name": "Right Shoulder",
            "x": -0.10102064907550812,
            "y": 0.12911134958267212,
            "z": 0.8994625210762024
        },
        "12": {
            "name": "Right Elbow",
            "x": -0.28399327397346497,
            "y": 0.21890155971050262,
            "z": 0.8325396776199341
        },
        "13": {
            "name": "Right Wrist",
            "x": -0.11917290836572647,
            "y": 0.2416352927684784,
            "z": 0.7253342866897583
        },
        "14": {
            "name": "Left Shoulder",
            "x": 0.10958020389080048,
            "y": 0.08360149711370468,
            "z": 0.8895146250724792
        },
        "15": {
            "name": "Left Elbow",
            "x": 0.22488735616207123,
            "y": 0.0035125098656862974,
            "z": 0.7489362359046936
        },
        "16": {
            "name": "Left Wrist",
            "x": 0.18694016337394714,
            "y": 0.13678595423698425,
            "z": 0.6978214979171753
        }
    }
}