{
    "image_path": "00006/img/6.jpg",
    "shooter_tracklet_id": 5,
    "bbox": {
        "x": 364,
        "y": 117,
        "w": 100,
        "h": 100
    },
    "keypont_2d": {
        "0": {
            "name": "Center of Hips",
            "x": 43.5,
            "y": 48.34
        },
        "1": {
            "name": "Left Hip",
            "x": 38.59,
            "y": 48.71
        },
        "2": {
            "name": "Left Knee",
            "x": 42.27,
            "y": 66.01
        },
        "3": {
            "name": "Left Ankle",
            "x": 45.09,
            "y": 83.31
        },
        "4": {
            "name": "Right Hip",
            "x": 50.86,
            "y": 48.71
        },
        "5": {
            "name": "Right Knee",
            "x": 53.93,
            "y": 67.24
        },
        "6": {
            "name": "Right Ankle",
            "x": 37.24,
            "y": 74.11
        },
        "7": {
            "name": "Center of Body",
            "x": 45.46,
            "y": 33.01
        },
        "8": {
            "name": "Center of Shoulder",
            "x": 47.18,
            "y": 18.53
        },
        "9": {
            "name": "Neck",
            "x": 48.4,
            "y": 17.54
        },
        "10": {
            "name": "Head",
            "x": 51.1,
            "y": 14.35
        },
        "11": {
            "name": "Right Shoulder",
            "x": 54.91,
            "y": 18.53
        },
        "12": {
            "name": "Right Elbow",
            "x": 66.93,
            "y": 25.39
        },
        "13": {
            "name": "Right Wrist",
            "x": 79.08,
            "y": 23.8
        },
        "14": {
            "name": "Left Shoulder",
            "x": 39.69,
            "y": 21.35
        },
        "15": {
            "name": "Left Elbow",
            "x": 34.54,
            "y": 35.21
        },
        "16": {
            "name": "Left Wrist",
            "x": 30.61,
            "y": 33.37
        }
    },
    "keypont_3d": {
        "0": {
            "name": "Center of Hips",
            "x": 0.0,
            "y": 0.0,
            "z": 0.5567728877067566
        },
        "1": {
            "name": "Left Hip",
            "x": 0.10336998105049133,
            "y": 0.001795285614207387,
            "z": 0.5491552948951721
        },
        "2": {
            "name": "Left Knee",
            "x": 0.012094679288566113,
            "y": -0.012087075039744377,
            "z": 0.26483553647994995
        },
        "3": {
            "name": "Left Ankle",
            "x": -0.04296095669269562,
            "y": -0.029734358191490173,
            "z": 0.0
        },
        "4": {
            "name": "Right Hip",
            "x": -0.10211439430713654,
            "y": -0.013050416484475136,
            "z": 0.5448406934738159
        },
        "5": {
            "name": "Right Knee",
            "x": -0.106621652841568,
            "y": 0.08137061446905136,
            "z": 0.256271094083786
        },
        "6": {
            "name": "Right Ankle",
            "x": 0.06293461471796036,
            "y": -0.1263342946767807,
            "z": 0.10438597202301025
        },
        "7": {
            "name": "Center of Body",
            "x": -0.0004986509447917342,
            "y": -0.0016863193595781922,
            "z": 0.731560468673706
        },
        "8": {
            "name": "Center of Shoulder",
            "x": -0.0010337581625208259,
            "y": 0.059316299855709076,
            "z": 0.9140753746032715
        },
        "9": {
            "name": "Neck",
            "x": 0.010677102021872997,
            "y": 0.11129659414291382,
            "z": 0.9467163681983948
        },
        "10": {
            "name": "Head",
            "x": -0.003137056017294526,
            "y": 0.12498713284730911,
            "z": 1.0
        },
        "11": {
            "name": "Right Shoulder",
            "x": -0.1156446561217308,
            "y": 0.07063233107328415,
            "z": 0.9130260944366455
        },
        "12": {
            "name": "Right Elbow",
            "x": -0.25379297137260437,
            "y": 0.14241750538349152,
            "z": 0.8314533233642578
        },
        "13": {
            "name": "Right Wrist",
            "x": -0.18019138276576996,
            "y": 0.24834804236888885,
            "z": 0.7702058553695679
        },
        "14": {
            "name": "Left Shoulder",
            "x": 0.102147176861763,
            "y": 0.02464447170495987,
            "z": 0.8966973423957825
        },
        "15": {
            "name": "Left Elbow",
            "x": 0.1655968278646469,
            "y": -0.07400189340114594,
            "z": 0.7090365290641785
        },
        "16": {
            "name": "Left Wrist",
            "x": 0.2344793677330017,
            "y": 0.03616942837834358,
            "z": 0.7341484427452087
        }
    }
}