{
    "image_path": "00006/img/7.jpg",
    "shooter_tracklet_id": 5,
    "bbox": {
        "x": 363,
        "y": 130,
        "w": 100,
        "h": 100
    },
    "keypont_2d": {
        "0": {
            "name": "Center of Hips",
            "x": 39.45,
            "y": 44.46
        },
        "1": {
            "name": "Left Hip",
            "x": 32.99,
            "y": 45.02
        },
        "2": {
            "name": "Left Knee",
            "x": 32.58,
            "y": 69.2
        },
        "3": {
            "name": "Left Ankle",
            "x": 32.86,
            "y": 84.47
        },
        "4": {
            "name": "Right Hip",
            "x": 46.41,
            "y": 44.1
        },
        "5": {
            "name": "Right Knee",
            "x": 52.09,
            "y": 64.3
        },
        "6": {
            "name": "Right Ankle",
            "x": 37.48,
            "y": 71.66
        },
        "7": {
            "name": "Center of Body",
            "x": 40.31,
            "y": 32.15
        },
        "8": {
            "name": "Center of Shoulder",
            "x": 41.66,
            "y": 19.26
        },
        "9": {
            "name": "Neck",
            "x": 42.27,
            "y": 17.67
        },
        "10": {
            "name": "Head",
            "x": 45.58,
            "y": 14.85
        },
        "11": {
            "name": "Right Shoulder",
            "x": 49.14,
            "y": 18.53
        },
        "12": {
            "name": "Right Elbow",
            "x": 59.47,
            "y": 21.36
        },
        "13": {
            "name": "Right Wrist",
            "x": 69.63,
            "y": 21.84
        },
        "14": {
            "name": "Left Shoulder",
            "x": 34.84,
            "y": 20.23
        },
        "15": {
            "name": "Left Elbow",
            "x": 28.77,
            "y": 33.13
        },
        "16": {
            "name": "Left Wrist",
            "x": 33.19,
            "y": 37.3
        }
    },
    "keypont_3d": {
        "0": {
            "name": "Center of Hips",
            "x": 0.0,
            "y": 0.0,
            "z": 0.568893551826477
        },
        "1": {
            "name": "Left Hip",
            "x": 0.10665332525968552,
            "y": 0.0024040339048951864,
            "z": 0.5638819336891174
        },
        "2": {
            "name": "Left Knee",
            "x": 0.052405890077352524,
            "y": 0.003554464317858219,
            "z": 0.2650497853755951
        },
        "3": {
            "name": "Left Ankle",
            "x": 0.040821146219968796,
            "y": -0.024653755128383636,
            "z": 0.0
        },
        "4": {
            "name": "Right Hip",
            "x": -0.10624749213457108,
            "y": -0.016308661550283432,
            "z": 0.5585400462150574
        },
        "5": {
            "name": "Right Knee",
            "x": -0.15616753697395325,
            "y": 0.06088092178106308,
            "z": 0.2813875079154968
        },
        "6": {
            "name": "Right Ankle",
            "x": -0.02605712227523327,
            "y": -0.15146121382713318,
            "z": 0.13630369305610657
        },
        "7": {
            "name": "Center of Body",
            "x": -0.004867560230195522,
            "y": -0.01300237886607647,
            "z": 0.7369731664657593
        },
        "8": {
            "name": "Center of Shoulder",
            "x": -0.001966220559552312,
            "y": 0.025124182924628258,
            "z": 0.9193482398986816
        },
        "9": {
            "name": "Neck",
            "x": 0.01060113962739706,
            "y": 0.0807601734995842,
            "z": 0.9494602680206299
        },
        "10": {
            "name": "Head",
            "x": -0.02015974372625351,
            "y": 0.1038726344704628,
            "z": 1.0
        },
        "11": {
            "name": "Right Shoulder",
            "x": -0.11020896583795547,
            "y": 0.03671535477042198,
            "z": 0.9219552278518677
        },
        "12": {
            "name": "Right Elbow",
            "x": -0.2474764585494995,
            "y": 0.0984245091676712,
            "z": 0.8694972991943359
        },
        "13": {
            "name": "Right Wrist",
            "x": -0.3364168703556061,
            "y": 0.20590238273143768,
            "z": 0.8756415247917175
        },
        "14": {
            "name": "Left Shoulder",
            "x": 0.09345942735671997,
            "y": 0.007779608480632305,
            "z": 0.907741129398346
        },
        "15": {
            "name": "Left Elbow",
            "x": 0.15387915074825287,
            "y": -0.07028310000896454,
            "z": 0.714735746383667
        },
        "16": {
            "name": "Left Wrist",
            "x": 0.1611146181821823,
            "y": 0.061083100736141205,
            "z": 0.7035248279571533
        }
    }
}