{
    "image_path": "00006/img/8.jpg",
    "shooter_tracklet_id": 5,
    "bbox": {
        "x": 360,
        "y": 135,
        "w": 100,
        "h": 100
    },
    "keypoint_2d": {
        "0": {
            "name": "Center of Hips",
            "x": 40.67,
            "y": 44.42
        },
        "1": {
            "name": "Left Hip",
            "x": 35.52,
            "y": 45.89
        },
        "2": {
            "name": "Left Knee",
            "x": 33.31,
            "y": 66.87
        },
        "3": {
            "name": "Left Ankle",
            "x": 29.14,
            "y": 84.17
        },
        "4": {
            "name": "Right Hip",
            "x": 46.44,
            "y": 43.19
        },
        "5": {
            "name": "Right Knee",
            "x": 55.28,
            "y": 58.77
        },
        "6": {
            "name": "Right Ankle",
            "x": 45.95,
            "y": 70.92
        },
        "7": {
            "name": "Center of Body",
            "x": 41.78,
            "y": 31.66
        },
        "8": {
            "name": "Center of Shoulder",
            "x": 42.88,
            "y": 20.49
        },
        "9": {
            "name": "Neck",
            "x": 43.83,
            "y": 18.25
        },
        "10": {
            "name": "Head",
            "x": 46.43,
            "y": 13.37
        },
        "11": {
            "name": "Right Shoulder",
            "x": 49.88,
            "y": 18.77
        },
        "12": {
            "name": "Right Elbow",
            "x": 58.96,
            "y": 20.24
        },
        "13": {
            "name": "Right Wrist",
            "x": 70.0,
            "y": 23.43
        },
        "14": {
            "name": "Left Shoulder",
            "x": 36.5,
            "y": 22.94
        },
        "15": {
            "name": "Left Elbow",
            "x": 32.21,
            "y": 32.76
        },
        "16": {
            "name": "Left Wrist",
            "x": 38.1,
            "y": 37.67
        }
    },
    "keypoint_3d": {
        "0": {
            "name": "Center of Hips",
            "x": 0.0,
            "y": 0.0,
            "z": 0.5659765601158142
        },
        "1": {
            "name": "Left Hip",
            "x": 0.10062632709741592,
            "y": 0.012085498310625553,
            "z": 0.5546346306800842
        },
        "2": {
            "name": "Left Knee",
            "x": 0.12626570463180542,
            "y": 0.03407086059451103,
            "z": 0.2516773045063019
        },
        "3": {
            "name": "Left Ankle",
            "x": 0.11877262592315674,
            "y": 0.005591099616140127,
            "z": 0.0
        },
        "4": {
            "name": "Right Hip",
            "x": -0.09750110656023026,
            "y": -0.022918274626135826,
            "z": 0.5653479099273682
        },
        "5": {
            "name": "Right Knee",
            "x": -0.2036188691854477,
            "y": 0.03299800306558609,
            "z": 0.3303340673446655
        },
        "6": {
            "name": "Right Ankle",
            "x": -0.12552030384540558,
            "y": -0.14147432148456573,
            "z": 0.13751234114170074
        },
        "7": {
            "name": "Center of Body",
            "x": 0.0026772301644086838,
            "y": 0.002923572901636362,
            "z": 0.7330694794654846
        },
        "8": {
            "name": "Center of Shoulder",
            "x": 0.008648768067359924,
            "y": 0.0517117977142334,
            "z": 0.9032537937164307
        },
        "9": {
            "name": "Neck",
            "x": 0.019217494875192642,
            "y": 0.103343665599823,
            "z": 0.9382716417312622
        },
        "10": {
            "name": "Head",
            "x": -0.007881001569330692,
            "y": 0.12287907302379608,
            "z": 1.0
        },
        "11": {
            "name": "Right Shoulder",
            "x": -0.09363967180252075,
            "y": 0.05714626982808113,
            "z": 0.9112990498542786
        },
        "12": {
            "name": "Right Elbow",
            "x": -0.22377252578735352,
            "y": 0.10496998578310013,
            "z": 0.8823314309120178
        },
        "13": {
            "name": "Right Wrist",
            "x": -0.33923450112342834,
            "y": 0.18264783918857574,
            "z": 0.8537031412124634
        },
        "14": {
            "name": "Left Shoulder",
            "x": 0.10689777880907059,
            "y": 0.049315329641103745,
            "z": 0.8815604448318481
        },
        "15": {
            "name": "Left Elbow",
            "x": 0.13957886397838593,
            "y": -0.051680002361536026,
            "z": 0.7142463326454163
        },
        "16": {
            "name": "Left Wrist",
            "x": 0.10523493587970734,
            "y": 0.07784932851791382,
            "z": 0.6786046624183655
        }
    }
}