{
    "image_path": "00006/img/9.jpg",
    "shooter_tracklet_id": 5,
    "bbox": {
        "x": 359,
        "y": 138,
        "w": 100,
        "h": 100
    },
    "keypont_2d": {
        "0": {
            "name": "Center of Hips",
            "x": 45.09,
            "y": 44.41
        },
        "1": {
            "name": "Left Hip",
            "x": 39.15,
            "y": 45.33
        },
        "2": {
            "name": "Left Knee",
            "x": 33.8,
            "y": 64.66
        },
        "3": {
            "name": "Left Ankle",
            "x": 26.56,
            "y": 78.16
        },
        "4": {
            "name": "Right Hip",
            "x": 51.73,
            "y": 44.72
        },
        "5": {
            "name": "Right Knee",
            "x": 62.09,
            "y": 58.5
        },
        "6": {
            "name": "Right Ankle",
            "x": 55.15,
            "y": 73.74
        },
        "7": {
            "name": "Center of Body",
            "x": 45.8,
            "y": 31.22
        },
        "8": {
            "name": "Center of Shoulder",
            "x": 47.03,
            "y": 17.81
        },
        "9": {
            "name": "Neck",
            "x": 48.34,
            "y": 15.73
        },
        "10": {
            "name": "Head",
            "x": 49.34,
            "y": 12.7
        },
        "11": {
            "name": "Right Shoulder",
            "x": 53.93,
            "y": 17.18
        },
        "12": {
            "name": "Right Elbow",
            "x": 65.34,
            "y": 21.35
        },
        "13": {
            "name": "Right Wrist",
            "x": 72.7,
            "y": 23.8
        },
        "14": {
            "name": "Left Shoulder",
            "x": 41.49,
            "y": 19.37
        },
        "15": {
            "name": "Left Elbow",
            "x": 39.43,
            "y": 30.94
        },
        "16": {
            "name": "Left Wrist",
            "x": 41.17,
            "y": 36.32
        }
    },
    "keypont_3d": {
        "0": {
            "name": "Center of Hips",
            "x": 0.0,
            "y": 0.0,
            "z": 0.5401972532272339
        },
        "1": {
            "name": "Left Hip",
            "x": 0.10226016491651535,
            "y": 0.005790717899799347,
            "z": 0.5313425660133362
        },
        "2": {
            "name": "Left Knee",
            "x": 0.16218484938144684,
            "y": -0.007974383421242237,
            "z": 0.2336338311433792
        },
        "3": {
            "name": "Left Ankle",
            "x": 0.24014845490455627,
            "y": -0.06958712637424469,
            "z": 0.0
        },
        "4": {
            "name": "Right Hip",
            "x": -0.0991777777671814,
            "y": -0.021763961762189865,
            "z": 0.5339071154594421
        },
        "5": {
            "name": "Right Knee",
            "x": -0.2420848309993744,
            "y": 0.023608161136507988,
            "z": 0.31535977125167847
        },
        "6": {
            "name": "Right Ankle",
            "x": -0.18790049850940704,
            "y": -0.10116168856620789,
            "z": 0.07578152418136597
        },
        "7": {
            "name": "Center of Body",
            "x": 0.006497859489172697,
            "y": 0.0011641071178019047,
            "z": 0.7159139513969421
        },
        "8": {
            "name": "Center of Shoulder",
            "x": 0.012015974149107933,
            "y": 0.04125708341598511,
            "z": 0.8939957618713379
        },
        "9": {
            "name": "Neck",
            "x": 0.019308343529701233,
            "y": 0.09584040194749832,
            "z": 0.939338207244873
        },
        "10": {
            "name": "Head",
            "x": 0.00239288411103189,
            "y": 0.10372386127710342,
            "z": 1.0
        },
        "11": {
            "name": "Right Shoulder",
            "x": -0.09331227838993073,
            "y": 0.04735852777957916,
            "z": 0.905692994594574
        },
        "12": {
            "name": "Right Elbow",
            "x": -0.24946700036525726,
            "y": 0.09381207078695297,
            "z": 0.8603477478027344
        },
        "13": {
            "name": "Right Wrist",
            "x": -0.3521803617477417,
            "y": 0.1642581969499588,
            "z": 0.8300451040267944
        },
        "14": {
            "name": "Left Shoulder",
            "x": 0.10001455247402191,
            "y": 0.032548144459724426,
            "z": 0.8824026584625244
        },
        "15": {
            "name": "Left Elbow",
            "x": 0.09031163156032562,
            "y": -0.08141566067934036,
            "z": 0.7130230665206909
        },
        "16": {
            "name": "Left Wrist",
            "x": 0.09043797850608826,
            "y": 0.0427166223526001,
            "z": 0.6622535586357117
        }
    }
}