{
    "image_path": "00006/img/10.jpg",
    "shooter_tracklet_id": 5,
    "bbox": {
        "x": 356,
        "y": 140,
        "w": 100,
        "h": 100
    },
    "keypont_2d": {
        "0": {
            "name": "Center of Hips",
            "x": 48.97,
            "y": 47.12
        },
        "1": {
            "name": "Left Hip",
            "x": 43.74,
            "y": 47.24
        },
        "2": {
            "name": "Left Knee",
            "x": 36.33,
            "y": 60.63
        },
        "3": {
            "name": "Left Ankle",
            "x": 26.2,
            "y": 74.36
        },
        "4": {
            "name": "Right Hip",
            "x": 54.64,
            "y": 47.08
        },
        "5": {
            "name": "Right Knee",
            "x": 65.7,
            "y": 59.0
        },
        "6": {
            "name": "Right Ankle",
            "x": 64.6,
            "y": 76.44
        },
        "7": {
            "name": "Center of Body",
            "x": 49.14,
            "y": 33.62
        },
        "8": {
            "name": "Center of Shoulder",
            "x": 49.59,
            "y": 21.31
        },
        "9": {
            "name": "Neck",
            "x": 50.24,
            "y": 19.43
        },
        "10": {
            "name": "Head",
            "x": 51.84,
            "y": 15.7
        },
        "11": {
            "name": "Right Shoulder",
            "x": 55.31,
            "y": 19.82
        },
        "12": {
            "name": "Right Elbow",
            "x": 61.17,
            "y": 25.64
        },
        "13": {
            "name": "Right Wrist",
            "x": 72.45,
            "y": 26.01
        },
        "14": {
            "name": "Left Shoulder",
            "x": 44.13,
            "y": 22.84
        },
        "15": {
            "name": "Left Elbow",
            "x": 40.5,
            "y": 34.18
        },
        "16": {
            "name": "Left Wrist",
            "x": 50.49,
            "y": 32.16
        }
    },
    "keypont_3d": {
        "0": {
            "name": "Center of Hips",
            "x": 0.0,
            "y": 0.0,
            "z": 0.5068976879119873
        },
        "1": {
            "name": "Left Hip",
            "x": 0.10384518653154373,
            "y": 0.005009236745536327,
            "z": 0.5058820247650146
        },
        "2": {
            "name": "Left Knee",
            "x": 0.2733561396598816,
            "y": 0.041958678513765335,
            "z": 0.2516421377658844
        },
        "3": {
            "name": "Left Ankle",
            "x": 0.35308077931404114,
            "y": -0.0802989974617958,
            "z": 0.03214031085371971
        },
        "4": {
            "name": "Right Hip",
            "x": -0.09953748434782028,
            "y": -0.013516244478523731,
            "z": 0.4956250786781311
        },
        "5": {
            "name": "Right Knee",
            "x": -0.26306259632110596,
            "y": 0.06315603107213974,
            "z": 0.28253886103630066
        },
        "6": {
            "name": "Right Ankle",
            "x": -0.22191426157951355,
            "y": 0.014142795465886593,
            "z": 0.0
        },
        "7": {
            "name": "Center of Body",
            "x": 0.004492486827075481,
            "y": -0.0024681189097464085,
            "z": 0.6939626336097717
        },
        "8": {
            "name": "Center of Shoulder",
            "x": 0.01239324826747179,
            "y": 0.01731453835964203,
            "z": 0.8885746002197266
        },
        "9": {
            "name": "Neck",
            "x": 0.029001900926232338,
            "y": 0.07920396327972412,
            "z": 0.9390711784362793
        },
        "10": {
            "name": "Head",
            "x": 0.010583858005702496,
            "y": 0.08152776956558228,
            "z": 1.0
        },
        "11": {
            "name": "Right Shoulder",
            "x": -0.09369394928216934,
            "y": 0.0038643430452793837,
            "z": 0.8955461382865906
        },
        "12": {
            "name": "Right Elbow",
            "x": -0.22585247457027435,
            "y": -0.034850411117076874,
            "z": 0.7969062328338623
        },
        "13": {
            "name": "Right Wrist",
            "x": -0.35752835869789124,
            "y": 0.07679478824138641,
            "z": 0.7937570810317993
        },
        "14": {
            "name": "Left Shoulder",
            "x": 0.09905140846967697,
            "y": 0.007006604224443436,
            "z": 0.8784961700439453
        },
        "15": {
            "name": "Left Elbow",
            "x": 0.13296498358249664,
            "y": -0.06766663491725922,
            "z": 0.7080281972885132
        },
        "16": {
            "name": "Left Wrist",
            "x": 0.05983389541506767,
            "y": 0.08679481595754623,
            "z": 0.7115489840507507
        }
    }
}