{
    "image_path": "00006/img/11.jpg",
    "shooter_tracklet_id": 5,
    "bbox": {
        "x": 352,
        "y": 144,
        "w": 100,
        "h": 100
    },
    "keypoint_2d": {
        "0": {
            "name": "Center of Hips",
            "x": 49.12,
            "y": 50.28
        },
        "1": {
            "name": "Left Hip",
            "x": 43.75,
            "y": 50.46
        },
        "2": {
            "name": "Left Knee",
            "x": 40.06,
            "y": 62.33
        },
        "3": {
            "name": "Left Ankle",
            "x": 26.2,
            "y": 69.94
        },
        "4": {
            "name": "Right Hip",
            "x": 54.18,
            "y": 50.29
        },
        "5": {
            "name": "Right Knee",
            "x": 68.53,
            "y": 63.19
        },
        "6": {
            "name": "Right Ankle",
            "x": 71.84,
            "y": 78.41
        },
        "7": {
            "name": "Center of Body",
            "x": 49.16,
            "y": 38.49
        },
        "8": {
            "name": "Center of Shoulder",
            "x": 49.24,
            "y": 26.12
        },
        "9": {
            "name": "Neck",
            "x": 50.25,
            "y": 24.18
        },
        "10": {
            "name": "Head",
            "x": 52.21,
            "y": 20.24
        },
        "11": {
            "name": "Right Shoulder",
            "x": 54.4,
            "y": 25.26
        },
        "12": {
            "name": "Right Elbow",
            "x": 60.2,
            "y": 30.17
        },
        "13": {
            "name": "Right Wrist",
            "x": 74.91,
            "y": 30.43
        },
        "14": {
            "name": "Left Shoulder",
            "x": 43.88,
            "y": 27.18
        },
        "15": {
            "name": "Left Elbow",
            "x": 36.91,
            "y": 40.62
        },
        "16": {
            "name": "Left Wrist",
            "x": 33.93,
            "y": 50.18
        }
    },
    "keypoint_3d": {
        "0": {
            "name": "Center of Hips",
            "x": 0.0,
            "y": 0.0,
            "z": 0.49886834621429443
        },
        "1": {
            "name": "Left Hip",
            "x": 0.10123831778764725,
            "y": 0.01244303584098816,
            "z": 0.5001211166381836
        },
        "2": {
            "name": "Left Knee",
            "x": 0.2587195038795471,
            "y": 0.1355159729719162,
            "z": 0.29981496930122375
        },
        "3": {
            "name": "Left Ankle",
            "x": 0.4107833504676819,
            "y": -0.08544362336397171,
            "z": 0.1240721344947815
        },
        "4": {
            "name": "Right Hip",
            "x": -0.10374532639980316,
            "y": -0.024218857288360596,
            "z": 0.4866091310977936
        },
        "5": {
            "name": "Right Knee",
            "x": -0.25993093848228455,
            "y": 0.18889515101909637,
            "z": 0.30082350969314575
        },
        "6": {
            "name": "Right Ankle",
            "x": -0.2691217362880707,
            "y": 0.19936750829219818,
            "z": 0.0
        },
        "7": {
            "name": "Center of Body",
            "x": 0.0018408873584121466,
            "y": -0.006878924090415239,
            "z": 0.686801016330719
        },
        "8": {
            "name": "Center of Shoulder",
            "x": 0.012961319647729397,
            "y": 0.010069603100419044,
            "z": 0.8851616978645325
        },
        "9": {
            "name": "Neck",
            "x": 0.024133805185556412,
            "y": 0.06864713132381439,
            "z": 0.9339695572853088
        },
        "10": {
            "name": "Head",
            "x": -0.005654738750308752,
            "y": 0.07249151170253754,
            "z": 1.0
        },
        "11": {
            "name": "Right Shoulder",
            "x": -0.09294988960027695,
            "y": -0.0158274844288826,
            "z": 0.8850559592247009
        },
        "12": {
            "name": "Right Elbow",
            "x": -0.22706608474254608,
            "y": -0.06364458799362183,
            "z": 0.7968878746032715
        },
        "13": {
            "name": "Right Wrist",
            "x": -0.4035320281982422,
            "y": 0.06191383674740791,
            "z": 0.8087772727012634
        },
        "14": {
            "name": "Left Shoulder",
            "x": 0.0991809219121933,
            "y": -0.010466921143233776,
            "z": 0.8712528944015503
        },
        "15": {
            "name": "Left Elbow",
            "x": 0.18995948135852814,
            "y": -0.07674343883991241,
            "z": 0.6515282392501831
        },
        "16": {
            "name": "Left Wrist",
            "x": 0.2542215883731842,
            "y": -0.0005741845816373825,
            "z": 0.5187557339668274
        }
    }
}