{
    "image_path": "00006/img/12.jpg",
    "shooter_tracklet_id": 5,
    "bbox": {
        "x": 351,
        "y": 147,
        "w": 100,
        "h": 100
    },
    "keypont_2d": {
        "0": {
            "name": "Center of Hips",
            "x": 51.65,
            "y": 52.79
        },
        "1": {
            "name": "Left Hip",
            "x": 45.83,
            "y": 52.39
        },
        "2": {
            "name": "Left Knee",
            "x": 40.55,
            "y": 65.28
        },
        "3": {
            "name": "Left Ankle",
            "x": 26.44,
            "y": 66.87
        },
        "4": {
            "name": "Right Hip",
            "x": 57.61,
            "y": 53.37
        },
        "5": {
            "name": "Right Knee",
            "x": 68.56,
            "y": 65.98
        },
        "6": {
            "name": "Right Ankle",
            "x": 72.33,
            "y": 77.67
        },
        "7": {
            "name": "Center of Body",
            "x": 50.6,
            "y": 41.19
        },
        "8": {
            "name": "Center of Shoulder",
            "x": 49.88,
            "y": 29.57
        },
        "9": {
            "name": "Neck",
            "x": 50.1,
            "y": 26.93
        },
        "10": {
            "name": "Head",
            "x": 51.6,
            "y": 22.7
        },
        "11": {
            "name": "Right Shoulder",
            "x": 55.62,
            "y": 28.75
        },
        "12": {
            "name": "Right Elbow",
            "x": 62.92,
            "y": 32.66
        },
        "13": {
            "name": "Right Wrist",
            "x": 75.15,
            "y": 32.02
        },
        "14": {
            "name": "Left Shoulder",
            "x": 43.74,
            "y": 31.9
        },
        "15": {
            "name": "Left Elbow",
            "x": 35.03,
            "y": 42.21
        },
        "16": {
            "name": "Left Wrist",
            "x": 29.16,
            "y": 52.12
        }
    },
    "keypont_3d": {
        "0": {
            "name": "Center of Hips",
            "x": 0.0,
            "y": 0.0,
            "z": 0.47670838236808777
        },
        "1": {
            "name": "Left Hip",
            "x": 0.09992127865552902,
            "y": 0.0013368579093366861,
            "z": 0.47705885767936707
        },
        "2": {
            "name": "Left Knee",
            "x": 0.27614039182662964,
            "y": 0.1349959522485733,
            "z": 0.2693846821784973
        },
        "3": {
            "name": "Left Ankle",
            "x": 0.43660855293273926,
            "y": -0.13131335377693176,
            "z": 0.15068383514881134
        },
        "4": {
            "name": "Right Hip",
            "x": -0.1148003488779068,
            "y": -0.021482298150658607,
            "z": 0.46083155274391174
        },
        "5": {
            "name": "Right Knee",
            "x": -0.2273140251636505,
            "y": 0.2885611653327942,
            "z": 0.2667376399040222
        },
        "6": {
            "name": "Right Ankle",
            "x": -0.3296201825141907,
            "y": 0.348648339509964,
            "z": 0.0
        },
        "7": {
            "name": "Center of Body",
            "x": 0.009283262304961681,
            "y": -0.01691397652029991,
            "z": 0.6686064600944519
        },
        "8": {
            "name": "Center of Shoulder",
            "x": 0.032376088201999664,
            "y": 0.006129012443125248,
            "z": 0.869653046131134
        },
        "9": {
            "name": "Neck",
            "x": 0.050578806549310684,
            "y": 0.063330739736557,
            "z": 0.923366367816925
        },
        "10": {
            "name": "Head",
            "x": 0.02478974312543869,
            "y": 0.06665845215320587,
            "z": 1.0
        },
        "11": {
            "name": "Right Shoulder",
            "x": -0.08292645961046219,
            "y": -0.013378020375967026,
            "z": 0.8714113831520081
        },
        "12": {
            "name": "Right Elbow",
            "x": -0.23478171229362488,
            "y": -0.0635242760181427,
            "z": 0.7889307737350464
        },
        "13": {
            "name": "Right Wrist",
            "x": -0.4304015338420868,
            "y": 0.07244984805583954,
            "z": 0.8106310963630676
        },
        "14": {
            "name": "Left Shoulder",
            "x": 0.13988760113716125,
            "y": -0.0048464033752679825,
            "z": 0.830469012260437
        },
        "15": {
            "name": "Left Elbow",
            "x": 0.30238714814186096,
            "y": -0.02675955928862095,
            "z": 0.6595433950424194
        },
        "16": {
            "name": "Left Wrist",
            "x": 0.39457038044929504,
            "y": 0.0006999666220508516,
            "z": 0.4951285719871521
        }
    }
}