{
    "image_path": "00006/img/13.jpg",
    "shooter_tracklet_id": 5,
    "bbox": {
        "x": 352,
        "y": 151,
        "w": 100,
        "h": 100
    },
    "keypoint_2d": {
        "0": {
            "name": "Center of Hips",
            "x": 52.7,
            "y": 53.27
        },
        "1": {
            "name": "Left Hip",
            "x": 46.56,
            "y": 53.25
        },
        "2": {
            "name": "Left Knee",
            "x": 41.6,
            "y": 64.06
        },
        "3": {
            "name": "Left Ankle",
            "x": 30.61,
            "y": 66.5
        },
        "4": {
            "name": "Right Hip",
            "x": 58.22,
            "y": 52.95
        },
        "5": {
            "name": "Right Knee",
            "x": 66.69,
            "y": 67.98
        },
        "6": {
            "name": "Right Ankle",
            "x": 66.81,
            "y": 82.46
        },
        "7": {
            "name": "Center of Body",
            "x": 50.73,
            "y": 39.73
        },
        "8": {
            "name": "Center of Shoulder",
            "x": 49.63,
            "y": 29.24
        },
        "9": {
            "name": "Neck",
            "x": 49.46,
            "y": 26.82
        },
        "10": {
            "name": "Head",
            "x": 50.29,
            "y": 21.5
        },
        "11": {
            "name": "Right Shoulder",
            "x": 56.53,
            "y": 28.53
        },
        "12": {
            "name": "Right Elbow",
            "x": 63.41,
            "y": 32.83
        },
        "13": {
            "name": "Right Wrist",
            "x": 76.14,
            "y": 33.37
        },
        "14": {
            "name": "Left Shoulder",
            "x": 42.76,
            "y": 29.82
        },
        "15": {
            "name": "Left Elbow",
            "x": 32.94,
            "y": 44.42
        },
        "16": {
            "name": "Left Wrist",
            "x": 25.21,
            "y": 52.57
        }
    },
    "keypoint_3d": {
        "0": {
            "name": "Center of Hips",
            "x": 0.0,
            "y": 0.0,
            "z": 0.507535994052887
        },
        "1": {
            "name": "Left Hip",
            "x": 0.09248022735118866,
            "y": -0.0021764792036265135,
            "z": 0.5043838620185852
        },
        "2": {
            "name": "Left Knee",
            "x": 0.24761459231376648,
            "y": 0.08712054789066315,
            "z": 0.32031136751174927
        },
        "3": {
            "name": "Left Ankle",
            "x": 0.3271752595901489,
            "y": -0.2035936862230301,
            "z": 0.24992342293262482
        },
        "4": {
            "name": "Right Hip",
            "x": -0.10612832754850388,
            "y": -0.011331269517540932,
            "z": 0.49332061409950256
        },
        "5": {
            "name": "Right Knee",
            "x": -0.16082146763801575,
            "y": 0.2620881199836731,
            "z": 0.2891269326210022
        },
        "6": {
            "name": "Right Ankle",
            "x": -0.20053935050964355,
            "y": 0.2529851794242859,
            "z": 0.0
        },
        "7": {
            "name": "Center of Body",
            "x": 0.018791045993566513,
            "y": -0.01699424907565117,
            "z": 0.6858987808227539
        },
        "8": {
            "name": "Center of Shoulder",
            "x": 0.04846784099936485,
            "y": 0.005728261079639196,
            "z": 0.8679848909378052
        },
        "9": {
            "name": "Neck",
            "x": 0.07319249212741852,
            "y": 0.0562698170542717,
            "z": 0.9193216562271118
        },
        "10": {
            "name": "Head",
            "x": 0.058340512216091156,
            "y": 0.05960046872496605,
            "z": 1.0
        },
        "11": {
            "name": "Right Shoulder",
            "x": -0.06669984757900238,
            "y": -0.0035442153457552195,
            "z": 0.8696991205215454
        },
        "12": {
            "name": "Right Elbow",
            "x": -0.21201969683170319,
            "y": -0.04936274141073227,
            "z": 0.7952655553817749
        },
        "13": {
            "name": "Right Wrist",
            "x": -0.3850752115249634,
            "y": 0.07321162521839142,
            "z": 0.8089512586593628
        },
        "14": {
            "name": "Left Shoulder",
            "x": 0.14174845814704895,
            "y": -0.025720834732055664,
            "z": 0.8345205783843994
        },
        "15": {
            "name": "Left Elbow",
            "x": 0.287171334028244,
            "y": -0.07183357328176498,
            "z": 0.654695451259613
        },
        "16": {
            "name": "Left Wrist",
            "x": 0.40736860036849976,
            "y": -0.06915062665939331,
            "z": 0.5159890651702881
        }
    }
}