{
    "image_path": "00006/img/15.jpg",
    "shooter_tracklet_id": 5,
    "bbox": {
        "x": 353,
        "y": 161,
        "w": 100,
        "h": 100
    },
    "keypoint_2d": {
        "0": {
            "name": "Center of Hips",
            "x": 47.46,
            "y": 49.98
        },
        "1": {
            "name": "Left Hip",
            "x": 41.47,
            "y": 50.15
        },
        "2": {
            "name": "Left Knee",
            "x": 43.99,
            "y": 66.38
        },
        "3": {
            "name": "Left Ankle",
            "x": 39.32,
            "y": 77.42
        },
        "4": {
            "name": "Right Hip",
            "x": 54.05,
            "y": 49.69
        },
        "5": {
            "name": "Right Knee",
            "x": 53.93,
            "y": 65.03
        },
        "6": {
            "name": "Right Ankle",
            "x": 48.35,
            "y": 79.84
        },
        "7": {
            "name": "Center of Body",
            "x": 43.74,
            "y": 36.69
        },
        "8": {
            "name": "Center of Shoulder",
            "x": 42.64,
            "y": 26.87
        },
        "9": {
            "name": "Neck",
            "x": 43.25,
            "y": 24.66
        },
        "10": {
            "name": "Head",
            "x": 47.11,
            "y": 20.81
        },
        "11": {
            "name": "Right Shoulder",
            "x": 50.12,
            "y": 27.12
        },
        "12": {
            "name": "Right Elbow",
            "x": 61.97,
            "y": 34.98
        },
        "13": {
            "name": "Right Wrist",
            "x": 73.47,
            "y": 37.11
        },
        "14": {
            "name": "Left Shoulder",
            "x": 35.64,
            "y": 28.59
        },
        "15": {
            "name": "Left Elbow",
            "x": 30.98,
            "y": 43.93
        },
        "16": {
            "name": "Left Wrist",
            "x": 24.85,
            "y": 52.0
        }
    },
    "keypoint_3d": {
        "0": {
            "name": "Center of Hips",
            "x": 0.0,
            "y": 0.0,
            "z": 0.5164743661880493
        },
        "1": {
            "name": "Left Hip",
            "x": 0.10377497225999832,
            "y": 0.003629666054621339,
            "z": 0.5058332681655884
        },
        "2": {
            "name": "Left Knee",
            "x": 0.18158188462257385,
            "y": 0.19694733619689941,
            "z": 0.2595181167125702
        },
        "3": {
            "name": "Left Ankle",
            "x": 0.14661961793899536,
            "y": -0.04475324973464012,
            "z": 0.047974590212106705
        },
        "4": {
            "name": "Right Hip",
            "x": -0.10334020853042603,
            "y": 0.0010163101833313704,
            "z": 0.5167999267578125
        },
        "5": {
            "name": "Right Knee",
            "x": -0.03837567940354347,
            "y": 0.21494728326797485,
            "z": 0.26734575629234314
        },
        "6": {
            "name": "Right Ankle",
            "x": -0.020208148285746574,
            "y": 0.052400778979063034,
            "z": 0.0
        },
        "7": {
            "name": "Center of Body",
            "x": 0.055259618908166885,
            "y": -0.014613749459385872,
            "z": 0.6978972554206848
        },
        "8": {
            "name": "Center of Shoulder",
            "x": 0.11291162669658661,
            "y": 0.02772957645356655,
            "z": 0.8767511248588562
        },
        "9": {
            "name": "Neck",
            "x": 0.12730467319488525,
            "y": 0.0740182101726532,
            "z": 0.9261714220046997
        },
        "10": {
            "name": "Head",
            "x": 0.08367902785539627,
            "y": 0.08672145009040833,
            "z": 1.0
        },
        "11": {
            "name": "Right Shoulder",
            "x": -0.01095166802406311,
            "y": 0.05079808458685875,
            "z": 0.8761336207389832
        },
        "12": {
            "name": "Right Elbow",
            "x": -0.2034626007080078,
            "y": 0.11069760471582413,
            "z": 0.7552094459533691
        },
        "13": {
            "name": "Right Wrist",
            "x": -0.3356272578239441,
            "y": 0.24384066462516785,
            "z": 0.7297280430793762
        },
        "14": {
            "name": "Left Shoulder",
            "x": 0.19962000846862793,
            "y": -0.035901062190532684,
            "z": 0.8325262069702148
        },
        "15": {
            "name": "Left Elbow",
            "x": 0.2778695523738861,
            "y": -0.07630150765180588,
            "z": 0.6112819314002991
        },
        "16": {
            "name": "Left Wrist",
            "x": 0.4120199382305145,
            "y": -0.05520787462592125,
            "z": 0.4786255359649658
        }
    }
}