{
    "image_path": "00006/img/16.jpg",
    "shooter_tracklet_id": 5,
    "bbox": {
        "x": 353,
        "y": 162,
        "w": 100,
        "h": 100
    },
    "keypont_2d": {
        "0": {
            "name": "Center of Hips",
            "x": 44.26,
            "y": 49.13
        },
        "1": {
            "name": "Left Hip",
            "x": 37.91,
            "y": 50.52
        },
        "2": {
            "name": "Left Knee",
            "x": 48.77,
            "y": 60.48
        },
        "3": {
            "name": "Left Ankle",
            "x": 58.63,
            "y": 69.2
        },
        "4": {
            "name": "Right Hip",
            "x": 50.74,
            "y": 47.98
        },
        "5": {
            "name": "Right Knee",
            "x": 49.14,
            "y": 67.61
        },
        "6": {
            "name": "Right Ankle",
            "x": 42.15,
            "y": 78.9
        },
        "7": {
            "name": "Center of Body",
            "x": 42.51,
            "y": 37.18
        },
        "8": {
            "name": "Center of Shoulder",
            "x": 41.75,
            "y": 25.82
        },
        "9": {
            "name": "Neck",
            "x": 42.21,
            "y": 23.48
        },
        "10": {
            "name": "Head",
            "x": 45.47,
            "y": 19.81
        },
        "11": {
            "name": "Right Shoulder",
            "x": 49.51,
            "y": 25.64
        },
        "12": {
            "name": "Right Elbow",
            "x": 61.09,
            "y": 33.91
        },
        "13": {
            "name": "Right Wrist",
            "x": 66.56,
            "y": 33.83
        },
        "14": {
            "name": "Left Shoulder",
            "x": 34.17,
            "y": 26.38
        },
        "15": {
            "name": "Left Elbow",
            "x": 29.71,
            "y": 37.29
        },
        "16": {
            "name": "Left Wrist",
            "x": 40.1,
            "y": 31.9
        }
    },
    "keypont_3d": {
        "0": {
            "name": "Center of Hips",
            "x": 0.0,
            "y": 0.0,
            "z": 0.5225833058357239
        },
        "1": {
            "name": "Left Hip",
            "x": 0.10968904942274094,
            "y": -0.0008309190161526203,
            "z": 0.5077508687973022
        },
        "2": {
            "name": "Left Knee",
            "x": 0.04060022905468941,
            "y": 0.2224402278661728,
            "z": 0.31856682896614075
        },
        "3": {
            "name": "Left Ankle",
            "x": -0.12180987745523453,
            "y": 0.03976267948746681,
            "z": 0.10640763491392136
        },
        "4": {
            "name": "Right Hip",
            "x": -0.10043898224830627,
            "y": 0.009265990927815437,
            "z": 0.5237884521484375
        },
        "5": {
            "name": "Right Knee",
            "x": -0.017424430698156357,
            "y": 0.17707355320453644,
            "z": 0.23311170935630798
        },
        "6": {
            "name": "Right Ankle",
            "x": 0.014755111187696457,
            "y": -0.005224761553108692,
            "z": 0.0
        },
        "7": {
            "name": "Center of Body",
            "x": 0.046408265829086304,
            "y": -0.016223955899477005,
            "z": 0.7059810161590576
        },
        "8": {
            "name": "Center of Shoulder",
            "x": 0.08240891993045807,
            "y": 0.015530813485383987,
            "z": 0.8883203864097595
        },
        "9": {
            "name": "Neck",
            "x": 0.09775571525096893,
            "y": 0.07100106030702591,
            "z": 0.9364319443702698
        },
        "10": {
            "name": "Head",
            "x": 0.049240197986364365,
            "y": 0.08034135401248932,
            "z": 1.0
        },
        "11": {
            "name": "Right Shoulder",
            "x": -0.0413735993206501,
            "y": 0.04133608937263489,
            "z": 0.8812904357910156
        },
        "12": {
            "name": "Right Elbow",
            "x": -0.215850368142128,
            "y": 0.11620650440454483,
            "z": 0.7606412768363953
        },
        "13": {
            "name": "Right Wrist",
            "x": -0.25046855211257935,
            "y": 0.2718009054660797,
            "z": 0.7803736329078674
        },
        "14": {
            "name": "Left Shoulder",
            "x": 0.18503868579864502,
            "y": -0.03226485848426819,
            "z": 0.8620893359184265
        },
        "15": {
            "name": "Left Elbow",
            "x": 0.30410152673721313,
            "y": 0.04585782811045647,
            "z": 0.7142931222915649
        },
        "16": {
            "name": "Left Wrist",
            "x": 0.17141936719417572,
            "y": 0.13336646556854248,
            "z": 0.818645179271698
        }
    }
}