{
    "image_path": "00006/img/17.jpg",
    "shooter_tracklet_id": 5,
    "bbox": {
        "x": 352,
        "y": 159,
        "w": 100,
        "h": 100
    },
    "keypoint_2d": {
        "0": {
            "name": "Center of Hips",
            "x": 43.13,
            "y": 49.45
        },
        "1": {
            "name": "Left Hip",
            "x": 37.31,
            "y": 49.59
        },
        "2": {
            "name": "Left Knee",
            "x": 57.21,
            "y": 54.59
        },
        "3": {
            "name": "Left Ankle",
            "x": 63.74,
            "y": 58.78
        },
        "4": {
            "name": "Right Hip",
            "x": 48.65,
            "y": 49.45
        },
        "5": {
            "name": "Right Knee",
            "x": 48.65,
            "y": 66.75
        },
        "6": {
            "name": "Right Ankle",
            "x": 39.57,
            "y": 79.39
        },
        "7": {
            "name": "Center of Body",
            "x": 43.32,
            "y": 36.59
        },
        "8": {
            "name": "Center of Shoulder",
            "x": 43.85,
            "y": 24.49
        },
        "9": {
            "name": "Neck",
            "x": 44.36,
            "y": 22.7
        },
        "10": {
            "name": "Head",
            "x": 47.26,
            "y": 19.49
        },
        "11": {
            "name": "Right Shoulder",
            "x": 50.25,
            "y": 24.91
        },
        "12": {
            "name": "Right Elbow",
            "x": 60.8,
            "y": 34.23
        },
        "13": {
            "name": "Right Wrist",
            "x": 67.06,
            "y": 35.29
        },
        "14": {
            "name": "Left Shoulder",
            "x": 37.97,
            "y": 24.29
        },
        "15": {
            "name": "Left Elbow",
            "x": 30.64,
            "y": 38.83
        },
        "16": {
            "name": "Left Wrist",
            "x": 37.02,
            "y": 44.25
        }
    },
    "keypoint_3d": {
        "0": {
            "name": "Center of Hips",
            "x": 0.0,
            "y": 0.0,
            "z": 0.5207993984222412
        },
        "1": {
            "name": "Left Hip",
            "x": 0.1099000945687294,
            "y": 0.0020443343091756105,
            "z": 0.5072798132896423
        },
        "2": {
            "name": "Left Knee",
            "x": -0.04096878692507744,
            "y": 0.21716539561748505,
            "z": 0.35058799386024475
        },
        "3": {
            "name": "Left Ankle",
            "x": -0.29153063893318176,
            "y": 0.08375514298677444,
            "z": 0.2003302425146103
        },
        "4": {
            "name": "Right Hip",
            "x": -0.09482838958501816,
            "y": -0.002842815825715661,
            "z": 0.5170656442642212
        },
        "5": {
            "name": "Right Knee",
            "x": -0.04111646115779877,
            "y": 0.12741194665431976,
            "z": 0.20958855748176575
        },
        "6": {
            "name": "Right Ankle",
            "x": 0.03290495276451111,
            "y": -0.04496101289987564,
            "z": 0.0
        },
        "7": {
            "name": "Center of Body",
            "x": 0.026147305965423584,
            "y": -0.00926442164927721,
            "z": 0.7039368152618408
        },
        "8": {
            "name": "Center of Shoulder",
            "x": 0.0397331677377224,
            "y": 0.008734393864870071,
            "z": 0.8908738493919373
        },
        "9": {
            "name": "Neck",
            "x": 0.0564233623445034,
            "y": 0.059472449123859406,
            "z": 0.9373958706855774
        },
        "10": {
            "name": "Head",
            "x": 0.01782015897333622,
            "y": 0.07425344735383987,
            "z": 1.0
        },
        "11": {
            "name": "Right Shoulder",
            "x": -0.06956785917282104,
            "y": 0.02960888110101223,
            "z": 0.8789545893669128
        },
        "12": {
            "name": "Right Elbow",
            "x": -0.2305820882320404,
            "y": 0.10345683246850967,
            "z": 0.7514892220497131
        },
        "13": {
            "name": "Right Wrist",
            "x": -0.26348450779914856,
            "y": 0.2658121883869171,
            "z": 0.7641159892082214
        },
        "14": {
            "name": "Left Shoulder",
            "x": 0.1414799988269806,
            "y": -0.014466186985373497,
            "z": 0.881418764591217
        },
        "15": {
            "name": "Left Elbow",
            "x": 0.2594316005706787,
            "y": 0.009444359689950943,
            "z": 0.6941201686859131
        },
        "16": {
            "name": "Left Wrist",
            "x": 0.2038366049528122,
            "y": 0.15744197368621826,
            "z": 0.6514848470687866
        }
    }
}