{
    "image_path": "00006/img/18.jpg",
    "shooter_tracklet_id": 5,
    "bbox": {
        "x": 351,
        "y": 154,
        "w": 100,
        "h": 100
    },
    "keypoint_2d": {
        "0": {
            "name": "Center of Hips",
            "x": 42.88,
            "y": 47.47
        },
        "1": {
            "name": "Left Hip",
            "x": 38.46,
            "y": 47.18
        },
        "2": {
            "name": "Left Knee",
            "x": 56.91,
            "y": 49.0
        },
        "3": {
            "name": "Left Ankle",
            "x": 69.39,
            "y": 59.39
        },
        "4": {
            "name": "Right Hip",
            "x": 49.06,
            "y": 48.36
        },
        "5": {
            "name": "Right Knee",
            "x": 51.16,
            "y": 66.2
        },
        "6": {
            "name": "Right Ankle",
            "x": 39.45,
            "y": 80.0
        },
        "7": {
            "name": "Center of Body",
            "x": 43.74,
            "y": 34.85
        },
        "8": {
            "name": "Center of Shoulder",
            "x": 45.3,
            "y": 24.27
        },
        "9": {
            "name": "Neck",
            "x": 46.38,
            "y": 22.22
        },
        "10": {
            "name": "Head",
            "x": 49.26,
            "y": 18.89
        },
        "11": {
            "name": "Right Shoulder",
            "x": 53.56,
            "y": 24.91
        },
        "12": {
            "name": "Right Elbow",
            "x": 62.64,
            "y": 34.23
        },
        "13": {
            "name": "Right Wrist",
            "x": 67.55,
            "y": 35.34
        },
        "14": {
            "name": "Left Shoulder",
            "x": 38.22,
            "y": 24.29
        },
        "15": {
            "name": "Left Elbow",
            "x": 32.79,
            "y": 35.94
        },
        "16": {
            "name": "Left Wrist",
            "x": 36.92,
            "y": 42.52
        }
    },
    "keypoint_3d": {
        "0": {
            "name": "Center of Hips",
            "x": 0.0,
            "y": 0.0,
            "z": 0.5247014760971069
        },
        "1": {
            "name": "Left Hip",
            "x": 0.10180432349443436,
            "y": 0.017452744767069817,
            "z": 0.5288202166557312
        },
        "2": {
            "name": "Left Knee",
            "x": -0.11994156986474991,
            "y": 0.2784024775028229,
            "z": 0.48541316390037537
        },
        "3": {
            "name": "Left Ankle",
            "x": -0.36201339960098267,
            "y": 0.12102776020765305,
            "z": 0.3117217421531677
        },
        "4": {
            "name": "Right Hip",
            "x": -0.09448964893817902,
            "y": -0.013273287564516068,
            "z": 0.5109646916389465
        },
        "5": {
            "name": "Right Knee",
            "x": -0.06421142816543579,
            "y": 0.13472670316696167,
            "z": 0.22092704474925995
        },
        "6": {
            "name": "Right Ankle",
            "x": 0.059063225984573364,
            "y": -0.005303012207150459,
            "z": 0.0
        },
        "7": {
            "name": "Center of Body",
            "x": 0.012025851756334305,
            "y": -0.004596637096256018,
            "z": 0.7099859714508057
        },
        "8": {
            "name": "Center of Shoulder",
            "x": 0.009224512614309788,
            "y": 0.02308749593794346,
            "z": 0.8927334547042847
        },
        "9": {
            "name": "Neck",
            "x": 0.020581355318427086,
            "y": 0.07942863553762436,
            "z": 0.9354245066642761
        },
        "10": {
            "name": "Head",
            "x": -0.012957245111465454,
            "y": 0.09966721385717392,
            "z": 1.0
        },
        "11": {
            "name": "Right Shoulder",
            "x": -0.10539499670267105,
            "y": 0.04087892174720764,
            "z": 0.8753926157951355
        },
        "12": {
            "name": "Right Elbow",
            "x": -0.24854934215545654,
            "y": 0.10869467258453369,
            "z": 0.738966703414917
        },
        "13": {
            "name": "Right Wrist",
            "x": -0.26904597878456116,
            "y": 0.27234649658203125,
            "z": 0.7408937215805054
        },
        "14": {
            "name": "Left Shoulder",
            "x": 0.10957875102758408,
            "y": 0.0012798416428267956,
            "z": 0.8884250521659851
        },
        "15": {
            "name": "Left Elbow",
            "x": 0.19599685072898865,
            "y": -0.0590638667345047,
            "z": 0.6929630637168884
        },
        "16": {
            "name": "Left Wrist",
            "x": 0.16101200878620148,
            "y": 0.07985930889844894,
            "z": 0.6177356839179993
        }
    }
}