{
    "image_path": "00006/img/19.jpg",
    "shooter_tracklet_id": 5,
    "bbox": {
        "x": 350,
        "y": 152,
        "w": 100,
        "h": 100
    },
    "keypont_2d": {
        "0": {
            "name": "Center of Hips",
            "x": 39.45,
            "y": 47.46
        },
        "1": {
            "name": "Left Hip",
            "x": 38.95,
            "y": 44.17
        },
        "2": {
            "name": "Left Knee",
            "x": 56.38,
            "y": 52.88
        },
        "3": {
            "name": "Left Ankle",
            "x": 68.53,
            "y": 64.42
        },
        "4": {
            "name": "Right Hip",
            "x": 39.97,
            "y": 50.79
        },
        "5": {
            "name": "Right Knee",
            "x": 46.76,
            "y": 66.85
        },
        "6": {
            "name": "Right Ankle",
            "x": 37.24,
            "y": 80.98
        },
        "7": {
            "name": "Center of Body",
            "x": 40.8,
            "y": 34.85
        },
        "8": {
            "name": "Center of Shoulder",
            "x": 43.25,
            "y": 24.74
        },
        "9": {
            "name": "Neck",
            "x": 43.91,
            "y": 22.43
        },
        "10": {
            "name": "Head",
            "x": 47.91,
            "y": 19.88
        },
        "11": {
            "name": "Right Shoulder",
            "x": 50.12,
            "y": 25.64
        },
        "12": {
            "name": "Right Elbow",
            "x": 59.08,
            "y": 33.99
        },
        "13": {
            "name": "Right Wrist",
            "x": 64.36,
            "y": 35.83
        },
        "14": {
            "name": "Left Shoulder",
            "x": 36.75,
            "y": 24.54
        },
        "15": {
            "name": "Left Elbow",
            "x": 30.37,
            "y": 32.64
        },
        "16": {
            "name": "Left Wrist",
            "x": 35.52,
            "y": 39.14
        }
    },
    "keypont_3d": {
        "0": {
            "name": "Center of Hips",
            "x": 0.0,
            "y": 0.0,
            "z": 0.5466775298118591
        },
        "1": {
            "name": "Left Hip",
            "x": 0.08474870771169662,
            "y": 0.07309111207723618,
            "z": 0.5777204036712646
        },
        "2": {
            "name": "Left Knee",
            "x": -0.15926332771778107,
            "y": 0.2845551669597626,
            "z": 0.5066973567008972
        },
        "3": {
            "name": "Left Ankle",
            "x": -0.41102272272109985,
            "y": 0.21147513389587402,
            "z": 0.3019651770591736
        },
        "4": {
            "name": "Right Hip",
            "x": -0.07551789283752441,
            "y": -0.061664879322052,
            "z": 0.4975026249885559
        },
        "5": {
            "name": "Right Knee",
            "x": -0.09748106449842453,
            "y": 0.09799985587596893,
            "z": 0.2292310744524002
        },
        "6": {
            "name": "Right Ankle",
            "x": 0.032313186675310135,
            "y": -0.0033528520725667477,
            "z": 0.0
        },
        "7": {
            "name": "Center of Body",
            "x": -0.006623168475925922,
            "y": -0.009765499271452427,
            "z": 0.7249687910079956
        },
        "8": {
            "name": "Center of Shoulder",
            "x": -0.0287394467741251,
            "y": 0.014581624418497086,
            "z": 0.9019735455513
        },
        "9": {
            "name": "Neck",
            "x": -0.015976767987012863,
            "y": 0.08209555596113205,
            "z": 0.9377585649490356
        },
        "10": {
            "name": "Head",
            "x": -0.05304142087697983,
            "y": 0.11207538098096848,
            "z": 1.0
        },
        "11": {
            "name": "Right Shoulder",
            "x": -0.1435297429561615,
            "y": 0.030636610463261604,
            "z": 0.8744356632232666
        },
        "12": {
            "name": "Right Elbow",
            "x": -0.27777552604675293,
            "y": 0.08609481155872345,
            "z": 0.7450571060180664
        },
        "13": {
            "name": "Right Wrist",
            "x": -0.3000561594963074,
            "y": 0.24471381306648254,
            "z": 0.747641921043396
        },
        "14": {
            "name": "Left Shoulder",
            "x": 0.09023675322532654,
            "y": 0.029185237362980843,
            "z": 0.9002419114112854
        },
        "15": {
            "name": "Left Elbow",
            "x": 0.19238904118537903,
            "y": -0.027761826291680336,
            "z": 0.759070873260498
        },
        "16": {
            "name": "Left Wrist",
            "x": 0.13536539673805237,
            "y": 0.11279680579900742,
            "z": 0.6872103810310364
        }
    }
}