{
    "image_path": "00006/img/20.jpg",
    "shooter_tracklet_id": 5,
    "bbox": {
        "x": 350,
        "y": 145,
        "w": 100,
        "h": 100
    },
    "keypont_2d": {
        "0": {
            "name": "Center of Hips",
            "x": 37.99,
            "y": 46.47
        },
        "1": {
            "name": "Left Hip",
            "x": 34.51,
            "y": 46.52
        },
        "2": {
            "name": "Left Knee",
            "x": 57.61,
            "y": 56.32
        },
        "3": {
            "name": "Left Ankle",
            "x": 66.44000000000001,
            "y": 68.1
        },
        "4": {
            "name": "Right Hip",
            "x": 41.57,
            "y": 46.98
        },
        "5": {
            "name": "Right Knee",
            "x": 49.26,
            "y": 66.01
        },
        "6": {
            "name": "Right Ankle",
            "x": 39.33,
            "y": 80.86
        },
        "7": {
            "name": "Center of Body",
            "x": 40.06,
            "y": 35.58
        },
        "8": {
            "name": "Center of Shoulder",
            "x": 44.13,
            "y": 22.81
        },
        "9": {
            "name": "Neck",
            "x": 45.46,
            "y": 21.59
        },
        "10": {
            "name": "Head",
            "x": 49.51,
            "y": 18.28
        },
        "11": {
            "name": "Right Shoulder",
            "x": 49.93,
            "y": 23.85
        },
        "12": {
            "name": "Right Elbow",
            "x": 58.1,
            "y": 33.99
        },
        "13": {
            "name": "Right Wrist",
            "x": 65.71,
            "y": 35.58
        },
        "14": {
            "name": "Left Shoulder",
            "x": 39.36,
            "y": 22.21
        },
        "15": {
            "name": "Left Elbow",
            "x": 32.33,
            "y": 31.04
        },
        "16": {
            "name": "Left Wrist",
            "x": 32.33,
            "y": 40.12
        }
    },
    "keypont_3d": {
        "0": {
            "name": "Center of Hips",
            "x": 0.0,
            "y": 0.0,
            "z": 0.5540940761566162
        },
        "1": {
            "name": "Left Hip",
            "x": 0.08172944188117981,
            "y": 0.05507979914546013,
            "z": 0.5675485134124756
        },
        "2": {
            "name": "Left Knee",
            "x": -0.20568522810935974,
            "y": 0.2607285678386688,
            "z": 0.447643905878067
        },
        "3": {
            "name": "Left Ankle",
            "x": -0.41808849573135376,
            "y": 0.20044364035129547,
            "z": 0.22908538579940796
        },
        "4": {
            "name": "Right Hip",
            "x": -0.07807915657758713,
            "y": -0.06450599431991577,
            "z": 0.518703281879425
        },
        "5": {
            "name": "Right Knee",
            "x": -0.13227073848247528,
            "y": 0.08885911852121353,
            "z": 0.243841752409935
        },
        "6": {
            "name": "Right Ankle",
            "x": -0.009267291985452175,
            "y": -0.005198686383664608,
            "z": 0.0
        },
        "7": {
            "name": "Center of Body",
            "x": -0.013031350448727608,
            "y": -0.001040453789755702,
            "z": 0.7306995987892151
        },
        "8": {
            "name": "Center of Shoulder",
            "x": -0.04964260384440422,
            "y": 0.022118261083960533,
            "z": 0.9068292379379272
        },
        "9": {
            "name": "Neck",
            "x": -0.04734303429722786,
            "y": 0.08736412972211838,
            "z": 0.9390670657157898
        },
        "10": {
            "name": "Head",
            "x": -0.08894172310829163,
            "y": 0.1184035986661911,
            "z": 1.0
        },
        "11": {
            "name": "Right Shoulder",
            "x": -0.15037795901298523,
            "y": 0.024750584736466408,
            "z": 0.8788304924964905
        },
        "12": {
            "name": "Right Elbow",
            "x": -0.29446908831596375,
            "y": 0.057224106043577194,
            "z": 0.7426810264587402
        },
        "13": {
            "name": "Right Wrist",
            "x": -0.33148980140686035,
            "y": 0.22068138420581818,
            "z": 0.7418025732040405
        },
        "14": {
            "name": "Left Shoulder",
            "x": 0.05569436773657799,
            "y": 0.0516979806125164,
            "z": 0.9192490577697754
        },
        "15": {
            "name": "Left Elbow",
            "x": 0.17866618931293488,
            "y": 0.01281306054443121,
            "z": 0.81094890832901
        },
        "16": {
            "name": "Left Wrist",
            "x": 0.15992151200771332,
            "y": 0.13319553434848785,
            "z": 0.7038325071334839
        }
    }
}