{
    "image_path": "00010/img/1.jpg",
    "shooter_tracklet_id": 4,
    "bbox": {
        "x": 320,
        "y": 307,
        "w": 100,
        "h": 100
    },
    "keypont_2d": {
        "0": {
            "name": "Center of Hips",
            "x": 60.66,
            "y": 50.13
        },
        "1": {
            "name": "Left Hip",
            "x": 52.05,
            "y": 49.57
        },
        "2": {
            "name": "Left Knee",
            "x": 43.05,
            "y": 67.23
        },
        "3": {
            "name": "Left Ankle",
            "x": 32.62,
            "y": 84.38
        },
        "4": {
            "name": "Right Hip",
            "x": 69.44,
            "y": 50.97
        },
        "5": {
            "name": "Right Knee",
            "x": 61.39,
            "y": 67.47
        },
        "6": {
            "name": "Right Ankle",
            "x": 55.88,
            "y": 78.26
        },
        "7": {
            "name": "Center of Body",
            "x": 60.53,
            "y": 34.61
        },
        "8": {
            "name": "Center of Shoulder",
            "x": 60.46,
            "y": 22.57
        },
        "9": {
            "name": "Neck",
            "x": 60.49,
            "y": 19.82
        },
        "10": {
            "name": "Head",
            "x": 61.02,
            "y": 15.09
        },
        "11": {
            "name": "Right Shoulder",
            "x": 68.61,
            "y": 22.86
        },
        "12": {
            "name": "Right Elbow",
            "x": 74.11,
            "y": 36.41
        },
        "13": {
            "name": "Right Wrist",
            "x": 74.31,
            "y": 48.4
        },
        "14": {
            "name": "Left Shoulder",
            "x": 52.88,
            "y": 22.86
        },
        "15": {
            "name": "Left Elbow",
            "x": 35.85,
            "y": 29.76
        },
        "16": {
            "name": "Left Wrist",
            "x": 39.48,
            "y": 20.38
        }
    },
    "keypont_3d": {
        "0": {
            "name": "Center of Hips",
            "x": 0.0,
            "y": 0.0,
            "z": 0.548385739326477
        },
        "1": {
            "name": "Left Hip",
            "x": 0.09793392568826675,
            "y": -0.0364527702331543,
            "z": 0.5428917407989502
        },
        "2": {
            "name": "Left Knee",
            "x": 0.23702292144298553,
            "y": -0.07345278561115265,
            "z": 0.2605375349521637
        },
        "3": {
            "name": "Left Ankle",
            "x": 0.372441828250885,
            "y": -0.09639910608530045,
            "z": 0.0
        },
        "4": {
            "name": "Right Hip",
            "x": -0.12416369467973709,
            "y": 0.05696411430835724,
            "z": 0.5187274813652039
        },
        "5": {
            "name": "Right Knee",
            "x": -0.06171007081866264,
            "y": -0.05445240065455437,
            "z": 0.2613719403743744
        },
        "6": {
            "name": "Right Ankle",
            "x": -0.04374386742711067,
            "y": -0.19668135046958923,
            "z": 0.0712108463048935
        },
        "7": {
            "name": "Center of Body",
            "x": -0.01740402914583683,
            "y": -0.011762059293687344,
            "z": 0.7190324068069458
        },
        "8": {
            "name": "Center of Shoulder",
            "x": 0.0067213443107903,
            "y": 0.01527746208012104,
            "z": 0.8930792212486267
        },
        "9": {
            "name": "Neck",
            "x": 0.03137633949518204,
            "y": 0.06429363042116165,
            "z": 0.9384922385215759
        },
        "10": {
            "name": "Head",
            "x": 0.024046627804636955,
            "y": 0.05680627003312111,
            "z": 1.0
        },
        "11": {
            "name": "Right Shoulder",
            "x": -0.1040693148970604,
            "y": 0.03892522677779198,
            "z": 0.8807047009468079
        },
        "12": {
            "name": "Right Elbow",
            "x": -0.19566357135772705,
            "y": 0.031868740916252136,
            "z": 0.7007325887680054
        },
        "13": {
            "name": "Right Wrist",
            "x": -0.1919887661933899,
            "y": 0.06911320239305496,
            "z": 0.5446906685829163
        },
        "14": {
            "name": "Left Shoulder",
            "x": 0.09670320153236389,
            "y": -0.03453804925084114,
            "z": 0.8785167336463928
        },
        "15": {
            "name": "Left Elbow",
            "x": 0.28180748224258423,
            "y": -0.08421555906534195,
            "z": 0.7775196433067322
        },
        "16": {
            "name": "Left Wrist",
            "x": 0.3187267482280731,
            "y": -0.02810939960181713,
            "z": 0.9401308298110962
        }
    }
}