{
    "image_path": "00010/img/2.jpg",
    "shooter_tracklet_id": 4,
    "bbox": {
        "x": 319,
        "y": 310,
        "w": 100,
        "h": 100
    },
    "keypont_2d": {
        "0": {
            "name": "Center of Hips",
            "x": 59.69,
            "y": 47.61
        },
        "1": {
            "name": "Left Hip",
            "x": 52.21,
            "y": 47.73
        },
        "2": {
            "name": "Left Knee",
            "x": 43.62,
            "y": 66.99
        },
        "3": {
            "name": "Left Ankle",
            "x": 32.45,
            "y": 84.79
        },
        "4": {
            "name": "Right Hip",
            "x": 68.28,
            "y": 48.1
        },
        "5": {
            "name": "Right Knee",
            "x": 61.66,
            "y": 66.14
        },
        "6": {
            "name": "Right Ankle",
            "x": 53.56,
            "y": 79.26
        },
        "7": {
            "name": "Center of Body",
            "x": 60.31,
            "y": 31.53
        },
        "8": {
            "name": "Center of Shoulder",
            "x": 60.31,
            "y": 20.58
        },
        "9": {
            "name": "Neck",
            "x": 60.55,
            "y": 17.79
        },
        "10": {
            "name": "Head",
            "x": 61.41,
            "y": 13.62
        },
        "11": {
            "name": "Right Shoulder",
            "x": 68.9,
            "y": 21.59
        },
        "12": {
            "name": "Right Elbow",
            "x": 75.9,
            "y": 33.07
        },
        "13": {
            "name": "Right Wrist",
            "x": 76.5,
            "y": 43.31
        },
        "14": {
            "name": "Left Shoulder",
            "x": 52.52,
            "y": 20.44
        },
        "15": {
            "name": "Left Elbow",
            "x": 38.02,
            "y": 21.53
        },
        "16": {
            "name": "Left Wrist",
            "x": 42.88,
            "y": 14.6
        }
    },
    "keypont_3d": {
        "0": {
            "name": "Center of Hips",
            "x": 0.0,
            "y": 0.0,
            "z": 0.5565773844718933
        },
        "1": {
            "name": "Left Hip",
            "x": 0.09855009615421295,
            "y": -0.02307985909283161,
            "z": 0.5524106025695801
        },
        "2": {
            "name": "Left Knee",
            "x": 0.22364400327205658,
            "y": -0.0594392828643322,
            "z": 0.26563912630081177
        },
        "3": {
            "name": "Left Ankle",
            "x": 0.3654197156429291,
            "y": -0.09286435693502426,
            "z": 0.0
        },
        "4": {
            "name": "Right Hip",
            "x": -0.11386030167341232,
            "y": 0.03220391273498535,
            "z": 0.5316060781478882
        },
        "5": {
            "name": "Right Knee",
            "x": -0.06245510280132294,
            "y": -0.056095968931913376,
            "z": 0.26549527049064636
        },
        "6": {
            "name": "Right Ankle",
            "x": -0.014936667867004871,
            "y": -0.17839571833610535,
            "z": 0.06260257214307785
        },
        "7": {
            "name": "Center of Body",
            "x": -0.01257569994777441,
            "y": -0.013779119588434696,
            "z": 0.7266896367073059
        },
        "8": {
            "name": "Center of Shoulder",
            "x": 0.007279860321432352,
            "y": 0.00736267538741231,
            "z": 0.8941319584846497
        },
        "9": {
            "name": "Neck",
            "x": 0.029869552701711655,
            "y": 0.061534129083156586,
            "z": 0.940200686454773
        },
        "10": {
            "name": "Head",
            "x": 0.022393252700567245,
            "y": 0.057554252445697784,
            "z": 1.0
        },
        "11": {
            "name": "Right Shoulder",
            "x": -0.10249143093824387,
            "y": 0.035526029765605927,
            "z": 0.8811758160591125
        },
        "12": {
            "name": "Right Elbow",
            "x": -0.2037058025598526,
            "y": 0.04303387179970741,
            "z": 0.714963436126709
        },
        "13": {
            "name": "Right Wrist",
            "x": -0.18879322707653046,
            "y": 0.1126818060874939,
            "z": 0.5793518424034119
        },
        "14": {
            "name": "Left Shoulder",
            "x": 0.10024333000183105,
            "y": -0.03189166635274887,
            "z": 0.8876834511756897
        },
        "15": {
            "name": "Left Elbow",
            "x": 0.3010084927082062,
            "y": -0.06542660295963287,
            "z": 0.871155858039856
        },
        "16": {
            "name": "Left Wrist",
            "x": 0.3100297451019287,
            "y": 0.012216002680361271,
            "z": 0.9918512105941772
        }
    }
}