{
    "image_path": "00010/img/3.jpg",
    "shooter_tracklet_id": 4,
    "bbox": {
        "x": 316,
        "y": 314,
        "w": 100,
        "h": 100
    },
    "keypont_2d": {
        "0": {
            "name": "Center of Hips",
            "x": 60.18,
            "y": 47.87
        },
        "1": {
            "name": "Left Hip",
            "x": 52.71,
            "y": 47.62
        },
        "2": {
            "name": "Left Knee",
            "x": 42.14,
            "y": 69.78
        },
        "3": {
            "name": "Left Ankle",
            "x": 30.12,
            "y": 86.87
        },
        "4": {
            "name": "Right Hip",
            "x": 67.26,
            "y": 47.87
        },
        "5": {
            "name": "Right Knee",
            "x": 63.01,
            "y": 66.63
        },
        "6": {
            "name": "Right Ankle",
            "x": 53.8,
            "y": 79.14
        },
        "7": {
            "name": "Center of Body",
            "x": 59.57,
            "y": 33.74
        },
        "8": {
            "name": "Center of Shoulder",
            "x": 60.82,
            "y": 20.17
        },
        "9": {
            "name": "Neck",
            "x": 61.08,
            "y": 18.37
        },
        "10": {
            "name": "Head",
            "x": 61.85,
            "y": 13.6
        },
        "11": {
            "name": "Right Shoulder",
            "x": 68.97,
            "y": 20.69
        },
        "12": {
            "name": "Right Elbow",
            "x": 75.64,
            "y": 28.42
        },
        "13": {
            "name": "Right Wrist",
            "x": 77.73,
            "y": 37.18
        },
        "14": {
            "name": "Left Shoulder",
            "x": 52.96,
            "y": 20.43
        },
        "15": {
            "name": "Left Elbow",
            "x": 44.33,
            "y": 16.44
        },
        "16": {
            "name": "Left Wrist",
            "x": 51.84,
            "y": 10.55
        }
    },
    "keypont_3d": {
        "0": {
            "name": "Center of Hips",
            "x": 0.0,
            "y": 0.0,
            "z": 0.5268187522888184
        },
        "1": {
            "name": "Left Hip",
            "x": 0.09385190904140472,
            "y": -0.003876232076436281,
            "z": 0.5267049074172974
        },
        "2": {
            "name": "Left Knee",
            "x": 0.2072822004556656,
            "y": -0.04068395867943764,
            "z": 0.25111231207847595
        },
        "3": {
            "name": "Left Ankle",
            "x": 0.34442925453186035,
            "y": -0.06888224184513092,
            "z": 0.0
        },
        "4": {
            "name": "Right Hip",
            "x": -0.09789847582578659,
            "y": 0.007409282028675079,
            "z": 0.5059362053871155
        },
        "5": {
            "name": "Right Knee",
            "x": -0.06384167820215225,
            "y": -0.04606263339519501,
            "z": 0.25523000955581665
        },
        "6": {
            "name": "Right Ankle",
            "x": 0.0030096254777163267,
            "y": -0.1546677201986313,
            "z": 0.06077486649155617
        },
        "7": {
            "name": "Center of Body",
            "x": -0.006317558232694864,
            "y": -0.01376081258058548,
            "z": 0.6838782429695129
        },
        "8": {
            "name": "Center of Shoulder",
            "x": 0.00637693889439106,
            "y": 0.0070180753245949745,
            "z": 0.8431568741798401
        },
        "9": {
            "name": "Neck",
            "x": 0.02646397054195404,
            "y": 0.06571473926305771,
            "z": 0.8843914270401001
        },
        "10": {
            "name": "Head",
            "x": 0.020198022946715355,
            "y": 0.06498528271913528,
            "z": 0.9423239827156067
        },
        "11": {
            "name": "Right Shoulder",
            "x": -0.09609600901603699,
            "y": 0.02699442394077778,
            "z": 0.8301725387573242
        },
        "12": {
            "name": "Right Elbow",
            "x": -0.19710029661655426,
            "y": 0.02041805349290371,
            "z": 0.7047674059867859
        },
        "13": {
            "name": "Right Wrist",
            "x": -0.22650185227394104,
            "y": 0.04134202376008034,
            "z": 0.600497305393219
        },
        "14": {
            "name": "Left Shoulder",
            "x": 0.09979873895645142,
            "y": -0.009465514682233334,
            "z": 0.8423724174499512
        },
        "15": {
            "name": "Left Elbow",
            "x": 0.24650011956691742,
            "y": 0.015169081278145313,
            "z": 0.885871410369873
        },
        "16": {
            "name": "Left Wrist",
            "x": 0.22872574627399445,
            "y": 0.08305463194847107,
            "z": 1.0
        }
    }
}