{
    "image_path": "00010/img/4.jpg",
    "shooter_tracklet_id": 4,
    "bbox": {
        "x": 314,
        "y": 320,
        "w": 100,
        "h": 100
    },
    "keypont_2d": {
        "0": {
            "name": "Center of Hips",
            "x": 58.89,
            "y": 47.36
        },
        "1": {
            "name": "Left Hip",
            "x": 52.19,
            "y": 46.84
        },
        "2": {
            "name": "Left Knee",
            "x": 39.45,
            "y": 70.55
        },
        "3": {
            "name": "Left Ankle",
            "x": 28.39,
            "y": 87.68
        },
        "4": {
            "name": "Right Hip",
            "x": 66.44,
            "y": 48.47
        },
        "5": {
            "name": "Right Knee",
            "x": 65.24,
            "y": 63.28
        },
        "6": {
            "name": "Right Ankle",
            "x": 56.38,
            "y": 78.28
        },
        "7": {
            "name": "Center of Body",
            "x": 59.33,
            "y": 32.02
        },
        "8": {
            "name": "Center of Shoulder",
            "x": 59.53,
            "y": 19.92
        },
        "9": {
            "name": "Neck",
            "x": 60.18,
            "y": 16.95
        },
        "10": {
            "name": "Head",
            "x": 60.55,
            "y": 12.76
        },
        "11": {
            "name": "Right Shoulder",
            "x": 68.9,
            "y": 20.0
        },
        "12": {
            "name": "Right Elbow",
            "x": 77.44,
            "y": 29.19
        },
        "13": {
            "name": "Right Wrist",
            "x": 78.86,
            "y": 36.02
        },
        "14": {
            "name": "Left Shoulder",
            "x": 51.72,
            "y": 20.61
        },
        "15": {
            "name": "Left Elbow",
            "x": 51.72,
            "y": 13.99
        },
        "16": {
            "name": "Left Wrist",
            "x": 58.37,
            "y": 9.09
        }
    },
    "keypont_3d": {
        "0": {
            "name": "Center of Hips",
            "x": 0.0,
            "y": 0.0,
            "z": 0.5134243965148926
        },
        "1": {
            "name": "Left Hip",
            "x": 0.09208246320486069,
            "y": 0.006890782155096531,
            "z": 0.5157910585403442
        },
        "2": {
            "name": "Left Knee",
            "x": 0.22030700743198395,
            "y": -0.01990821398794651,
            "z": 0.22678081691265106
        },
        "3": {
            "name": "Left Ankle",
            "x": 0.3401322364807129,
            "y": -0.049132153391838074,
            "z": 0.0
        },
        "4": {
            "name": "Right Hip",
            "x": -0.09050716459751129,
            "y": 0.0010544119868427515,
            "z": 0.49251919984817505
        },
        "5": {
            "name": "Right Knee",
            "x": -0.09665790945291519,
            "y": -0.04886915907263756,
            "z": 0.2594154179096222
        },
        "6": {
            "name": "Right Ankle",
            "x": -0.020547371357679367,
            "y": -0.1344306617975235,
            "z": 0.07338467240333557
        },
        "7": {
            "name": "Center of Body",
            "x": -0.006422209087759256,
            "y": -0.013007784262299538,
            "z": 0.6648675799369812
        },
        "8": {
            "name": "Center of Shoulder",
            "x": 0.006145816296339035,
            "y": 0.0058130971156060696,
            "z": 0.8186522126197815
        },
        "9": {
            "name": "Neck",
            "x": 0.025642111897468567,
            "y": 0.06434855610132217,
            "z": 0.860294759273529
        },
        "10": {
            "name": "Head",
            "x": 0.022019047290086746,
            "y": 0.06294887512922287,
            "z": 0.9158205986022949
        },
        "11": {
            "name": "Right Shoulder",
            "x": -0.09328734874725342,
            "y": 0.026810241863131523,
            "z": 0.8121356964111328
        },
        "12": {
            "name": "Right Elbow",
            "x": -0.1980956494808197,
            "y": 0.04325729236006737,
            "z": 0.7172638177871704
        },
        "13": {
            "name": "Right Wrist",
            "x": -0.23787061870098114,
            "y": 0.06594311445951462,
            "z": 0.6405114531517029
        },
        "14": {
            "name": "Left Shoulder",
            "x": 0.10259391367435455,
            "y": 0.003503875806927681,
            "z": 0.8188971877098083
        },
        "15": {
            "name": "Left Elbow",
            "x": 0.17439623177051544,
            "y": 0.07185250520706177,
            "z": 0.8984805941581726
        },
        "16": {
            "name": "Left Wrist",
            "x": 0.12695173919200897,
            "y": 0.1292351335287094,
            "z": 1.0
        }
    }
}