{
    "image_path": "00010/img/5.jpg",
    "shooter_tracklet_id": 4,
    "bbox": {
        "x": 314,
        "y": 325,
        "w": 100,
        "h": 100
    },
    "keypoint_2d": {
        "0": {
            "name": "Center of Hips",
            "x": 57.86,
            "y": 45.3
        },
        "1": {
            "name": "Left Hip",
            "x": 51.67,
            "y": 43.88
        },
        "2": {
            "name": "Left Knee",
            "x": 39.2,
            "y": 68.59
        },
        "3": {
            "name": "Left Ankle",
            "x": 27.3,
            "y": 84.3
        },
        "4": {
            "name": "Right Hip",
            "x": 64.36,
            "y": 46.5
        },
        "5": {
            "name": "Right Knee",
            "x": 67.06,
            "y": 58.04
        },
        "6": {
            "name": "Right Ankle",
            "x": 60.31,
            "y": 76.81
        },
        "7": {
            "name": "Center of Body",
            "x": 59.33,
            "y": 30.55
        },
        "8": {
            "name": "Center of Shoulder",
            "x": 60.18,
            "y": 18.53
        },
        "9": {
            "name": "Neck",
            "x": 60.18,
            "y": 16.56
        },
        "10": {
            "name": "Head",
            "x": 61.41,
            "y": 12.02
        },
        "11": {
            "name": "Right Shoulder",
            "x": 68.55,
            "y": 18.37
        },
        "12": {
            "name": "Right Elbow",
            "x": 75.77,
            "y": 23.56
        },
        "13": {
            "name": "Right Wrist",
            "x": 81.9,
            "y": 33.13
        },
        "14": {
            "name": "Left Shoulder",
            "x": 51.84,
            "y": 19.14
        },
        "15": {
            "name": "Left Elbow",
            "x": 58.71,
            "y": 11.9
        },
        "16": {
            "name": "Left Wrist",
            "x": 65.71,
            "y": 8.83
        }
    },
    "keypoint_3d": {
        "0": {
            "name": "Center of Hips",
            "x": 0.0,
            "y": 0.0,
            "z": 0.48043349385261536
        },
        "1": {
            "name": "Left Hip",
            "x": 0.09892238676548004,
            "y": 0.018421083688735962,
            "z": 0.48825356364250183
        },
        "2": {
            "name": "Left Knee",
            "x": 0.2448972463607788,
            "y": -0.00856906920671463,
            "z": 0.17107832431793213
        },
        "3": {
            "name": "Left Ankle",
            "x": 0.3069510757923126,
            "y": -0.08882664889097214,
            "z": 0.0
        },
        "4": {
            "name": "Right Hip",
            "x": -0.09387224912643433,
            "y": -0.008046198636293411,
            "z": 0.4544720947742462
        },
        "5": {
            "name": "Right Knee",
            "x": -0.13858024775981903,
            "y": -0.02421620301902294,
            "z": 0.24053546786308289
        },
        "6": {
            "name": "Right Ankle",
            "x": -0.052713602781295776,
            "y": -0.07305189222097397,
            "z": 0.01669180952012539
        },
        "7": {
            "name": "Center of Body",
            "x": -0.016510948538780212,
            "y": -0.008709141984581947,
            "z": 0.6434535980224609
        },
        "8": {
            "name": "Center of Shoulder",
            "x": -0.0012160084443166852,
            "y": 0.01643059030175209,
            "z": 0.8052647113800049
        },
        "9": {
            "name": "Neck",
            "x": 0.021981028839945793,
            "y": 0.07888450473546982,
            "z": 0.8432633280754089
        },
        "10": {
            "name": "Head",
            "x": 0.015833012759685516,
            "y": 0.08393729478120804,
            "z": 0.9048038721084595
        },
        "11": {
            "name": "Right Shoulder",
            "x": -0.10624588280916214,
            "y": 0.0404287688434124,
            "z": 0.8017409443855286
        },
        "12": {
            "name": "Right Elbow",
            "x": -0.2087503969669342,
            "y": 0.0997234359383583,
            "z": 0.7274175882339478
        },
        "13": {
            "name": "Right Wrist",
            "x": -0.2720571458339691,
            "y": 0.12801077961921692,
            "z": 0.6319611668586731
        },
        "14": {
            "name": "Left Shoulder",
            "x": 0.10254023224115372,
            "y": 0.01632661744952202,
            "z": 0.8035197854042053
        },
        "15": {
            "name": "Left Elbow",
            "x": 0.10167384147644043,
            "y": 0.12197297066450119,
            "z": 0.8972688913345337
        },
        "16": {
            "name": "Left Wrist",
            "x": 0.03647499904036522,
            "y": 0.18987439572811127,
            "z": 1.0
        }
    }
}