{
    "image_path": "00010/img/6.jpg",
    "shooter_tracklet_id": 4,
    "bbox": {
        "x": 311,
        "y": 331,
        "w": 100,
        "h": 100
    },
    "keypont_2d": {
        "0": {
            "name": "Center of Hips",
            "x": 55.67,
            "y": 44.27
        },
        "1": {
            "name": "Left Hip",
            "x": 50.64,
            "y": 43.49
        },
        "2": {
            "name": "Left Knee",
            "x": 38.22,
            "y": 66.99
        },
        "3": {
            "name": "Left Ankle",
            "x": 27.55,
            "y": 81.96
        },
        "4": {
            "name": "Right Hip",
            "x": 62.11,
            "y": 45.94
        },
        "5": {
            "name": "Right Knee",
            "x": 67.42,
            "y": 59.75
        },
        "6": {
            "name": "Right Ankle",
            "x": 65.83,
            "y": 77.42
        },
        "7": {
            "name": "Center of Body",
            "x": 56.75,
            "y": 33.25
        },
        "8": {
            "name": "Center of Shoulder",
            "x": 58.76,
            "y": 20.04
        },
        "9": {
            "name": "Neck",
            "x": 59.41,
            "y": 17.85
        },
        "10": {
            "name": "Head",
            "x": 60.44,
            "y": 13.99
        },
        "11": {
            "name": "Right Shoulder",
            "x": 66.44,
            "y": 21.1
        },
        "12": {
            "name": "Right Elbow",
            "x": 73.58,
            "y": 27.26
        },
        "13": {
            "name": "Right Wrist",
            "x": 81.57,
            "y": 35.76
        },
        "14": {
            "name": "Left Shoulder",
            "x": 53.19,
            "y": 20.12
        },
        "15": {
            "name": "Left Elbow",
            "x": 62.76,
            "y": 19.92
        },
        "16": {
            "name": "Left Wrist",
            "x": 68.41,
            "y": 18.89
        }
    },
    "keypont_3d": {
        "0": {
            "name": "Center of Hips",
            "x": 0.0,
            "y": 0.0,
            "z": 0.5334808826446533
        },
        "1": {
            "name": "Left Hip",
            "x": 0.10765133053064346,
            "y": 0.030151648446917534,
            "z": 0.5501267313957214
        },
        "2": {
            "name": "Left Knee",
            "x": 0.2500932514667511,
            "y": -0.017327498644590378,
            "z": 0.21040216088294983
        },
        "3": {
            "name": "Left Ankle",
            "x": 0.3722907304763794,
            "y": -0.163633793592453,
            "z": 0.013398905284702778
        },
        "4": {
            "name": "Right Hip",
            "x": -0.10351992398500443,
            "y": -0.026134097948670387,
            "z": 0.5024937391281128
        },
        "5": {
            "name": "Right Knee",
            "x": -0.179128497838974,
            "y": 0.03185982257127762,
            "z": 0.2796502411365509
        },
        "6": {
            "name": "Right Ankle",
            "x": -0.1366787552833557,
            "y": -0.002403366146609187,
            "z": 0.0
        },
        "7": {
            "name": "Center of Body",
            "x": -0.017758570611476898,
            "y": -0.019995205104351044,
            "z": 0.7059281468391418
        },
        "8": {
            "name": "Center of Shoulder",
            "x": -0.011614279821515083,
            "y": 0.02616003155708313,
            "z": 0.894931972026825
        },
        "9": {
            "name": "Neck",
            "x": 0.01041971892118454,
            "y": 0.09470831602811813,
            "z": 0.9338102340698242
        },
        "10": {
            "name": "Head",
            "x": 0.0023391717113554478,
            "y": 0.10284361988306046,
            "z": 0.9993276596069336
        },
        "11": {
            "name": "Right Shoulder",
            "x": -0.12587150931358337,
            "y": 0.03536415100097656,
            "z": 0.8744429349899292
        },
        "12": {
            "name": "Right Elbow",
            "x": -0.22804102301597595,
            "y": 0.10587435215711594,
            "z": 0.8019952178001404
        },
        "13": {
            "name": "Right Wrist",
            "x": -0.35382041335105896,
            "y": 0.126267671585083,
            "z": 0.6855555772781372
        },
        "14": {
            "name": "Left Shoulder",
            "x": 0.08709733188152313,
            "y": 0.04628658667206764,
            "z": 0.8979445695877075
        },
        "15": {
            "name": "Left Elbow",
            "x": 0.0010863024508580565,
            "y": 0.19536566734313965,
            "z": 0.9342479705810547
        },
        "16": {
            "name": "Left Wrist",
            "x": -0.07365455478429794,
            "y": 0.27236083149909973,
            "z": 1.0
        }
    }
}