{
    "image_path": "00010/img/7.jpg",
    "shooter_tracklet_id": 4,
    "bbox": {
        "x": 308,
        "y": 339,
        "w": 100,
        "h": 100
    },
    "keypont_2d": {
        "0": {
            "name": "Center of Hips",
            "x": 52.45,
            "y": 46.2
        },
        "1": {
            "name": "Left Hip",
            "x": 47.29,
            "y": 44.14
        },
        "2": {
            "name": "Left Knee",
            "x": 36.26,
            "y": 66.87
        },
        "3": {
            "name": "Left Ankle",
            "x": 24.97,
            "y": 78.65
        },
        "4": {
            "name": "Right Hip",
            "x": 57.6,
            "y": 47.87
        },
        "5": {
            "name": "Right Knee",
            "x": 65.22,
            "y": 65.03
        },
        "6": {
            "name": "Right Ankle",
            "x": 66.07,
            "y": 80.49
        },
        "7": {
            "name": "Center of Body",
            "x": 54.17,
            "y": 35.09
        },
        "8": {
            "name": "Center of Shoulder",
            "x": 56.83,
            "y": 22.88
        },
        "9": {
            "name": "Neck",
            "x": 57.36,
            "y": 20.86
        },
        "10": {
            "name": "Head",
            "x": 58.99,
            "y": 16.63
        },
        "11": {
            "name": "Right Shoulder",
            "x": 62.75,
            "y": 25.03
        },
        "12": {
            "name": "Right Elbow",
            "x": 70.61,
            "y": 35.58
        },
        "13": {
            "name": "Right Wrist",
            "x": 78.22,
            "y": 41.72
        },
        "14": {
            "name": "Left Shoulder",
            "x": 51.1,
            "y": 22.33
        },
        "15": {
            "name": "Left Elbow",
            "x": 57.73,
            "y": 27.12
        },
        "16": {
            "name": "Left Wrist",
            "x": 64.17,
            "y": 28.55
        }
    },
    "keypont_3d": {
        "0": {
            "name": "Center of Hips",
            "x": 0.0,
            "y": 0.0,
            "z": 0.5530197024345398
        },
        "1": {
            "name": "Left Hip",
            "x": 0.10580826550722122,
            "y": 0.04186099395155907,
            "z": 0.5795584917068481
        },
        "2": {
            "name": "Left Knee",
            "x": 0.2568541467189789,
            "y": -0.014831372536718845,
            "z": 0.24404767155647278
        },
        "3": {
            "name": "Left Ankle",
            "x": 0.3672947585582733,
            "y": -0.1718907654285431,
            "z": 0.041135288774967194
        },
        "4": {
            "name": "Right Hip",
            "x": -0.09976150840520859,
            "y": -0.03883659839630127,
            "z": 0.5149788856506348
        },
        "5": {
            "name": "Right Knee",
            "x": -0.1895727515220642,
            "y": 0.06351271271705627,
            "z": 0.2754671573638916
        },
        "6": {
            "name": "Right Ankle",
            "x": -0.22106283903121948,
            "y": 0.04620541259646416,
            "z": 0.0
        },
        "7": {
            "name": "Center of Body",
            "x": -0.02977481298148632,
            "y": -0.02966558374464512,
            "z": 0.7147760391235352
        },
        "8": {
            "name": "Center of Shoulder",
            "x": -0.04241693392395973,
            "y": 0.020143384113907814,
            "z": 0.9019845128059387
        },
        "9": {
            "name": "Neck",
            "x": -0.019810199737548828,
            "y": 0.08798383921384811,
            "z": 0.9365500807762146
        },
        "10": {
            "name": "Head",
            "x": -0.03303179517388344,
            "y": 0.09417099505662918,
            "z": 1.0
        },
        "11": {
            "name": "Right Shoulder",
            "x": -0.13661406934261322,
            "y": 0.020168473944067955,
            "z": 0.8568901419639587
        },
        "12": {
            "name": "Right Elbow",
            "x": -0.2463855892419815,
            "y": 0.07202482968568802,
            "z": 0.7109750509262085
        },
        "13": {
            "name": "Right Wrist",
            "x": -0.37059614062309265,
            "y": 0.11874862760305405,
            "z": 0.6335473656654358
        },
        "14": {
            "name": "Left Shoulder",
            "x": 0.057124894112348557,
            "y": 0.047841064631938934,
            "z": 0.9129311442375183
        },
        "15": {
            "name": "Left Elbow",
            "x": -0.007710805628448725,
            "y": 0.1561332494020462,
            "z": 0.87912917137146
        },
        "16": {
            "name": "Left Wrist",
            "x": -0.07776647061109543,
            "y": 0.245732843875885,
            "z": 0.8861486315727234
        }
    }
}