{
    "image_path": "00010/img/8.jpg",
    "shooter_tracklet_id": 4,
    "bbox": {
        "x": 307,
        "y": 345,
        "w": 100,
        "h": 100
    },
    "keypont_2d": {
        "0": {
            "name": "Center of Hips",
            "x": 50.61,
            "y": 49.08
        },
        "1": {
            "name": "Left Hip",
            "x": 45.49,
            "y": 46.59
        },
        "2": {
            "name": "Left Knee",
            "x": 37.12,
            "y": 68.1
        },
        "3": {
            "name": "Left Ankle",
            "x": 26.81,
            "y": 75.09
        },
        "4": {
            "name": "Right Hip",
            "x": 58.12,
            "y": 51.1
        },
        "5": {
            "name": "Right Knee",
            "x": 63.37,
            "y": 65.15
        },
        "6": {
            "name": "Right Ankle",
            "x": 62.39,
            "y": 85.52
        },
        "7": {
            "name": "Center of Body",
            "x": 52.94,
            "y": 36.56
        },
        "8": {
            "name": "Center of Shoulder",
            "x": 55.12,
            "y": 23.89
        },
        "9": {
            "name": "Neck",
            "x": 55.67,
            "y": 21.85
        },
        "10": {
            "name": "Head",
            "x": 57.12,
            "y": 17.54
        },
        "11": {
            "name": "Right Shoulder",
            "x": 61.15,
            "y": 25.81
        },
        "12": {
            "name": "Right Elbow",
            "x": 66.57,
            "y": 38.9
        },
        "13": {
            "name": "Right Wrist",
            "x": 75.89,
            "y": 46.13
        },
        "14": {
            "name": "Left Shoulder",
            "x": 50.86,
            "y": 23.8
        },
        "15": {
            "name": "Left Elbow",
            "x": 48.28,
            "y": 33.01
        },
        "16": {
            "name": "Left Wrist",
            "x": 49.87,
            "y": 38.08
        }
    },
    "keypont_3d": {
        "0": {
            "name": "Center of Hips",
            "x": 0.0,
            "y": 0.0,
            "z": 0.5572233200073242
        },
        "1": {
            "name": "Left Hip",
            "x": 0.10866857320070267,
            "y": 0.028678374364972115,
            "z": 0.5870639681816101
        },
        "2": {
            "name": "Left Knee",
            "x": 0.21669147908687592,
            "y": -0.04131114110350609,
            "z": 0.2585862874984741
        },
        "3": {
            "name": "Left Ankle",
            "x": 0.3085421025753021,
            "y": -0.2257569581270218,
            "z": 0.09589684009552002
        },
        "4": {
            "name": "Right Hip",
            "x": -0.10054740309715271,
            "y": -0.01913360320031643,
            "z": 0.5196811556816101
        },
        "5": {
            "name": "Right Knee",
            "x": -0.1244010403752327,
            "y": 0.1913304477930069,
            "z": 0.3068890869617462
        },
        "6": {
            "name": "Right Ankle",
            "x": -0.16103875637054443,
            "y": 0.15034978091716766,
            "z": 0.0
        },
        "7": {
            "name": "Center of Body",
            "x": -0.027723079547286034,
            "y": -0.026900392025709152,
            "z": 0.7217862606048584
        },
        "8": {
            "name": "Center of Shoulder",
            "x": -0.042313456535339355,
            "y": 0.006864476948976517,
            "z": 0.902488648891449
        },
        "9": {
            "name": "Neck",
            "x": -0.02069655992090702,
            "y": 0.07275424152612686,
            "z": 0.9354374408721924
        },
        "10": {
            "name": "Head",
            "x": -0.036575980484485626,
            "y": 0.07592152059078217,
            "z": 1.0
        },
        "11": {
            "name": "Right Shoulder",
            "x": -0.13588204979896545,
            "y": 0.004475513007491827,
            "z": 0.8631151914596558
        },
        "12": {
            "name": "Right Elbow",
            "x": -0.2320972979068756,
            "y": 0.019447993487119675,
            "z": 0.6885244250297546
        },
        "13": {
            "name": "Right Wrist",
            "x": -0.35663366317749023,
            "y": 0.09197592735290527,
            "z": 0.6062846779823303
        },
        "14": {
            "name": "Left Shoulder",
            "x": 0.029836704954504967,
            "y": 0.011587982065975666,
            "z": 0.9094345569610596
        },
        "15": {
            "name": "Left Elbow",
            "x": 0.05217611417174339,
            "y": 0.016534937545657158,
            "z": 0.8142268657684326
        },
        "16": {
            "name": "Left Wrist",
            "x": 0.058350928127765656,
            "y": 0.11369600892066956,
            "z": 0.7549256682395935
        }
    }
}