{
    "image_path": "00010/img/9.jpg",
    "shooter_tracklet_id": 4,
    "bbox": {
        "x": 305,
        "y": 350,
        "w": 100,
        "h": 100
    },
    "keypoint_2d": {
        "0": {
            "name": "Center of Hips",
            "x": 51.03,
            "y": 50.71
        },
        "1": {
            "name": "Left Hip",
            "x": 46.52,
            "y": 48.9
        },
        "2": {
            "name": "Left Knee",
            "x": 37.89,
            "y": 73.77
        },
        "3": {
            "name": "Left Ankle",
            "x": 29.26,
            "y": 73.9
        },
        "4": {
            "name": "Right Hip",
            "x": 57.34,
            "y": 53.03
        },
        "5": {
            "name": "Right Knee",
            "x": 65.33,
            "y": 67.07
        },
        "6": {
            "name": "Right Ankle",
            "x": 59.94,
            "y": 86.38
        },
        "7": {
            "name": "Center of Body",
            "x": 52.21,
            "y": 39.63
        },
        "8": {
            "name": "Center of Shoulder",
            "x": 53.56,
            "y": 26.75
        },
        "9": {
            "name": "Neck",
            "x": 54.12,
            "y": 24.68
        },
        "10": {
            "name": "Head",
            "x": 56.13,
            "y": 18.45
        },
        "11": {
            "name": "Right Shoulder",
            "x": 59.82,
            "y": 29.45
        },
        "12": {
            "name": "Right Elbow",
            "x": 64.23,
            "y": 42.7
        },
        "13": {
            "name": "Right Wrist",
            "x": 71.96,
            "y": 49.2
        },
        "14": {
            "name": "Left Shoulder",
            "x": 46.81,
            "y": 27.12
        },
        "15": {
            "name": "Left Elbow",
            "x": 44.72,
            "y": 40.66
        },
        "16": {
            "name": "Left Wrist",
            "x": 45.23,
            "y": 47.36
        }
    },
    "keypoint_3d": {
        "0": {
            "name": "Center of Hips",
            "x": 0.0,
            "y": 0.0,
            "z": 0.5447521805763245
        },
        "1": {
            "name": "Left Hip",
            "x": 0.10586105287075043,
            "y": 0.028118152171373367,
            "z": 0.5734679102897644
        },
        "2": {
            "name": "Left Knee",
            "x": 0.1771950125694275,
            "y": -0.01624545454978943,
            "z": 0.22831213474273682
        },
        "3": {
            "name": "Left Ankle",
            "x": 0.2853286564350128,
            "y": -0.23755520582199097,
            "z": 0.1276702582836151
        },
        "4": {
            "name": "Right Hip",
            "x": -0.09845028817653656,
            "y": -0.016269613057374954,
            "z": 0.5121933817863464
        },
        "5": {
            "name": "Right Knee",
            "x": -0.11251431703567505,
            "y": 0.25113731622695923,
            "z": 0.32242387533187866
        },
        "6": {
            "name": "Right Ankle",
            "x": -0.0898931547999382,
            "y": 0.16871872544288635,
            "z": 0.0
        },
        "7": {
            "name": "Center of Body",
            "x": -0.022537503391504288,
            "y": -0.03615982457995415,
            "z": 0.7062641382217407
        },
        "8": {
            "name": "Center of Shoulder",
            "x": -0.03168044239282608,
            "y": -0.021871116012334824,
            "z": 0.8871216177940369
        },
        "9": {
            "name": "Neck",
            "x": -0.008301842026412487,
            "y": 0.04910951480269432,
            "z": 0.9220631122589111
        },
        "10": {
            "name": "Head",
            "x": -0.030501002445816994,
            "y": 0.04633412882685661,
            "z": 1.0
        },
        "11": {
            "name": "Right Shoulder",
            "x": -0.1276932954788208,
            "y": -0.022537853568792343,
            "z": 0.837196409702301
        },
        "12": {
            "name": "Right Elbow",
            "x": -0.20259103178977966,
            "y": -0.01191953755915165,
            "z": 0.6545940637588501
        },
        "13": {
            "name": "Right Wrist",
            "x": -0.30524730682373047,
            "y": 0.06522442400455475,
            "z": 0.566705584526062
        },
        "14": {
            "name": "Left Shoulder",
            "x": 0.05363694578409195,
            "y": -0.03623406961560249,
            "z": 0.8801048994064331
        },
        "15": {
            "name": "Left Elbow",
            "x": 0.09810704737901688,
            "y": -0.04493393003940582,
            "z": 0.7137742638587952
        },
        "16": {
            "name": "Left Wrist",
            "x": 0.13235624134540558,
            "y": 0.08848651498556137,
            "z": 0.6440640091896057
        }
    }
}