{
    "image_path": "00010/img/10.jpg",
    "shooter_tracklet_id": 4,
    "bbox": {
        "x": 305,
        "y": 355,
        "w": 100,
        "h": 100
    },
    "keypoint_2d": {
        "0": {
            "name": "Center of Hips",
            "x": 50.35,
            "y": 53.21
        },
        "1": {
            "name": "Left Hip",
            "x": 44.29,
            "y": 52.47
        },
        "2": {
            "name": "Left Knee",
            "x": 41.31,
            "y": 70.12
        },
        "3": {
            "name": "Left Ankle",
            "x": 32.15,
            "y": 73.01
        },
        "4": {
            "name": "Right Hip",
            "x": 57.15,
            "y": 54.45
        },
        "5": {
            "name": "Right Knee",
            "x": 66.16,
            "y": 69.03
        },
        "6": {
            "name": "Right Ankle",
            "x": 58.25,
            "y": 85.81
        },
        "7": {
            "name": "Center of Body",
            "x": 51.03,
            "y": 40.8
        },
        "8": {
            "name": "Center of Shoulder",
            "x": 51.73,
            "y": 27.03
        },
        "9": {
            "name": "Neck",
            "x": 52.46,
            "y": 24.16
        },
        "10": {
            "name": "Head",
            "x": 54.13,
            "y": 17.92
        },
        "11": {
            "name": "Right Shoulder",
            "x": 58.42,
            "y": 28.91
        },
        "12": {
            "name": "Right Elbow",
            "x": 61.46,
            "y": 41.31
        },
        "13": {
            "name": "Right Wrist",
            "x": 68.87,
            "y": 49.23
        },
        "14": {
            "name": "Left Shoulder",
            "x": 44.91,
            "y": 27.29
        },
        "15": {
            "name": "Left Elbow",
            "x": 39.19,
            "y": 43.13
        },
        "16": {
            "name": "Left Wrist",
            "x": 35.2,
            "y": 53.71
        }
    },
    "keypoint_3d": {
        "0": {
            "name": "Center of Hips",
            "x": 0.0,
            "y": 0.0,
            "z": 0.5158084630966187
        },
        "1": {
            "name": "Left Hip",
            "x": 0.10523062944412231,
            "y": 0.018843675032258034,
            "z": 0.5315515995025635
        },
        "2": {
            "name": "Left Knee",
            "x": 0.12016034871339798,
            "y": -0.08146557211875916,
            "z": 0.22493979334831238
        },
        "3": {
            "name": "Left Ankle",
            "x": 0.2305491864681244,
            "y": -0.3032863736152649,
            "z": 0.11111161857843399
        },
        "4": {
            "name": "Right Hip",
            "x": -0.10633926838636398,
            "y": -0.017386095598340034,
            "z": 0.48638972640037537
        },
        "5": {
            "name": "Right Knee",
            "x": -0.1452074646949768,
            "y": 0.2654508948326111,
            "z": 0.29414716362953186
        },
        "6": {
            "name": "Right Ankle",
            "x": -0.09264522790908813,
            "y": 0.12030583620071411,
            "z": 0.0
        },
        "7": {
            "name": "Center of Body",
            "x": -0.017023053020238876,
            "y": -0.036928966641426086,
            "z": 0.6819657683372498
        },
        "8": {
            "name": "Center of Shoulder",
            "x": -0.020156634971499443,
            "y": -0.026227951049804688,
            "z": 0.8750594854354858
        },
        "9": {
            "name": "Neck",
            "x": 0.003810747293755412,
            "y": 0.046114083379507065,
            "z": 0.9175092577934265
        },
        "10": {
            "name": "Head",
            "x": -0.024372491985559464,
            "y": 0.039792969822883606,
            "z": 1.0
        },
        "11": {
            "name": "Right Shoulder",
            "x": -0.12026891857385635,
            "y": -0.018867196515202522,
            "z": 0.8326109051704407
        },
        "12": {
            "name": "Right Elbow",
            "x": -0.19918841123580933,
            "y": -0.05243465676903725,
            "z": 0.6414313316345215
        },
        "13": {
            "name": "Right Wrist",
            "x": -0.3082464635372162,
            "y": 0.0035445685498416424,
            "z": 0.5432433485984802
        },
        "14": {
            "name": "Left Shoulder",
            "x": 0.07085984945297241,
            "y": -0.0549088679254055,
            "z": 0.8631290793418884
        },
        "15": {
            "name": "Left Elbow",
            "x": 0.12912842631340027,
            "y": -0.08777560293674469,
            "z": 0.6470202207565308
        },
        "16": {
            "name": "Left Wrist",
            "x": 0.1954565793275833,
            "y": -0.021979987621307373,
            "z": 0.5242072939872742
        }
    }
}