{
    "image_path": "00010/img/11.jpg",
    "shooter_tracklet_id": 4,
    "bbox": {
        "x": 306,
        "y": 358,
        "w": 100,
        "h": 100
    },
    "keypont_2d": {
        "0": {
            "name": "Center of Hips",
            "x": 50.8,
            "y": 52.49
        },
        "1": {
            "name": "Left Hip",
            "x": 44.53,
            "y": 52.42
        },
        "2": {
            "name": "Left Knee",
            "x": 52.18,
            "y": 67.02
        },
        "3": {
            "name": "Left Ankle",
            "x": 36.01,
            "y": 71.6
        },
        "4": {
            "name": "Right Hip",
            "x": 57.59,
            "y": 52.57
        },
        "5": {
            "name": "Right Knee",
            "x": 67.28,
            "y": 68.55
        },
        "6": {
            "name": "Right Ankle",
            "x": 57.21,
            "y": 83.9
        },
        "7": {
            "name": "Center of Body",
            "x": 51.02,
            "y": 39.9
        },
        "8": {
            "name": "Center of Shoulder",
            "x": 51.78,
            "y": 25.45
        },
        "9": {
            "name": "Neck",
            "x": 52.46,
            "y": 22.57
        },
        "10": {
            "name": "Head",
            "x": 55.18,
            "y": 17.49
        },
        "11": {
            "name": "Right Shoulder",
            "x": 58.06,
            "y": 27.83
        },
        "12": {
            "name": "Right Elbow",
            "x": 62.77,
            "y": 39.84
        },
        "13": {
            "name": "Right Wrist",
            "x": 70.61,
            "y": 47.13
        },
        "14": {
            "name": "Left Shoulder",
            "x": 45.47,
            "y": 25.82
        },
        "15": {
            "name": "Left Elbow",
            "x": 36.48,
            "y": 42.61
        },
        "16": {
            "name": "Left Wrist",
            "x": 27.82,
            "y": 53.61
        }
    },
    "keypont_3d": {
        "0": {
            "name": "Center of Hips",
            "x": 0.0,
            "y": 0.0,
            "z": 0.49547842144966125
        },
        "1": {
            "name": "Left Hip",
            "x": 0.09913662821054459,
            "y": 0.004559954162687063,
            "z": 0.49445247650146484
        },
        "2": {
            "name": "Left Knee",
            "x": 0.09307128190994263,
            "y": 0.19206519424915314,
            "z": 0.2652115821838379
        },
        "3": {
            "name": "Left Ankle",
            "x": 0.2525511682033539,
            "y": -0.07661093026399612,
            "z": 0.17054912447929382
        },
        "4": {
            "name": "Right Hip",
            "x": -0.1073332279920578,
            "y": -0.013298509642481804,
            "z": 0.47532913088798523
        },
        "5": {
            "name": "Right Knee",
            "x": -0.1595684289932251,
            "y": 0.26143598556518555,
            "z": 0.270721971988678
        },
        "6": {
            "name": "Right Ankle",
            "x": -0.08832773566246033,
            "y": 0.08794184029102325,
            "z": 0.0
        },
        "7": {
            "name": "Center of Body",
            "x": 0.0009051953093148768,
            "y": -0.020256832242012024,
            "z": 0.6662614345550537
        },
        "8": {
            "name": "Center of Shoulder",
            "x": 0.0018087556818500161,
            "y": -0.003986620809882879,
            "z": 0.8670483231544495
        },
        "9": {
            "name": "Neck",
            "x": 0.01882355473935604,
            "y": 0.05675595998764038,
            "z": 0.9172427654266357
        },
        "10": {
            "name": "Head",
            "x": -0.016128335148096085,
            "y": 0.04612740874290466,
            "z": 1.0
        },
        "11": {
            "name": "Right Shoulder",
            "x": -0.10197895765304565,
            "y": -0.005698918830603361,
            "z": 0.8287914395332336
        },
        "12": {
            "name": "Right Elbow",
            "x": -0.19312460720539093,
            "y": -0.05509650334715843,
            "z": 0.6428024768829346
        },
        "13": {
            "name": "Right Wrist",
            "x": -0.303993284702301,
            "y": -0.005535574164241552,
            "z": 0.5435389280319214
        },
        "14": {
            "name": "Left Shoulder",
            "x": 0.08853530883789062,
            "y": -0.04000958055257797,
            "z": 0.8586618304252625
        },
        "15": {
            "name": "Left Elbow",
            "x": 0.19324173033237457,
            "y": -0.068443663418293,
            "z": 0.6322024464607239
        },
        "16": {
            "name": "Left Wrist",
            "x": 0.29387012124061584,
            "y": -0.07331410050392151,
            "z": 0.4689142107963562
        }
    }
}