{
    "image_path": "00010/img/12.jpg",
    "shooter_tracklet_id": 4,
    "bbox": {
        "x": 306,
        "y": 359,
        "w": 100,
        "h": 100
    },
    "keypoint_2d": {
        "0": {
            "name": "Center of Hips",
            "x": 52.44,
            "y": 51.34
        },
        "1": {
            "name": "Left Hip",
            "x": 46.02,
            "y": 51.34
        },
        "2": {
            "name": "Left Knee",
            "x": 58.2,
            "y": 65.37
        },
        "3": {
            "name": "Left Ankle",
            "x": 48.74,
            "y": 72.19
        },
        "4": {
            "name": "Right Hip",
            "x": 58.64,
            "y": 51.34
        },
        "5": {
            "name": "Right Knee",
            "x": 69.74,
            "y": 66.23
        },
        "6": {
            "name": "Right Ankle",
            "x": 56.95,
            "y": 81.92
        },
        "7": {
            "name": "Center of Body",
            "x": 51.57,
            "y": 38.29
        },
        "8": {
            "name": "Center of Shoulder",
            "x": 51.23,
            "y": 25.31
        },
        "9": {
            "name": "Neck",
            "x": 52.04,
            "y": 22.35
        },
        "10": {
            "name": "Head",
            "x": 55.07,
            "y": 17.75
        },
        "11": {
            "name": "Right Shoulder",
            "x": 58.3,
            "y": 26.76
        },
        "12": {
            "name": "Right Elbow",
            "x": 65.59,
            "y": 36.79
        },
        "13": {
            "name": "Right Wrist",
            "x": 74.83,
            "y": 43.37
        },
        "14": {
            "name": "Left Shoulder",
            "x": 44.35,
            "y": 25.07
        },
        "15": {
            "name": "Left Elbow",
            "x": 38.11,
            "y": 41.12
        },
        "16": {
            "name": "Left Wrist",
            "x": 27.12,
            "y": 51.11
        }
    },
    "keypoint_3d": {
        "0": {
            "name": "Center of Hips",
            "x": 0.0,
            "y": 0.0,
            "z": 0.49327513575553894
        },
        "1": {
            "name": "Left Hip",
            "x": 0.10588692873716354,
            "y": 0.0046386695466935635,
            "z": 0.48472732305526733
        },
        "2": {
            "name": "Left Knee",
            "x": 0.03153971582651138,
            "y": 0.24785014986991882,
            "z": 0.2850087583065033
        },
        "3": {
            "name": "Left Ankle",
            "x": 0.07159757614135742,
            "y": -0.03479747846722603,
            "z": 0.13155189156532288
        },
        "4": {
            "name": "Right Hip",
            "x": -0.10526909679174423,
            "y": -0.012723439373075962,
            "z": 0.47675254940986633
        },
        "5": {
            "name": "Right Knee",
            "x": -0.1729135662317276,
            "y": 0.2629900574684143,
            "z": 0.2667192220687866
        },
        "6": {
            "name": "Right Ankle",
            "x": -0.06656620651483536,
            "y": 0.08727138489484787,
            "z": 0.0
        },
        "7": {
            "name": "Center of Body",
            "x": 0.017212003469467163,
            "y": -0.015607048757374287,
            "z": 0.6693431735038757
        },
        "8": {
            "name": "Center of Shoulder",
            "x": 0.030227744951844215,
            "y": 0.004620217718183994,
            "z": 0.8709076046943665
        },
        "9": {
            "name": "Neck",
            "x": 0.04361138865351677,
            "y": 0.05566481128334999,
            "z": 0.9207948446273804
        },
        "10": {
            "name": "Head",
            "x": 0.004130328539758921,
            "y": 0.05093715339899063,
            "z": 1.0
        },
        "11": {
            "name": "Right Shoulder",
            "x": -0.07804172486066818,
            "y": 0.006470197811722755,
            "z": 0.8392417430877686
        },
        "12": {
            "name": "Right Elbow",
            "x": -0.20377114415168762,
            "y": -0.03402750566601753,
            "z": 0.6645037531852722
        },
        "13": {
            "name": "Right Wrist",
            "x": -0.3207554519176483,
            "y": 0.023529432713985443,
            "z": 0.566526472568512
        },
        "14": {
            "name": "Left Shoulder",
            "x": 0.11415351927280426,
            "y": -0.035949379205703735,
            "z": 0.8626654148101807
        },
        "15": {
            "name": "Left Elbow",
            "x": 0.23472554981708527,
            "y": -0.06363686174154282,
            "z": 0.6354163289070129
        },
        "16": {
            "name": "Left Wrist",
            "x": 0.3747045695781708,
            "y": -0.09877956658601761,
            "z": 0.474748432636261
        }
    }
}