{
    "image_path": "00010/img/13.jpg",
    "shooter_tracklet_id": 4,
    "bbox": {
        "x": 306,
        "y": 364,
        "w": 100,
        "h": 100
    },
    "keypont_2d": {
        "0": {
            "name": "Center of Hips",
            "x": 47.17,
            "y": 50.34
        },
        "1": {
            "name": "Left Hip",
            "x": 42.2,
            "y": 50.24
        },
        "2": {
            "name": "Left Knee",
            "x": 64.11,
            "y": 50.8
        },
        "3": {
            "name": "Left Ankle",
            "x": 64.42,
            "y": 65.46
        },
        "4": {
            "name": "Right Hip",
            "x": 53.66,
            "y": 50.64
        },
        "5": {
            "name": "Right Knee",
            "x": 64.69,
            "y": 67.34
        },
        "6": {
            "name": "Right Ankle",
            "x": 53.12,
            "y": 81.53
        },
        "7": {
            "name": "Center of Body",
            "x": 44.08,
            "y": 34.01
        },
        "8": {
            "name": "Center of Shoulder",
            "x": 47.38,
            "y": 23.41
        },
        "9": {
            "name": "Neck",
            "x": 48.17,
            "y": 21.05
        },
        "10": {
            "name": "Head",
            "x": 51.76,
            "y": 16.87
        },
        "11": {
            "name": "Right Shoulder",
            "x": 53.62,
            "y": 24.67
        },
        "12": {
            "name": "Right Elbow",
            "x": 63.07,
            "y": 35.07
        },
        "13": {
            "name": "Right Wrist",
            "x": 76.24,
            "y": 38.72
        },
        "14": {
            "name": "Left Shoulder",
            "x": 40.51,
            "y": 23.41
        },
        "15": {
            "name": "Left Elbow",
            "x": 33.85,
            "y": 40.66
        },
        "16": {
            "name": "Left Wrist",
            "x": 25.86,
            "y": 51.32
        }
    },
    "keypont_3d": {
        "0": {
            "name": "Center of Hips",
            "x": 0.0,
            "y": 0.0,
            "z": 0.5071027874946594
        },
        "1": {
            "name": "Left Hip",
            "x": 0.10337069630622864,
            "y": 0.020377032458782196,
            "z": 0.4968658685684204
        },
        "2": {
            "name": "Left Knee",
            "x": -0.10126525163650513,
            "y": 0.272903174161911,
            "z": 0.44686684012413025
        },
        "3": {
            "name": "Left Ankle",
            "x": -0.14854107797145844,
            "y": 0.060704637318849564,
            "z": 0.1840910166501999
        },
        "4": {
            "name": "Right Hip",
            "x": -0.10272914171218872,
            "y": -0.018810784444212914,
            "z": 0.4854653775691986
        },
        "5": {
            "name": "Right Knee",
            "x": -0.1850578784942627,
            "y": 0.24232329428195953,
            "z": 0.2569478750228882
        },
        "6": {
            "name": "Right Ankle",
            "x": -0.07046911120414734,
            "y": 0.07641870528459549,
            "z": 0.0
        },
        "7": {
            "name": "Center of Body",
            "x": 0.040653932839632034,
            "y": -0.013291954062879086,
            "z": 0.6916316747665405
        },
        "8": {
            "name": "Center of Shoulder",
            "x": 0.038424212485551834,
            "y": 0.006400210317224264,
            "z": 0.8843421339988708
        },
        "9": {
            "name": "Neck",
            "x": 0.04519371688365936,
            "y": 0.04797964170575142,
            "z": 0.9283150434494019
        },
        "10": {
            "name": "Head",
            "x": 0.0025679091922938824,
            "y": 0.05485497787594795,
            "z": 1.0
        },
        "11": {
            "name": "Right Shoulder",
            "x": -0.06544969230890274,
            "y": 0.01500202901661396,
            "z": 0.855830729007721
        },
        "12": {
            "name": "Right Elbow",
            "x": -0.21997562050819397,
            "y": 0.0049785529263317585,
            "z": 0.695339024066925
        },
        "13": {
            "name": "Right Wrist",
            "x": -0.36176055669784546,
            "y": 0.09298712015151978,
            "z": 0.6213059425354004
        },
        "14": {
            "name": "Left Shoulder",
            "x": 0.12671470642089844,
            "y": -0.034141164273023605,
            "z": 0.8737626671791077
        },
        "15": {
            "name": "Left Elbow",
            "x": 0.23101764917373657,
            "y": -0.05559738725423813,
            "z": 0.6405355334281921
        },
        "16": {
            "name": "Left Wrist",
            "x": 0.3645091950893402,
            "y": -0.09086533635854721,
            "z": 0.47815409302711487
        }
    }
}