{
    "image_path": "00010/img/14.jpg",
    "shooter_tracklet_id": 4,
    "bbox": {
        "x": 305,
        "y": 367,
        "w": 100,
        "h": 100
    },
    "keypont_2d": {
        "0": {
            "name": "Center of Hips",
            "x": 46.71,
            "y": 49.5
        },
        "1": {
            "name": "Left Hip",
            "x": 40.92,
            "y": 48.76
        },
        "2": {
            "name": "Left Knee",
            "x": 63.09,
            "y": 49.41
        },
        "3": {
            "name": "Left Ankle",
            "x": 75.13,
            "y": 60.54
        },
        "4": {
            "name": "Right Hip",
            "x": 52.82,
            "y": 50.11
        },
        "5": {
            "name": "Right Knee",
            "x": 66.12,
            "y": 68.11
        },
        "6": {
            "name": "Right Ankle",
            "x": 50.51,
            "y": 82.1
        },
        "7": {
            "name": "Center of Body",
            "x": 45.74,
            "y": 35.25
        },
        "8": {
            "name": "Center of Shoulder",
            "x": 45.2,
            "y": 23.2
        },
        "9": {
            "name": "Neck",
            "x": 45.98,
            "y": 20.87
        },
        "10": {
            "name": "Head",
            "x": 49.61,
            "y": 16.98
        },
        "11": {
            "name": "Right Shoulder",
            "x": 52.54,
            "y": 25.01
        },
        "12": {
            "name": "Right Elbow",
            "x": 64.46,
            "y": 34.78
        },
        "13": {
            "name": "Right Wrist",
            "x": 77.53,
            "y": 34.45
        },
        "14": {
            "name": "Left Shoulder",
            "x": 38.22,
            "y": 23.29
        },
        "15": {
            "name": "Left Elbow",
            "x": 31.82,
            "y": 40.65
        },
        "16": {
            "name": "Left Wrist",
            "x": 25.42,
            "y": 53.34
        }
    },
    "keypont_3d": {
        "0": {
            "name": "Center of Hips",
            "x": 0.0,
            "y": 0.0,
            "z": 0.5252181887626648
        },
        "1": {
            "name": "Left Hip",
            "x": 0.10442725569009781,
            "y": 0.017405949532985687,
            "z": 0.5197257995605469
        },
        "2": {
            "name": "Left Knee",
            "x": -0.1474204659461975,
            "y": 0.27234384417533875,
            "z": 0.5314479470252991
        },
        "3": {
            "name": "Left Ankle",
            "x": -0.30989617109298706,
            "y": 0.13463105261325836,
            "z": 0.2606614828109741
        },
        "4": {
            "name": "Right Hip",
            "x": -0.10499291867017746,
            "y": -0.02252100221812725,
            "z": 0.4944135844707489
        },
        "5": {
            "name": "Right Knee",
            "x": -0.20762978494167328,
            "y": 0.19379891455173492,
            "z": 0.23993749916553497
        },
        "6": {
            "name": "Right Ankle",
            "x": -0.07545901834964752,
            "y": 0.050540998578071594,
            "z": 0.0
        },
        "7": {
            "name": "Center of Body",
            "x": 0.041658490896224976,
            "y": -0.018504280596971512,
            "z": 0.7111285328865051
        },
        "8": {
            "name": "Center of Shoulder",
            "x": 0.03979939967393875,
            "y": 0.002760679693892598,
            "z": 0.8908098936080933
        },
        "9": {
            "name": "Neck",
            "x": 0.043592244386672974,
            "y": 0.037258025258779526,
            "z": 0.9340137243270874
        },
        "10": {
            "name": "Head",
            "x": 0.0014660805463790894,
            "y": 0.049560122191905975,
            "z": 1.0
        },
        "11": {
            "name": "Right Shoulder",
            "x": -0.06176108494400978,
            "y": 0.022929618135094643,
            "z": 0.866173267364502
        },
        "12": {
            "name": "Right Elbow",
            "x": -0.224794402718544,
            "y": 0.0559442900121212,
            "z": 0.7191574573516846
        },
        "13": {
            "name": "Right Wrist",
            "x": -0.370253324508667,
            "y": 0.18172430992126465,
            "z": 0.691825807094574
        },
        "14": {
            "name": "Left Shoulder",
            "x": 0.12844978272914886,
            "y": -0.04099290817975998,
            "z": 0.8820053339004517
        },
        "15": {
            "name": "Left Elbow",
            "x": 0.22168496251106262,
            "y": -0.06523633748292923,
            "z": 0.6412064433097839
        },
        "16": {
            "name": "Left Wrist",
            "x": 0.33905401825904846,
            "y": -0.08668522536754608,
            "z": 0.4717530906200409
        }
    }
}