{
    "image_path": "00010/img/15.jpg",
    "shooter_tracklet_id": 4,
    "bbox": {
        "x": 304,
        "y": 364,
        "w": 100,
        "h": 100
    },
    "keypoint_2d": {
        "0": {
            "name": "Center of Hips",
            "x": 51.11,
            "y": 49.88
        },
        "1": {
            "name": "Left Hip",
            "x": 45.43,
            "y": 50.03
        },
        "2": {
            "name": "Left Knee",
            "x": 67.81,
            "y": 46.33
        },
        "3": {
            "name": "Left Ankle",
            "x": 89.14,
            "y": 51.72
        },
        "4": {
            "name": "Right Hip",
            "x": 57.93,
            "y": 50.09
        },
        "5": {
            "name": "Right Knee",
            "x": 68.1,
            "y": 68.59
        },
        "6": {
            "name": "Right Ankle",
            "x": 52.99,
            "y": 84.41
        },
        "7": {
            "name": "Center of Body",
            "x": 49.01,
            "y": 36.82
        },
        "8": {
            "name": "Center of Shoulder",
            "x": 47.56,
            "y": 23.87
        },
        "9": {
            "name": "Neck",
            "x": 49.34,
            "y": 21.22
        },
        "10": {
            "name": "Head",
            "x": 52.54,
            "y": 16.85
        },
        "11": {
            "name": "Right Shoulder",
            "x": 54.59,
            "y": 24.81
        },
        "12": {
            "name": "Right Elbow",
            "x": 68.5,
            "y": 33.3
        },
        "13": {
            "name": "Right Wrist",
            "x": 75.9,
            "y": 32.14
        },
        "14": {
            "name": "Left Shoulder",
            "x": 40.27,
            "y": 24.6
        },
        "15": {
            "name": "Left Elbow",
            "x": 35.42,
            "y": 41.74
        },
        "16": {
            "name": "Left Wrist",
            "x": 30.42,
            "y": 55.06
        }
    },
    "keypoint_3d": {
        "0": {
            "name": "Center of Hips",
            "x": 0.0,
            "y": 0.0,
            "z": 0.5264780521392822
        },
        "1": {
            "name": "Left Hip",
            "x": 0.10534840077161789,
            "y": 0.012422283180058002,
            "z": 0.5230175256729126
        },
        "2": {
            "name": "Left Knee",
            "x": -0.12802056968212128,
            "y": 0.2964693307876587,
            "z": 0.5876516699790955
        },
        "3": {
            "name": "Left Ankle",
            "x": -0.379739910364151,
            "y": 0.2580909729003906,
            "z": 0.3788594603538513
        },
        "4": {
            "name": "Right Hip",
            "x": -0.10141676664352417,
            "y": -0.0119039136916399,
            "z": 0.503333330154419
        },
        "5": {
            "name": "Right Knee",
            "x": -0.190505713224411,
            "y": 0.1962060183286667,
            "z": 0.23569335043430328
        },
        "6": {
            "name": "Right Ankle",
            "x": -0.010807950980961323,
            "y": 0.09129893034696579,
            "z": 0.0
        },
        "7": {
            "name": "Center of Body",
            "x": 0.04331330955028534,
            "y": -0.016037067398428917,
            "z": 0.7013571262359619
        },
        "8": {
            "name": "Center of Shoulder",
            "x": 0.06596377491950989,
            "y": -0.0032561111729592085,
            "z": 0.8907888531684875
        },
        "9": {
            "name": "Neck",
            "x": 0.06522423774003983,
            "y": 0.03284130617976189,
            "z": 0.9341464042663574
        },
        "10": {
            "name": "Head",
            "x": 0.021495142951607704,
            "y": 0.0391412228345871,
            "z": 1.0
        },
        "11": {
            "name": "Right Shoulder",
            "x": -0.03580145910382271,
            "y": 0.027473801746964455,
            "z": 0.870317280292511
        },
        "12": {
            "name": "Right Elbow",
            "x": -0.2101919949054718,
            "y": 0.10579776763916016,
            "z": 0.7474238276481628
        },
        "13": {
            "name": "Right Wrist",
            "x": -0.2847239077091217,
            "y": 0.24937863647937775,
            "z": 0.7915434837341309
        },
        "14": {
            "name": "Left Shoulder",
            "x": 0.1603715568780899,
            "y": -0.055775873363018036,
            "z": 0.8813187479972839
        },
        "15": {
            "name": "Left Elbow",
            "x": 0.2300233393907547,
            "y": -0.07490770518779755,
            "z": 0.6314738988876343
        },
        "16": {
            "name": "Left Wrist",
            "x": 0.32585233449935913,
            "y": -0.07509195059537888,
            "z": 0.4480988383293152
        }
    }
}