{
    "image_path": "00010/img/16.jpg",
    "shooter_tracklet_id": 4,
    "bbox": {
        "x": 303,
        "y": 365,
        "w": 100,
        "h": 100
    },
    "keypoint_2d": {
        "0": {
            "name": "Center of Hips",
            "x": 52.0,
            "y": 50.61
        },
        "1": {
            "name": "Left Hip",
            "x": 45.32,
            "y": 50.61
        },
        "2": {
            "name": "Left Knee",
            "x": 69.95,
            "y": 40.12
        },
        "3": {
            "name": "Left Ankle",
            "x": 88.45,
            "y": 47.25
        },
        "4": {
            "name": "Right Hip",
            "x": 58.35,
            "y": 50.61
        },
        "5": {
            "name": "Right Knee",
            "x": 69.27,
            "y": 70.12
        },
        "6": {
            "name": "Right Ankle",
            "x": 52.05,
            "y": 84.71
        },
        "7": {
            "name": "Center of Body",
            "x": 48.69,
            "y": 37.61
        },
        "8": {
            "name": "Center of Shoulder",
            "x": 46.21,
            "y": 23.87
        },
        "9": {
            "name": "Neck",
            "x": 47.23,
            "y": 20.85
        },
        "10": {
            "name": "Head",
            "x": 50.59,
            "y": 17.21
        },
        "11": {
            "name": "Right Shoulder",
            "x": 53.82,
            "y": 24.53
        },
        "12": {
            "name": "Right Elbow",
            "x": 69.05,
            "y": 31.87
        },
        "13": {
            "name": "Right Wrist",
            "x": 79.22,
            "y": 26.55
        },
        "14": {
            "name": "Left Shoulder",
            "x": 38.96,
            "y": 25.25
        },
        "15": {
            "name": "Left Elbow",
            "x": 35.09,
            "y": 41.94
        },
        "16": {
            "name": "Left Wrist",
            "x": 32.66,
            "y": 54.23
        }
    },
    "keypoint_3d": {
        "0": {
            "name": "Center of Hips",
            "x": 0.0,
            "y": 0.0,
            "z": 0.5316309332847595
        },
        "1": {
            "name": "Left Hip",
            "x": 0.1054956465959549,
            "y": 0.014066810719668865,
            "z": 0.5257344245910645
        },
        "2": {
            "name": "Left Knee",
            "x": -0.1336933821439743,
            "y": 0.2940128445625305,
            "z": 0.6398881673812866
        },
        "3": {
            "name": "Left Ankle",
            "x": -0.40303370356559753,
            "y": 0.3051535487174988,
            "z": 0.5070152878761292
        },
        "4": {
            "name": "Right Hip",
            "x": -0.10154781490564346,
            "y": -0.008894294500350952,
            "z": 0.5106683969497681
        },
        "5": {
            "name": "Right Knee",
            "x": -0.17641843855381012,
            "y": 0.19574740529060364,
            "z": 0.23728111386299133
        },
        "6": {
            "name": "Right Ankle",
            "x": 0.015726769343018532,
            "y": 0.09593237191438675,
            "z": 0.0
        },
        "7": {
            "name": "Center of Body",
            "x": 0.04734271019697189,
            "y": -0.019792264327406883,
            "z": 0.6974296569824219
        },
        "8": {
            "name": "Center of Shoulder",
            "x": 0.08604489266872406,
            "y": -0.013219599612057209,
            "z": 0.8907778859138489
        },
        "9": {
            "name": "Neck",
            "x": 0.08759789168834686,
            "y": 0.02047429233789444,
            "z": 0.9387578368186951
        },
        "10": {
            "name": "Head",
            "x": 0.042325813323259354,
            "y": 0.022007470950484276,
            "z": 1.0
        },
        "11": {
            "name": "Right Shoulder",
            "x": -0.012389265932142735,
            "y": 0.025907553732395172,
            "z": 0.8765982985496521
        },
        "12": {
            "name": "Right Elbow",
            "x": -0.19662244617938995,
            "y": 0.1232837364077568,
            "z": 0.7717461585998535
        },
        "13": {
            "name": "Right Wrist",
            "x": -0.2705555260181427,
            "y": 0.26267731189727783,
            "z": 0.8134061098098755
        },
        "14": {
            "name": "Left Shoulder",
            "x": 0.18112127482891083,
            "y": -0.06511667370796204,
            "z": 0.8785994648933411
        },
        "15": {
            "name": "Left Elbow",
            "x": 0.2355125993490219,
            "y": -0.07946963608264923,
            "z": 0.633216917514801
        },
        "16": {
            "name": "Left Wrist",
            "x": 0.3093302249908447,
            "y": -0.06072806566953659,
            "z": 0.4573307931423187
        }
    }
}