{
    "image_path": "00010/img/17.jpg",
    "shooter_tracklet_id": 4,
    "bbox": {
        "x": 302,
        "y": 370,
        "w": 100,
        "h": 100
    },
    "keypoint_2d": {
        "0": {
            "name": "Center of Hips",
            "x": 47.88,
            "y": 50.34
        },
        "1": {
            "name": "Left Hip",
            "x": 43.53,
            "y": 50.24
        },
        "2": {
            "name": "Left Knee",
            "x": 64.69,
            "y": 34.79
        },
        "3": {
            "name": "Left Ankle",
            "x": 84.81,
            "y": 47.75
        },
        "4": {
            "name": "Right Hip",
            "x": 52.59,
            "y": 50.43
        },
        "5": {
            "name": "Right Knee",
            "x": 63.79,
            "y": 68.95
        },
        "6": {
            "name": "Right Ankle",
            "x": 45.93,
            "y": 84.54
        },
        "7": {
            "name": "Center of Body",
            "x": 44.37,
            "y": 37.9
        },
        "8": {
            "name": "Center of Shoulder",
            "x": 41.32,
            "y": 24.12
        },
        "9": {
            "name": "Neck",
            "x": 43.05,
            "y": 21.6
        },
        "10": {
            "name": "Head",
            "x": 46.01,
            "y": 17.09
        },
        "11": {
            "name": "Right Shoulder",
            "x": 48.86,
            "y": 24.04
        },
        "12": {
            "name": "Right Elbow",
            "x": 63.08,
            "y": 30.58
        },
        "13": {
            "name": "Right Wrist",
            "x": 73.54,
            "y": 25.78
        },
        "14": {
            "name": "Left Shoulder",
            "x": 35.32,
            "y": 25.87
        },
        "15": {
            "name": "Left Elbow",
            "x": 31.62,
            "y": 41.05
        },
        "16": {
            "name": "Left Wrist",
            "x": 33.42,
            "y": 51.04
        }
    },
    "keypoint_3d": {
        "0": {
            "name": "Center of Hips",
            "x": 0.0,
            "y": 0.0,
            "z": 0.5338199734687805
        },
        "1": {
            "name": "Left Hip",
            "x": 0.09203844517469406,
            "y": 0.025079142302274704,
            "z": 0.5296266078948975
        },
        "2": {
            "name": "Left Knee",
            "x": -0.16214601695537567,
            "y": 0.25551995635032654,
            "z": 0.7099589705467224
        },
        "3": {
            "name": "Left Ankle",
            "x": -0.4313948452472687,
            "y": 0.3453519642353058,
            "z": 0.5448673367500305
        },
        "4": {
            "name": "Right Hip",
            "x": -0.1001521497964859,
            "y": -0.020914005115628242,
            "z": 0.5089932084083557
        },
        "5": {
            "name": "Right Knee",
            "x": -0.17658892273902893,
            "y": 0.1757775843143463,
            "z": 0.23416590690612793
        },
        "6": {
            "name": "Right Ankle",
            "x": 0.04539266973733902,
            "y": 0.08191870898008347,
            "z": 0.0
        },
        "7": {
            "name": "Center of Body",
            "x": 0.050472158938646317,
            "y": -0.02449430525302887,
            "z": 0.6973513960838318
        },
        "8": {
            "name": "Center of Shoulder",
            "x": 0.09886293113231659,
            "y": -0.02803669683635235,
            "z": 0.8928594589233398
        },
        "9": {
            "name": "Neck",
            "x": 0.09934446960687637,
            "y": 0.0030240421183407307,
            "z": 0.9367414116859436
        },
        "10": {
            "name": "Head",
            "x": 0.05411670356988907,
            "y": 0.004787788726389408,
            "z": 1.0
        },
        "11": {
            "name": "Right Shoulder",
            "x": -0.0007993149338290095,
            "y": 0.011302248574793339,
            "z": 0.8856814503669739
        },
        "12": {
            "name": "Right Elbow",
            "x": -0.18404008448123932,
            "y": 0.11045971512794495,
            "z": 0.795242190361023
        },
        "13": {
            "name": "Right Wrist",
            "x": -0.274042010307312,
            "y": 0.23742640018463135,
            "z": 0.8582109212875366
        },
        "14": {
            "name": "Left Shoulder",
            "x": 0.1843041479587555,
            "y": -0.06970041245222092,
            "z": 0.8663470149040222
        },
        "15": {
            "name": "Left Elbow",
            "x": 0.23384720087051392,
            "y": -0.08229129761457443,
            "z": 0.6421792507171631
        },
        "16": {
            "name": "Left Wrist",
            "x": 0.2775093615055084,
            "y": 0.02878032624721527,
            "z": 0.5205577611923218
        }
    }
}