{
    "image_path": "00010/img/18.jpg",
    "shooter_tracklet_id": 4,
    "bbox": {
        "x": 300,
        "y": 378,
        "w": 100,
        "h": 100
    },
    "keypont_2d": {
        "0": {
            "name": "Center of Hips",
            "x": 41.45,
            "y": 52.22
        },
        "1": {
            "name": "Left Hip",
            "x": 36.16,
            "y": 54.18
        },
        "2": {
            "name": "Left Knee",
            "x": 58.79,
            "y": 37.19
        },
        "3": {
            "name": "Left Ankle",
            "x": 73.02,
            "y": 52.33
        },
        "4": {
            "name": "Right Hip",
            "x": 46.58,
            "y": 50.33
        },
        "5": {
            "name": "Right Knee",
            "x": 54.88,
            "y": 72.75
        },
        "6": {
            "name": "Right Ankle",
            "x": 37.61,
            "y": 85.7
        },
        "7": {
            "name": "Center of Body",
            "x": 35.65,
            "y": 39.01
        },
        "8": {
            "name": "Center of Shoulder",
            "x": 32.51,
            "y": 26.8
        },
        "9": {
            "name": "Neck",
            "x": 32.66,
            "y": 23.6
        },
        "10": {
            "name": "Head",
            "x": 35.75,
            "y": 17.89
        },
        "11": {
            "name": "Right Shoulder",
            "x": 38.01,
            "y": 26.5
        },
        "12": {
            "name": "Right Elbow",
            "x": 55.13,
            "y": 32.19
        },
        "13": {
            "name": "Right Wrist",
            "x": 62.04,
            "y": 25.11
        },
        "14": {
            "name": "Left Shoulder",
            "x": 26.86,
            "y": 28.23
        },
        "15": {
            "name": "Left Elbow",
            "x": 26.74,
            "y": 42.93
        },
        "16": {
            "name": "Left Wrist",
            "x": 32.24,
            "y": 51.34
        }
    },
    "keypont_3d": {
        "0": {
            "name": "Center of Hips",
            "x": 0.0,
            "y": 0.0,
            "z": 0.5439711809158325
        },
        "1": {
            "name": "Left Hip",
            "x": 0.08604922145605087,
            "y": 0.03291899338364601,
            "z": 0.5255237221717834
        },
        "2": {
            "name": "Left Knee",
            "x": -0.16239267587661743,
            "y": 0.22927430272102356,
            "z": 0.7360113859176636
        },
        "3": {
            "name": "Left Ankle",
            "x": -0.4058026671409607,
            "y": 0.3163987398147583,
            "z": 0.5027682185173035
        },
        "4": {
            "name": "Right Hip",
            "x": -0.09904947876930237,
            "y": -0.026320265606045723,
            "z": 0.5320970416069031
        },
        "5": {
            "name": "Right Knee",
            "x": -0.1566789448261261,
            "y": 0.13524530827999115,
            "z": 0.21896733343601227
        },
        "6": {
            "name": "Right Ankle",
            "x": 0.061031922698020935,
            "y": 0.04016667604446411,
            "z": 0.0
        },
        "7": {
            "name": "Center of Body",
            "x": 0.07693357765674591,
            "y": -0.027216972783207893,
            "z": 0.7001569271087646
        },
        "8": {
            "name": "Center of Shoulder",
            "x": 0.1200723946094513,
            "y": -0.035280901938676834,
            "z": 0.88454270362854
        },
        "9": {
            "name": "Neck",
            "x": 0.11793603748083115,
            "y": -0.019495313987135887,
            "z": 0.9304527640342712
        },
        "10": {
            "name": "Head",
            "x": 0.07370903342962265,
            "y": -0.0203874334692955,
            "z": 1.0
        },
        "11": {
            "name": "Right Shoulder",
            "x": 0.04234682768583298,
            "y": 0.0060478621162474155,
            "z": 0.8825994729995728
        },
        "12": {
            "name": "Right Elbow",
            "x": -0.16449767351150513,
            "y": 0.11211784929037094,
            "z": 0.8124496936798096
        },
        "13": {
            "name": "Right Wrist",
            "x": -0.22284722328186035,
            "y": 0.22630959749221802,
            "z": 0.9191302061080933
        },
        "14": {
            "name": "Left Shoulder",
            "x": 0.1996326595544815,
            "y": -0.06616600602865219,
            "z": 0.8572192788124084
        },
        "15": {
            "name": "Left Elbow",
            "x": 0.20386746525764465,
            "y": -0.10636061429977417,
            "z": 0.6405290365219116
        },
        "16": {
            "name": "Left Wrist",
            "x": 0.20355188846588135,
            "y": 0.026046132668852806,
            "z": 0.5368001461029053
        }
    }
}