{
    "image_path": "00010/img/19.jpg",
    "shooter_tracklet_id": 4,
    "bbox": {
        "x": 299,
        "y": 375,
        "w": 100,
        "h": 100
    },
    "keypont_2d": {
        "0": {
            "name": "Center of Hips",
            "x": 40.67,
            "y": 51.29
        },
        "1": {
            "name": "Left Hip",
            "x": 43.55,
            "y": 47.93
        },
        "2": {
            "name": "Left Knee",
            "x": 66.57,
            "y": 38.4
        },
        "3": {
            "name": "Left Ankle",
            "x": 72.7,
            "y": 58.28
        },
        "4": {
            "name": "Right Hip",
            "x": 47.3,
            "y": 51.39
        },
        "5": {
            "name": "Right Knee",
            "x": 55.77,
            "y": 70.68
        },
        "6": {
            "name": "Right Ankle",
            "x": 36.75,
            "y": 86.63
        },
        "7": {
            "name": "Center of Body",
            "x": 36.5,
            "y": 41.1
        },
        "8": {
            "name": "Center of Shoulder",
            "x": 33.71,
            "y": 27.18
        },
        "9": {
            "name": "Neck",
            "x": 35.1,
            "y": 24.07
        },
        "10": {
            "name": "Head",
            "x": 38.83,
            "y": 18.4
        },
        "11": {
            "name": "Right Shoulder",
            "x": 37.38,
            "y": 26.66
        },
        "12": {
            "name": "Right Elbow",
            "x": 54.91,
            "y": 33.86
        },
        "13": {
            "name": "Right Wrist",
            "x": 60.06,
            "y": 26.99
        },
        "14": {
            "name": "Left Shoulder",
            "x": 31.4,
            "y": 28.65
        },
        "15": {
            "name": "Left Elbow",
            "x": 32.72,
            "y": 42.35
        },
        "16": {
            "name": "Left Wrist",
            "x": 40.77,
            "y": 38.21
        }
    },
    "keypont_3d": {
        "0": {
            "name": "Center of Hips",
            "x": 0.0,
            "y": 0.0,
            "z": 0.5605226159095764
        },
        "1": {
            "name": "Left Hip",
            "x": 0.05801868438720703,
            "y": 0.09296636283397675,
            "z": 0.5986912250518799
        },
        "2": {
            "name": "Left Knee",
            "x": -0.19186082482337952,
            "y": 0.24482013285160065,
            "z": 0.7500067353248596
        },
        "3": {
            "name": "Left Ankle",
            "x": -0.3751145005226135,
            "y": 0.3056376278400421,
            "z": 0.4471164643764496
        },
        "4": {
            "name": "Right Hip",
            "x": -0.08154942095279694,
            "y": -0.038631901144981384,
            "z": 0.5315309762954712
        },
        "5": {
            "name": "Right Knee",
            "x": -0.14678749442100525,
            "y": 0.11581174284219742,
            "z": 0.24035830795764923
        },
        "6": {
            "name": "Right Ankle",
            "x": 0.09704291820526123,
            "y": 0.0350756011903286,
            "z": 0.0
        },
        "7": {
            "name": "Center of Body",
            "x": 0.08904267102479935,
            "y": -0.049314290285110474,
            "z": 0.6953485608100891
        },
        "8": {
            "name": "Center of Shoulder",
            "x": 0.13543204963207245,
            "y": -0.05866134539246559,
            "z": 0.8833314180374146
        },
        "9": {
            "name": "Neck",
            "x": 0.1366579234600067,
            "y": -0.04410482943058014,
            "z": 0.9286834001541138
        },
        "10": {
            "name": "Head",
            "x": 0.08569658547639847,
            "y": -0.04790221154689789,
            "z": 1.0
        },
        "11": {
            "name": "Right Shoulder",
            "x": 0.06822614371776581,
            "y": -0.047076016664505005,
            "z": 0.879525899887085
        },
        "12": {
            "name": "Right Elbow",
            "x": -0.1511618196964264,
            "y": 0.05077666416764259,
            "z": 0.7897596955299377
        },
        "13": {
            "name": "Right Wrist",
            "x": -0.185095876455307,
            "y": 0.17543506622314453,
            "z": 0.9042677283287048
        },
        "14": {
            "name": "Left Shoulder",
            "x": 0.21079078316688538,
            "y": -0.03424195200204849,
            "z": 0.8634026050567627
        },
        "15": {
            "name": "Left Elbow",
            "x": 0.23383481800556183,
            "y": 0.05171308293938637,
            "z": 0.6831140518188477
        },
        "16": {
            "name": "Left Wrist",
            "x": 0.17004242539405823,
            "y": 0.15019507706165314,
            "z": 0.7111160159111023
        }
    }
}