{
    "image_path": "00010/img/20.jpg",
    "shooter_tracklet_id": 4,
    "bbox": {
        "x": 299,
        "y": 373,
        "w": 100,
        "h": 100
    },
    "keypoint_2d": {
        "0": {
            "name": "Center of Hips",
            "x": 44.48,
            "y": 48.7
        },
        "1": {
            "name": "Left Hip",
            "x": 43.98,
            "y": 44.92
        },
        "2": {
            "name": "Left Knee",
            "x": 68.65,
            "y": 42.09
        },
        "3": {
            "name": "Left Ankle",
            "x": 71.35,
            "y": 62.45
        },
        "4": {
            "name": "Right Hip",
            "x": 45.54,
            "y": 52.93
        },
        "5": {
            "name": "Right Knee",
            "x": 51.76,
            "y": 72.14
        },
        "6": {
            "name": "Right Ankle",
            "x": 36.44,
            "y": 87.13
        },
        "7": {
            "name": "Center of Body",
            "x": 36.63,
            "y": 39.14
        },
        "8": {
            "name": "Center of Shoulder",
            "x": 35.35,
            "y": 25.95
        },
        "9": {
            "name": "Neck",
            "x": 36.5,
            "y": 23.56
        },
        "10": {
            "name": "Head",
            "x": 39.57,
            "y": 17.79
        },
        "11": {
            "name": "Right Shoulder",
            "x": 38.71,
            "y": 26.99
        },
        "12": {
            "name": "Right Elbow",
            "x": 48.6,
            "y": 33.91
        },
        "13": {
            "name": "Right Wrist",
            "x": 56.01,
            "y": 26.99
        },
        "14": {
            "name": "Left Shoulder",
            "x": 32.78,
            "y": 25.06
        },
        "15": {
            "name": "Left Elbow",
            "x": 38.96,
            "y": 39.75
        },
        "16": {
            "name": "Left Wrist",
            "x": 45.09,
            "y": 42.21
        }
    },
    "keypoint_3d": {
        "0": {
            "name": "Center of Hips",
            "x": 0.0,
            "y": 0.0,
            "z": 0.5817803144454956
        },
        "1": {
            "name": "Left Hip",
            "x": 0.047254279255867004,
            "y": 0.09093722701072693,
            "z": 0.6369917988777161
        },
        "2": {
            "name": "Left Knee",
            "x": -0.25454798340797424,
            "y": 0.2513180375099182,
            "z": 0.6961559653282166
        },
        "3": {
            "name": "Left Ankle",
            "x": -0.3576243221759796,
            "y": 0.28471365571022034,
            "z": 0.3856462836265564
        },
        "4": {
            "name": "Right Hip",
            "x": -0.07211799174547195,
            "y": -0.06111200526356697,
            "z": 0.5263451933860779
        },
        "5": {
            "name": "Right Knee",
            "x": -0.11648134887218475,
            "y": 0.08229169994592667,
            "z": 0.24004021286964417
        },
        "6": {
            "name": "Right Ankle",
            "x": 0.11638569086790085,
            "y": 0.03188115730881691,
            "z": 0.0
        },
        "7": {
            "name": "Center of Body",
            "x": 0.08467700332403183,
            "y": -0.07123792916536331,
            "z": 0.7017103433609009
        },
        "8": {
            "name": "Center of Shoulder",
            "x": 0.11955530196428299,
            "y": -0.07211237400770187,
            "z": 0.8936224579811096
        },
        "9": {
            "name": "Neck",
            "x": 0.10779798030853271,
            "y": -0.0677613765001297,
            "z": 0.9258632063865662
        },
        "10": {
            "name": "Head",
            "x": 0.061780329793691635,
            "y": -0.06463082879781723,
            "z": 1.0
        },
        "11": {
            "name": "Right Shoulder",
            "x": 0.06190275400876999,
            "y": -0.09054037183523178,
            "z": 0.8798533082008362
        },
        "12": {
            "name": "Right Elbow",
            "x": -0.12751513719558716,
            "y": -0.08571216464042664,
            "z": 0.7679035067558289
        },
        "13": {
            "name": "Right Wrist",
            "x": -0.18699148297309875,
            "y": 0.019733387976884842,
            "z": 0.8792290091514587
        },
        "14": {
            "name": "Left Shoulder",
            "x": 0.19091950356960297,
            "y": -0.03453286364674568,
            "z": 0.8984311819076538
        },
        "15": {
            "name": "Left Elbow",
            "x": 0.1579098105430603,
            "y": 0.05582364276051521,
            "z": 0.7093014121055603
        },
        "16": {
            "name": "Left Wrist",
            "x": 0.04713379591703415,
            "y": 0.06230348348617554,
            "z": 0.7118927240371704
        }
    }
}