{
    "image_path": "00005/img/1.jpg",
    "shooter_tracklet_id": 9,
    "bbox": {
        "x": 244,
        "y": 873,
        "w": 100,
        "h": 100
    },
    "keypont_2d": {
        "0": {
            "name": "Center of Hips",
            "x": 48.0,
            "y": 45.68
        },
        "1": {
            "name": "Left Hip",
            "x": 42.89,
            "y": 46.39
        },
        "2": {
            "name": "Left Knee",
            "x": 40.6,
            "y": 62.52
        },
        "3": {
            "name": "Left Ankle",
            "x": 36.44,
            "y": 73.95
        },
        "4": {
            "name": "Right Hip",
            "x": 52.94,
            "y": 45.26
        },
        "5": {
            "name": "Right Knee",
            "x": 56.87,
            "y": 61.75
        },
        "6": {
            "name": "Right Ankle",
            "x": 58.68,
            "y": 74.63
        },
        "7": {
            "name": "Center of Body",
            "x": 46.59,
            "y": 35.8
        },
        "8": {
            "name": "Center of Shoulder",
            "x": 45.98,
            "y": 27.75
        },
        "9": {
            "name": "Neck",
            "x": 45.74,
            "y": 26.8
        },
        "10": {
            "name": "Head",
            "x": 44.88,
            "y": 23.99
        },
        "11": {
            "name": "Right Shoulder",
            "x": 50.58,
            "y": 27.69
        },
        "12": {
            "name": "Right Elbow",
            "x": 58.35,
            "y": 37.04
        },
        "13": {
            "name": "Right Wrist",
            "x": 66.45,
            "y": 44.91
        },
        "14": {
            "name": "Left Shoulder",
            "x": 41.21,
            "y": 28.48
        },
        "15": {
            "name": "Left Elbow",
            "x": 36.82,
            "y": 33.25
        },
        "16": {
            "name": "Left Wrist",
            "x": 32.56,
            "y": 34.31
        }
    },
    "keypont_3d": {
        "0": {
            "name": "Center of Hips",
            "x": 0.0,
            "y": 0.0,
            "z": 0.5665467381477356
        },
        "1": {
            "name": "Left Hip",
            "x": 0.1076495423913002,
            "y": 0.008185762912034988,
            "z": 0.5606338381767273
        },
        "2": {
            "name": "Left Knee",
            "x": 0.12382911890745163,
            "y": -0.04603692889213562,
            "z": 0.24074649810791016
        },
        "3": {
            "name": "Left Ankle",
            "x": 0.13768328726291656,
            "y": -0.1979505568742752,
            "z": 0.0
        },
        "4": {
            "name": "Right Hip",
            "x": -0.09789661318063736,
            "y": -0.001847931183874607,
            "z": 0.5721408724784851
        },
        "5": {
            "name": "Right Knee",
            "x": -0.12390098720788956,
            "y": 0.16009032726287842,
            "z": 0.27483615279197693
        },
        "6": {
            "name": "Right Ankle",
            "x": -0.23610369861125946,
            "y": 0.024865204468369484,
            "z": 0.002127694198861718
        },
        "7": {
            "name": "Center of Body",
            "x": 0.014089370146393776,
            "y": -0.048353053629398346,
            "z": 0.7443796992301941
        },
        "8": {
            "name": "Center of Shoulder",
            "x": 0.06236255541443825,
            "y": 0.021183360368013382,
            "z": 0.9194537997245789
        },
        "9": {
            "name": "Neck",
            "x": 0.09716224670410156,
            "y": 0.07924940437078476,
            "z": 0.9464677572250366
        },
        "10": {
            "name": "Head",
            "x": 0.13339956104755402,
            "y": 0.11305858194828033,
            "z": 1.0
        },
        "11": {
            "name": "Right Shoulder",
            "x": -0.03335857391357422,
            "y": 0.035518448799848557,
            "z": 0.9080294370651245
        },
        "12": {
            "name": "Right Elbow",
            "x": -0.17186863720417023,
            "y": 0.07540479302406311,
            "z": 0.7367770671844482
        },
        "13": {
            "name": "Right Wrist",
            "x": -0.2839130163192749,
            "y": 0.199630007147789,
            "z": 0.6101672649383545
        },
        "14": {
            "name": "Left Shoulder",
            "x": 0.14589807391166687,
            "y": -0.015404161997139454,
            "z": 0.9003636240959167
        },
        "15": {
            "name": "Left Elbow",
            "x": 0.14743322134017944,
            "y": -0.19656161963939667,
            "z": 0.7721911668777466
        },
        "16": {
            "name": "Left Wrist",
            "x": 0.2670043110847473,
            "y": -0.10656698048114777,
            "z": 0.7716159224510193
        }
    }
}