{
    "image_path": "00005/img/2.jpg",
    "shooter_tracklet_id": 9,
    "bbox": {
        "x": 244,
        "y": 872,
        "w": 100,
        "h": 100
    },
    "keypoint_2d": {
        "0": {
            "name": "Center of Hips",
            "x": 50.26,
            "y": 45.48
        },
        "1": {
            "name": "Left Hip",
            "x": 46.03,
            "y": 46.4
        },
        "2": {
            "name": "Left Knee",
            "x": 44.97,
            "y": 62.12
        },
        "3": {
            "name": "Left Ankle",
            "x": 41.41,
            "y": 78.16
        },
        "4": {
            "name": "Right Hip",
            "x": 55.95,
            "y": 44.93
        },
        "5": {
            "name": "Right Knee",
            "x": 59.62,
            "y": 60.24
        },
        "6": {
            "name": "Right Ankle",
            "x": 60.43,
            "y": 76.44
        },
        "7": {
            "name": "Center of Body",
            "x": 49.03,
            "y": 36.44
        },
        "8": {
            "name": "Center of Shoulder",
            "x": 48.28,
            "y": 27.75
        },
        "9": {
            "name": "Neck",
            "x": 48.28,
            "y": 26.62
        },
        "10": {
            "name": "Head",
            "x": 48.28,
            "y": 24.37
        },
        "11": {
            "name": "Right Shoulder",
            "x": 54.59,
            "y": 28.04
        },
        "12": {
            "name": "Right Elbow",
            "x": 60.49,
            "y": 36.86
        },
        "13": {
            "name": "Right Wrist",
            "x": 66.9,
            "y": 43.47
        },
        "14": {
            "name": "Left Shoulder",
            "x": 43.82,
            "y": 28.45
        },
        "15": {
            "name": "Left Elbow",
            "x": 36.37,
            "y": 32.15
        },
        "16": {
            "name": "Left Wrist",
            "x": 29.03,
            "y": 33.13
        }
    },
    "keypoint_3d": {
        "0": {
            "name": "Center of Hips",
            "x": 0.0,
            "y": 0.0,
            "z": 0.5798017382621765
        },
        "1": {
            "name": "Left Hip",
            "x": 0.10247828811407089,
            "y": 0.00819658674299717,
            "z": 0.5744025707244873
        },
        "2": {
            "name": "Left Knee",
            "x": 0.16872817277908325,
            "y": 0.10026585310697556,
            "z": 0.27576348185539246
        },
        "3": {
            "name": "Left Ankle",
            "x": 0.17508307099342346,
            "y": -0.0217746589332819,
            "z": 0.0
        },
        "4": {
            "name": "Right Hip",
            "x": -0.09407865256071091,
            "y": -0.0012576999142765999,
            "z": 0.5843740105628967
        },
        "5": {
            "name": "Right Knee",
            "x": -0.08473736047744751,
            "y": 0.22462885081768036,
            "z": 0.32835105061531067
        },
        "6": {
            "name": "Right Ankle",
            "x": -0.15745659172534943,
            "y": 0.14452528953552246,
            "z": 0.023766372352838516
        },
        "7": {
            "name": "Center of Body",
            "x": 0.021343648433685303,
            "y": -0.040577232837677,
            "z": 0.7503870725631714
        },
        "8": {
            "name": "Center of Shoulder",
            "x": 0.07437285780906677,
            "y": 0.03657856583595276,
            "z": 0.9229276776313782
        },
        "9": {
            "name": "Neck",
            "x": 0.10146252065896988,
            "y": 0.08591686189174652,
            "z": 0.9489343166351318
        },
        "10": {
            "name": "Head",
            "x": 0.13118354976177216,
            "y": 0.12080266326665878,
            "z": 1.0
        },
        "11": {
            "name": "Right Shoulder",
            "x": -0.03927475959062576,
            "y": 0.04034405201673508,
            "z": 0.9090983271598816
        },
        "12": {
            "name": "Right Elbow",
            "x": -0.1675284206867218,
            "y": 0.05260434001684189,
            "z": 0.7435634732246399
        },
        "13": {
            "name": "Right Wrist",
            "x": -0.25535452365875244,
            "y": 0.1642659604549408,
            "z": 0.6284686326980591
        },
        "14": {
            "name": "Left Shoulder",
            "x": 0.14967112243175507,
            "y": -0.007112511899322271,
            "z": 0.9031034111976624
        },
        "15": {
            "name": "Left Elbow",
            "x": 0.19401316344738007,
            "y": -0.18647851049900055,
            "z": 0.7959374189376831
        },
        "16": {
            "name": "Left Wrist",
            "x": 0.3278124928474426,
            "y": -0.19256669282913208,
            "z": 0.7868948578834534
        }
    }
}