{
    "image_path": "00005/img/3.jpg",
    "shooter_tracklet_id": 9,
    "bbox": {
        "x": 244,
        "y": 868,
        "w": 100,
        "h": 100
    },
    "keypoint_2d": {
        "0": {
            "name": "Center of Hips",
            "x": 55.68,
            "y": 45.32
        },
        "1": {
            "name": "Left Hip",
            "x": 51.23,
            "y": 46.26
        },
        "2": {
            "name": "Left Knee",
            "x": 50.25,
            "y": 62.95
        },
        "3": {
            "name": "Left Ankle",
            "x": 45.34,
            "y": 77.3
        },
        "4": {
            "name": "Right Hip",
            "x": 61.23,
            "y": 43.99
        },
        "5": {
            "name": "Right Knee",
            "x": 64.85,
            "y": 59.14
        },
        "6": {
            "name": "Right Ankle",
            "x": 64.85,
            "y": 76.44
        },
        "7": {
            "name": "Center of Body",
            "x": 54.67,
            "y": 35.47
        },
        "8": {
            "name": "Center of Shoulder",
            "x": 54.04,
            "y": 26.6
        },
        "9": {
            "name": "Neck",
            "x": 54.05,
            "y": 25.45
        },
        "10": {
            "name": "Head",
            "x": 54.08,
            "y": 23.14
        },
        "11": {
            "name": "Right Shoulder",
            "x": 59.26,
            "y": 26.8
        },
        "12": {
            "name": "Right Elbow",
            "x": 64.6,
            "y": 36.28
        },
        "13": {
            "name": "Right Wrist",
            "x": 70.87,
            "y": 42.41
        },
        "14": {
            "name": "Left Shoulder",
            "x": 49.23,
            "y": 27.54
        },
        "15": {
            "name": "Left Elbow",
            "x": 40.55,
            "y": 31.49
        },
        "16": {
            "name": "Left Wrist",
            "x": 31.42,
            "y": 31.67
        }
    },
    "keypoint_3d": {
        "0": {
            "name": "Center of Hips",
            "x": 0.0,
            "y": 0.0,
            "z": 0.5849385857582092
        },
        "1": {
            "name": "Left Hip",
            "x": 0.09689746797084808,
            "y": 0.004497808869928122,
            "z": 0.5750696063041687
        },
        "2": {
            "name": "Left Knee",
            "x": 0.16160790622234344,
            "y": 0.10312270373106003,
            "z": 0.28176501393318176
        },
        "3": {
            "name": "Left Ankle",
            "x": 0.19187968969345093,
            "y": -0.0029718573205173016,
            "z": 0.0
        },
        "4": {
            "name": "Right Hip",
            "x": -0.09114210307598114,
            "y": -0.002090129069983959,
            "z": 0.5921959280967712
        },
        "5": {
            "name": "Right Knee",
            "x": -0.07042008638381958,
            "y": 0.24194960296154022,
            "z": 0.3541843295097351
        },
        "6": {
            "name": "Right Ankle",
            "x": -0.10867605358362198,
            "y": 0.1932082176208496,
            "z": 0.035042088478803635
        },
        "7": {
            "name": "Center of Body",
            "x": 0.023388659581542015,
            "y": -0.038756515830755234,
            "z": 0.7513561248779297
        },
        "8": {
            "name": "Center of Shoulder",
            "x": 0.07087301462888718,
            "y": 0.03362230584025383,
            "z": 0.9236388802528381
        },
        "9": {
            "name": "Neck",
            "x": 0.09247905015945435,
            "y": 0.08211158215999603,
            "z": 0.9515359401702881
        },
        "10": {
            "name": "Head",
            "x": 0.11509367823600769,
            "y": 0.11853940784931183,
            "z": 1.0
        },
        "11": {
            "name": "Right Shoulder",
            "x": -0.03841283917427063,
            "y": 0.03496634215116501,
            "z": 0.9104002714157104
        },
        "12": {
            "name": "Right Elbow",
            "x": -0.14272786676883698,
            "y": 0.07331608235836029,
            "z": 0.7454341053962708
        },
        "13": {
            "name": "Right Wrist",
            "x": -0.2108573466539383,
            "y": 0.1968221664428711,
            "z": 0.6461009979248047
        },
        "14": {
            "name": "Left Shoulder",
            "x": 0.141916424036026,
            "y": -0.014202279970049858,
            "z": 0.9026471972465515
        },
        "15": {
            "name": "Left Elbow",
            "x": 0.2312709540128708,
            "y": -0.18142655491828918,
            "z": 0.8069979548454285
        },
        "16": {
            "name": "Left Wrist",
            "x": 0.3725878596305847,
            "y": -0.24636714160442352,
            "z": 0.7955764532089233
        }
    }
}