{
    "image_path": "00005/img/4.jpg",
    "shooter_tracklet_id": 9,
    "bbox": {
        "x": 243,
        "y": 866,
        "w": 100,
        "h": 100
    },
    "keypont_2d": {
        "0": {
            "name": "Center of Hips",
            "x": 60.3,
            "y": 44.31
        },
        "1": {
            "name": "Left Hip",
            "x": 55.25,
            "y": 45.54
        },
        "2": {
            "name": "Left Knee",
            "x": 56.11,
            "y": 62.76
        },
        "3": {
            "name": "Left Ankle",
            "x": 54.29,
            "y": 77.42
        },
        "4": {
            "name": "Right Hip",
            "x": 65.22,
            "y": 43.33
        },
        "5": {
            "name": "Right Knee",
            "x": 67.01,
            "y": 60.54
        },
        "6": {
            "name": "Right Ankle",
            "x": 66.81,
            "y": 76.2
        },
        "7": {
            "name": "Center of Body",
            "x": 59.28,
            "y": 35.88
        },
        "8": {
            "name": "Center of Shoulder",
            "x": 58.17,
            "y": 28.21
        },
        "9": {
            "name": "Neck",
            "x": 57.49,
            "y": 27.19
        },
        "10": {
            "name": "Head",
            "x": 56.32,
            "y": 24.73
        },
        "11": {
            "name": "Right Shoulder",
            "x": 62.52,
            "y": 28.7
        },
        "12": {
            "name": "Right Elbow",
            "x": 67.5,
            "y": 35.91
        },
        "13": {
            "name": "Right Wrist",
            "x": 61.04,
            "y": 40.74
        },
        "14": {
            "name": "Left Shoulder",
            "x": 53.05,
            "y": 28.23
        },
        "15": {
            "name": "Left Elbow",
            "x": 43.31,
            "y": 31.49
        },
        "16": {
            "name": "Left Wrist",
            "x": 33.38,
            "y": 31.7
        }
    },
    "keypont_3d": {
        "0": {
            "name": "Center of Hips",
            "x": 0.0,
            "y": 0.0,
            "z": 0.5966752767562866
        },
        "1": {
            "name": "Left Hip",
            "x": 0.09651728719472885,
            "y": -0.0030413183849304914,
            "z": 0.5824851989746094
        },
        "2": {
            "name": "Left Knee",
            "x": 0.14197617769241333,
            "y": 0.1202048733830452,
            "z": 0.2851285934448242
        },
        "3": {
            "name": "Left Ankle",
            "x": 0.13064196705818176,
            "y": 0.015195646323263645,
            "z": 0.0
        },
        "4": {
            "name": "Right Hip",
            "x": -0.0880931168794632,
            "y": 0.005083504132926464,
            "z": 0.6074768304824829
        },
        "5": {
            "name": "Right Knee",
            "x": -0.05026248097419739,
            "y": 0.23103764653205872,
            "z": 0.34333720803260803
        },
        "6": {
            "name": "Right Ankle",
            "x": -0.09718023985624313,
            "y": 0.1412382423877716,
            "z": 0.029482297599315643
        },
        "7": {
            "name": "Center of Body",
            "x": 0.01501714438199997,
            "y": -0.044356588274240494,
            "z": 0.7586970329284668
        },
        "8": {
            "name": "Center of Shoulder",
            "x": 0.07789207249879837,
            "y": 0.054641228169202805,
            "z": 0.9303212761878967
        },
        "9": {
            "name": "Neck",
            "x": 0.10198017209768295,
            "y": 0.08883921056985855,
            "z": 0.9526049494743347
        },
        "10": {
            "name": "Head",
            "x": 0.1350957304239273,
            "y": 0.11643723398447037,
            "z": 1.0
        },
        "11": {
            "name": "Right Shoulder",
            "x": -0.013620370998978615,
            "y": 0.07482428848743439,
            "z": 0.9148684144020081
        },
        "12": {
            "name": "Right Elbow",
            "x": -0.06834591180086136,
            "y": 0.18853245675563812,
            "z": 0.782625675201416
        },
        "13": {
            "name": "Right Wrist",
            "x": 0.06706680357456207,
            "y": 0.2552090883255005,
            "z": 0.7096143364906311
        },
        "14": {
            "name": "Left Shoulder",
            "x": 0.14409011602401733,
            "y": -0.016558047384023666,
            "z": 0.9096869230270386
        },
        "15": {
            "name": "Left Elbow",
            "x": 0.2649857699871063,
            "y": -0.17404519021511078,
            "z": 0.8200787305831909
        },
        "16": {
            "name": "Left Wrist",
            "x": 0.4253169894218445,
            "y": -0.23600034415721893,
            "z": 0.8107620477676392
        }
    }
}