{
    "image_path": "00005/img/5.jpg",
    "shooter_tracklet_id": 9,
    "bbox": {
        "x": 241,
        "y": 869,
        "w": 100,
        "h": 100
    },
    "keypont_2d": {
        "0": {
            "name": "Center of Hips",
            "x": 58.84,
            "y": 44.54
        },
        "1": {
            "name": "Left Hip",
            "x": 53.22,
            "y": 45.73
        },
        "2": {
            "name": "Left Knee",
            "x": 56.87,
            "y": 65.52
        },
        "3": {
            "name": "Left Ankle",
            "x": 57.98,
            "y": 76.81
        },
        "4": {
            "name": "Right Hip",
            "x": 63.7,
            "y": 44.11
        },
        "5": {
            "name": "Right Knee",
            "x": 64.04,
            "y": 62.86
        },
        "6": {
            "name": "Right Ankle",
            "x": 63.61,
            "y": 78.11
        },
        "7": {
            "name": "Center of Body",
            "x": 58.11,
            "y": 35.55
        },
        "8": {
            "name": "Center of Shoulder",
            "x": 55.14,
            "y": 27.41
        },
        "9": {
            "name": "Neck",
            "x": 54.71,
            "y": 26.51
        },
        "10": {
            "name": "Head",
            "x": 53.81,
            "y": 24.6
        },
        "11": {
            "name": "Right Shoulder",
            "x": 59.12,
            "y": 28.17
        },
        "12": {
            "name": "Right Elbow",
            "x": 62.51,
            "y": 34.63
        },
        "13": {
            "name": "Right Wrist",
            "x": 53.92,
            "y": 39.95
        },
        "14": {
            "name": "Left Shoulder",
            "x": 51.63,
            "y": 27.82
        },
        "15": {
            "name": "Left Elbow",
            "x": 42.72,
            "y": 32.53
        },
        "16": {
            "name": "Left Wrist",
            "x": 34.0,
            "y": 32.61
        }
    },
    "keypont_3d": {
        "0": {
            "name": "Center of Hips",
            "x": 0.0,
            "y": 0.0,
            "z": 0.5956754684448242
        },
        "1": {
            "name": "Left Hip",
            "x": 0.0988999456167221,
            "y": -0.009432723745703697,
            "z": 0.5819002389907837
        },
        "2": {
            "name": "Left Knee",
            "x": 0.11023207008838654,
            "y": 0.13946250081062317,
            "z": 0.26951470971107483
        },
        "3": {
            "name": "Left Ankle",
            "x": 0.028327323496341705,
            "y": 0.0037689683958888054,
            "z": 0.0
        },
        "4": {
            "name": "Right Hip",
            "x": -0.08925710618495941,
            "y": 0.009757605381309986,
            "z": 0.6061795353889465
        },
        "5": {
            "name": "Right Knee",
            "x": -0.03286337852478027,
            "y": 0.2072259932756424,
            "z": 0.30621498823165894
        },
        "6": {
            "name": "Right Ankle",
            "x": -0.08022572100162506,
            "y": 0.09966952353715897,
            "z": 0.0011125419987365603
        },
        "7": {
            "name": "Center of Body",
            "x": 0.0025081257335841656,
            "y": -0.052950017154216766,
            "z": 0.759040355682373
        },
        "8": {
            "name": "Center of Shoulder",
            "x": 0.08598704636096954,
            "y": 0.03868471831083298,
            "z": 0.9359931945800781
        },
        "9": {
            "name": "Neck",
            "x": 0.11671201139688492,
            "y": 0.07290193438529968,
            "z": 0.9518895149230957
        },
        "10": {
            "name": "Head",
            "x": 0.15730415284633636,
            "y": 0.09947975724935532,
            "z": 1.0
        },
        "11": {
            "name": "Right Shoulder",
            "x": 0.014970414340496063,
            "y": 0.08248382061719894,
            "z": 0.9224500060081482
        },
        "12": {
            "name": "Right Elbow",
            "x": 0.003486506175249815,
            "y": 0.21448704600334167,
            "z": 0.8132153153419495
        },
        "13": {
            "name": "Right Wrist",
            "x": 0.1670432835817337,
            "y": 0.23381760716438293,
            "z": 0.7316992282867432
        },
        "14": {
            "name": "Left Shoulder",
            "x": 0.1431341916322708,
            "y": -0.03803031146526337,
            "z": 0.910673975944519
        },
        "15": {
            "name": "Left Elbow",
            "x": 0.24733944237232208,
            "y": -0.2003217488527298,
            "z": 0.8062823414802551
        },
        "16": {
            "name": "Left Wrist",
            "x": 0.3976949453353882,
            "y": -0.26251620054244995,
            "z": 0.7949194312095642
        }
    }
}