{
    "image_path": "00005/img/6.jpg",
    "shooter_tracklet_id": 9,
    "bbox": {
        "x": 245,
        "y": 876,
        "w": 100,
        "h": 100
    },
    "keypoint_2d": {
        "0": {
            "name": "Center of Hips",
            "x": 53.42,
            "y": 38.73
        },
        "1": {
            "name": "Left Hip",
            "x": 47.66,
            "y": 40.64
        },
        "2": {
            "name": "Left Knee",
            "x": 51.84,
            "y": 58.65
        },
        "3": {
            "name": "Left Ankle",
            "x": 55.64,
            "y": 70.92
        },
        "4": {
            "name": "Right Hip",
            "x": 57.26,
            "y": 37.45
        },
        "5": {
            "name": "Right Knee",
            "x": 57.94,
            "y": 56.79
        },
        "6": {
            "name": "Right Ankle",
            "x": 58.54,
            "y": 72.56
        },
        "7": {
            "name": "Center of Body",
            "x": 51.65,
            "y": 29.59
        },
        "8": {
            "name": "Center of Shoulder",
            "x": 48.06,
            "y": 21.77
        },
        "9": {
            "name": "Neck",
            "x": 47.37,
            "y": 20.94
        },
        "10": {
            "name": "Head",
            "x": 45.16,
            "y": 18.96
        },
        "11": {
            "name": "Right Shoulder",
            "x": 51.89,
            "y": 22.8
        },
        "12": {
            "name": "Right Elbow",
            "x": 55.67,
            "y": 31.55
        },
        "13": {
            "name": "Right Wrist",
            "x": 48.38,
            "y": 37.51
        },
        "14": {
            "name": "Left Shoulder",
            "x": 44.12,
            "y": 21.78
        },
        "15": {
            "name": "Left Elbow",
            "x": 42.55,
            "y": 26.95
        },
        "16": {
            "name": "Left Wrist",
            "x": 32.38,
            "y": 27.91
        }
    },
    "keypoint_3d": {
        "0": {
            "name": "Center of Hips",
            "x": 0.0,
            "y": 0.0,
            "z": 0.6022988557815552
        },
        "1": {
            "name": "Left Hip",
            "x": 0.09223132580518723,
            "y": -0.01792175881564617,
            "z": 0.5756809711456299
        },
        "2": {
            "name": "Left Knee",
            "x": 0.03626507148146629,
            "y": 0.04731549322605133,
            "z": 0.26713842153549194
        },
        "3": {
            "name": "Left Ankle",
            "x": -0.0836539939045906,
            "y": -0.038550522178411484,
            "z": 0.02143622562289238
        },
        "4": {
            "name": "Right Hip",
            "x": -0.08051114529371262,
            "y": 0.016248591244220734,
            "z": 0.6226916313171387
        },
        "5": {
            "name": "Right Knee",
            "x": -0.0657416433095932,
            "y": 0.09932935237884521,
            "z": 0.2957414388656616
        },
        "6": {
            "name": "Right Ankle",
            "x": -0.10028041154146194,
            "y": 0.07726354897022247,
            "z": 0.0
        },
        "7": {
            "name": "Center of Body",
            "x": 0.01596652902662754,
            "y": -0.03763989359140396,
            "z": 0.7681760191917419
        },
        "8": {
            "name": "Center of Shoulder",
            "x": 0.11262383311986923,
            "y": 0.026392536237835884,
            "z": 0.9318051934242249
        },
        "9": {
            "name": "Neck",
            "x": 0.1561853140592575,
            "y": 0.07153702527284622,
            "z": 0.9543930292129517
        },
        "10": {
            "name": "Head",
            "x": 0.20809508860111237,
            "y": 0.08945140242576599,
            "z": 1.0
        },
        "11": {
            "name": "Right Shoulder",
            "x": 0.062316928058862686,
            "y": 0.0881589949131012,
            "z": 0.9203687310218811
        },
        "12": {
            "name": "Right Elbow",
            "x": 0.04420904442667961,
            "y": 0.20574140548706055,
            "z": 0.7866886258125305
        },
        "13": {
            "name": "Right Wrist",
            "x": 0.19344481825828552,
            "y": 0.21982380747795105,
            "z": 0.6889291405677795
        },
        "14": {
            "name": "Left Shoulder",
            "x": 0.15466605126857758,
            "y": -0.04505881294608116,
            "z": 0.9115973711013794
        },
        "15": {
            "name": "Left Elbow",
            "x": 0.12526562809944153,
            "y": -0.22759193181991577,
            "z": 0.7832373380661011
        },
        "16": {
            "name": "Left Wrist",
            "x": 0.2717501223087311,
            "y": -0.30179882049560547,
            "z": 0.7632966637611389
        }
    }
}