{
    "image_path": "00005/img/7.jpg",
    "shooter_tracklet_id": 9,
    "bbox": {
        "x": 244,
        "y": 877,
        "w": 100,
        "h": 100
    },
    "keypont_2d": {
        "0": {
            "name": "Center of Hips",
            "x": 52.93,
            "y": 39.39
        },
        "1": {
            "name": "Left Hip",
            "x": 47.22,
            "y": 41.44
        },
        "2": {
            "name": "Left Knee",
            "x": 53.65,
            "y": 60.01
        },
        "3": {
            "name": "Left Ankle",
            "x": 57.73,
            "y": 71.49
        },
        "4": {
            "name": "Right Hip",
            "x": 56.6,
            "y": 38.03
        },
        "5": {
            "name": "Right Knee",
            "x": 59.08,
            "y": 60.49
        },
        "6": {
            "name": "Right Ankle",
            "x": 59.31,
            "y": 72.08
        },
        "7": {
            "name": "Center of Body",
            "x": 51.39,
            "y": 29.79
        },
        "8": {
            "name": "Center of Shoulder",
            "x": 47.74,
            "y": 21.95
        },
        "9": {
            "name": "Neck",
            "x": 47.05,
            "y": 20.82
        },
        "10": {
            "name": "Head",
            "x": 44.79,
            "y": 18.19
        },
        "11": {
            "name": "Right Shoulder",
            "x": 51.16,
            "y": 22.43
        },
        "12": {
            "name": "Right Elbow",
            "x": 55.8,
            "y": 30.92
        },
        "13": {
            "name": "Right Wrist",
            "x": 49.55,
            "y": 38.89
        },
        "14": {
            "name": "Left Shoulder",
            "x": 44.24,
            "y": 22.15
        },
        "15": {
            "name": "Left Elbow",
            "x": 42.86,
            "y": 27.43
        },
        "16": {
            "name": "Left Wrist",
            "x": 34.37,
            "y": 28.23
        }
    },
    "keypont_3d": {
        "0": {
            "name": "Center of Hips",
            "x": 0.0,
            "y": 0.0,
            "z": 0.5950123071670532
        },
        "1": {
            "name": "Left Hip",
            "x": 0.09312920272350311,
            "y": -0.01845713146030903,
            "z": 0.5654428601264954
        },
        "2": {
            "name": "Left Knee",
            "x": 0.012155751697719097,
            "y": 0.056099921464920044,
            "z": 0.2576603293418884
        },
        "3": {
            "name": "Left Ankle",
            "x": -0.11698231101036072,
            "y": -0.038258541375398636,
            "z": 0.011895597912371159
        },
        "4": {
            "name": "Right Hip",
            "x": -0.0799998864531517,
            "y": 0.016045378521084785,
            "z": 0.6176882982254028
        },
        "5": {
            "name": "Right Knee",
            "x": -0.06723500788211823,
            "y": 0.11906200647354126,
            "z": 0.28133854269981384
        },
        "6": {
            "name": "Right Ankle",
            "x": -0.12441376596689224,
            "y": 0.054221317172050476,
            "z": 0.0
        },
        "7": {
            "name": "Center of Body",
            "x": 0.018798861652612686,
            "y": -0.03337128087878227,
            "z": 0.7670084834098816
        },
        "8": {
            "name": "Center of Shoulder",
            "x": 0.11253701895475388,
            "y": 0.02280353009700775,
            "z": 0.9297214150428772
        },
        "9": {
            "name": "Neck",
            "x": 0.15630745887756348,
            "y": 0.06810729950666428,
            "z": 0.95612633228302
        },
        "10": {
            "name": "Head",
            "x": 0.20729799568653107,
            "y": 0.0834742859005928,
            "z": 1.0
        },
        "11": {
            "name": "Right Shoulder",
            "x": 0.06329357624053955,
            "y": 0.08255983144044876,
            "z": 0.9218534231185913
        },
        "12": {
            "name": "Right Elbow",
            "x": 0.03567156940698624,
            "y": 0.20311006903648376,
            "z": 0.786960244178772
        },
        "13": {
            "name": "Right Wrist",
            "x": 0.17125020921230316,
            "y": 0.22656074166297913,
            "z": 0.6667016744613647
        },
        "14": {
            "name": "Left Shoulder",
            "x": 0.1572268307209015,
            "y": -0.05119660869240761,
            "z": 0.9128001928329468
        },
        "15": {
            "name": "Left Elbow",
            "x": 0.10434608161449432,
            "y": -0.23023231327533722,
            "z": 0.7802900671958923
        },
        "16": {
            "name": "Left Wrist",
            "x": 0.22815850377082825,
            "y": -0.3192403018474579,
            "z": 0.7519419193267822
        }
    }
}