{
    "image_path": "00005/img/8.jpg",
    "shooter_tracklet_id": 9,
    "bbox": {
        "x": 245,
        "y": 880,
        "w": 100,
        "h": 100
    },
    "keypoint_2d": {
        "0": {
            "name": "Center of Hips",
            "x": 50.09,
            "y": 38.61
        },
        "1": {
            "name": "Left Hip",
            "x": 44.16,
            "y": 42.49
        },
        "2": {
            "name": "Left Knee",
            "x": 47.67,
            "y": 55.58
        },
        "3": {
            "name": "Left Ankle",
            "x": 55.32,
            "y": 67.9
        },
        "4": {
            "name": "Right Hip",
            "x": 53.26,
            "y": 36.56
        },
        "5": {
            "name": "Right Knee",
            "x": 60.93,
            "y": 53.84
        },
        "6": {
            "name": "Right Ankle",
            "x": 50.19,
            "y": 53.33
        },
        "7": {
            "name": "Center of Body",
            "x": 48.82,
            "y": 28.11
        },
        "8": {
            "name": "Center of Shoulder",
            "x": 44.06,
            "y": 20.14
        },
        "9": {
            "name": "Neck",
            "x": 43.14,
            "y": 18.83
        },
        "10": {
            "name": "Head",
            "x": 41.43,
            "y": 16.5
        },
        "11": {
            "name": "Right Shoulder",
            "x": 47.03,
            "y": 20.26
        },
        "12": {
            "name": "Right Elbow",
            "x": 53.95,
            "y": 28.55
        },
        "13": {
            "name": "Right Wrist",
            "x": 47.63,
            "y": 32.03
        },
        "14": {
            "name": "Left Shoulder",
            "x": 41.15,
            "y": 20.32
        },
        "15": {
            "name": "Left Elbow",
            "x": 41.78,
            "y": 26.01
        },
        "16": {
            "name": "Left Wrist",
            "x": 33.19,
            "y": 26.5
        }
    },
    "keypoint_3d": {
        "0": {
            "name": "Center of Hips",
            "x": 0.0,
            "y": 0.0,
            "z": 0.5777854323387146
        },
        "1": {
            "name": "Left Hip",
            "x": 0.10036387294530869,
            "y": -0.014197160489857197,
            "z": 0.5371593236923218
        },
        "2": {
            "name": "Left Knee",
            "x": 0.006893533747643232,
            "y": -0.007212649565190077,
            "z": 0.2403929978609085
        },
        "3": {
            "name": "Left Ankle",
            "x": -0.14550842344760895,
            "y": -0.021580740809440613,
            "z": 0.0
        },
        "4": {
            "name": "Right Hip",
            "x": -0.08329576253890991,
            "y": 0.015762243419885635,
            "z": 0.6024025082588196
        },
        "5": {
            "name": "Right Knee",
            "x": -0.15216565132141113,
            "y": 0.16388244926929474,
            "z": 0.29207783937454224
        },
        "6": {
            "name": "Right Ankle",
            "x": -0.1027301698923111,
            "y": -0.1561010479927063,
            "z": 0.238636776804924
        },
        "7": {
            "name": "Center of Body",
            "x": 0.016735941171646118,
            "y": -0.02518787980079651,
            "z": 0.7551290988922119
        },
        "8": {
            "name": "Center of Shoulder",
            "x": 0.1086685061454773,
            "y": -0.008497428148984909,
            "z": 0.9211227297782898
        },
        "9": {
            "name": "Neck",
            "x": 0.1489112228155136,
            "y": 0.02252640575170517,
            "z": 0.949451744556427
        },
        "10": {
            "name": "Head",
            "x": 0.19319568574428558,
            "y": 0.028484176844358444,
            "z": 1.0
        },
        "11": {
            "name": "Right Shoulder",
            "x": 0.0665755495429039,
            "y": 0.057412318885326385,
            "z": 0.9243801832199097
        },
        "12": {
            "name": "Right Elbow",
            "x": -0.0033166001085191965,
            "y": 0.18171054124832153,
            "z": 0.7927365899085999
        },
        "13": {
            "name": "Right Wrist",
            "x": 0.1416751593351364,
            "y": 0.22798584401607513,
            "z": 0.7320469617843628
        },
        "14": {
            "name": "Left Shoulder",
            "x": 0.1476176679134369,
            "y": -0.07219249755144119,
            "z": 0.9066349267959595
        },
        "15": {
            "name": "Left Elbow",
            "x": 0.07987090945243835,
            "y": -0.23600424826145172,
            "z": 0.7688183188438416
        },
        "16": {
            "name": "Left Wrist",
            "x": 0.19466333091259003,
            "y": -0.3329068720340729,
            "z": 0.7473300099372864
        }
    }
}