{
    "image_path": "00005/img/9.jpg",
    "shooter_tracklet_id": 9,
    "bbox": {
        "x": 246,
        "y": 882,
        "w": 100,
        "h": 100
    },
    "keypoint_2d": {
        "0": {
            "name": "Center of Hips",
            "x": 48.28,
            "y": 38.65
        },
        "1": {
            "name": "Left Hip",
            "x": 42.51,
            "y": 42.32
        },
        "2": {
            "name": "Left Knee",
            "x": 47.11,
            "y": 54.91
        },
        "3": {
            "name": "Left Ankle",
            "x": 53.54,
            "y": 67.31
        },
        "4": {
            "name": "Right Hip",
            "x": 52.09,
            "y": 36.2
        },
        "5": {
            "name": "Right Knee",
            "x": 61.29,
            "y": 49.33
        },
        "6": {
            "name": "Right Ankle",
            "x": 50.66,
            "y": 49.59
        },
        "7": {
            "name": "Center of Body",
            "x": 47.06,
            "y": 28.22
        },
        "8": {
            "name": "Center of Shoulder",
            "x": 43.08,
            "y": 19.93
        },
        "9": {
            "name": "Neck",
            "x": 42.14,
            "y": 18.34
        },
        "10": {
            "name": "Head",
            "x": 40.55,
            "y": 16.35
        },
        "11": {
            "name": "Right Shoulder",
            "x": 46.29,
            "y": 20.17
        },
        "12": {
            "name": "Right Elbow",
            "x": 52.24,
            "y": 29.31
        },
        "13": {
            "name": "Right Wrist",
            "x": 52.8,
            "y": 36.77
        },
        "14": {
            "name": "Left Shoulder",
            "x": 39.91,
            "y": 19.86
        },
        "15": {
            "name": "Left Elbow",
            "x": 40.38,
            "y": 26.04
        },
        "16": {
            "name": "Left Wrist",
            "x": 31.47,
            "y": 25.4
        }
    },
    "keypoint_3d": {
        "0": {
            "name": "Center of Hips",
            "x": 0.0,
            "y": 0.0,
            "z": 0.5782104134559631
        },
        "1": {
            "name": "Left Hip",
            "x": 0.09196322411298752,
            "y": -0.0390116311609745,
            "z": 0.5123024582862854
        },
        "2": {
            "name": "Left Knee",
            "x": -0.00401726271957159,
            "y": -0.02728819102048874,
            "z": 0.2417612224817276
        },
        "3": {
            "name": "Left Ankle",
            "x": -0.14092515408992767,
            "y": -0.016339780762791634,
            "z": 0.0
        },
        "4": {
            "name": "Right Hip",
            "x": -0.07742998749017715,
            "y": 0.023266328498721123,
            "z": 0.6106966137886047
        },
        "5": {
            "name": "Right Knee",
            "x": -0.1871725618839264,
            "y": 0.1999683827161789,
            "z": 0.35907480120658875
        },
        "6": {
            "name": "Right Ankle",
            "x": -0.10895012319087982,
            "y": -0.1126205250620842,
            "z": 0.2779034674167633
        },
        "7": {
            "name": "Center of Body",
            "x": 0.02215287834405899,
            "y": -0.021492144092917442,
            "z": 0.7530396580696106
        },
        "8": {
            "name": "Center of Shoulder",
            "x": 0.10139002650976181,
            "y": -0.02955891564488411,
            "z": 0.9208309650421143
        },
        "9": {
            "name": "Neck",
            "x": 0.13325531780719757,
            "y": -0.009904914535582066,
            "z": 0.9523545503616333
        },
        "10": {
            "name": "Head",
            "x": 0.1740274727344513,
            "y": -0.00712583726271987,
            "z": 1.0
        },
        "11": {
            "name": "Right Shoulder",
            "x": 0.05681793764233589,
            "y": 0.025603100657463074,
            "z": 0.9250335693359375
        },
        "12": {
            "name": "Right Elbow",
            "x": -0.021594151854515076,
            "y": 0.14898048341274261,
            "z": 0.7767465114593506
        },
        "13": {
            "name": "Right Wrist",
            "x": 0.05005619302392006,
            "y": 0.2410968691110611,
            "z": 0.6697466969490051
        },
        "14": {
            "name": "Left Shoulder",
            "x": 0.14239957928657532,
            "y": -0.08180563151836395,
            "z": 0.9097523093223572
        },
        "15": {
            "name": "Left Elbow",
            "x": 0.07043147087097168,
            "y": -0.2379351258277893,
            "z": 0.767520546913147
        },
        "16": {
            "name": "Left Wrist",
            "x": 0.20308127999305725,
            "y": -0.3302188217639923,
            "z": 0.7617372870445251
        }
    }
}