{
    "image_path": "00005/img/10.jpg",
    "shooter_tracklet_id": 9,
    "bbox": {
        "x": 247,
        "y": 884,
        "w": 100,
        "h": 100
    },
    "keypont_2d": {
        "0": {
            "name": "Center of Hips",
            "x": 45.11,
            "y": 37.9
        },
        "1": {
            "name": "Left Hip",
            "x": 41.83,
            "y": 40.31
        },
        "2": {
            "name": "Left Knee",
            "x": 44.22,
            "y": 54.54
        },
        "3": {
            "name": "Left Ankle",
            "x": 52.41,
            "y": 67.12
        },
        "4": {
            "name": "Right Hip",
            "x": 48.73,
            "y": 35.85
        },
        "5": {
            "name": "Right Knee",
            "x": 60.45,
            "y": 49.99
        },
        "6": {
            "name": "Right Ankle",
            "x": 62.15,
            "y": 41.47
        },
        "7": {
            "name": "Center of Body",
            "x": 43.25,
            "y": 29.59
        },
        "8": {
            "name": "Center of Shoulder",
            "x": 41.65,
            "y": 20.95
        },
        "9": {
            "name": "Neck",
            "x": 41.37,
            "y": 19.77
        },
        "10": {
            "name": "Head",
            "x": 39.45,
            "y": 16.93
        },
        "11": {
            "name": "Right Shoulder",
            "x": 44.71,
            "y": 20.25
        },
        "12": {
            "name": "Right Elbow",
            "x": 51.19,
            "y": 28.73
        },
        "13": {
            "name": "Right Wrist",
            "x": 56.3,
            "y": 30.27
        },
        "14": {
            "name": "Left Shoulder",
            "x": 37.9,
            "y": 22.21
        },
        "15": {
            "name": "Left Elbow",
            "x": 38.47,
            "y": 27.41
        },
        "16": {
            "name": "Left Wrist",
            "x": 27.27,
            "y": 24.85
        }
    },
    "keypont_3d": {
        "0": {
            "name": "Center of Hips",
            "x": 0.0,
            "y": 0.0,
            "z": 0.575151801109314
        },
        "1": {
            "name": "Left Hip",
            "x": 0.09853149950504303,
            "y": 0.013534483499825,
            "z": 0.5361261367797852
        },
        "2": {
            "name": "Left Knee",
            "x": 0.0027827355079352856,
            "y": -0.0030091849621385336,
            "z": 0.244320809841156
        },
        "3": {
            "name": "Left Ankle",
            "x": -0.15108756721019745,
            "y": 0.004706297069787979,
            "z": 0.0
        },
        "4": {
            "name": "Right Hip",
            "x": -0.08404124528169632,
            "y": -0.0026201200671494007,
            "z": 0.6023489236831665
        },
        "5": {
            "name": "Right Knee",
            "x": -0.21630075573921204,
            "y": 0.1995479166507721,
            "z": 0.36656999588012695
        },
        "6": {
            "name": "Right Ankle",
            "x": -0.21393010020256042,
            "y": -0.09680824726819992,
            "z": 0.3281768262386322
        },
        "7": {
            "name": "Center of Body",
            "x": 0.02294456586241722,
            "y": -0.029848434031009674,
            "z": 0.7479665875434875
        },
        "8": {
            "name": "Center of Shoulder",
            "x": 0.07611291855573654,
            "y": -0.04988758638501167,
            "z": 0.9135435819625854
        },
        "9": {
            "name": "Neck",
            "x": 0.10240466892719269,
            "y": -0.021263452246785164,
            "z": 0.9445691108703613
        },
        "10": {
            "name": "Head",
            "x": 0.14888551831245422,
            "y": -0.014302258379757404,
            "z": 1.0
        },
        "11": {
            "name": "Right Shoulder",
            "x": 0.023368513211607933,
            "y": -0.003169453702867031,
            "z": 0.9247614145278931
        },
        "12": {
            "name": "Right Elbow",
            "x": -0.048232175409793854,
            "y": 0.14539071917533875,
            "z": 0.7809703946113586
        },
        "13": {
            "name": "Right Wrist",
            "x": -0.06734242290258408,
            "y": 0.2811732292175293,
            "z": 0.7289896607398987
        },
        "14": {
            "name": "Left Shoulder",
            "x": 0.1350349634885788,
            "y": -0.09311621636152267,
            "z": 0.890396773815155
        },
        "15": {
            "name": "Left Elbow",
            "x": 0.06610283255577087,
            "y": -0.2323324978351593,
            "z": 0.7594571113586426
        },
        "16": {
            "name": "Left Wrist",
            "x": 0.2449214905500412,
            "y": -0.32072681188583374,
            "z": 0.7896634936332703
        }
    }
}