{
    "image_path": "00005/img/11.jpg",
    "shooter_tracklet_id": 9,
    "bbox": {
        "x": 248,
        "y": 886,
        "w": 100,
        "h": 100
    },
    "keypoint_2d": {
        "0": {
            "name": "Center of Hips",
            "x": 44.33,
            "y": 38.14
        },
        "1": {
            "name": "Left Hip",
            "x": 40.49,
            "y": 40.47
        },
        "2": {
            "name": "Left Knee",
            "x": 43.89,
            "y": 55.08
        },
        "3": {
            "name": "Left Ankle",
            "x": 51.4,
            "y": 66.58
        },
        "4": {
            "name": "Right Hip",
            "x": 47.74,
            "y": 35.81
        },
        "5": {
            "name": "Right Knee",
            "x": 57.58,
            "y": 47.48
        },
        "6": {
            "name": "Right Ankle",
            "x": 60.48,
            "y": 44.98
        },
        "7": {
            "name": "Center of Body",
            "x": 41.8,
            "y": 28.88
        },
        "8": {
            "name": "Center of Shoulder",
            "x": 39.74,
            "y": 21.25
        },
        "9": {
            "name": "Neck",
            "x": 39.53,
            "y": 20.27
        },
        "10": {
            "name": "Head",
            "x": 38.32,
            "y": 17.1
        },
        "11": {
            "name": "Right Shoulder",
            "x": 43.33,
            "y": 21.05
        },
        "12": {
            "name": "Right Elbow",
            "x": 51.4,
            "y": 28.55
        },
        "13": {
            "name": "Right Wrist",
            "x": 60.56,
            "y": 33.1
        },
        "14": {
            "name": "Left Shoulder",
            "x": 35.95,
            "y": 21.79
        },
        "15": {
            "name": "Left Elbow",
            "x": 35.01,
            "y": 26.53
        },
        "16": {
            "name": "Left Wrist",
            "x": 25.1,
            "y": 24.93
        }
    },
    "keypoint_3d": {
        "0": {
            "name": "Center of Hips",
            "x": 0.0,
            "y": 0.0,
            "z": 0.5734570026397705
        },
        "1": {
            "name": "Left Hip",
            "x": 0.09326834976673126,
            "y": 0.021404577419161797,
            "z": 0.5380997061729431
        },
        "2": {
            "name": "Left Knee",
            "x": 0.011610160581767559,
            "y": 0.029453370720148087,
            "z": 0.2376628816127777
        },
        "3": {
            "name": "Left Ankle",
            "x": -0.1556478589773178,
            "y": 0.03966259956359863,
            "z": 0.0
        },
        "4": {
            "name": "Right Hip",
            "x": -0.08293088525533676,
            "y": -0.012161307036876678,
            "z": 0.6006685495376587
        },
        "5": {
            "name": "Right Knee",
            "x": -0.21665538847446442,
            "y": 0.20552660524845123,
            "z": 0.3897542655467987
        },
        "6": {
            "name": "Right Ankle",
            "x": -0.3811522424221039,
            "y": -0.01327417604625225,
            "z": 0.4054688513278961
        },
        "7": {
            "name": "Center of Body",
            "x": 0.03678058460354805,
            "y": -0.029237955808639526,
            "z": 0.7428068518638611
        },
        "8": {
            "name": "Center of Shoulder",
            "x": 0.08319593220949173,
            "y": -0.03802638500928879,
            "z": 0.9111226201057434
        },
        "9": {
            "name": "Neck",
            "x": 0.1107078269124031,
            "y": -0.006476398557424545,
            "z": 0.941282331943512
        },
        "10": {
            "name": "Head",
            "x": 0.14902928471565247,
            "y": 0.006895790807902813,
            "z": 1.0
        },
        "11": {
            "name": "Right Shoulder",
            "x": 0.019772905856370926,
            "y": -0.00037357822293415666,
            "z": 0.9147539138793945
        },
        "12": {
            "name": "Right Elbow",
            "x": -0.100576251745224,
            "y": 0.11158076673746109,
            "z": 0.7702488899230957
        },
        "13": {
            "name": "Right Wrist",
            "x": -0.2033427655696869,
            "y": 0.25017786026000977,
            "z": 0.7125272154808044
        },
        "14": {
            "name": "Left Shoulder",
            "x": 0.14899122714996338,
            "y": -0.08096624910831451,
            "z": 0.8883916735649109
        },
        "15": {
            "name": "Left Elbow",
            "x": 0.10074859112501144,
            "y": -0.2235887497663498,
            "z": 0.759623110294342
        },
        "16": {
            "name": "Left Wrist",
            "x": 0.28251200914382935,
            "y": -0.2988634407520294,
            "z": 0.78815096616745
        }
    }
}