{
    "image_path": "00005/img/12.jpg",
    "shooter_tracklet_id": 9,
    "bbox": {
        "x": 243,
        "y": 879,
        "w": 100,
        "h": 100
    },
    "keypoint_2d": {
        "0": {
            "name": "Center of Hips",
            "x": 53.65,
            "y": 42.06
        },
        "1": {
            "name": "Left Hip",
            "x": 49.68,
            "y": 44.89
        },
        "2": {
            "name": "Left Knee",
            "x": 51.38,
            "y": 60.42
        },
        "3": {
            "name": "Left Ankle",
            "x": 58.37,
            "y": 71.83
        },
        "4": {
            "name": "Right Hip",
            "x": 56.34,
            "y": 40.22
        },
        "5": {
            "name": "Right Knee",
            "x": 59.28,
            "y": 54.11
        },
        "6": {
            "name": "Right Ankle",
            "x": 64.92,
            "y": 51.8
        },
        "7": {
            "name": "Center of Body",
            "x": 49.9,
            "y": 33.83
        },
        "8": {
            "name": "Center of Shoulder",
            "x": 45.86,
            "y": 25.85
        },
        "9": {
            "name": "Neck",
            "x": 45.58,
            "y": 24.97
        },
        "10": {
            "name": "Head",
            "x": 44.24,
            "y": 22.25
        },
        "11": {
            "name": "Right Shoulder",
            "x": 50.21,
            "y": 25.53
        },
        "12": {
            "name": "Right Elbow",
            "x": 57.84,
            "y": 31.04
        },
        "13": {
            "name": "Right Wrist",
            "x": 67.51,
            "y": 33.07
        },
        "14": {
            "name": "Left Shoulder",
            "x": 41.56,
            "y": 26.43
        },
        "15": {
            "name": "Left Elbow",
            "x": 36.86,
            "y": 31.03
        },
        "16": {
            "name": "Left Wrist",
            "x": 27.85,
            "y": 31.05
        }
    },
    "keypoint_3d": {
        "0": {
            "name": "Center of Hips",
            "x": 0.0,
            "y": 0.0,
            "z": 0.5844126343727112
        },
        "1": {
            "name": "Left Hip",
            "x": 0.08935248106718063,
            "y": 0.005408280063420534,
            "z": 0.5387773513793945
        },
        "2": {
            "name": "Left Knee",
            "x": 0.06088472902774811,
            "y": 0.07802917808294296,
            "z": 0.2245948612689972
        },
        "3": {
            "name": "Left Ankle",
            "x": -0.1261836737394333,
            "y": 0.01873924396932125,
            "z": 0.0
        },
        "4": {
            "name": "Right Hip",
            "x": -0.07499674707651138,
            "y": 0.011358702555298805,
            "z": 0.6195947527885437
        },
        "5": {
            "name": "Right Knee",
            "x": -0.17562879621982574,
            "y": -0.03857927769422531,
            "z": 0.3321799337863922
        },
        "6": {
            "name": "Right Ankle",
            "x": -0.40852195024490356,
            "y": -0.22136187553405762,
            "z": 0.3242133557796478
        },
        "7": {
            "name": "Center of Body",
            "x": 0.06176598370075226,
            "y": -0.04044617339968681,
            "z": 0.7524144649505615
        },
        "8": {
            "name": "Center of Shoulder",
            "x": 0.1608951836824417,
            "y": -0.010509959422051907,
            "z": 0.9238939881324768
        },
        "9": {
            "name": "Neck",
            "x": 0.18928907811641693,
            "y": 0.031532805413007736,
            "z": 0.944694459438324
        },
        "10": {
            "name": "Head",
            "x": 0.22668619453907013,
            "y": 0.04277655854821205,
            "z": 1.0
        },
        "11": {
            "name": "Right Shoulder",
            "x": 0.08824347704648972,
            "y": 0.0483769029378891,
            "z": 0.9326964020729065
        },
        "12": {
            "name": "Right Elbow",
            "x": -0.03868037462234497,
            "y": 0.16009952127933502,
            "z": 0.8251371383666992
        },
        "13": {
            "name": "Right Wrist",
            "x": -0.2177833467721939,
            "y": 0.23175343871116638,
            "z": 0.7825838923454285
        },
        "14": {
            "name": "Left Shoulder",
            "x": 0.22566460072994232,
            "y": -0.0831991508603096,
            "z": 0.8926183581352234
        },
        "15": {
            "name": "Left Elbow",
            "x": 0.24373677372932434,
            "y": -0.24685777723789215,
            "z": 0.769891619682312
        },
        "16": {
            "name": "Left Wrist",
            "x": 0.39564958214759827,
            "y": -0.31872865557670593,
            "z": 0.7727479934692383
        }
    }
}