{
    "image_path": "00005/img/13.jpg",
    "shooter_tracklet_id": 9,
    "bbox": {
        "x": 241,
        "y": 875,
        "w": 100,
        "h": 100
    },
    "keypont_2d": {
        "0": {
            "name": "Center of Hips",
            "x": 58.86,
            "y": 41.51
        },
        "1": {
            "name": "Left Hip",
            "x": 55.36,
            "y": 43.88
        },
        "2": {
            "name": "Left Knee",
            "x": 57.64,
            "y": 59.85
        },
        "3": {
            "name": "Left Ankle",
            "x": 62.75,
            "y": 73.72
        },
        "4": {
            "name": "Right Hip",
            "x": 62.41,
            "y": 39.31
        },
        "5": {
            "name": "Right Knee",
            "x": 58.17,
            "y": 49.9
        },
        "6": {
            "name": "Right Ankle",
            "x": 54.92,
            "y": 61.52
        },
        "7": {
            "name": "Center of Body",
            "x": 54.3,
            "y": 34.07
        },
        "8": {
            "name": "Center of Shoulder",
            "x": 49.46,
            "y": 27.81
        },
        "9": {
            "name": "Neck",
            "x": 48.89,
            "y": 26.88
        },
        "10": {
            "name": "Head",
            "x": 47.39,
            "y": 24.54
        },
        "11": {
            "name": "Right Shoulder",
            "x": 52.96,
            "y": 27.5
        },
        "12": {
            "name": "Right Elbow",
            "x": 59.49,
            "y": 29.75
        },
        "13": {
            "name": "Right Wrist",
            "x": 67.23,
            "y": 32.79
        },
        "14": {
            "name": "Left Shoulder",
            "x": 44.69,
            "y": 28.48
        },
        "15": {
            "name": "Left Elbow",
            "x": 39.32,
            "y": 33.23
        },
        "16": {
            "name": "Left Wrist",
            "x": 29.9,
            "y": 34.64
        }
    },
    "keypont_3d": {
        "0": {
            "name": "Center of Hips",
            "x": 0.0,
            "y": 0.0,
            "z": 0.6156705617904663
        },
        "1": {
            "name": "Left Hip",
            "x": 0.09196988493204117,
            "y": 0.009072430431842804,
            "z": 0.572265088558197
        },
        "2": {
            "name": "Left Knee",
            "x": 0.0863475501537323,
            "y": 0.1557721197605133,
            "z": 0.26508429646492004
        },
        "3": {
            "name": "Left Ankle",
            "x": -0.06239990144968033,
            "y": 0.13284170627593994,
            "z": 0.0
        },
        "4": {
            "name": "Right Hip",
            "x": -0.08148204535245895,
            "y": -0.005981613881886005,
            "z": 0.6501818299293518
        },
        "5": {
            "name": "Right Knee",
            "x": -0.1316564977169037,
            "y": -0.19423379004001617,
            "z": 0.3827996850013733
        },
        "6": {
            "name": "Right Ankle",
            "x": -0.11688049137592316,
            "y": -0.34256306290626526,
            "z": 0.13070611655712128
        },
        "7": {
            "name": "Center of Body",
            "x": 0.07651911675930023,
            "y": -0.05973734334111214,
            "z": 0.7697400450706482
        },
        "8": {
            "name": "Center of Shoulder",
            "x": 0.19357505440711975,
            "y": -0.024145876988768578,
            "z": 0.9312258958816528
        },
        "9": {
            "name": "Neck",
            "x": 0.226130411028862,
            "y": 0.027908770367503166,
            "z": 0.9494575262069702
        },
        "10": {
            "name": "Head",
            "x": 0.2699492871761322,
            "y": 0.04972492903470993,
            "z": 1.0
        },
        "11": {
            "name": "Right Shoulder",
            "x": 0.13468557596206665,
            "y": 0.044965971261262894,
            "z": 0.9400945901870728
        },
        "12": {
            "name": "Right Elbow",
            "x": 0.004632223397493362,
            "y": 0.10242197662591934,
            "z": 0.8756424188613892
        },
        "13": {
            "name": "Right Wrist",
            "x": -0.18037736415863037,
            "y": 0.08588496595621109,
            "z": 0.8053929209709167
        },
        "14": {
            "name": "Left Shoulder",
            "x": 0.2603537142276764,
            "y": -0.10479233413934708,
            "z": 0.8918601274490356
        },
        "15": {
            "name": "Left Elbow",
            "x": 0.30516812205314636,
            "y": -0.2530161440372467,
            "z": 0.7707557082176208
        },
        "16": {
            "name": "Left Wrist",
            "x": 0.4683823585510254,
            "y": -0.3195660412311554,
            "z": 0.7558845281600952
        }
    }
}