{
    "image_path": "00005/img/14.jpg",
    "shooter_tracklet_id": 9,
    "bbox": {
        "x": 240,
        "y": 874,
        "w": 100,
        "h": 100
    },
    "keypont_2d": {
        "0": {
            "name": "Center of Hips",
            "x": 63.58,
            "y": 39.0
        },
        "1": {
            "name": "Left Hip",
            "x": 61.1,
            "y": 41.75
        },
        "2": {
            "name": "Left Knee",
            "x": 63.37,
            "y": 56.24
        },
        "3": {
            "name": "Left Ankle",
            "x": 65.02,
            "y": 72.18
        },
        "4": {
            "name": "Right Hip",
            "x": 65.3,
            "y": 37.09
        },
        "5": {
            "name": "Right Knee",
            "x": 56.1,
            "y": 54.36
        },
        "6": {
            "name": "Right Ankle",
            "x": 51.51,
            "y": 62.61
        },
        "7": {
            "name": "Center of Body",
            "x": 56.85,
            "y": 32.39
        },
        "8": {
            "name": "Center of Shoulder",
            "x": 50.31,
            "y": 26.8
        },
        "9": {
            "name": "Neck",
            "x": 49.46,
            "y": 26.25
        },
        "10": {
            "name": "Head",
            "x": 47.57,
            "y": 24.91
        },
        "11": {
            "name": "Right Shoulder",
            "x": 52.63,
            "y": 25.83
        },
        "12": {
            "name": "Right Elbow",
            "x": 61.42,
            "y": 27.03
        },
        "13": {
            "name": "Right Wrist",
            "x": 69.67,
            "y": 27.03
        },
        "14": {
            "name": "Left Shoulder",
            "x": 46.75,
            "y": 28.91
        },
        "15": {
            "name": "Left Elbow",
            "x": 42.42,
            "y": 35.75
        },
        "16": {
            "name": "Left Wrist",
            "x": 34.51,
            "y": 38.39
        }
    },
    "keypont_3d": {
        "0": {
            "name": "Center of Hips",
            "x": 0.0,
            "y": 0.0,
            "z": 0.6560547351837158
        },
        "1": {
            "name": "Left Hip",
            "x": 0.06032475084066391,
            "y": -0.046203456819057465,
            "z": 0.5953067541122437
        },
        "2": {
            "name": "Left Knee",
            "x": 0.04349030926823616,
            "y": 0.1546548753976822,
            "z": 0.3212084174156189
        },
        "3": {
            "name": "Left Ankle",
            "x": -0.0032178470864892006,
            "y": 0.18508028984069824,
            "z": 0.0
        },
        "4": {
            "name": "Right Hip",
            "x": -0.05451725050806999,
            "y": 0.024505799636244774,
            "z": 0.695533812046051
        },
        "5": {
            "name": "Right Knee",
            "x": 0.03207952156662941,
            "y": -0.14962534606456757,
            "z": 0.35849088430404663
        },
        "6": {
            "name": "Right Ankle",
            "x": 0.0185531172901392,
            "y": -0.35396575927734375,
            "z": 0.11064574867486954
        },
        "7": {
            "name": "Center of Body",
            "x": 0.10279440879821777,
            "y": -0.06786005198955536,
            "z": 0.793807327747345
        },
        "8": {
            "name": "Center of Shoulder",
            "x": 0.25010746717453003,
            "y": -0.03362436965107918,
            "z": 0.9386082887649536
        },
        "9": {
            "name": "Neck",
            "x": 0.28434428572654724,
            "y": 0.017637696117162704,
            "z": 0.955252468585968
        },
        "10": {
            "name": "Head",
            "x": 0.3378499150276184,
            "y": 0.03556830435991287,
            "z": 1.0
        },
        "11": {
            "name": "Right Shoulder",
            "x": 0.2091495543718338,
            "y": 0.03277307376265526,
            "z": 0.9582246541976929
        },
        "12": {
            "name": "Right Elbow",
            "x": 0.052356310188770294,
            "y": 0.05191574618220329,
            "z": 0.9266228675842285
        },
        "13": {
            "name": "Right Wrist",
            "x": -0.14686642587184906,
            "y": 0.03783676400780678,
            "z": 0.8755465745925903
        },
        "14": {
            "name": "Left Shoulder",
            "x": 0.30314117670059204,
            "y": -0.11996197700500488,
            "z": 0.8823732733726501
        },
        "15": {
            "name": "Left Elbow",
            "x": 0.34814366698265076,
            "y": -0.2639617919921875,
            "z": 0.7335824966430664
        },
        "16": {
            "name": "Left Wrist",
            "x": 0.49907800555229187,
            "y": -0.3267967700958252,
            "z": 0.6849251985549927
        }
    }
}