{
    "image_path": "00005/img/15.jpg",
    "shooter_tracklet_id": 9,
    "bbox": {
        "x": 240,
        "y": 878,
        "w": 100,
        "h": 100
    },
    "keypont_2d": {
        "0": {
            "name": "Center of Hips",
            "x": 60.09,
            "y": 37.71
        },
        "1": {
            "name": "Left Hip",
            "x": 59.39,
            "y": 40.16
        },
        "2": {
            "name": "Left Knee",
            "x": 60.79,
            "y": 56.71
        },
        "3": {
            "name": "Left Ankle",
            "x": 61.6,
            "y": 72.13
        },
        "4": {
            "name": "Right Hip",
            "x": 60.75,
            "y": 35.7
        },
        "5": {
            "name": "Right Knee",
            "x": 50.71,
            "y": 52.44
        },
        "6": {
            "name": "Right Ankle",
            "x": 43.27,
            "y": 64.41
        },
        "7": {
            "name": "Center of Body",
            "x": 52.77,
            "y": 31.79
        },
        "8": {
            "name": "Center of Shoulder",
            "x": 46.32,
            "y": 26.65
        },
        "9": {
            "name": "Neck",
            "x": 45.6,
            "y": 26.03
        },
        "10": {
            "name": "Head",
            "x": 42.98,
            "y": 24.59
        },
        "11": {
            "name": "Right Shoulder",
            "x": 49.57,
            "y": 23.27
        },
        "12": {
            "name": "Right Elbow",
            "x": 59.04,
            "y": 22.86
        },
        "13": {
            "name": "Right Wrist",
            "x": 66.35,
            "y": 22.73
        },
        "14": {
            "name": "Left Shoulder",
            "x": 42.95,
            "y": 31.08
        },
        "15": {
            "name": "Left Elbow",
            "x": 44.94,
            "y": 36.16
        },
        "16": {
            "name": "Left Wrist",
            "x": 42.39,
            "y": 27.6
        }
    },
    "keypont_3d": {
        "0": {
            "name": "Center of Hips",
            "x": 0.0,
            "y": 0.0,
            "z": 0.6942058801651001
        },
        "1": {
            "name": "Left Hip",
            "x": -0.0030745200347155333,
            "y": -0.07595182210206985,
            "z": 0.6258799433708191
        },
        "2": {
            "name": "Left Knee",
            "x": 0.011175394058227539,
            "y": 0.0868692547082901,
            "z": 0.3257400095462799
        },
        "3": {
            "name": "Left Ankle",
            "x": 0.0030876414384692907,
            "y": 0.161203533411026,
            "z": 0.0
        },
        "4": {
            "name": "Right Hip",
            "x": -0.010485699400305748,
            "y": 0.0538446307182312,
            "z": 0.7425344586372375
        },
        "5": {
            "name": "Right Knee",
            "x": 0.14618101716041565,
            "y": -0.08135545998811722,
            "z": 0.3757205307483673
        },
        "6": {
            "name": "Right Ankle",
            "x": 0.21816405653953552,
            "y": -0.25588762760162354,
            "z": 0.11294292658567429
        },
        "7": {
            "name": "Center of Body",
            "x": 0.12352044880390167,
            "y": -0.08414175361394882,
            "z": 0.8128411173820496
        },
        "8": {
            "name": "Center of Shoulder",
            "x": 0.28645530343055725,
            "y": -0.07828465849161148,
            "z": 0.9430710673332214
        },
        "9": {
            "name": "Neck",
            "x": 0.3267506957054138,
            "y": -0.024466948583722115,
            "z": 0.9535144567489624
        },
        "10": {
            "name": "Head",
            "x": 0.3861231505870819,
            "y": -0.02274954877793789,
            "z": 0.9947121143341064
        },
        "11": {
            "name": "Right Shoulder",
            "x": 0.2465977668762207,
            "y": -0.021835729479789734,
            "z": 0.9966500401496887
        },
        "12": {
            "name": "Right Elbow",
            "x": 0.05061616376042366,
            "y": 0.03954596072435379,
            "z": 1.0
        },
        "13": {
            "name": "Right Wrist",
            "x": -0.13193410634994507,
            "y": 0.045265112072229385,
            "z": 0.9765952229499817
        },
        "14": {
            "name": "Left Shoulder",
            "x": 0.30451124906539917,
            "y": -0.1619381457567215,
            "z": 0.8463142514228821
        },
        "15": {
            "name": "Left Elbow",
            "x": 0.2611890137195587,
            "y": -0.2596811056137085,
            "z": 0.6966318488121033
        },
        "16": {
            "name": "Left Wrist",
            "x": 0.3433155417442322,
            "y": -0.17422550916671753,
            "z": 0.8881310820579529
        }
    }
}