{
    "image_path": "00005/img/17.jpg",
    "shooter_tracklet_id": 9,
    "bbox": {
        "x": 241,
        "y": 885,
        "w": 100,
        "h": 100
    },
    "keypoint_2d": {
        "0": {
            "name": "Center of Hips",
            "x": 55.84,
            "y": 37.96
        },
        "1": {
            "name": "Left Hip",
            "x": 55.01,
            "y": 40.71
        },
        "2": {
            "name": "Left Knee",
            "x": 54.03,
            "y": 54.95
        },
        "3": {
            "name": "Left Ankle",
            "x": 56.22,
            "y": 70.29
        },
        "4": {
            "name": "Right Hip",
            "x": 56.89,
            "y": 34.86
        },
        "5": {
            "name": "Right Knee",
            "x": 45.37,
            "y": 49.16
        },
        "6": {
            "name": "Right Ankle",
            "x": 45.24,
            "y": 61.6
        },
        "7": {
            "name": "Center of Body",
            "x": 51.34,
            "y": 28.75
        },
        "8": {
            "name": "Center of Shoulder",
            "x": 44.56,
            "y": 22.19
        },
        "9": {
            "name": "Neck",
            "x": 43.48,
            "y": 21.5
        },
        "10": {
            "name": "Head",
            "x": 39.93,
            "y": 20.42
        },
        "11": {
            "name": "Right Shoulder",
            "x": 46.64,
            "y": 19.35
        },
        "12": {
            "name": "Right Elbow",
            "x": 54.17,
            "y": 17.79
        },
        "13": {
            "name": "Right Wrist",
            "x": 59.59,
            "y": 13.01
        },
        "14": {
            "name": "Left Shoulder",
            "x": 42.65,
            "y": 26.23
        },
        "15": {
            "name": "Left Elbow",
            "x": 42.89,
            "y": 35.67
        },
        "16": {
            "name": "Left Wrist",
            "x": 40.36,
            "y": 28.97
        }
    },
    "keypoint_3d": {
        "0": {
            "name": "Center of Hips",
            "x": 0.0,
            "y": 0.0,
            "z": 0.5765596628189087
        },
        "1": {
            "name": "Left Hip",
            "x": -0.011399330571293831,
            "y": -0.07532814145088196,
            "z": 0.5121241211891174
        },
        "2": {
            "name": "Left Knee",
            "x": 0.012764805927872658,
            "y": -0.0036761630326509476,
            "z": 0.2605781555175781
        },
        "3": {
            "name": "Left Ankle",
            "x": 0.0013566076522693038,
            "y": 0.07059825956821442,
            "z": 0.0
        },
        "4": {
            "name": "Right Hip",
            "x": -0.011477140709757805,
            "y": 0.048278022557497025,
            "z": 0.620477557182312
        },
        "5": {
            "name": "Right Knee",
            "x": 0.13622653484344482,
            "y": -0.102347731590271,
            "z": 0.3451405465602875
        },
        "6": {
            "name": "Right Ankle",
            "x": 0.10780160874128342,
            "y": -0.2063530683517456,
            "z": 0.10871168226003647
        },
        "7": {
            "name": "Center of Body",
            "x": 0.0646563321352005,
            "y": -0.06525778025388718,
            "z": 0.708260178565979
        },
        "8": {
            "name": "Center of Shoulder",
            "x": 0.1845964938402176,
            "y": -0.08420106768608093,
            "z": 0.8271819353103638
        },
        "9": {
            "name": "Neck",
            "x": 0.21624070405960083,
            "y": -0.06269849091768265,
            "z": 0.8388152718544006
        },
        "10": {
            "name": "Head",
            "x": 0.27000465989112854,
            "y": -0.09289354830980301,
            "z": 0.8623690009117126
        },
        "11": {
            "name": "Right Shoulder",
            "x": 0.1481778919696808,
            "y": -0.07821488380432129,
            "z": 0.8742026090621948
        },
        "12": {
            "name": "Right Elbow",
            "x": 0.0005381613736972213,
            "y": -0.0789160430431366,
            "z": 0.8843833208084106
        },
        "13": {
            "name": "Right Wrist",
            "x": -0.04266386106610298,
            "y": 0.06416972726583481,
            "z": 1.0
        },
        "14": {
            "name": "Left Shoulder",
            "x": 0.19430392980575562,
            "y": -0.15143391489982605,
            "z": 0.7447772026062012
        },
        "15": {
            "name": "Left Elbow",
            "x": 0.1697939783334732,
            "y": -0.1447538584470749,
            "z": 0.5788620710372925
        },
        "16": {
            "name": "Left Wrist",
            "x": 0.22478991746902466,
            "y": -0.024135766550898552,
            "z": 0.6801282167434692
        }
    }
}