{
    "image_path": "00005/img/18.jpg",
    "shooter_tracklet_id": 9,
    "bbox": {
        "x": 242,
        "y": 889,
        "w": 100,
        "h": 100
    },
    "keypoint_2d": {
        "0": {
            "name": "Center of Hips",
            "x": 54.45,
            "y": 36.54
        },
        "1": {
            "name": "Left Hip",
            "x": 52.47,
            "y": 39.71
        },
        "2": {
            "name": "Left Knee",
            "x": 51.75,
            "y": 54.52
        },
        "3": {
            "name": "Left Ankle",
            "x": 53.44,
            "y": 69.26
        },
        "4": {
            "name": "Right Hip",
            "x": 56.16,
            "y": 33.66
        },
        "5": {
            "name": "Right Knee",
            "x": 43.77,
            "y": 49.65
        },
        "6": {
            "name": "Right Ankle",
            "x": 46.74,
            "y": 62.43
        },
        "7": {
            "name": "Center of Body",
            "x": 49.68,
            "y": 27.68
        },
        "8": {
            "name": "Center of Shoulder",
            "x": 43.22,
            "y": 20.41
        },
        "9": {
            "name": "Neck",
            "x": 42.69,
            "y": 19.85
        },
        "10": {
            "name": "Head",
            "x": 38.86,
            "y": 19.03
        },
        "11": {
            "name": "Right Shoulder",
            "x": 45.58,
            "y": 18.09
        },
        "12": {
            "name": "Right Elbow",
            "x": 53.87,
            "y": 16.16
        },
        "13": {
            "name": "Right Wrist",
            "x": 59.11,
            "y": 12.39
        },
        "14": {
            "name": "Left Shoulder",
            "x": 40.94,
            "y": 24.26
        },
        "15": {
            "name": "Left Elbow",
            "x": 42.88,
            "y": 35.44
        },
        "16": {
            "name": "Left Wrist",
            "x": 40.11,
            "y": 42.08
        }
    },
    "keypoint_3d": {
        "0": {
            "name": "Center of Hips",
            "x": 0.0,
            "y": 0.0,
            "z": 0.5721036791801453
        },
        "1": {
            "name": "Left Hip",
            "x": -0.007000022567808628,
            "y": -0.07894264906644821,
            "z": 0.5099648833274841
        },
        "2": {
            "name": "Left Knee",
            "x": 0.012090818025171757,
            "y": -0.023853572085499763,
            "z": 0.25543588399887085
        },
        "3": {
            "name": "Left Ankle",
            "x": -0.0036028563044965267,
            "y": 0.034321896731853485,
            "z": 0.0
        },
        "4": {
            "name": "Right Hip",
            "x": -0.0147732924669981,
            "y": 0.05179698020219803,
            "z": 0.6150558590888977
        },
        "5": {
            "name": "Right Knee",
            "x": 0.1359959989786148,
            "y": -0.0875927209854126,
            "z": 0.34460896253585815
        },
        "6": {
            "name": "Right Ankle",
            "x": 0.07399073243141174,
            "y": -0.16452820599079132,
            "z": 0.09929843991994858
        },
        "7": {
            "name": "Center of Body",
            "x": 0.05641048774123192,
            "y": -0.062306661158800125,
            "z": 0.7073422074317932
        },
        "8": {
            "name": "Center of Shoulder",
            "x": 0.16788341104984283,
            "y": -0.08660978823900223,
            "z": 0.8348013162612915
        },
        "9": {
            "name": "Neck",
            "x": 0.19786730408668518,
            "y": -0.06067505106329918,
            "z": 0.848846971988678
        },
        "10": {
            "name": "Head",
            "x": 0.2535204589366913,
            "y": -0.0932377353310585,
            "z": 0.8723841905593872
        },
        "11": {
            "name": "Right Shoulder",
            "x": 0.13097724318504333,
            "y": -0.07962241768836975,
            "z": 0.8818225264549255
        },
        "12": {
            "name": "Right Elbow",
            "x": -0.013886175118386745,
            "y": -0.0597187839448452,
            "z": 0.8905788064002991
        },
        "13": {
            "name": "Right Wrist",
            "x": -0.04789965972304344,
            "y": 0.09727783501148224,
            "z": 1.0
        },
        "14": {
            "name": "Left Shoulder",
            "x": 0.1846083104610443,
            "y": -0.14573237299919128,
            "z": 0.7569079399108887
        },
        "15": {
            "name": "Left Elbow",
            "x": 0.15828678011894226,
            "y": -0.1299820840358734,
            "z": 0.566628098487854
        },
        "16": {
            "name": "Left Wrist",
            "x": 0.24495358765125275,
            "y": -0.03650340810418129,
            "z": 0.5004134774208069
        }
    }
}