{
    "image_path": "00005/img/19.jpg",
    "shooter_tracklet_id": 9,
    "bbox": {
        "x": 241,
        "y": 892,
        "w": 100,
        "h": 100
    },
    "keypoint_2d": {
        "0": {
            "name": "Center of Hips",
            "x": 55.34,
            "y": 36.99
        },
        "1": {
            "name": "Left Hip",
            "x": 52.98,
            "y": 38.93
        },
        "2": {
            "name": "Left Knee",
            "x": 50.68,
            "y": 54.72
        },
        "3": {
            "name": "Left Ankle",
            "x": 52.65,
            "y": 69.26
        },
        "4": {
            "name": "Right Hip",
            "x": 57.6,
            "y": 35.42
        },
        "5": {
            "name": "Right Knee",
            "x": 43.3,
            "y": 51.22
        },
        "6": {
            "name": "Right Ankle",
            "x": 47.08,
            "y": 61.05
        },
        "7": {
            "name": "Center of Body",
            "x": 50.74,
            "y": 28.57
        },
        "8": {
            "name": "Center of Shoulder",
            "x": 43.99,
            "y": 21.72
        },
        "9": {
            "name": "Neck",
            "x": 42.96,
            "y": 20.9
        },
        "10": {
            "name": "Head",
            "x": 40.23,
            "y": 19.22
        },
        "11": {
            "name": "Right Shoulder",
            "x": 45.3,
            "y": 19.54
        },
        "12": {
            "name": "Right Elbow",
            "x": 57.5,
            "y": 20.06
        },
        "13": {
            "name": "Right Wrist",
            "x": 62.49,
            "y": 16.25
        },
        "14": {
            "name": "Left Shoulder",
            "x": 42.68,
            "y": 24.39
        },
        "15": {
            "name": "Left Elbow",
            "x": 44.02,
            "y": 37.15
        },
        "16": {
            "name": "Left Wrist",
            "x": 38.26,
            "y": 46.32
        }
    },
    "keypoint_3d": {
        "0": {
            "name": "Center of Hips",
            "x": 0.0,
            "y": 0.0,
            "z": 0.5854158401489258
        },
        "1": {
            "name": "Left Hip",
            "x": 0.0024664271622896194,
            "y": -0.08725915849208832,
            "z": 0.5305057168006897
        },
        "2": {
            "name": "Left Knee",
            "x": 0.03435651212930679,
            "y": -0.058375801891088486,
            "z": 0.26156482100486755
        },
        "3": {
            "name": "Left Ankle",
            "x": 0.010792454704642296,
            "y": -0.005388518795371056,
            "z": 0.0
        },
        "4": {
            "name": "Right Hip",
            "x": -0.016542306169867516,
            "y": 0.06611943989992142,
            "z": 0.6235476136207581
        },
        "5": {
            "name": "Right Knee",
            "x": 0.18333549797534943,
            "y": -0.02728407084941864,
            "z": 0.34803497791290283
        },
        "6": {
            "name": "Right Ankle",
            "x": 0.06778673082590103,
            "y": -0.13283473253250122,
            "z": 0.1188185065984726
        },
        "7": {
            "name": "Center of Body",
            "x": 0.05896052345633507,
            "y": -0.06376810371875763,
            "z": 0.7265836000442505
        },
        "8": {
            "name": "Center of Shoulder",
            "x": 0.17368167638778687,
            "y": -0.08825825899839401,
            "z": 0.8560087084770203
        },
        "9": {
            "name": "Neck",
            "x": 0.20909561216831207,
            "y": -0.06534210592508316,
            "z": 0.8719139695167542
        },
        "10": {
            "name": "Head",
            "x": 0.2580270767211914,
            "y": -0.09489098191261292,
            "z": 0.8990897536277771
        },
        "11": {
            "name": "Right Shoulder",
            "x": 0.15372273325920105,
            "y": -0.057004235684871674,
            "z": 0.9003201723098755
        },
        "12": {
            "name": "Right Elbow",
            "x": -0.024355167523026466,
            "y": 0.02997603639960289,
            "z": 0.9003995656967163
        },
        "13": {
            "name": "Right Wrist",
            "x": -0.051858946681022644,
            "y": 0.20378544926643372,
            "z": 1.0
        },
        "14": {
            "name": "Left Shoulder",
            "x": 0.1829984486103058,
            "y": -0.15160711109638214,
            "z": 0.7841554284095764
        },
        "15": {
            "name": "Left Elbow",
            "x": 0.158913254737854,
            "y": -0.13203047215938568,
            "z": 0.5704222917556763
        },
        "16": {
            "name": "Left Wrist",
            "x": 0.25903043150901794,
            "y": -0.0814412459731102,
            "z": 0.4380117654800415
        }
    }
}