{
    "image_path": "00005/img/20.jpg",
    "shooter_tracklet_id": 9,
    "bbox": {
        "x": 242,
        "y": 894,
        "w": 100,
        "h": 100
    },
    "keypont_2d": {
        "0": {
            "name": "Center of Hips",
            "x": 56.63,
            "y": 34.97
        },
        "1": {
            "name": "Left Hip",
            "x": 55.05,
            "y": 37.23
        },
        "2": {
            "name": "Left Knee",
            "x": 52.88,
            "y": 55.31
        },
        "3": {
            "name": "Left Ankle",
            "x": 54.6,
            "y": 68.08
        },
        "4": {
            "name": "Right Hip",
            "x": 52.49,
            "y": 36.54
        },
        "5": {
            "name": "Right Knee",
            "x": 45.39,
            "y": 53.47
        },
        "6": {
            "name": "Right Ankle",
            "x": 51.35,
            "y": 66.63
        },
        "7": {
            "name": "Center of Body",
            "x": 53.61,
            "y": 26.82
        },
        "8": {
            "name": "Center of Shoulder",
            "x": 48.42,
            "y": 20.86
        },
        "9": {
            "name": "Neck",
            "x": 46.36,
            "y": 20.52
        },
        "10": {
            "name": "Head",
            "x": 43.86,
            "y": 18.6
        },
        "11": {
            "name": "Right Shoulder",
            "x": 45.51,
            "y": 22.66
        },
        "12": {
            "name": "Right Elbow",
            "x": 47.55,
            "y": 36.2
        },
        "13": {
            "name": "Right Wrist",
            "x": 38.1,
            "y": 38.4
        },
        "14": {
            "name": "Left Shoulder",
            "x": 48.45,
            "y": 23.35
        },
        "15": {
            "name": "Left Elbow",
            "x": 44.72,
            "y": 34.6
        },
        "16": {
            "name": "Left Wrist",
            "x": 38.28,
            "y": 43.74
        }
    },
    "keypont_3d": {
        "0": {
            "name": "Center of Hips",
            "x": 0.0,
            "y": 0.0,
            "z": 0.6491892337799072
        },
        "1": {
            "name": "Left Hip",
            "x": -0.031204374507069588,
            "y": -0.09831317514181137,
            "z": 0.6036214232444763
        },
        "2": {
            "name": "Left Knee",
            "x": 0.01808621734380722,
            "y": -0.06864050775766373,
            "z": 0.28088945150375366
        },
        "3": {
            "name": "Left Ankle",
            "x": -0.03702613711357117,
            "y": -0.058945391327142715,
            "z": 0.0
        },
        "4": {
            "name": "Right Hip",
            "x": 0.04231155291199684,
            "y": 0.07475116103887558,
            "z": 0.6705771684646606
        },
        "5": {
            "name": "Right Knee",
            "x": 0.19099287688732147,
            "y": -0.027129963040351868,
            "z": 0.34252360463142395
        },
        "6": {
            "name": "Right Ankle",
            "x": 0.044689737260341644,
            "y": -0.08147287368774414,
            "z": 0.07887006551027298
        },
        "7": {
            "name": "Center of Body",
            "x": 0.04470565915107727,
            "y": -0.05305121839046478,
            "z": 0.8244335055351257
        },
        "8": {
            "name": "Center of Shoulder",
            "x": 0.13641291856765747,
            "y": -0.0936586782336235,
            "z": 0.9575656056404114
        },
        "9": {
            "name": "Neck",
            "x": 0.167751744389534,
            "y": -0.11874660104513168,
            "z": 0.9596896171569824
        },
        "10": {
            "name": "Head",
            "x": 0.21763822436332703,
            "y": -0.13300934433937073,
            "z": 1.0
        },
        "11": {
            "name": "Right Shoulder",
            "x": 0.19068847596645355,
            "y": -0.04187712445855141,
            "z": 0.9314142465591431
        },
        "12": {
            "name": "Right Elbow",
            "x": 0.1741407960653305,
            "y": 0.009190895594656467,
            "z": 0.6789631843566895
        },
        "13": {
            "name": "Right Wrist",
            "x": 0.3216198980808258,
            "y": -0.06967216730117798,
            "z": 0.6183574199676514
        },
        "14": {
            "name": "Left Shoulder",
            "x": 0.10646671801805496,
            "y": -0.16530978679656982,
            "z": 0.8846214413642883
        },
        "15": {
            "name": "Left Elbow",
            "x": 0.14933399856090546,
            "y": -0.17001627385616302,
            "z": 0.6531462073326111
        },
        "16": {
            "name": "Left Wrist",
            "x": 0.2684458792209625,
            "y": -0.16979268193244934,
            "z": 0.48980268836021423
        }
    }
}