{
    "image_path": "00008/img/1.jpg",
    "shooter_tracklet_id": 5,
    "bbox": {
        "x": 336,
        "y": 191,
        "w": 100,
        "h": 100
    },
    "keypont_2d": {
        "0": {
            "name": "Center of Hips",
            "x": 58.88,
            "y": 48.34
        },
        "1": {
            "name": "Left Hip",
            "x": 62.36,
            "y": 47.73
        },
        "2": {
            "name": "Left Knee",
            "x": 56.01,
            "y": 66.14
        },
        "3": {
            "name": "Left Ankle",
            "x": 38.22,
            "y": 75.58
        },
        "4": {
            "name": "Right Hip",
            "x": 54.66,
            "y": 48.96
        },
        "5": {
            "name": "Right Knee",
            "x": 66.07,
            "y": 58.9
        },
        "6": {
            "name": "Right Ankle",
            "x": 63.74,
            "y": 75.71
        },
        "7": {
            "name": "Center of Body",
            "x": 59.2,
            "y": 39.63
        },
        "8": {
            "name": "Center of Shoulder",
            "x": 62.67,
            "y": 27.89
        },
        "9": {
            "name": "Neck",
            "x": 63.19,
            "y": 25.85
        },
        "10": {
            "name": "Head",
            "x": 64.21,
            "y": 22.07
        },
        "11": {
            "name": "Right Shoulder",
            "x": 58.59,
            "y": 26.99
        },
        "12": {
            "name": "Right Elbow",
            "x": 47.55,
            "y": 34.23
        },
        "13": {
            "name": "Right Wrist",
            "x": 36.75,
            "y": 41.35
        },
        "14": {
            "name": "Left Shoulder",
            "x": 66.46,
            "y": 28.71
        },
        "15": {
            "name": "Left Elbow",
            "x": 73.1,
            "y": 32.6
        },
        "16": {
            "name": "Left Wrist",
            "x": 76.48,
            "y": 37.3
        }
    },
    "keypont_3d": {
        "0": {
            "name": "Center of Hips",
            "x": 0.0,
            "y": 0.0,
            "z": 0.5273198485374451
        },
        "1": {
            "name": "Left Hip",
            "x": -0.02712528593838215,
            "y": 0.10217776894569397,
            "z": 0.5478903651237488
        },
        "2": {
            "name": "Left Knee",
            "x": 0.06449080258607864,
            "y": 0.04157840088009834,
            "z": 0.21304020285606384
        },
        "3": {
            "name": "Left Ankle",
            "x": 0.3823472261428833,
            "y": -0.022123213857412338,
            "z": 0.022663725540041924
        },
        "4": {
            "name": "Right Hip",
            "x": 0.02907586097717285,
            "y": -0.09463020414113998,
            "z": 0.5110324025154114
        },
        "5": {
            "name": "Right Knee",
            "x": -0.1865428388118744,
            "y": -0.09371635317802429,
            "z": 0.30519574880599976
        },
        "6": {
            "name": "Right Ankle",
            "x": -0.13450510799884796,
            "y": -0.013097243383526802,
            "z": 0.0
        },
        "7": {
            "name": "Center of Body",
            "x": -0.008472451008856297,
            "y": 0.0069552697241306305,
            "z": 0.7045279741287231
        },
        "8": {
            "name": "Center of Shoulder",
            "x": -0.05270262062549591,
            "y": 0.015165680088102818,
            "z": 0.8963447213172913
        },
        "9": {
            "name": "Neck",
            "x": -0.08043903112411499,
            "y": -0.01240987703204155,
            "z": 0.9241836071014404
        },
        "10": {
            "name": "Head",
            "x": -0.0914166122674942,
            "y": 0.009553222917020321,
            "z": 1.0
        },
        "11": {
            "name": "Right Shoulder",
            "x": 0.00726984441280365,
            "y": -0.029684754088521004,
            "z": 0.8969004154205322
        },
        "12": {
            "name": "Right Elbow",
            "x": 0.2183646410703659,
            "y": -0.0359254889190197,
            "z": 0.7817917466163635
        },
        "13": {
            "name": "Right Wrist",
            "x": 0.3957127034664154,
            "y": -0.09603990614414215,
            "z": 0.666191577911377
        },
        "14": {
            "name": "Left Shoulder",
            "x": -0.08942095190286636,
            "y": 0.12441571801900864,
            "z": 0.8982571363449097
        },
        "15": {
            "name": "Left Elbow",
            "x": -0.16280941665172577,
            "y": 0.2663961946964264,
            "z": 0.8647106289863586
        },
        "16": {
            "name": "Left Wrist",
            "x": -0.2673121988773346,
            "y": 0.1743667870759964,
            "z": 0.7404479384422302
        }
    }
}