{
    "image_path": "00008/img/2.jpg",
    "shooter_tracklet_id": 5,
    "bbox": {
        "x": 337,
        "y": 195,
        "w": 100,
        "h": 100
    },
    "keypont_2d": {
        "0": {
            "name": "Center of Hips",
            "x": 59.57,
            "y": 46.67
        },
        "1": {
            "name": "Left Hip",
            "x": 63.33,
            "y": 45.99
        },
        "2": {
            "name": "Left Knee",
            "x": 52.8,
            "y": 65.89
        },
        "3": {
            "name": "Left Ankle",
            "x": 35.51,
            "y": 73.1
        },
        "4": {
            "name": "Right Hip",
            "x": 55.68,
            "y": 47.28
        },
        "5": {
            "name": "Right Knee",
            "x": 67.01,
            "y": 59.98
        },
        "6": {
            "name": "Right Ankle",
            "x": 66.76,
            "y": 77.53
        },
        "7": {
            "name": "Center of Body",
            "x": 60.2,
            "y": 36.67
        },
        "8": {
            "name": "Center of Shoulder",
            "x": 61.23,
            "y": 25.77
        },
        "9": {
            "name": "Neck",
            "x": 62.23,
            "y": 24.17
        },
        "10": {
            "name": "Head",
            "x": 64.27,
            "y": 21.31
        },
        "11": {
            "name": "Right Shoulder",
            "x": 57.18,
            "y": 25.8
        },
        "12": {
            "name": "Right Elbow",
            "x": 48.54,
            "y": 32.7
        },
        "13": {
            "name": "Right Wrist",
            "x": 35.75,
            "y": 38.48
        },
        "14": {
            "name": "Left Shoulder",
            "x": 65.38,
            "y": 25.68
        },
        "15": {
            "name": "Left Elbow",
            "x": 70.22,
            "y": 27.26
        },
        "16": {
            "name": "Left Wrist",
            "x": 75.8,
            "y": 26.02
        }
    },
    "keypont_3d": {
        "0": {
            "name": "Center of Hips",
            "x": 0.0,
            "y": 0.0,
            "z": 0.5445126295089722
        },
        "1": {
            "name": "Left Hip",
            "x": -0.025333013385534286,
            "y": 0.10044050216674805,
            "z": 0.5657545924186707
        },
        "2": {
            "name": "Left Knee",
            "x": 0.1030392199754715,
            "y": 0.043667737394571304,
            "z": 0.23016329109668732
        },
        "3": {
            "name": "Left Ankle",
            "x": 0.4001424014568329,
            "y": -0.04272131994366646,
            "z": 0.05247198045253754
        },
        "4": {
            "name": "Right Hip",
            "x": 0.02576635219156742,
            "y": -0.0958058312535286,
            "z": 0.5251652002334595
        },
        "5": {
            "name": "Right Knee",
            "x": -0.17259623110294342,
            "y": -0.0734110027551651,
            "z": 0.305379718542099
        },
        "6": {
            "name": "Right Ankle",
            "x": -0.14130640029907227,
            "y": 0.014449826441705227,
            "z": 0.0
        },
        "7": {
            "name": "Center of Body",
            "x": -0.00939925853163004,
            "y": -0.009749969467520714,
            "z": 0.7231505513191223
        },
        "8": {
            "name": "Center of Shoulder",
            "x": -0.0431051030755043,
            "y": -0.017239680513739586,
            "z": 0.9074842929840088
        },
        "9": {
            "name": "Neck",
            "x": -0.07862444221973419,
            "y": -0.05406421050429344,
            "z": 0.930558443069458
        },
        "10": {
            "name": "Head",
            "x": -0.10002870112657547,
            "y": -0.028112299740314484,
            "z": 1.0
        },
        "11": {
            "name": "Right Shoulder",
            "x": 0.01415732316672802,
            "y": -0.06055010110139847,
            "z": 0.9058068990707397
        },
        "12": {
            "name": "Right Elbow",
            "x": 0.22297798097133636,
            "y": -0.018229207023978233,
            "z": 0.8022136688232422
        },
        "13": {
            "name": "Right Wrist",
            "x": 0.4206469655036926,
            "y": -0.07555066794157028,
            "z": 0.7026144862174988
        },
        "14": {
            "name": "Left Shoulder",
            "x": -0.08550804853439331,
            "y": 0.08289448916912079,
            "z": 0.9229725003242493
        },
        "15": {
            "name": "Left Elbow",
            "x": -0.12042684108018875,
            "y": 0.24786324799060822,
            "z": 0.9217649102210999
        },
        "16": {
            "name": "Left Wrist",
            "x": -0.20673778653144836,
            "y": 0.293483167886734,
            "z": 0.9066959023475647
        }
    }
}