{
    "image_path": "00008/img/3.jpg",
    "shooter_tracklet_id": 5,
    "bbox": {
        "x": 338,
        "y": 200,
        "w": 100,
        "h": 100
    },
    "keypont_2d": {
        "0": {
            "name": "Center of Hips",
            "x": 59.03,
            "y": 46.54
        },
        "1": {
            "name": "Left Hip",
            "x": 63.73,
            "y": 46.65
        },
        "2": {
            "name": "Left Knee",
            "x": 51.17,
            "y": 64.33
        },
        "3": {
            "name": "Left Ankle",
            "x": 32.3,
            "y": 70.68
        },
        "4": {
            "name": "Right Hip",
            "x": 53.17,
            "y": 46.88
        },
        "5": {
            "name": "Right Knee",
            "x": 64.62,
            "y": 58.04
        },
        "6": {
            "name": "Right Ankle",
            "x": 64.72,
            "y": 78.38
        },
        "7": {
            "name": "Center of Body",
            "x": 59.54,
            "y": 37.05
        },
        "8": {
            "name": "Center of Shoulder",
            "x": 60.23,
            "y": 26.47
        },
        "9": {
            "name": "Neck",
            "x": 60.28,
            "y": 25.64
        },
        "10": {
            "name": "Head",
            "x": 61.76,
            "y": 23.85
        },
        "11": {
            "name": "Right Shoulder",
            "x": 55.6,
            "y": 27.08
        },
        "12": {
            "name": "Right Elbow",
            "x": 45.54,
            "y": 34.14
        },
        "13": {
            "name": "Right Wrist",
            "x": 35.35,
            "y": 38.82
        },
        "14": {
            "name": "Left Shoulder",
            "x": 63.64,
            "y": 25.73
        },
        "15": {
            "name": "Left Elbow",
            "x": 68.01,
            "y": 25.03
        },
        "16": {
            "name": "Left Wrist",
            "x": 75.72,
            "y": 23.9
        }
    },
    "keypont_3d": {
        "0": {
            "name": "Center of Hips",
            "x": 0.0,
            "y": 0.0,
            "z": 0.5502138733863831
        },
        "1": {
            "name": "Left Hip",
            "x": -0.046193793416023254,
            "y": 0.08862501382827759,
            "z": 0.5661440491676331
        },
        "2": {
            "name": "Left Knee",
            "x": 0.14292439818382263,
            "y": 0.02185530588030815,
            "z": 0.25748342275619507
        },
        "3": {
            "name": "Left Ankle",
            "x": 0.4465554654598236,
            "y": -0.03883610665798187,
            "z": 0.10559679567813873
        },
        "4": {
            "name": "Right Hip",
            "x": 0.0424412339925766,
            "y": -0.09338734298944473,
            "z": 0.5300918817520142
        },
        "5": {
            "name": "Right Knee",
            "x": -0.1450175791978836,
            "y": -0.06932754069566727,
            "z": 0.3100058436393738
        },
        "6": {
            "name": "Right Ankle",
            "x": -0.1258724182844162,
            "y": 0.06349023431539536,
            "z": 0.0
        },
        "7": {
            "name": "Center of Body",
            "x": -0.013670805841684341,
            "y": -0.022075369954109192,
            "z": 0.7207378149032593
        },
        "8": {
            "name": "Center of Shoulder",
            "x": -0.036342114210128784,
            "y": -0.053033094853162766,
            "z": 0.8929210901260376
        },
        "9": {
            "name": "Neck",
            "x": -0.06898165494203568,
            "y": -0.10082170367240906,
            "z": 0.9041942358016968
        },
        "10": {
            "name": "Head",
            "x": -0.09763189405202866,
            "y": -0.09049826860427856,
            "z": 0.9553481340408325
        },
        "11": {
            "name": "Right Shoulder",
            "x": 0.029540229588747025,
            "y": -0.08804376423358917,
            "z": 0.8851990103721619
        },
        "12": {
            "name": "Right Elbow",
            "x": 0.22253736853599548,
            "y": -0.05029360577464104,
            "z": 0.7780508399009705
        },
        "13": {
            "name": "Right Wrist",
            "x": 0.4097191393375397,
            "y": -0.09195305407047272,
            "z": 0.7019113302230835
        },
        "14": {
            "name": "Left Shoulder",
            "x": -0.08250240236520767,
            "y": 0.022641455754637718,
            "z": 0.91911381483078
        },
        "15": {
            "name": "Left Elbow",
            "x": -0.10123921185731888,
            "y": 0.1933041661977768,
            "z": 0.9538148045539856
        },
        "16": {
            "name": "Left Wrist",
            "x": -0.19071955978870392,
            "y": 0.30801814794540405,
            "z": 1.0
        }
    }
}