{
    "image_path": "00008/img/4.jpg",
    "shooter_tracklet_id": 5,
    "bbox": {
        "x": 339,
        "y": 203,
        "w": 100,
        "h": 100
    },
    "keypont_2d": {
        "0": {
            "name": "Center of Hips",
            "x": 59.38,
            "y": 45.91
        },
        "1": {
            "name": "Left Hip",
            "x": 62.69,
            "y": 46.02
        },
        "2": {
            "name": "Left Knee",
            "x": 52.1,
            "y": 64.72
        },
        "3": {
            "name": "Left Ankle",
            "x": 33.61,
            "y": 67.3
        },
        "4": {
            "name": "Right Hip",
            "x": 54.24,
            "y": 46.37
        },
        "5": {
            "name": "Right Knee",
            "x": 61.7,
            "y": 61.46
        },
        "6": {
            "name": "Right Ankle",
            "x": 59.58,
            "y": 79.83
        },
        "7": {
            "name": "Center of Body",
            "x": 59.02,
            "y": 37.45
        },
        "8": {
            "name": "Center of Shoulder",
            "x": 58.98,
            "y": 29.01
        },
        "9": {
            "name": "Neck",
            "x": 60.17,
            "y": 28.35
        },
        "10": {
            "name": "Head",
            "x": 63.67,
            "y": 28.02
        },
        "11": {
            "name": "Right Shoulder",
            "x": 53.96,
            "y": 31.65
        },
        "12": {
            "name": "Right Elbow",
            "x": 59.37,
            "y": 36.39
        },
        "13": {
            "name": "Right Wrist",
            "x": 67.37,
            "y": 35.48
        },
        "14": {
            "name": "Left Shoulder",
            "x": 64.22,
            "y": 28.9
        },
        "15": {
            "name": "Left Elbow",
            "x": 71.05,
            "y": 23.98
        },
        "16": {
            "name": "Left Wrist",
            "x": 80.85,
            "y": 22.67
        }
    },
    "keypont_3d": {
        "0": {
            "name": "Center of Hips",
            "x": 0.0,
            "y": 0.0,
            "z": 0.5672538876533508
        },
        "1": {
            "name": "Left Hip",
            "x": -0.04309481754899025,
            "y": 0.0879116803407669,
            "z": 0.5838001370429993
        },
        "2": {
            "name": "Left Knee",
            "x": 0.1528935730457306,
            "y": 0.050415296107530594,
            "z": 0.27956315875053406
        },
        "3": {
            "name": "Left Ankle",
            "x": 0.4772378206253052,
            "y": 0.05189192295074463,
            "z": 0.18793588876724243
        },
        "4": {
            "name": "Right Hip",
            "x": 0.04575048014521599,
            "y": -0.090093694627285,
            "z": 0.5499690771102905
        },
        "5": {
            "name": "Right Knee",
            "x": -0.0879424586892128,
            "y": -0.04453004524111748,
            "z": 0.3058624267578125
        },
        "6": {
            "name": "Right Ankle",
            "x": -0.030716676265001297,
            "y": 0.1064712330698967,
            "z": 0.0
        },
        "7": {
            "name": "Center of Body",
            "x": -0.019032694399356842,
            "y": -0.04917820543050766,
            "z": 0.7235215902328491
        },
        "8": {
            "name": "Center of Shoulder",
            "x": -0.03946840018033981,
            "y": -0.10372209548950195,
            "z": 0.8693678975105286
        },
        "9": {
            "name": "Neck",
            "x": -0.08378221839666367,
            "y": -0.14984950423240662,
            "z": 0.8703308701515198
        },
        "10": {
            "name": "Head",
            "x": -0.12752440571784973,
            "y": -0.13222487270832062,
            "z": 0.8997372984886169
        },
        "11": {
            "name": "Right Shoulder",
            "x": 0.01963179185986519,
            "y": -0.16646595299243927,
            "z": 0.8279172778129578
        },
        "12": {
            "name": "Right Elbow",
            "x": -0.04174530878663063,
            "y": -0.2382723093032837,
            "z": 0.7142007350921631
        },
        "13": {
            "name": "Right Wrist",
            "x": -0.18366220593452454,
            "y": -0.0925367996096611,
            "z": 0.7576358914375305
        },
        "14": {
            "name": "Left Shoulder",
            "x": -0.09659070521593094,
            "y": -0.015255249105393887,
            "z": 0.8951670527458191
        },
        "15": {
            "name": "Left Elbow",
            "x": -0.16129136085510254,
            "y": 0.11017265170812607,
            "z": 0.9871200919151306
        },
        "16": {
            "name": "Left Wrist",
            "x": -0.25604501366615295,
            "y": 0.22380630671977997,
            "z": 1.0
        }
    }
}