{
    "image_path": "00008/img/5.jpg",
    "shooter_tracklet_id": 5,
    "bbox": {
        "x": 338,
        "y": 205,
        "w": 100,
        "h": 100
    },
    "keypoint_2d": {
        "0": {
            "name": "Center of Hips",
            "x": 57.95,
            "y": 47.44
        },
        "1": {
            "name": "Left Hip",
            "x": 61.0,
            "y": 47.64
        },
        "2": {
            "name": "Left Knee",
            "x": 59.05,
            "y": 65.85
        },
        "3": {
            "name": "Left Ankle",
            "x": 54.97,
            "y": 80.59
        },
        "4": {
            "name": "Right Hip",
            "x": 53.89,
            "y": 47.26
        },
        "5": {
            "name": "Right Knee",
            "x": 56.29,
            "y": 62.85
        },
        "6": {
            "name": "Right Ankle",
            "x": 39.39,
            "y": 67.77
        },
        "7": {
            "name": "Center of Body",
            "x": 60.11,
            "y": 38.67
        },
        "8": {
            "name": "Center of Shoulder",
            "x": 61.78,
            "y": 29.23
        },
        "9": {
            "name": "Neck",
            "x": 62.68,
            "y": 28.05
        },
        "10": {
            "name": "Head",
            "x": 65.18,
            "y": 22.75
        },
        "11": {
            "name": "Right Shoulder",
            "x": 59.56,
            "y": 28.81
        },
        "12": {
            "name": "Right Elbow",
            "x": 53.67,
            "y": 36.47
        },
        "13": {
            "name": "Right Wrist",
            "x": 62.33,
            "y": 35.69
        },
        "14": {
            "name": "Left Shoulder",
            "x": 63.1,
            "y": 29.44
        },
        "15": {
            "name": "Left Elbow",
            "x": 71.98,
            "y": 21.74
        },
        "16": {
            "name": "Left Wrist",
            "x": 81.91,
            "y": 19.72
        }
    },
    "keypoint_3d": {
        "0": {
            "name": "Center of Hips",
            "x": 0.0,
            "y": 0.0,
            "z": 0.5493839383125305
        },
        "1": {
            "name": "Left Hip",
            "x": -0.02139401249587536,
            "y": 0.09686171263456345,
            "z": 0.5701666474342346
        },
        "2": {
            "name": "Left Knee",
            "x": 0.005666731391102076,
            "y": 0.06642891466617584,
            "z": 0.26374056935310364
        },
        "3": {
            "name": "Left Ankle",
            "x": 0.05930599197745323,
            "y": 0.05287141725420952,
            "z": 0.0
        },
        "4": {
            "name": "Right Hip",
            "x": 0.026690058410167694,
            "y": -0.08868446946144104,
            "z": 0.5325406193733215
        },
        "5": {
            "name": "Right Knee",
            "x": -0.020255286246538162,
            "y": -0.07374539226293564,
            "z": 0.2729605734348297
        },
        "6": {
            "name": "Right Ankle",
            "x": 0.282455712556839,
            "y": -0.03930763900279999,
            "z": 0.18849441409111023
        },
        "7": {
            "name": "Center of Body",
            "x": -0.032805878669023514,
            "y": -0.02937530167400837,
            "z": 0.698753297328949
        },
        "8": {
            "name": "Center of Shoulder",
            "x": -0.056905440986156464,
            "y": -0.02697097696363926,
            "z": 0.8612629771232605
        },
        "9": {
            "name": "Neck",
            "x": -0.084015853703022,
            "y": -0.049399301409721375,
            "z": 0.866844892501831
        },
        "10": {
            "name": "Head",
            "x": -0.12910497188568115,
            "y": -0.051216334104537964,
            "z": 0.908531129360199
        },
        "11": {
            "name": "Right Shoulder",
            "x": -0.04076192155480385,
            "y": -0.09870586544275284,
            "z": 0.8310969471931458
        },
        "12": {
            "name": "Right Elbow",
            "x": -0.0481012724339962,
            "y": -0.1976727545261383,
            "z": 0.6880308389663696
        },
        "13": {
            "name": "Right Wrist",
            "x": -0.13666357100009918,
            "y": -0.05601520091295242,
            "z": 0.7268617749214172
        },
        "14": {
            "name": "Left Shoulder",
            "x": -0.0696098729968071,
            "y": 0.07130366563796997,
            "z": 0.8618507385253906
        },
        "15": {
            "name": "Left Elbow",
            "x": -0.1821489930152893,
            "y": 0.1284133940935135,
            "z": 0.9711263179779053
        },
        "16": {
            "name": "Left Wrist",
            "x": -0.313953697681427,
            "y": 0.19717662036418915,
            "z": 1.0
        }
    }
}