{
    "image_path": "00008/img/6.jpg",
    "shooter_tracklet_id": 5,
    "bbox": {
        "x": 337,
        "y": 214,
        "w": 100,
        "h": 100
    },
    "keypont_2d": {
        "0": {
            "name": "Center of Hips",
            "x": 52.66,
            "y": 51.36
        },
        "1": {
            "name": "Left Hip",
            "x": 55.73,
            "y": 51.36
        },
        "2": {
            "name": "Left Knee",
            "x": 58.77,
            "y": 66.77
        },
        "3": {
            "name": "Left Ankle",
            "x": 42.07,
            "y": 69.7
        },
        "4": {
            "name": "Right Hip",
            "x": 49.9,
            "y": 51.46
        },
        "5": {
            "name": "Right Knee",
            "x": 48.82,
            "y": 65.57
        },
        "6": {
            "name": "Right Ankle",
            "x": 43.18,
            "y": 80.31
        },
        "7": {
            "name": "Center of Body",
            "x": 54.01,
            "y": 42.93
        },
        "8": {
            "name": "Center of Shoulder",
            "x": 55.25,
            "y": 29.96
        },
        "9": {
            "name": "Neck",
            "x": 57.68,
            "y": 28.99
        },
        "10": {
            "name": "Head",
            "x": 59.85,
            "y": 26.6
        },
        "11": {
            "name": "Right Shoulder",
            "x": 54.32,
            "y": 31.1
        },
        "12": {
            "name": "Right Elbow",
            "x": 51.4,
            "y": 38.73
        },
        "13": {
            "name": "Right Wrist",
            "x": 55.4,
            "y": 42.62
        },
        "14": {
            "name": "Left Shoulder",
            "x": 56.14,
            "y": 28.63
        },
        "15": {
            "name": "Left Elbow",
            "x": 63.5,
            "y": 21.71
        },
        "16": {
            "name": "Left Wrist",
            "x": 70.21,
            "y": 17.75
        }
    },
    "keypont_3d": {
        "0": {
            "name": "Center of Hips",
            "x": 0.0,
            "y": 0.0,
            "z": 0.46313604712486267
        },
        "1": {
            "name": "Left Hip",
            "x": -0.014892513863742352,
            "y": 0.0868469700217247,
            "z": 0.4728509783744812
        },
        "2": {
            "name": "Left Knee",
            "x": -0.07701651751995087,
            "y": 0.034012556076049805,
            "z": 0.20987656712532043
        },
        "3": {
            "name": "Left Ankle",
            "x": 0.1930631846189499,
            "y": 0.019411781802773476,
            "z": 0.15736956894397736
        },
        "4": {
            "name": "Right Hip",
            "x": 0.01510163489729166,
            "y": -0.07870913296937943,
            "z": 0.4575583040714264
        },
        "5": {
            "name": "Right Knee",
            "x": 0.016369447112083435,
            "y": -0.10125569254159927,
            "z": 0.21818037331104279
        },
        "6": {
            "name": "Right Ankle",
            "x": 0.16553236544132233,
            "y": 0.005467097740620375,
            "z": 0.0
        },
        "7": {
            "name": "Center of Body",
            "x": -0.021023310720920563,
            "y": 0.005162384361028671,
            "z": 0.6069580912590027
        },
        "8": {
            "name": "Center of Shoulder",
            "x": -0.03925849497318268,
            "y": 0.010044179856777191,
            "z": 0.7733874320983887
        },
        "9": {
            "name": "Neck",
            "x": -0.06112320348620415,
            "y": 0.026172250509262085,
            "z": 0.7950655221939087
        },
        "10": {
            "name": "Head",
            "x": -0.08406117558479309,
            "y": 0.05002858117222786,
            "z": 0.8498199582099915
        },
        "11": {
            "name": "Right Shoulder",
            "x": -0.04232422634959221,
            "y": -0.0482681542634964,
            "z": 0.7562154531478882
        },
        "12": {
            "name": "Right Elbow",
            "x": -0.021667134016752243,
            "y": -0.14852450788021088,
            "z": 0.612621545791626
        },
        "13": {
            "name": "Right Wrist",
            "x": -0.050074510276317596,
            "y": -0.006182462442666292,
            "z": 0.5921684503555298
        },
        "14": {
            "name": "Left Shoulder",
            "x": -0.017885733395814896,
            "y": 0.09595289826393127,
            "z": 0.8012085556983948
        },
        "15": {
            "name": "Left Elbow",
            "x": -0.08706631511449814,
            "y": 0.19655762612819672,
            "z": 0.92709881067276
        },
        "16": {
            "name": "Left Wrist",
            "x": -0.14050482213497162,
            "y": 0.2578893005847931,
            "z": 1.0
        }
    }
}