{
    "image_path": "00008/img/7.jpg",
    "shooter_tracklet_id": 5,
    "bbox": {
        "x": 338,
        "y": 215,
        "w": 100,
        "h": 100
    },
    "keypoint_2d": {
        "0": {
            "name": "Center of Hips",
            "x": 53.87,
            "y": 47.36
        },
        "1": {
            "name": "Left Hip",
            "x": 55.94,
            "y": 47.3
        },
        "2": {
            "name": "Left Knee",
            "x": 65.6,
            "y": 61.36
        },
        "3": {
            "name": "Left Ankle",
            "x": 55.75,
            "y": 71.84
        },
        "4": {
            "name": "Right Hip",
            "x": 50.86,
            "y": 47.71
        },
        "5": {
            "name": "Right Knee",
            "x": 45.82,
            "y": 64.6
        },
        "6": {
            "name": "Right Ankle",
            "x": 38.38,
            "y": 80.07
        },
        "7": {
            "name": "Center of Body",
            "x": 56.29,
            "y": 38.53
        },
        "8": {
            "name": "Center of Shoulder",
            "x": 56.89,
            "y": 26.9
        },
        "9": {
            "name": "Neck",
            "x": 60.03,
            "y": 25.31
        },
        "10": {
            "name": "Head",
            "x": 64.78,
            "y": 22.85
        },
        "11": {
            "name": "Right Shoulder",
            "x": 55.26,
            "y": 28.48
        },
        "12": {
            "name": "Right Elbow",
            "x": 54.43,
            "y": 39.51
        },
        "13": {
            "name": "Right Wrist",
            "x": 60.17,
            "y": 39.05
        },
        "14": {
            "name": "Left Shoulder",
            "x": 58.89,
            "y": 25.0
        },
        "15": {
            "name": "Left Elbow",
            "x": 55.39,
            "y": 35.88
        },
        "16": {
            "name": "Left Wrist",
            "x": 56.59,
            "y": 43.83
        }
    },
    "keypoint_3d": {
        "0": {
            "name": "Center of Hips",
            "x": 0.0,
            "y": 0.0,
            "z": 0.5694618225097656
        },
        "1": {
            "name": "Left Hip",
            "x": -0.01328775379806757,
            "y": 0.09818795323371887,
            "z": 0.5832525491714478
        },
        "2": {
            "name": "Left Knee",
            "x": -0.17297177016735077,
            "y": 0.05613654851913452,
            "z": 0.3185148239135742
        },
        "3": {
            "name": "Left Ankle",
            "x": -0.058449018746614456,
            "y": -0.09258563816547394,
            "z": 0.09856389462947845
        },
        "4": {
            "name": "Right Hip",
            "x": 0.016001781448721886,
            "y": -0.09063515067100525,
            "z": 0.5537346601486206
        },
        "5": {
            "name": "Right Knee",
            "x": 0.08430959284305573,
            "y": -0.0630587786436081,
            "z": 0.27152854204177856
        },
        "6": {
            "name": "Right Ankle",
            "x": 0.21924497187137604,
            "y": -0.01164446771144867,
            "z": 0.0
        },
        "7": {
            "name": "Center of Body",
            "x": -0.03254150599241257,
            "y": -0.00032017810735851526,
            "z": 0.7360771894454956
        },
        "8": {
            "name": "Center of Shoulder",
            "x": -0.05204391106963158,
            "y": -0.0028587609995156527,
            "z": 0.918614387512207
        },
        "9": {
            "name": "Neck",
            "x": -0.10129815340042114,
            "y": 0.013214318081736565,
            "z": 0.9439120292663574
        },
        "10": {
            "name": "Head",
            "x": -0.1453939527273178,
            "y": 0.06385490298271179,
            "z": 1.0
        },
        "11": {
            "name": "Right Shoulder",
            "x": -0.04969557374715805,
            "y": -0.07623106986284256,
            "z": 0.8850210309028625
        },
        "12": {
            "name": "Right Elbow",
            "x": -0.06663274765014648,
            "y": -0.15239393711090088,
            "z": 0.695509135723114
        },
        "13": {
            "name": "Right Wrist",
            "x": -0.09822912514209747,
            "y": 0.006744349375367165,
            "z": 0.7060098052024841
        },
        "14": {
            "name": "Left Shoulder",
            "x": -0.03655071556568146,
            "y": 0.08966048806905746,
            "z": 0.9629262089729309
        },
        "15": {
            "name": "Left Elbow",
            "x": 0.06644584983587265,
            "y": 0.18633697926998138,
            "z": 0.8093042969703674
        },
        "16": {
            "name": "Left Wrist",
            "x": 0.0607915073633194,
            "y": 0.23338933289051056,
            "z": 0.677228569984436
        }
    }
}