{
    "image_path": "00008/img/8.jpg",
    "shooter_tracklet_id": 5,
    "bbox": {
        "x": 338,
        "y": 218,
        "w": 100,
        "h": 100
    },
    "keypont_2d": {
        "0": {
            "name": "Center of Hips",
            "x": 54.85,
            "y": 48.52
        },
        "1": {
            "name": "Left Hip",
            "x": 58.4,
            "y": 48.4
        },
        "2": {
            "name": "Left Knee",
            "x": 69.51,
            "y": 58.48
        },
        "3": {
            "name": "Left Ankle",
            "x": 63.29,
            "y": 75.74
        },
        "4": {
            "name": "Right Hip",
            "x": 51.04,
            "y": 48.77
        },
        "5": {
            "name": "Right Knee",
            "x": 44.13,
            "y": 63.66
        },
        "6": {
            "name": "Right Ankle",
            "x": 34.12,
            "y": 79.37
        },
        "7": {
            "name": "Center of Body",
            "x": 57.77,
            "y": 38.1
        },
        "8": {
            "name": "Center of Shoulder",
            "x": 57.61,
            "y": 27.43
        },
        "9": {
            "name": "Neck",
            "x": 61.57,
            "y": 26.02
        },
        "10": {
            "name": "Head",
            "x": 65.07,
            "y": 22.87
        },
        "11": {
            "name": "Right Shoulder",
            "x": 56.62,
            "y": 29.67
        },
        "12": {
            "name": "Right Elbow",
            "x": 59.74,
            "y": 43.41
        },
        "13": {
            "name": "Right Wrist",
            "x": 64.16,
            "y": 49.91
        },
        "14": {
            "name": "Left Shoulder",
            "x": 58.44,
            "y": 25.48
        },
        "15": {
            "name": "Left Elbow",
            "x": 59.24,
            "y": 35.45
        },
        "16": {
            "name": "Left Wrist",
            "x": 61.52,
            "y": 39.77
        }
    },
    "keypont_3d": {
        "0": {
            "name": "Center of Hips",
            "x": 0.0,
            "y": 0.0,
            "z": 0.5714707970619202
        },
        "1": {
            "name": "Left Hip",
            "x": -0.021230081096291542,
            "y": 0.09487126022577286,
            "z": 0.5870409607887268
        },
        "2": {
            "name": "Left Knee",
            "x": -0.23462285101413727,
            "y": 0.06279963254928589,
            "z": 0.3682180941104889
        },
        "3": {
            "name": "Left Ankle",
            "x": -0.12959930300712585,
            "y": -0.008553588762879372,
            "z": 0.08579710870981216
        },
        "4": {
            "name": "Right Hip",
            "x": 0.026429276913404465,
            "y": -0.08823078870773315,
            "z": 0.5551194548606873
        },
        "5": {
            "name": "Right Knee",
            "x": 0.14316916465759277,
            "y": -0.08113021403551102,
            "z": 0.27519655227661133
        },
        "6": {
            "name": "Right Ankle",
            "x": 0.28235816955566406,
            "y": -0.03757268190383911,
            "z": 0.0
        },
        "7": {
            "name": "Center of Body",
            "x": -0.034928977489471436,
            "y": -0.0030948950443416834,
            "z": 0.7418697476387024
        },
        "8": {
            "name": "Center of Shoulder",
            "x": -0.05524901673197746,
            "y": -0.01983371376991272,
            "z": 0.9171983599662781
        },
        "9": {
            "name": "Neck",
            "x": -0.11693800240755081,
            "y": -0.011185092851519585,
            "z": 0.9452710151672363
        },
        "10": {
            "name": "Head",
            "x": -0.16277188062667847,
            "y": 0.030102552846074104,
            "z": 1.0
        },
        "11": {
            "name": "Right Shoulder",
            "x": -0.055462732911109924,
            "y": -0.08681752532720566,
            "z": 0.8712422251701355
        },
        "12": {
            "name": "Right Elbow",
            "x": -0.10688675194978714,
            "y": -0.08339324593544006,
            "z": 0.6569291353225708
        },
        "13": {
            "name": "Right Wrist",
            "x": -0.1265271008014679,
            "y": 0.0769575908780098,
            "z": 0.6157853007316589
        },
        "14": {
            "name": "Left Shoulder",
            "x": -0.04012933373451233,
            "y": 0.06115731596946716,
            "z": 0.9644982814788818
        },
        "15": {
            "name": "Left Elbow",
            "x": 0.031078193336725235,
            "y": 0.197434201836586,
            "z": 0.8163474202156067
        },
        "16": {
            "name": "Left Wrist",
            "x": 0.008954980410635471,
            "y": 0.2596922516822815,
            "z": 0.739294171333313
        }
    }
}