{
    "image_path": "00008/img/9.jpg",
    "shooter_tracklet_id": 5,
    "bbox": {
        "x": 338,
        "y": 221,
        "w": 100,
        "h": 100
    },
    "keypoint_2d": {
        "0": {
            "name": "Center of Hips",
            "x": 54.33,
            "y": 48.61
        },
        "1": {
            "name": "Left Hip",
            "x": 55.34,
            "y": 50.82
        },
        "2": {
            "name": "Left Knee",
            "x": 71.58,
            "y": 58.13
        },
        "3": {
            "name": "Left Ankle",
            "x": 70.93,
            "y": 73.52
        },
        "4": {
            "name": "Right Hip",
            "x": 52.45,
            "y": 48.66
        },
        "5": {
            "name": "Right Knee",
            "x": 46.72,
            "y": 62.1
        },
        "6": {
            "name": "Right Ankle",
            "x": 32.73,
            "y": 72.46
        },
        "7": {
            "name": "Center of Body",
            "x": 56.39,
            "y": 36.38
        },
        "8": {
            "name": "Center of Shoulder",
            "x": 59.46,
            "y": 27.18
        },
        "9": {
            "name": "Neck",
            "x": 61.4,
            "y": 25.15
        },
        "10": {
            "name": "Head",
            "x": 64.33,
            "y": 21.7
        },
        "11": {
            "name": "Right Shoulder",
            "x": 63.29,
            "y": 30.51
        },
        "12": {
            "name": "Right Elbow",
            "x": 59.39,
            "y": 47.39
        },
        "13": {
            "name": "Right Wrist",
            "x": 67.96,
            "y": 49.53
        },
        "14": {
            "name": "Left Shoulder",
            "x": 56.91,
            "y": 25.02
        },
        "15": {
            "name": "Left Elbow",
            "x": 51.5,
            "y": 31.34
        },
        "16": {
            "name": "Left Wrist",
            "x": 56.27,
            "y": 33.49
        }
    },
    "keypoint_3d": {
        "0": {
            "name": "Center of Hips",
            "x": 0.0,
            "y": 0.0,
            "z": 0.5221379399299622
        },
        "1": {
            "name": "Left Hip",
            "x": -0.014131028205156326,
            "y": 0.10296571254730225,
            "z": 0.5285329818725586
        },
        "2": {
            "name": "Left Knee",
            "x": -0.29408565163612366,
            "y": 0.10781514644622803,
            "z": 0.3318912982940674
        },
        "3": {
            "name": "Left Ankle",
            "x": -0.22842848300933838,
            "y": 0.07563328742980957,
            "z": 0.0
        },
        "4": {
            "name": "Right Hip",
            "x": 0.013420302420854568,
            "y": -0.09896472841501236,
            "z": 0.5105541348457336
        },
        "5": {
            "name": "Right Knee",
            "x": 0.10547336935997009,
            "y": -0.14593099057674408,
            "z": 0.2150678187608719
        },
        "6": {
            "name": "Right Ankle",
            "x": 0.38890716433525085,
            "y": -0.13694067299365997,
            "z": 0.02501026727259159
        },
        "7": {
            "name": "Center of Body",
            "x": -0.026228664442896843,
            "y": -0.0054756333120167255,
            "z": 0.7154160737991333
        },
        "8": {
            "name": "Center of Shoulder",
            "x": -0.06880813837051392,
            "y": -0.01812162436544895,
            "z": 0.9023920893669128
        },
        "9": {
            "name": "Neck",
            "x": -0.13764366507530212,
            "y": -0.02579338476061821,
            "z": 0.9332908987998962
        },
        "10": {
            "name": "Head",
            "x": -0.1767253428697586,
            "y": 0.007056825328618288,
            "z": 1.0
        },
        "11": {
            "name": "Right Shoulder",
            "x": -0.11269127577543259,
            "y": -0.05589913949370384,
            "z": 0.8425674438476562
        },
        "12": {
            "name": "Right Elbow",
            "x": -0.12593166530132294,
            "y": -0.02852877601981163,
            "z": 0.5943266153335571
        },
        "13": {
            "name": "Right Wrist",
            "x": -0.20758727192878723,
            "y": 0.11759059131145477,
            "z": 0.5083747506141663
        },
        "14": {
            "name": "Left Shoulder",
            "x": -0.029967842623591423,
            "y": 0.04430621489882469,
            "z": 0.9543489217758179
        },
        "15": {
            "name": "Left Elbow",
            "x": 0.1001177653670311,
            "y": 0.16583819687366486,
            "z": 0.8376331925392151
        },
        "16": {
            "name": "Left Wrist",
            "x": 0.08356840908527374,
            "y": 0.2979620397090912,
            "z": 0.8204792737960815
        }
    }
}