{
    "image_path": "00008/img/11.jpg",
    "shooter_tracklet_id": 5,
    "bbox": {
        "x": 338,
        "y": 235,
        "w": 100,
        "h": 100
    },
    "keypont_2d": {
        "0": {
            "name": "Center of Hips",
            "x": 49.02,
            "y": 50.67
        },
        "1": {
            "name": "Left Hip",
            "x": 53.07,
            "y": 51.29
        },
        "2": {
            "name": "Left Knee",
            "x": 65.83,
            "y": 64.1
        },
        "3": {
            "name": "Left Ankle",
            "x": 75.28,
            "y": 76.69
        },
        "4": {
            "name": "Right Hip",
            "x": 45.67,
            "y": 49.22
        },
        "5": {
            "name": "Right Knee",
            "x": 43.01,
            "y": 65.15
        },
        "6": {
            "name": "Right Ankle",
            "x": 28.77,
            "y": 61.96
        },
        "7": {
            "name": "Center of Body",
            "x": 49.08,
            "y": 39.68
        },
        "8": {
            "name": "Center of Shoulder",
            "x": 49.12,
            "y": 28.17
        },
        "9": {
            "name": "Neck",
            "x": 50.13,
            "y": 27.19
        },
        "10": {
            "name": "Head",
            "x": 53.44,
            "y": 24.66
        },
        "11": {
            "name": "Right Shoulder",
            "x": 52.05,
            "y": 30.38
        },
        "12": {
            "name": "Right Elbow",
            "x": 51.6,
            "y": 41.35
        },
        "13": {
            "name": "Right Wrist",
            "x": 51.47,
            "y": 47.12
        },
        "14": {
            "name": "Left Shoulder",
            "x": 46.67,
            "y": 26.84
        },
        "15": {
            "name": "Left Elbow",
            "x": 40.92,
            "y": 31.04
        },
        "16": {
            "name": "Left Wrist",
            "x": 30.61,
            "y": 29.32
        }
    },
    "keypont_3d": {
        "0": {
            "name": "Center of Hips",
            "x": 0.0,
            "y": 0.0,
            "z": 0.5120413899421692
        },
        "1": {
            "name": "Left Hip",
            "x": -0.03302205353975296,
            "y": 0.10580243170261383,
            "z": 0.5273544192314148
        },
        "2": {
            "name": "Left Knee",
            "x": -0.27340269088745117,
            "y": 0.1422674059867859,
            "z": 0.26533156633377075
        },
        "3": {
            "name": "Left Ankle",
            "x": -0.3980206251144409,
            "y": 0.2212902456521988,
            "z": 0.0
        },
        "4": {
            "name": "Right Hip",
            "x": 0.030568495392799377,
            "y": -0.09785864502191544,
            "z": 0.4982524812221527
        },
        "5": {
            "name": "Right Knee",
            "x": 0.07876572012901306,
            "y": -0.13887380063533783,
            "z": 0.18608799576759338
        },
        "6": {
            "name": "Right Ankle",
            "x": 0.3324540853500366,
            "y": -0.33434614539146423,
            "z": 0.16616040468215942
        },
        "7": {
            "name": "Center of Body",
            "x": 0.0035959004890173674,
            "y": -0.008453973568975925,
            "z": 0.7031903862953186
        },
        "8": {
            "name": "Center of Shoulder",
            "x": -0.009079232811927795,
            "y": -0.033921875059604645,
            "z": 0.909782886505127
        },
        "9": {
            "name": "Neck",
            "x": -0.04946694150567055,
            "y": -0.05722777545452118,
            "z": 0.9336206912994385
        },
        "10": {
            "name": "Head",
            "x": -0.0948917418718338,
            "y": -0.009989236481487751,
            "z": 1.0
        },
        "11": {
            "name": "Right Shoulder",
            "x": -0.06679034233093262,
            "y": -0.07696153223514557,
            "z": 0.872599184513092
        },
        "12": {
            "name": "Right Elbow",
            "x": -0.08201923221349716,
            "y": -0.1218499094247818,
            "z": 0.6591036319732666
        },
        "13": {
            "name": "Right Wrist",
            "x": -0.023012885823845863,
            "y": 0.02919916622340679,
            "z": 0.5458984971046448
        },
        "14": {
            "name": "Left Shoulder",
            "x": 0.018487969413399696,
            "y": -0.017744779586791992,
            "z": 0.9534875750541687
        },
        "15": {
            "name": "Left Elbow",
            "x": 0.18162333965301514,
            "y": -0.07065802067518234,
            "z": 0.923159122467041
        },
        "16": {
            "name": "Left Wrist",
            "x": 0.37652233242988586,
            "y": -0.027803033590316772,
            "z": 0.9381289482116699
        }
    }
}