{
    "image_path": "00008/img/12.jpg",
    "shooter_tracklet_id": 5,
    "bbox": {
        "x": 339,
        "y": 238,
        "w": 100,
        "h": 100
    },
    "keypoint_2d": {
        "0": {
            "name": "Center of Hips",
            "x": 50.26,
            "y": 50.6
        },
        "1": {
            "name": "Left Hip",
            "x": 51.88,
            "y": 48.9
        },
        "2": {
            "name": "Left Knee",
            "x": 65.53,
            "y": 65.49
        },
        "3": {
            "name": "Left Ankle",
            "x": 72.01,
            "y": 75.65
        },
        "4": {
            "name": "Right Hip",
            "x": 48.73,
            "y": 52.05
        },
        "5": {
            "name": "Right Knee",
            "x": 47.12,
            "y": 63.73
        },
        "6": {
            "name": "Right Ankle",
            "x": 32.55,
            "y": 57.84
        },
        "7": {
            "name": "Center of Body",
            "x": 48.77,
            "y": 42.45
        },
        "8": {
            "name": "Center of Shoulder",
            "x": 46.5,
            "y": 30.2
        },
        "9": {
            "name": "Neck",
            "x": 47.99,
            "y": 28.77
        },
        "10": {
            "name": "Head",
            "x": 51.1,
            "y": 26.01
        },
        "11": {
            "name": "Right Shoulder",
            "x": 48.83,
            "y": 33.82
        },
        "12": {
            "name": "Right Elbow",
            "x": 44.29,
            "y": 36.89
        },
        "13": {
            "name": "Right Wrist",
            "x": 51.56,
            "y": 38.92
        },
        "14": {
            "name": "Left Shoulder",
            "x": 44.3,
            "y": 28.07
        },
        "15": {
            "name": "Left Elbow",
            "x": 37.48,
            "y": 31.09
        },
        "16": {
            "name": "Left Wrist",
            "x": 29.73,
            "y": 29.64
        }
    },
    "keypoint_3d": {
        "0": {
            "name": "Center of Hips",
            "x": 0.0,
            "y": 0.0,
            "z": 0.5115871429443359
        },
        "1": {
            "name": "Left Hip",
            "x": -0.0051222448237240314,
            "y": 0.11699943244457245,
            "z": 0.5374512076377869
        },
        "2": {
            "name": "Left Knee",
            "x": -0.23574300110340118,
            "y": 0.25786298513412476,
            "z": 0.2528415322303772
        },
        "3": {
            "name": "Left Ankle",
            "x": -0.3858603835105896,
            "y": 0.3349761664867401,
            "z": 0.0
        },
        "4": {
            "name": "Right Hip",
            "x": 0.004537066910415888,
            "y": -0.09578695893287659,
            "z": 0.4838474988937378
        },
        "5": {
            "name": "Right Knee",
            "x": -0.008130794391036034,
            "y": -0.1835494488477707,
            "z": 0.20645181834697723
        },
        "6": {
            "name": "Right Ankle",
            "x": 0.2552150785923004,
            "y": -0.3827751874923706,
            "z": 0.2604556977748871
        },
        "7": {
            "name": "Center of Body",
            "x": 0.02384001575410366,
            "y": -0.019682789221405983,
            "z": 0.6908389329910278
        },
        "8": {
            "name": "Center of Shoulder",
            "x": 0.04298019781708717,
            "y": -0.042939335107803345,
            "z": 0.9046981930732727
        },
        "9": {
            "name": "Neck",
            "x": 0.005156330298632383,
            "y": -0.05983143672347069,
            "z": 0.935879647731781
        },
        "10": {
            "name": "Head",
            "x": -0.0361931137740612,
            "y": -0.006997188087552786,
            "z": 1.0
        },
        "11": {
            "name": "Right Shoulder",
            "x": -0.00592661090195179,
            "y": -0.05690358951687813,
            "z": 0.8446964025497437
        },
        "12": {
            "name": "Right Elbow",
            "x": -0.001965858740732074,
            "y": -0.1827383190393448,
            "z": 0.710179328918457
        },
        "13": {
            "name": "Right Wrist",
            "x": -0.03611254692077637,
            "y": 0.026595674455165863,
            "z": 0.7134735584259033
        },
        "14": {
            "name": "Left Shoulder",
            "x": 0.0965394452214241,
            "y": -0.03253623843193054,
            "z": 0.95082026720047
        },
        "15": {
            "name": "Left Elbow",
            "x": 0.243280827999115,
            "y": -0.11480370908975601,
            "z": 0.9083577990531921
        },
        "16": {
            "name": "Left Wrist",
            "x": 0.41168007254600525,
            "y": -0.11078896373510361,
            "z": 0.9308289289474487
        }
    }
}