{
    "image_path": "00008/img/13.jpg",
    "shooter_tracklet_id": 5,
    "bbox": {
        "x": 340,
        "y": 242,
        "w": 100,
        "h": 100
    },
    "keypoint_2d": {
        "0": {
            "name": "Center of Hips",
            "x": 49.81,
            "y": 54.29
        },
        "1": {
            "name": "Left Hip",
            "x": 50.58,
            "y": 50.91
        },
        "2": {
            "name": "Left Knee",
            "x": 60.86,
            "y": 57.94
        },
        "3": {
            "name": "Left Ankle",
            "x": 43.44,
            "y": 58.13
        },
        "4": {
            "name": "Right Hip",
            "x": 49.11,
            "y": 57.66
        },
        "5": {
            "name": "Right Knee",
            "x": 62.69,
            "y": 63.95
        },
        "6": {
            "name": "Right Ankle",
            "x": 67.7,
            "y": 77.23
        },
        "7": {
            "name": "Center of Body",
            "x": 46.08,
            "y": 42.94
        },
        "8": {
            "name": "Center of Shoulder",
            "x": 42.64,
            "y": 31.5
        },
        "9": {
            "name": "Neck",
            "x": 43.49,
            "y": 29.86
        },
        "10": {
            "name": "Head",
            "x": 46.91,
            "y": 26.71
        },
        "11": {
            "name": "Right Shoulder",
            "x": 45.4,
            "y": 34.6
        },
        "12": {
            "name": "Right Elbow",
            "x": 39.82,
            "y": 44.19
        },
        "13": {
            "name": "Right Wrist",
            "x": 41.26,
            "y": 54.65
        },
        "14": {
            "name": "Left Shoulder",
            "x": 39.82,
            "y": 29.31
        },
        "15": {
            "name": "Left Elbow",
            "x": 35.43,
            "y": 32.13
        },
        "16": {
            "name": "Left Wrist",
            "x": 31.34,
            "y": 29.55
        }
    },
    "keypoint_3d": {
        "0": {
            "name": "Center of Hips",
            "x": 0.0,
            "y": 0.0,
            "z": 0.4891113340854645
        },
        "1": {
            "name": "Left Hip",
            "x": 0.01706293784081936,
            "y": 0.11701361835002899,
            "z": 0.5375387072563171
        },
        "2": {
            "name": "Left Knee",
            "x": -0.1531589776277542,
            "y": 0.2987509071826935,
            "z": 0.4031745493412018
        },
        "3": {
            "name": "Left Ankle",
            "x": 0.14490556716918945,
            "y": 0.01376699935644865,
            "z": 0.3544265031814575
        },
        "4": {
            "name": "Right Hip",
            "x": -0.00854270439594984,
            "y": -0.07640641182661057,
            "z": 0.4350346028804779
        },
        "5": {
            "name": "Right Knee",
            "x": -0.12270285934209824,
            "y": -0.07338695228099823,
            "z": 0.1813129186630249
        },
        "6": {
            "name": "Right Ankle",
            "x": -0.2202746421098709,
            "y": 0.3246908485889435,
            "z": 0.0
        },
        "7": {
            "name": "Center of Body",
            "x": 0.045830998569726944,
            "y": -0.032084036618471146,
            "z": 0.6656101942062378
        },
        "8": {
            "name": "Center of Shoulder",
            "x": 0.0916367694735527,
            "y": -0.07282581925392151,
            "z": 0.8941145539283752
        },
        "9": {
            "name": "Neck",
            "x": 0.06182010844349861,
            "y": -0.10073506087064743,
            "z": 0.9284132719039917
        },
        "10": {
            "name": "Head",
            "x": 0.009023139253258705,
            "y": -0.05180501192808151,
            "z": 1.0
        },
        "11": {
            "name": "Right Shoulder",
            "x": 0.04107682779431343,
            "y": -0.08257734030485153,
            "z": 0.8346521854400635
        },
        "12": {
            "name": "Right Elbow",
            "x": 0.16552549600601196,
            "y": -0.1203354150056839,
            "z": 0.6564851999282837
        },
        "13": {
            "name": "Right Wrist",
            "x": 0.12272663414478302,
            "y": -0.05226894095540047,
            "z": 0.473123699426651
        },
        "14": {
            "name": "Left Shoulder",
            "x": 0.14707976579666138,
            "y": -0.06422866880893707,
            "z": 0.9448466897010803
        },
        "15": {
            "name": "Left Elbow",
            "x": 0.2786525785923004,
            "y": -0.13396333158016205,
            "z": 0.9032578468322754
        },
        "16": {
            "name": "Left Wrist",
            "x": 0.40917661786079407,
            "y": -0.11072894930839539,
            "z": 0.9641863107681274
        }
    }
}