{
    "image_path": "00008/img/14.jpg",
    "shooter_tracklet_id": 5,
    "bbox": {
        "x": 341,
        "y": 244,
        "w": 100,
        "h": 100
    },
    "keypont_2d": {
        "0": {
            "name": "Center of Hips",
            "x": 47.02,
            "y": 48.93
        },
        "1": {
            "name": "Left Hip",
            "x": 49.07,
            "y": 46.58
        },
        "2": {
            "name": "Left Knee",
            "x": 58.86,
            "y": 53.43
        },
        "3": {
            "name": "Left Ankle",
            "x": 52.74,
            "y": 72.16
        },
        "4": {
            "name": "Right Hip",
            "x": 45.2,
            "y": 51.39
        },
        "5": {
            "name": "Right Knee",
            "x": 62.43,
            "y": 64.56
        },
        "6": {
            "name": "Right Ankle",
            "x": 62.05,
            "y": 76.91
        },
        "7": {
            "name": "Center of Body",
            "x": 44.02,
            "y": 42.11
        },
        "8": {
            "name": "Center of Shoulder",
            "x": 41.08,
            "y": 30.33
        },
        "9": {
            "name": "Neck",
            "x": 42.33,
            "y": 28.94
        },
        "10": {
            "name": "Head",
            "x": 45.94,
            "y": 26.71
        },
        "11": {
            "name": "Right Shoulder",
            "x": 42.94,
            "y": 33.21
        },
        "12": {
            "name": "Right Elbow",
            "x": 37.32,
            "y": 39.99
        },
        "13": {
            "name": "Right Wrist",
            "x": 35.37,
            "y": 53.17
        },
        "14": {
            "name": "Left Shoulder",
            "x": 39.15,
            "y": 28.28
        },
        "15": {
            "name": "Left Elbow",
            "x": 35.65,
            "y": 31.33
        },
        "16": {
            "name": "Left Wrist",
            "x": 30.8,
            "y": 29.29
        }
    },
    "keypont_3d": {
        "0": {
            "name": "Center of Hips",
            "x": 0.0,
            "y": 0.0,
            "z": 0.5662168264389038
        },
        "1": {
            "name": "Left Hip",
            "x": 0.01568504236638546,
            "y": 0.1124705895781517,
            "z": 0.6311767101287842
        },
        "2": {
            "name": "Left Knee",
            "x": -0.22411561012268066,
            "y": 0.09752824157476425,
            "z": 0.46011078357696533
        },
        "3": {
            "name": "Left Ankle",
            "x": -0.09947353601455688,
            "y": 0.10102769732475281,
            "z": 0.08620645850896835
        },
        "4": {
            "name": "Right Hip",
            "x": -0.0012794284848496318,
            "y": -0.07182322442531586,
            "z": 0.5061416625976562
        },
        "5": {
            "name": "Right Knee",
            "x": -0.25019288063049316,
            "y": 0.14329373836517334,
            "z": 0.28012382984161377
        },
        "6": {
            "name": "Right Ankle",
            "x": -0.22463195025920868,
            "y": 0.35259994864463806,
            "z": 0.0
        },
        "7": {
            "name": "Center of Body",
            "x": 0.05361582338809967,
            "y": -0.041053496301174164,
            "z": 0.718070387840271
        },
        "8": {
            "name": "Center of Shoulder",
            "x": 0.09344387799501419,
            "y": -0.09495198726654053,
            "z": 0.9212236404418945
        },
        "9": {
            "name": "Neck",
            "x": 0.058826737105846405,
            "y": -0.11915595084428787,
            "z": 0.9392058849334717
        },
        "10": {
            "name": "Head",
            "x": 0.011851929128170013,
            "y": -0.07064743340015411,
            "z": 1.0
        },
        "11": {
            "name": "Right Shoulder",
            "x": 0.054182808846235275,
            "y": -0.09796402603387833,
            "z": 0.8661320209503174
        },
        "12": {
            "name": "Right Elbow",
            "x": 0.16124418377876282,
            "y": -0.11876103281974792,
            "z": 0.7046148180961609
        },
        "13": {
            "name": "Right Wrist",
            "x": 0.1967388391494751,
            "y": -0.07983610779047012,
            "z": 0.47731176018714905
        },
        "14": {
            "name": "Left Shoulder",
            "x": 0.13967591524124146,
            "y": -0.08583008497953415,
            "z": 0.9663025140762329
        },
        "15": {
            "name": "Left Elbow",
            "x": 0.20895150303840637,
            "y": -0.16528527438640594,
            "z": 0.9060894250869751
        },
        "16": {
            "name": "Left Wrist",
            "x": 0.2871071994304657,
            "y": -0.21006520092487335,
            "z": 0.9476785063743591
        }
    }
}