{
    "image_path": "00008/img/15.jpg",
    "shooter_tracklet_id": 5,
    "bbox": {
        "x": 342,
        "y": 251,
        "w": 100,
        "h": 100
    },
    "keypoint_2d": {
        "0": {
            "name": "Center of Hips",
            "x": 37.72,
            "y": 47.47
        },
        "1": {
            "name": "Left Hip",
            "x": 40.67,
            "y": 45.52
        },
        "2": {
            "name": "Left Knee",
            "x": 51.0,
            "y": 53.12
        },
        "3": {
            "name": "Left Ankle",
            "x": 50.84,
            "y": 77.51
        },
        "4": {
            "name": "Right Hip",
            "x": 33.66,
            "y": 49.67
        },
        "5": {
            "name": "Right Knee",
            "x": 52.69,
            "y": 56.52
        },
        "6": {
            "name": "Right Ankle",
            "x": 66.14,
            "y": 70.51
        },
        "7": {
            "name": "Center of Body",
            "x": 35.04,
            "y": 39.11
        },
        "8": {
            "name": "Center of Shoulder",
            "x": 34.55,
            "y": 30.55
        },
        "9": {
            "name": "Neck",
            "x": 34.75,
            "y": 28.79
        },
        "10": {
            "name": "Head",
            "x": 38.23,
            "y": 25.09
        },
        "11": {
            "name": "Right Shoulder",
            "x": 33.33,
            "y": 31.97
        },
        "12": {
            "name": "Right Elbow",
            "x": 26.48,
            "y": 38.36
        },
        "13": {
            "name": "Right Wrist",
            "x": 28.65,
            "y": 53.59
        },
        "14": {
            "name": "Left Shoulder",
            "x": 36.4,
            "y": 28.99
        },
        "15": {
            "name": "Left Elbow",
            "x": 38.4,
            "y": 32.41
        },
        "16": {
            "name": "Left Wrist",
            "x": 43.92,
            "y": 32.66
        }
    },
    "keypoint_3d": {
        "0": {
            "name": "Center of Hips",
            "x": 0.0,
            "y": 0.0,
            "z": 0.5562449097633362
        },
        "1": {
            "name": "Left Hip",
            "x": -0.019153961911797523,
            "y": 0.11148406565189362,
            "z": 0.6198768615722656
        },
        "2": {
            "name": "Left Knee",
            "x": -0.2619563043117523,
            "y": 0.12522132694721222,
            "z": 0.43810832500457764
        },
        "3": {
            "name": "Left Ankle",
            "x": -0.15228939056396484,
            "y": 0.2008875012397766,
            "z": 0.0
        },
        "4": {
            "name": "Right Hip",
            "x": 0.03351467475295067,
            "y": -0.06981193274259567,
            "z": 0.49931275844573975
        },
        "5": {
            "name": "Right Knee",
            "x": -0.28192460536956787,
            "y": 0.13688375055789948,
            "z": 0.3506854772567749
        },
        "6": {
            "name": "Right Ankle",
            "x": -0.3411206901073456,
            "y": 0.3989332914352417,
            "z": 0.016939861699938774
        },
        "7": {
            "name": "Center of Body",
            "x": 0.0280532818287611,
            "y": -0.06634905934333801,
            "z": 0.7240678071975708
        },
        "8": {
            "name": "Center of Shoulder",
            "x": 0.02769954688847065,
            "y": -0.136051744222641,
            "z": 0.901800274848938
        },
        "9": {
            "name": "Neck",
            "x": -0.0016234518261626363,
            "y": -0.18604329228401184,
            "z": 0.9178329110145569
        },
        "10": {
            "name": "Head",
            "x": -0.056251853704452515,
            "y": -0.13988004624843597,
            "z": 1.0
        },
        "11": {
            "name": "Right Shoulder",
            "x": 0.01806696504354477,
            "y": -0.17625899612903595,
            "z": 0.8487049341201782
        },
        "12": {
            "name": "Right Elbow",
            "x": 0.16532528400421143,
            "y": -0.19100366532802582,
            "z": 0.7083600759506226
        },
        "13": {
            "name": "Right Wrist",
            "x": 0.17250531911849976,
            "y": -0.12703640758991241,
            "z": 0.4255066215991974
        },
        "14": {
            "name": "Left Shoulder",
            "x": 0.0011453238548710942,
            "y": -0.09886910021305084,
            "z": 0.9338731169700623
        },
        "15": {
            "name": "Left Elbow",
            "x": 0.061627551913261414,
            "y": 0.022326022386550903,
            "z": 0.9004865884780884
        },
        "16": {
            "name": "Left Wrist",
            "x": 0.0025278108660131693,
            "y": 0.09647207707166672,
            "z": 0.9006360769271851
        }
    }
}