{
    "image_path": "00008/img/16.jpg",
    "shooter_tracklet_id": 5,
    "bbox": {
        "x": 342,
        "y": 249,
        "w": 100,
        "h": 100
    },
    "keypont_2d": {
        "0": {
            "name": "Center of Hips",
            "x": 36.48,
            "y": 45.09
        },
        "1": {
            "name": "Left Hip",
            "x": 38.65,
            "y": 42.25
        },
        "2": {
            "name": "Left Knee",
            "x": 48.76,
            "y": 53.88
        },
        "3": {
            "name": "Left Ankle",
            "x": 49.16,
            "y": 79.32
        },
        "4": {
            "name": "Right Hip",
            "x": 33.16,
            "y": 48.2
        },
        "5": {
            "name": "Right Knee",
            "x": 54.28,
            "y": 51.68
        },
        "6": {
            "name": "Right Ankle",
            "x": 72.58,
            "y": 59.94
        },
        "7": {
            "name": "Center of Body",
            "x": 35.73,
            "y": 36.55
        },
        "8": {
            "name": "Center of Shoulder",
            "x": 35.95,
            "y": 27.37
        },
        "9": {
            "name": "Neck",
            "x": 36.33,
            "y": 26.19
        },
        "10": {
            "name": "Head",
            "x": 40.53,
            "y": 24.79
        },
        "11": {
            "name": "Right Shoulder",
            "x": 31.78,
            "y": 27.07
        },
        "12": {
            "name": "Right Elbow",
            "x": 28.41,
            "y": 34.32
        },
        "13": {
            "name": "Right Wrist",
            "x": 28.84,
            "y": 39.86
        },
        "14": {
            "name": "Left Shoulder",
            "x": 40.32,
            "y": 27.85
        },
        "15": {
            "name": "Left Elbow",
            "x": 46.79,
            "y": 34.66
        },
        "16": {
            "name": "Left Wrist",
            "x": 57.36,
            "y": 35.16
        }
    },
    "keypont_3d": {
        "0": {
            "name": "Center of Hips",
            "x": 0.0,
            "y": 0.0,
            "z": 0.6104506850242615
        },
        "1": {
            "name": "Left Hip",
            "x": 0.0038648033514618874,
            "y": 0.10495806485414505,
            "z": 0.678176760673523
        },
        "2": {
            "name": "Left Knee",
            "x": -0.212797150015831,
            "y": 0.18041634559631348,
            "z": 0.46246156096458435
        },
        "3": {
            "name": "Left Ankle",
            "x": -0.18360577523708344,
            "y": 0.3211541175842285,
            "z": 0.0
        },
        "4": {
            "name": "Right Hip",
            "x": 0.03768928721547127,
            "y": -0.04817480593919754,
            "z": 0.549188494682312
        },
        "5": {
            "name": "Right Knee",
            "x": -0.3042698800563812,
            "y": 0.12498195469379425,
            "z": 0.45907148718833923
        },
        "6": {
            "name": "Right Ankle",
            "x": -0.48821792006492615,
            "y": 0.3249729573726654,
            "z": 0.43966543674468994
        },
        "7": {
            "name": "Center of Body",
            "x": 0.010095774196088314,
            "y": -0.05380911007523537,
            "z": 0.7735242247581482
        },
        "8": {
            "name": "Center of Shoulder",
            "x": -0.010693695396184921,
            "y": -0.11145008355379105,
            "z": 0.9344068169593811
        },
        "9": {
            "name": "Neck",
            "x": -0.03808356076478958,
            "y": -0.15976104140281677,
            "z": 0.9427971839904785
        },
        "10": {
            "name": "Head",
            "x": -0.09491586685180664,
            "y": -0.12133120745420456,
            "z": 1.0
        },
        "11": {
            "name": "Right Shoulder",
            "x": 0.026734985411167145,
            "y": -0.16358447074890137,
            "z": 0.9140035510063171
        },
        "12": {
            "name": "Right Elbow",
            "x": 0.06714948266744614,
            "y": -0.2742540240287781,
            "z": 0.7805662155151367
        },
        "13": {
            "name": "Right Wrist",
            "x": 0.01766578108072281,
            "y": -0.3477584719657898,
            "z": 0.6598144173622131
        },
        "14": {
            "name": "Left Shoulder",
            "x": -0.06414517760276794,
            "y": -0.049634646624326706,
            "z": 0.946481466293335
        },
        "15": {
            "name": "Left Elbow",
            "x": -0.09009794890880585,
            "y": 0.11969608813524246,
            "z": 0.8691524267196655
        },
        "16": {
            "name": "Left Wrist",
            "x": -0.21133096516132355,
            "y": 0.2122228890657425,
            "z": 0.8703702688217163
        }
    }
}