{
    "image_path": "00008/img/17.jpg",
    "shooter_tracklet_id": 5,
    "bbox": {
        "x": 341,
        "y": 247,
        "w": 100,
        "h": 100
    },
    "keypont_2d": {
        "0": {
            "name": "Center of Hips",
            "x": 37.56,
            "y": 47.62
        },
        "1": {
            "name": "Left Hip",
            "x": 39.18,
            "y": 44.97
        },
        "2": {
            "name": "Left Knee",
            "x": 45.51,
            "y": 60.58
        },
        "3": {
            "name": "Left Ankle",
            "x": 46.15,
            "y": 75.82
        },
        "4": {
            "name": "Right Hip",
            "x": 36.23,
            "y": 50.56
        },
        "5": {
            "name": "Right Knee",
            "x": 52.33,
            "y": 45.78
        },
        "6": {
            "name": "Right Ankle",
            "x": 61.46,
            "y": 48.58
        },
        "7": {
            "name": "Center of Body",
            "x": 34.46,
            "y": 39.89
        },
        "8": {
            "name": "Center of Shoulder",
            "x": 37.1,
            "y": 28.87
        },
        "9": {
            "name": "Neck",
            "x": 38.86,
            "y": 27.62
        },
        "10": {
            "name": "Head",
            "x": 41.72,
            "y": 24.65
        },
        "11": {
            "name": "Right Shoulder",
            "x": 30.86,
            "y": 28.87
        },
        "12": {
            "name": "Right Elbow",
            "x": 27.53,
            "y": 36.23
        },
        "13": {
            "name": "Right Wrist",
            "x": 25.82,
            "y": 29.48
        },
        "14": {
            "name": "Left Shoulder",
            "x": 41.9,
            "y": 28.97
        },
        "15": {
            "name": "Left Elbow",
            "x": 48.15,
            "y": 35.32
        },
        "16": {
            "name": "Left Wrist",
            "x": 54.9,
            "y": 38.49
        }
    },
    "keypont_3d": {
        "0": {
            "name": "Center of Hips",
            "x": 0.0,
            "y": 0.0,
            "z": 0.5800981521606445
        },
        "1": {
            "name": "Left Hip",
            "x": 0.022173868492245674,
            "y": 0.13016586005687714,
            "z": 0.6468223929405212
        },
        "2": {
            "name": "Left Knee",
            "x": -0.06601691991090775,
            "y": 0.2892775237560272,
            "z": 0.3534355163574219
        },
        "3": {
            "name": "Left Ankle",
            "x": -0.11831796169281006,
            "y": 0.24785707890987396,
            "z": 0.0
        },
        "4": {
            "name": "Right Hip",
            "x": 0.024499930441379547,
            "y": -0.05773954465985298,
            "z": 0.5064643025398254
        },
        "5": {
            "name": "Right Knee",
            "x": -0.34307944774627686,
            "y": 0.007616312243044376,
            "z": 0.5586356520652771
        },
        "6": {
            "name": "Right Ankle",
            "x": -0.6101959347724915,
            "y": -0.06966475397348404,
            "z": 0.5021257400512695
        },
        "7": {
            "name": "Center of Body",
            "x": 0.03254213556647301,
            "y": -0.03457097336649895,
            "z": 0.7519739270210266
        },
        "8": {
            "name": "Center of Shoulder",
            "x": -0.010410390794277191,
            "y": -0.07252667099237442,
            "z": 0.9292798042297363
        },
        "9": {
            "name": "Neck",
            "x": -0.05659155547618866,
            "y": -0.10666345804929733,
            "z": 0.9377903342247009
        },
        "10": {
            "name": "Head",
            "x": -0.10381421446800232,
            "y": -0.0733601376414299,
            "z": 1.0
        },
        "11": {
            "name": "Right Shoulder",
            "x": 0.07514035701751709,
            "y": -0.135719895362854,
            "z": 0.923036515712738
        },
        "12": {
            "name": "Right Elbow",
            "x": 0.10220485925674438,
            "y": -0.24394041299819946,
            "z": 0.7666441202163696
        },
        "13": {
            "name": "Right Wrist",
            "x": 0.07245218753814697,
            "y": -0.38636475801467896,
            "z": 0.7885961532592773
        },
        "14": {
            "name": "Left Shoulder",
            "x": -0.08784185349941254,
            "y": -0.016214890405535698,
            "z": 0.9309661984443665
        },
        "15": {
            "name": "Left Elbow",
            "x": -0.17242112755775452,
            "y": 0.12030969560146332,
            "z": 0.8220189809799194
        },
        "16": {
            "name": "Left Wrist",
            "x": -0.35814982652664185,
            "y": 0.12499235570430756,
            "z": 0.768882691860199
        }
    }
}