{
    "image_path": "00008/img/18.jpg",
    "shooter_tracklet_id": 5,
    "bbox": {
        "x": 340,
        "y": 246,
        "w": 100,
        "h": 100
    },
    "keypoint_2d": {
        "0": {
            "name": "Center of Hips",
            "x": 35.89,
            "y": 46.01
        },
        "1": {
            "name": "Left Hip",
            "x": 40.06,
            "y": 44.05
        },
        "2": {
            "name": "Left Knee",
            "x": 43.37,
            "y": 59.88
        },
        "3": {
            "name": "Left Ankle",
            "x": 42.76,
            "y": 79.88
        },
        "4": {
            "name": "Right Hip",
            "x": 31.35,
            "y": 48.28
        },
        "5": {
            "name": "Right Knee",
            "x": 50.69,
            "y": 41.71
        },
        "6": {
            "name": "Right Ankle",
            "x": 62.03,
            "y": 46.63
        },
        "7": {
            "name": "Center of Body",
            "x": 35.08,
            "y": 36.68
        },
        "8": {
            "name": "Center of Shoulder",
            "x": 34.28,
            "y": 26.39
        },
        "9": {
            "name": "Neck",
            "x": 35.5,
            "y": 24.99
        },
        "10": {
            "name": "Head",
            "x": 40.22,
            "y": 23.03
        },
        "11": {
            "name": "Right Shoulder",
            "x": 29.01,
            "y": 25.47
        },
        "12": {
            "name": "Right Elbow",
            "x": 25.75,
            "y": 31.51
        },
        "13": {
            "name": "Right Wrist",
            "x": 22.42,
            "y": 31.69
        },
        "14": {
            "name": "Left Shoulder",
            "x": 39.27,
            "y": 27.35
        },
        "15": {
            "name": "Left Elbow",
            "x": 43.59,
            "y": 34.99
        },
        "16": {
            "name": "Left Wrist",
            "x": 49.88,
            "y": 40.12
        }
    },
    "keypoint_3d": {
        "0": {
            "name": "Center of Hips",
            "x": 0.0,
            "y": 0.0,
            "z": 0.5838590264320374
        },
        "1": {
            "name": "Left Hip",
            "x": -0.012259325943887234,
            "y": 0.11884336173534393,
            "z": 0.633880078792572
        },
        "2": {
            "name": "Left Knee",
            "x": -0.04657551273703575,
            "y": 0.28401806950569153,
            "z": 0.3498295843601227
        },
        "3": {
            "name": "Left Ankle",
            "x": -0.09185321629047394,
            "y": 0.24367214739322662,
            "z": 0.0
        },
        "4": {
            "name": "Right Hip",
            "x": 0.04519423469901085,
            "y": -0.059898536652326584,
            "z": 0.5318523049354553
        },
        "5": {
            "name": "Right Knee",
            "x": -0.31724676489830017,
            "y": -0.018542667850852013,
            "z": 0.610742449760437
        },
        "6": {
            "name": "Right Ankle",
            "x": -0.5763970613479614,
            "y": -0.06366689503192902,
            "z": 0.5202601552009583
        },
        "7": {
            "name": "Center of Body",
            "x": 0.026095662266016006,
            "y": -0.029343683272600174,
            "z": 0.756246030330658
        },
        "8": {
            "name": "Center of Shoulder",
            "x": 0.006571752950549126,
            "y": -0.07490333169698715,
            "z": 0.9294842481613159
        },
        "9": {
            "name": "Neck",
            "x": -0.03803118318319321,
            "y": -0.10757649689912796,
            "z": 0.9450488686561584
        },
        "10": {
            "name": "Head",
            "x": -0.09028039872646332,
            "y": -0.06424831598997116,
            "z": 1.0
        },
        "11": {
            "name": "Right Shoulder",
            "x": 0.10674963146448135,
            "y": -0.11967482417821884,
            "z": 0.9360139966011047
        },
        "12": {
            "name": "Right Elbow",
            "x": 0.1223757266998291,
            "y": -0.2466302067041397,
            "z": 0.7995045781135559
        },
        "13": {
            "name": "Right Wrist",
            "x": 0.13960589468479156,
            "y": -0.38317421078681946,
            "z": 0.8219920992851257
        },
        "14": {
            "name": "Left Shoulder",
            "x": -0.07060234993696213,
            "y": -0.018651898950338364,
            "z": 0.9298754930496216
        },
        "15": {
            "name": "Left Elbow",
            "x": -0.11466168612241745,
            "y": 0.12995268404483795,
            "z": 0.8106743097305298
        },
        "16": {
            "name": "Left Wrist",
            "x": -0.27299121022224426,
            "y": 0.09095083922147751,
            "z": 0.7049493193626404
        }
    }
}