{
    "image_path": "00008/img/19.jpg",
    "shooter_tracklet_id": 5,
    "bbox": {
        "x": 338,
        "y": 238,
        "w": 100,
        "h": 100
    },
    "keypoint_2d": {
        "0": {
            "name": "Center of Hips",
            "x": 40.08,
            "y": 44.52
        },
        "1": {
            "name": "Left Hip",
            "x": 44.23,
            "y": 42.74
        },
        "2": {
            "name": "Left Knee",
            "x": 47.2,
            "y": 60.72
        },
        "3": {
            "name": "Left Ankle",
            "x": 48.12,
            "y": 78.09
        },
        "4": {
            "name": "Right Hip",
            "x": 36.35,
            "y": 46.33
        },
        "5": {
            "name": "Right Knee",
            "x": 53.09,
            "y": 42.81
        },
        "6": {
            "name": "Right Ankle",
            "x": 61.06,
            "y": 46.73
        },
        "7": {
            "name": "Center of Body",
            "x": 40.45,
            "y": 36.07
        },
        "8": {
            "name": "Center of Shoulder",
            "x": 41.34,
            "y": 26.64
        },
        "9": {
            "name": "Neck",
            "x": 42.19,
            "y": 25.1
        },
        "10": {
            "name": "Head",
            "x": 45.61,
            "y": 22.15
        },
        "11": {
            "name": "Right Shoulder",
            "x": 37.18,
            "y": 25.84
        },
        "12": {
            "name": "Right Elbow",
            "x": 31.56,
            "y": 33.03
        },
        "13": {
            "name": "Right Wrist",
            "x": 39.39,
            "y": 25.43
        },
        "14": {
            "name": "Left Shoulder",
            "x": 45.94,
            "y": 26.98
        },
        "15": {
            "name": "Left Elbow",
            "x": 49.14,
            "y": 38.77
        },
        "16": {
            "name": "Left Wrist",
            "x": 56.93,
            "y": 39.06
        }
    },
    "keypoint_3d": {
        "0": {
            "name": "Center of Hips",
            "x": 0.0,
            "y": 0.0,
            "z": 0.5988584756851196
        },
        "1": {
            "name": "Left Hip",
            "x": -0.0275094136595726,
            "y": 0.1134096011519432,
            "z": 0.637252688407898
        },
        "2": {
            "name": "Left Knee",
            "x": -0.04816088825464249,
            "y": 0.21903522312641144,
            "z": 0.33936312794685364
        },
        "3": {
            "name": "Left Ankle",
            "x": -0.057028718292713165,
            "y": 0.2489408403635025,
            "z": 0.0
        },
        "4": {
            "name": "Right Hip",
            "x": 0.047184307128190994,
            "y": -0.061939481645822525,
            "z": 0.5676891207695007
        },
        "5": {
            "name": "Right Knee",
            "x": -0.2841094136238098,
            "y": -0.06519765406847,
            "z": 0.606213390827179
        },
        "6": {
            "name": "Right Ankle",
            "x": -0.5064510703086853,
            "y": -0.13674858212471008,
            "z": 0.5126969218254089
        },
        "7": {
            "name": "Center of Body",
            "x": 0.002427106723189354,
            "y": -0.0178956538438797,
            "z": 0.7618768215179443
        },
        "8": {
            "name": "Center of Shoulder",
            "x": -0.017363309860229492,
            "y": -0.04657137393951416,
            "z": 0.9311069250106812
        },
        "9": {
            "name": "Neck",
            "x": -0.0382305271923542,
            "y": -0.06926626712083817,
            "z": 0.9470787644386292
        },
        "10": {
            "name": "Head",
            "x": -0.09263094514608383,
            "y": -0.04405822232365608,
            "z": 1.0
        },
        "11": {
            "name": "Right Shoulder",
            "x": 0.05137920379638672,
            "y": -0.09510105848312378,
            "z": 0.9324602484703064
        },
        "12": {
            "name": "Right Elbow",
            "x": 0.11220748722553253,
            "y": -0.19547870755195618,
            "z": 0.7895203828811646
        },
        "13": {
            "name": "Right Wrist",
            "x": 0.03385474905371666,
            "y": -0.2944556474685669,
            "z": 0.8396499156951904
        },
        "14": {
            "name": "Left Shoulder",
            "x": -0.08023901283740997,
            "y": 0.019306641072034836,
            "z": 0.9260157942771912
        },
        "15": {
            "name": "Left Elbow",
            "x": -0.10712694376707077,
            "y": 0.1248883530497551,
            "z": 0.7506900429725647
        },
        "16": {
            "name": "Left Wrist",
            "x": -0.25564977526664734,
            "y": 0.12455581873655319,
            "z": 0.7049843072891235
        }
    }
}