{
    "image_path": "00008/img/20.jpg",
    "shooter_tracklet_id": 5,
    "bbox": {
        "x": 336,
        "y": 230,
        "w": 100,
        "h": 100
    },
    "keypont_2d": {
        "0": {
            "name": "Center of Hips",
            "x": 44.73,
            "y": 46.82
        },
        "1": {
            "name": "Left Hip",
            "x": 41.05,
            "y": 48.4
        },
        "2": {
            "name": "Left Knee",
            "x": 51.17,
            "y": 59.94
        },
        "3": {
            "name": "Left Ankle",
            "x": 52.44,
            "y": 75.77
        },
        "4": {
            "name": "Right Hip",
            "x": 49.45,
            "y": 44.94
        },
        "5": {
            "name": "Right Knee",
            "x": 58.86,
            "y": 44.96
        },
        "6": {
            "name": "Right Ankle",
            "x": 61.34,
            "y": 52.2
        },
        "7": {
            "name": "Center of Body",
            "x": 43.5,
            "y": 36.67
        },
        "8": {
            "name": "Center of Shoulder",
            "x": 45.63,
            "y": 25.58
        },
        "9": {
            "name": "Neck",
            "x": 47.2,
            "y": 24.63
        },
        "10": {
            "name": "Head",
            "x": 49.82,
            "y": 23.42
        },
        "11": {
            "name": "Right Shoulder",
            "x": 50.12,
            "y": 27.4
        },
        "12": {
            "name": "Right Elbow",
            "x": 49.75,
            "y": 31.81
        },
        "13": {
            "name": "Right Wrist",
            "x": 55.94,
            "y": 32.49
        },
        "14": {
            "name": "Left Shoulder",
            "x": 40.41,
            "y": 24.45
        },
        "15": {
            "name": "Left Elbow",
            "x": 35.5,
            "y": 33.96
        },
        "16": {
            "name": "Left Wrist",
            "x": 40.1,
            "y": 33.34
        }
    },
    "keypont_3d": {
        "0": {
            "name": "Center of Hips",
            "x": 0.0,
            "y": 0.0,
            "z": 0.5621480941772461
        },
        "1": {
            "name": "Left Hip",
            "x": 0.0758705735206604,
            "y": 0.07984408736228943,
            "z": 0.5503690838813782
        },
        "2": {
            "name": "Left Knee",
            "x": -0.0495234839618206,
            "y": 0.262594074010849,
            "z": 0.31745854020118713
        },
        "3": {
            "name": "Left Ankle",
            "x": -0.1018313318490982,
            "y": 0.1775565892457962,
            "z": 0.0
        },
        "4": {
            "name": "Right Hip",
            "x": -0.058095548301935196,
            "y": -0.07013120502233505,
            "z": 0.5564109683036804
        },
        "5": {
            "name": "Right Knee",
            "x": -0.31396135687828064,
            "y": -0.03707005828619003,
            "z": 0.5643260478973389
        },
        "6": {
            "name": "Right Ankle",
            "x": -0.42781320214271545,
            "y": -0.11737262457609177,
            "z": 0.4045984148979187
        },
        "7": {
            "name": "Center of Body",
            "x": 0.020259687677025795,
            "y": -0.0042782495729625225,
            "z": 0.7381126284599304
        },
        "8": {
            "name": "Center of Shoulder",
            "x": -0.000987679697573185,
            "y": -0.000126245227875188,
            "z": 0.9275188446044922
        },
        "9": {
            "name": "Neck",
            "x": -0.026523591950535774,
            "y": 0.009580563753843307,
            "z": 0.9549798369407654
        },
        "10": {
            "name": "Head",
            "x": -0.07055144011974335,
            "y": 0.02685537189245224,
            "z": 1.0
        },
        "11": {
            "name": "Right Shoulder",
            "x": -0.06218390166759491,
            "y": -0.05681883916258812,
            "z": 0.9052817225456238
        },
        "12": {
            "name": "Right Elbow",
            "x": -0.12740936875343323,
            "y": -0.18405063450336456,
            "z": 0.7785232663154602
        },
        "13": {
            "name": "Right Wrist",
            "x": -0.21017497777938843,
            "y": -0.011967874132096767,
            "z": 0.8058497905731201
        },
        "14": {
            "name": "Left Shoulder",
            "x": 0.04894963279366493,
            "y": 0.06872589141130447,
            "z": 0.9530749917030334
        },
        "15": {
            "name": "Left Elbow",
            "x": 0.2445235550403595,
            "y": 0.13658948242664337,
            "z": 0.8254755139350891
        },
        "16": {
            "name": "Left Wrist",
            "x": 0.21194052696228027,
            "y": 0.28211748600006104,
            "z": 0.8648017644882202
        }
    }
}