{
    "image_path": "00011/img/1.jpg",
    "shooter_tracklet_id": 4,
    "bbox": {
        "x": 306,
        "y": 713,
        "w": 100,
        "h": 100
    },
    "keypont_2d": {
        "0": {
            "name": "Center of Hips",
            "x": 44.16,
            "y": 44.01
        },
        "1": {
            "name": "Left Hip",
            "x": 36.33,
            "y": 44.01
        },
        "2": {
            "name": "Left Knee",
            "x": 35.49,
            "y": 67.41
        },
        "3": {
            "name": "Left Ankle",
            "x": 34.41,
            "y": 83.95
        },
        "4": {
            "name": "Right Hip",
            "x": 51.76,
            "y": 44.1
        },
        "5": {
            "name": "Right Knee",
            "x": 51.8,
            "y": 59.97
        },
        "6": {
            "name": "Right Ankle",
            "x": 48.8,
            "y": 77.0
        },
        "7": {
            "name": "Center of Body",
            "x": 43.47,
            "y": 28.34
        },
        "8": {
            "name": "Center of Shoulder",
            "x": 42.88,
            "y": 17.62
        },
        "9": {
            "name": "Neck",
            "x": 42.57,
            "y": 15.82
        },
        "10": {
            "name": "Head",
            "x": 41.66,
            "y": 11.64
        },
        "11": {
            "name": "Right Shoulder",
            "x": 53.29,
            "y": 19.2
        },
        "12": {
            "name": "Right Elbow",
            "x": 59.72,
            "y": 29.24
        },
        "13": {
            "name": "Right Wrist",
            "x": 67.76,
            "y": 40.17
        },
        "14": {
            "name": "Left Shoulder",
            "x": 34.09,
            "y": 21.38
        },
        "15": {
            "name": "Left Elbow",
            "x": 32.74,
            "y": 37.27
        },
        "16": {
            "name": "Left Wrist",
            "x": 35.76,
            "y": 41.4
        }
    },
    "keypont_3d": {
        "0": {
            "name": "Center of Hips",
            "x": 0.0,
            "y": 0.0,
            "z": 0.557418167591095
        },
        "1": {
            "name": "Left Hip",
            "x": 0.10287750512361526,
            "y": -0.018054498359560966,
            "z": 0.5494277477264404
        },
        "2": {
            "name": "Left Knee",
            "x": 0.1227923184633255,
            "y": 0.008172481320798397,
            "z": 0.23252800107002258
        },
        "3": {
            "name": "Left Ankle",
            "x": 0.10568491369485855,
            "y": -0.03780681639909744,
            "z": 0.0
        },
        "4": {
            "name": "Right Hip",
            "x": -0.10891787707805634,
            "y": -0.002390999114140868,
            "z": 0.5489898920059204
        },
        "5": {
            "name": "Right Knee",
            "x": -0.15166231989860535,
            "y": -0.0655728429555893,
            "z": 0.29946038126945496
        },
        "6": {
            "name": "Right Ankle",
            "x": -0.14554978907108307,
            "y": -0.12019859999418259,
            "z": 0.06208716705441475
        },
        "7": {
            "name": "Center of Body",
            "x": 0.00418572872877121,
            "y": -0.021067097783088684,
            "z": 0.7372488975524902
        },
        "8": {
            "name": "Center of Shoulder",
            "x": 0.04377467930316925,
            "y": 0.026330163702368736,
            "z": 0.9013559222221375
        },
        "9": {
            "name": "Neck",
            "x": 0.07438554614782333,
            "y": 0.08440817147493362,
            "z": 0.9379468560218811
        },
        "10": {
            "name": "Head",
            "x": 0.09642111510038376,
            "y": 0.09481662511825562,
            "z": 1.0
        },
        "11": {
            "name": "Right Shoulder",
            "x": -0.09374898672103882,
            "y": 0.043191682547330856,
            "z": 0.8808122873306274
        },
        "12": {
            "name": "Right Elbow",
            "x": -0.20574885606765747,
            "y": 0.022481882944703102,
            "z": 0.7266188263893127
        },
        "13": {
            "name": "Right Wrist",
            "x": -0.29499223828315735,
            "y": 0.08572866767644882,
            "z": 0.5949175357818604
        },
        "14": {
            "name": "Left Shoulder",
            "x": 0.1471441388130188,
            "y": -0.0092821279540658,
            "z": 0.8509904742240906
        },
        "15": {
            "name": "Left Elbow",
            "x": 0.16398978233337402,
            "y": -0.02325272187590599,
            "z": 0.6412687301635742
        },
        "16": {
            "name": "Left Wrist",
            "x": 0.18039308488368988,
            "y": 0.10076307505369186,
            "z": 0.6128979921340942
        }
    }
}