{
    "image_path": "00011/img/3.jpg",
    "shooter_tracklet_id": 4,
    "bbox": {
        "x": 306,
        "y": 711,
        "w": 100,
        "h": 100
    },
    "keypont_2d": {
        "0": {
            "name": "Center of Hips",
            "x": 43.77,
            "y": 44.83
        },
        "1": {
            "name": "Left Hip",
            "x": 36.63,
            "y": 44.18
        },
        "2": {
            "name": "Left Knee",
            "x": 36.32,
            "y": 66.78
        },
        "3": {
            "name": "Left Ankle",
            "x": 33.56,
            "y": 83.92
        },
        "4": {
            "name": "Right Hip",
            "x": 51.54,
            "y": 44.81
        },
        "5": {
            "name": "Right Knee",
            "x": 52.85,
            "y": 62.1
        },
        "6": {
            "name": "Right Ankle",
            "x": 49.53,
            "y": 78.44
        },
        "7": {
            "name": "Center of Body",
            "x": 43.89,
            "y": 32.4
        },
        "8": {
            "name": "Center of Shoulder",
            "x": 42.83,
            "y": 16.28
        },
        "9": {
            "name": "Neck",
            "x": 42.83,
            "y": 14.74
        },
        "10": {
            "name": "Head",
            "x": 42.96,
            "y": 9.7
        },
        "11": {
            "name": "Right Shoulder",
            "x": 53.97,
            "y": 16.87
        },
        "12": {
            "name": "Right Elbow",
            "x": 62.11,
            "y": 28.13
        },
        "13": {
            "name": "Right Wrist",
            "x": 68.31,
            "y": 37.87
        },
        "14": {
            "name": "Left Shoulder",
            "x": 33.38,
            "y": 19.69
        },
        "15": {
            "name": "Left Elbow",
            "x": 33.26,
            "y": 35.07
        },
        "16": {
            "name": "Left Wrist",
            "x": 42.14,
            "y": 36.04
        }
    },
    "keypont_3d": {
        "0": {
            "name": "Center of Hips",
            "x": 0.0,
            "y": 0.0,
            "z": 0.5493139028549194
        },
        "1": {
            "name": "Left Hip",
            "x": 0.09638877958059311,
            "y": -0.025194868445396423,
            "z": 0.5422288179397583
        },
        "2": {
            "name": "Left Knee",
            "x": 0.09170522540807724,
            "y": -0.030890000984072685,
            "z": 0.2508853077888489
        },
        "3": {
            "name": "Left Ankle",
            "x": 0.09136694669723511,
            "y": -0.07708317041397095,
            "z": 0.0
        },
        "4": {
            "name": "Right Hip",
            "x": -0.10608427971601486,
            "y": -0.00980429258197546,
            "z": 0.5400856733322144
        },
        "5": {
            "name": "Right Knee",
            "x": -0.1594633311033249,
            "y": -0.055746033787727356,
            "z": 0.29788342118263245
        },
        "6": {
            "name": "Right Ankle",
            "x": -0.15453721582889557,
            "y": -0.12085877358913422,
            "z": 0.05226914957165718
        },
        "7": {
            "name": "Center of Body",
            "x": -0.008290288038551807,
            "y": -0.042454794049263,
            "z": 0.6942974925041199
        },
        "8": {
            "name": "Center of Shoulder",
            "x": 0.03138955682516098,
            "y": 0.0021497979760169983,
            "z": 0.8941100835800171
        },
        "9": {
            "name": "Neck",
            "x": 0.06457401812076569,
            "y": 0.06905270367860794,
            "z": 0.9272772073745728
        },
        "10": {
            "name": "Head",
            "x": 0.0723775327205658,
            "y": 0.06934735178947449,
            "z": 1.0
        },
        "11": {
            "name": "Right Shoulder",
            "x": -0.1035703793168068,
            "y": 0.027627823874354362,
            "z": 0.8877780437469482
        },
        "12": {
            "name": "Right Elbow",
            "x": -0.22305485606193542,
            "y": 0.04255342856049538,
            "z": 0.7348419427871704
        },
        "13": {
            "name": "Right Wrist",
            "x": -0.3043995797634125,
            "y": 0.08038599789142609,
            "z": 0.6102938055992126
        },
        "14": {
            "name": "Left Shoulder",
            "x": 0.14566585421562195,
            "y": -0.02595372311770916,
            "z": 0.8451818227767944
        },
        "15": {
            "name": "Left Elbow",
            "x": 0.15156424045562744,
            "y": -0.023580403998494148,
            "z": 0.6584384441375732
        },
        "16": {
            "name": "Left Wrist",
            "x": 0.10587658733129501,
            "y": 0.11484841257333755,
            "z": 0.6532227396965027
        }
    }
}