{
    "image_path": "00011/img/5.jpg",
    "shooter_tracklet_id": 4,
    "bbox": {
        "x": 302,
        "y": 706,
        "w": 100,
        "h": 100
    },
    "keypoint_2d": {
        "0": {
            "name": "Center of Hips",
            "x": 48.01,
            "y": 44.31
        },
        "1": {
            "name": "Left Hip",
            "x": 39.7,
            "y": 44.45
        },
        "2": {
            "name": "Left Knee",
            "x": 41.7,
            "y": 63.56
        },
        "3": {
            "name": "Left Ankle",
            "x": 41.16,
            "y": 74.82
        },
        "4": {
            "name": "Right Hip",
            "x": 56.83,
            "y": 44.02
        },
        "5": {
            "name": "Right Knee",
            "x": 53.29,
            "y": 67.79
        },
        "6": {
            "name": "Right Ankle",
            "x": 49.61,
            "y": 85.16
        },
        "7": {
            "name": "Center of Body",
            "x": 47.28,
            "y": 30.15
        },
        "8": {
            "name": "Center of Shoulder",
            "x": 46.3,
            "y": 16.94
        },
        "9": {
            "name": "Neck",
            "x": 46.42,
            "y": 14.9
        },
        "10": {
            "name": "Head",
            "x": 46.08,
            "y": 10.46
        },
        "11": {
            "name": "Right Shoulder",
            "x": 57.35,
            "y": 18.04
        },
        "12": {
            "name": "Right Elbow",
            "x": 64.93,
            "y": 30.58
        },
        "13": {
            "name": "Right Wrist",
            "x": 69.28,
            "y": 42.0
        },
        "14": {
            "name": "Left Shoulder",
            "x": 37.38,
            "y": 19.04
        },
        "15": {
            "name": "Left Elbow",
            "x": 29.11,
            "y": 35.18
        },
        "16": {
            "name": "Left Wrist",
            "x": 30.16,
            "y": 25.88
        }
    },
    "keypoint_3d": {
        "0": {
            "name": "Center of Hips",
            "x": 0.0,
            "y": 0.0,
            "z": 0.5498728156089783
        },
        "1": {
            "name": "Left Hip",
            "x": 0.0965295061469078,
            "y": -0.0519147589802742,
            "z": 0.539374589920044
        },
        "2": {
            "name": "Left Knee",
            "x": 0.0455009900033474,
            "y": -0.09591817855834961,
            "z": 0.27018654346466064
        },
        "3": {
            "name": "Left Ankle",
            "x": -0.0007547365967184305,
            "y": -0.21104878187179565,
            "z": 0.07413871586322784
        },
        "4": {
            "name": "Right Hip",
            "x": -0.10238254815340042,
            "y": 0.024456705898046494,
            "z": 0.5422033667564392
        },
        "5": {
            "name": "Right Knee",
            "x": -0.06621076166629791,
            "y": 0.05884920433163643,
            "z": 0.24560962617397308
        },
        "6": {
            "name": "Right Ankle",
            "x": -0.06825133413076401,
            "y": -0.025083059445023537,
            "z": 0.0
        },
        "7": {
            "name": "Center of Body",
            "x": 0.004545282106846571,
            "y": -0.02746627666056156,
            "z": 0.7073960304260254
        },
        "8": {
            "name": "Center of Shoulder",
            "x": 0.03972849249839783,
            "y": 0.012526124715805054,
            "z": 0.895235538482666
        },
        "9": {
            "name": "Neck",
            "x": 0.07191267609596252,
            "y": 0.08035416156053543,
            "z": 0.9319183826446533
        },
        "10": {
            "name": "Head",
            "x": 0.08281109482049942,
            "y": 0.08786308020353317,
            "z": 1.0
        },
        "11": {
            "name": "Right Shoulder",
            "x": -0.09503106772899628,
            "y": 0.042223479598760605,
            "z": 0.8795984387397766
        },
        "12": {
            "name": "Right Elbow",
            "x": -0.2063150703907013,
            "y": 0.04594027251005173,
            "z": 0.707338809967041
        },
        "13": {
            "name": "Right Wrist",
            "x": -0.2761731743812561,
            "y": 0.08371098339557648,
            "z": 0.5647699236869812
        },
        "14": {
            "name": "Left Shoulder",
            "x": 0.13676714897155762,
            "y": -0.04208970069885254,
            "z": 0.8571677803993225
        },
        "15": {
            "name": "Left Elbow",
            "x": 0.2461230456829071,
            "y": -0.021218454465270042,
            "z": 0.6671674847602844
        },
        "16": {
            "name": "Left Wrist",
            "x": 0.27139607071876526,
            "y": 0.08358655869960785,
            "z": 0.7988287210464478
        }
    }
}