{
    "image_path": "00011/img/6.jpg",
    "shooter_tracklet_id": 4,
    "bbox": {
        "x": 301,
        "y": 703,
        "w": 100,
        "h": 100
    },
    "keypont_2d": {
        "0": {
            "name": "Center of Hips",
            "x": 51.91,
            "y": 45.87
        },
        "1": {
            "name": "Left Hip",
            "x": 43.75,
            "y": 45.57
        },
        "2": {
            "name": "Left Knee",
            "x": 45.46,
            "y": 66.38
        },
        "3": {
            "name": "Left Ankle",
            "x": 44.21,
            "y": 75.78
        },
        "4": {
            "name": "Right Hip",
            "x": 61.38,
            "y": 46.01
        },
        "5": {
            "name": "Right Knee",
            "x": 55.17,
            "y": 67.95
        },
        "6": {
            "name": "Right Ankle",
            "x": 49.22,
            "y": 87.99
        },
        "7": {
            "name": "Center of Body",
            "x": 51.1,
            "y": 31.77
        },
        "8": {
            "name": "Center of Shoulder",
            "x": 49.04,
            "y": 16.44
        },
        "9": {
            "name": "Neck",
            "x": 48.82,
            "y": 14.59
        },
        "10": {
            "name": "Head",
            "x": 48.01,
            "y": 10.28
        },
        "11": {
            "name": "Right Shoulder",
            "x": 58.47,
            "y": 17.18
        },
        "12": {
            "name": "Right Elbow",
            "x": 65.74,
            "y": 30.71
        },
        "13": {
            "name": "Right Wrist",
            "x": 68.41,
            "y": 39.59
        },
        "14": {
            "name": "Left Shoulder",
            "x": 40.74,
            "y": 18.36
        },
        "15": {
            "name": "Left Elbow",
            "x": 29.1,
            "y": 33.44
        },
        "16": {
            "name": "Left Wrist",
            "x": 26.21,
            "y": 31.22
        }
    },
    "keypont_3d": {
        "0": {
            "name": "Center of Hips",
            "x": 0.0,
            "y": 0.0,
            "z": 0.5591288208961487
        },
        "1": {
            "name": "Left Hip",
            "x": 0.08883689343929291,
            "y": -0.05905823037028313,
            "z": 0.5465428829193115
        },
        "2": {
            "name": "Left Knee",
            "x": 0.03946932777762413,
            "y": -0.09611450880765915,
            "z": 0.2797253131866455
        },
        "3": {
            "name": "Left Ankle",
            "x": -0.007078438997268677,
            "y": -0.22636735439300537,
            "z": 0.10564922541379929
        },
        "4": {
            "name": "Right Hip",
            "x": -0.10766512155532837,
            "y": 0.03867829218506813,
            "z": 0.5504508018493652
        },
        "5": {
            "name": "Right Knee",
            "x": -0.05011185631155968,
            "y": 0.04692310839891434,
            "z": 0.2536652982234955
        },
        "6": {
            "name": "Right Ankle",
            "x": -0.02665708027780056,
            "y": -0.013132598251104355,
            "z": 0.0
        },
        "7": {
            "name": "Center of Body",
            "x": -0.0016203098930418491,
            "y": -0.024465102702379227,
            "z": 0.717028796672821
        },
        "8": {
            "name": "Center of Shoulder",
            "x": 0.042809054255485535,
            "y": 0.0032362150959670544,
            "z": 0.8983635306358337
        },
        "9": {
            "name": "Neck",
            "x": 0.07398072630167007,
            "y": 0.06784408539533615,
            "z": 0.9336089491844177
        },
        "10": {
            "name": "Head",
            "x": 0.08892885595560074,
            "y": 0.07215384393930435,
            "z": 1.0
        },
        "11": {
            "name": "Right Shoulder",
            "x": -0.08108453452587128,
            "y": 0.03378063067793846,
            "z": 0.8895173072814941
        },
        "12": {
            "name": "Right Elbow",
            "x": -0.18340452015399933,
            "y": 0.03813238814473152,
            "z": 0.7160847783088684
        },
        "13": {
            "name": "Right Wrist",
            "x": -0.18527629971504211,
            "y": 0.15680857002735138,
            "z": 0.6277317404747009
        },
        "14": {
            "name": "Left Shoulder",
            "x": 0.13337548077106476,
            "y": -0.05384911969304085,
            "z": 0.8673198819160461
        },
        "15": {
            "name": "Left Elbow",
            "x": 0.2644115388393402,
            "y": -0.0696084201335907,
            "z": 0.6852295398712158
        },
        "16": {
            "name": "Left Wrist",
            "x": 0.35056424140930176,
            "y": 0.023758936673402786,
            "z": 0.7706238031387329
        }
    }
}