{
    "image_path": "00011/img/7.jpg",
    "shooter_tracklet_id": 4,
    "bbox": {
        "x": 301,
        "y": 695,
        "w": 100,
        "h": 100
    },
    "keypoint_2d": {
        "0": {
            "name": "Center of Hips",
            "x": 60.16,
            "y": 43.38
        },
        "1": {
            "name": "Left Hip",
            "x": 52.07,
            "y": 42.77
        },
        "2": {
            "name": "Left Knee",
            "x": 56.42,
            "y": 64.5
        },
        "3": {
            "name": "Left Ankle",
            "x": 53.6,
            "y": 75.62
        },
        "4": {
            "name": "Right Hip",
            "x": 68.26,
            "y": 43.89
        },
        "5": {
            "name": "Right Knee",
            "x": 64.25,
            "y": 68.42
        },
        "6": {
            "name": "Right Ankle",
            "x": 57.67,
            "y": 87.84
        },
        "7": {
            "name": "Center of Body",
            "x": 58.77,
            "y": 30.03
        },
        "8": {
            "name": "Center of Shoulder",
            "x": 55.75,
            "y": 15.65
        },
        "9": {
            "name": "Neck",
            "x": 55.19,
            "y": 13.06
        },
        "10": {
            "name": "Head",
            "x": 54.57,
            "y": 8.62
        },
        "11": {
            "name": "Right Shoulder",
            "x": 66.92,
            "y": 15.53
        },
        "12": {
            "name": "Right Elbow",
            "x": 72.02,
            "y": 34.65
        },
        "13": {
            "name": "Right Wrist",
            "x": 64.11,
            "y": 40.14
        },
        "14": {
            "name": "Left Shoulder",
            "x": 47.01,
            "y": 17.6
        },
        "15": {
            "name": "Left Elbow",
            "x": 39.61,
            "y": 29.38
        },
        "16": {
            "name": "Left Wrist",
            "x": 27.25,
            "y": 30.75
        }
    },
    "keypoint_3d": {
        "0": {
            "name": "Center of Hips",
            "x": 0.0,
            "y": 0.0,
            "z": 0.5700812935829163
        },
        "1": {
            "name": "Left Hip",
            "x": 0.07672253251075745,
            "y": -0.07316981256008148,
            "z": 0.553575873374939
        },
        "2": {
            "name": "Left Knee",
            "x": 0.015683680772781372,
            "y": -0.06902824342250824,
            "z": 0.2829189598560333
        },
        "3": {
            "name": "Left Ankle",
            "x": -0.01697723940014839,
            "y": -0.20435425639152527,
            "z": 0.10946569591760635
        },
        "4": {
            "name": "Right Hip",
            "x": -0.09980147331953049,
            "y": 0.04815841093659401,
            "z": 0.5623301863670349
        },
        "5": {
            "name": "Right Knee",
            "x": -0.04019404575228691,
            "y": 0.05861768126487732,
            "z": 0.2557497024536133
        },
        "6": {
            "name": "Right Ankle",
            "x": 0.014993331395089626,
            "y": 0.01536272931843996,
            "z": 0.0
        },
        "7": {
            "name": "Center of Body",
            "x": -0.001509309047833085,
            "y": -0.027066374197602272,
            "z": 0.7291405200958252
        },
        "8": {
            "name": "Center of Shoulder",
            "x": 0.04861702397465706,
            "y": -0.013727984391152859,
            "z": 0.904965341091156
        },
        "9": {
            "name": "Neck",
            "x": 0.08065386861562729,
            "y": 0.0368400439620018,
            "z": 0.9426727890968323
        },
        "10": {
            "name": "Head",
            "x": 0.0908394455909729,
            "y": 0.028300665318965912,
            "z": 1.0
        },
        "11": {
            "name": "Right Shoulder",
            "x": -0.06495648622512817,
            "y": 0.042405735701322556,
            "z": 0.9084522128105164
        },
        "12": {
            "name": "Right Elbow",
            "x": -0.13150352239608765,
            "y": 0.08338813483715057,
            "z": 0.6924191117286682
        },
        "13": {
            "name": "Right Wrist",
            "x": -0.013496064580976963,
            "y": 0.15374666452407837,
            "z": 0.6343915462493896
        },
        "14": {
            "name": "Left Shoulder",
            "x": 0.12904152274131775,
            "y": -0.08783823251724243,
            "z": 0.8749353885650635
        },
        "15": {
            "name": "Left Elbow",
            "x": 0.20894545316696167,
            "y": -0.14946869015693665,
            "z": 0.7112725377082825
        },
        "16": {
            "name": "Left Wrist",
            "x": 0.35795316100120544,
            "y": -0.1068306490778923,
            "z": 0.7233478426933289
        }
    }
}