{
    "image_path": "00011/img/8.jpg",
    "shooter_tracklet_id": 4,
    "bbox": {
        "x": 300,
        "y": 692,
        "w": 100,
        "h": 100
    },
    "keypont_2d": {
        "0": {
            "name": "Center of Hips",
            "x": 61.55,
            "y": 41.54
        },
        "1": {
            "name": "Left Hip",
            "x": 54.39,
            "y": 42.64
        },
        "2": {
            "name": "Left Knee",
            "x": 62.21,
            "y": 60.82
        },
        "3": {
            "name": "Left Ankle",
            "x": 59.65,
            "y": 75.19
        },
        "4": {
            "name": "Right Hip",
            "x": 69.82,
            "y": 40.53
        },
        "5": {
            "name": "Right Knee",
            "x": 67.07,
            "y": 65.28
        },
        "6": {
            "name": "Right Ankle",
            "x": 63.31,
            "y": 85.17
        },
        "7": {
            "name": "Center of Body",
            "x": 60.81,
            "y": 27.67
        },
        "8": {
            "name": "Center of Shoulder",
            "x": 58.55,
            "y": 14.17
        },
        "9": {
            "name": "Neck",
            "x": 58.25,
            "y": 12.02
        },
        "10": {
            "name": "Head",
            "x": 55.89,
            "y": 8.65
        },
        "11": {
            "name": "Right Shoulder",
            "x": 66.98,
            "y": 13.72
        },
        "12": {
            "name": "Right Elbow",
            "x": 74.43,
            "y": 33.16
        },
        "13": {
            "name": "Right Wrist",
            "x": 74.78,
            "y": 21.96
        },
        "14": {
            "name": "Left Shoulder",
            "x": 50.7,
            "y": 16.05
        },
        "15": {
            "name": "Left Elbow",
            "x": 42.28,
            "y": 25.69
        },
        "16": {
            "name": "Left Wrist",
            "x": 30.23,
            "y": 31.04
        }
    },
    "keypont_3d": {
        "0": {
            "name": "Center of Hips",
            "x": 0.0,
            "y": 0.0,
            "z": 0.5784868597984314
        },
        "1": {
            "name": "Left Hip",
            "x": 0.07286000996828079,
            "y": -0.07045403122901917,
            "z": 0.5551658272743225
        },
        "2": {
            "name": "Left Knee",
            "x": -0.025680560618638992,
            "y": -0.063316710293293,
            "z": 0.30494508147239685
        },
        "3": {
            "name": "Left Ankle",
            "x": -0.040477070957422256,
            "y": -0.16053487360477448,
            "z": 0.09804315865039825
        },
        "4": {
            "name": "Right Hip",
            "x": -0.08812811225652695,
            "y": 0.05167953670024872,
            "z": 0.5801982879638672
        },
        "5": {
            "name": "Right Knee",
            "x": -0.044040702283382416,
            "y": 0.08670602738857269,
            "z": 0.2638465464115143
        },
        "6": {
            "name": "Right Ankle",
            "x": 0.007515464909374714,
            "y": 0.05820954591035843,
            "z": 0.0
        },
        "7": {
            "name": "Center of Body",
            "x": 0.005789597984403372,
            "y": -0.02350885607302189,
            "z": 0.7375369071960449
        },
        "8": {
            "name": "Center of Shoulder",
            "x": 0.0512685589492321,
            "y": -0.010496318340301514,
            "z": 0.9089216589927673
        },
        "9": {
            "name": "Neck",
            "x": 0.07883396744728088,
            "y": 0.03200799226760864,
            "z": 0.9515376091003418
        },
        "10": {
            "name": "Head",
            "x": 0.10152031481266022,
            "y": 0.024106916040182114,
            "z": 1.0
        },
        "11": {
            "name": "Right Shoulder",
            "x": -0.049940623342990875,
            "y": 0.050728365778923035,
            "z": 0.9175438284873962
        },
        "12": {
            "name": "Right Elbow",
            "x": -0.11827050149440765,
            "y": 0.11630677431821823,
            "z": 0.6897767186164856
        },
        "13": {
            "name": "Right Wrist",
            "x": -0.04880828037858009,
            "y": 0.21105673909187317,
            "z": 0.7810990810394287
        },
        "14": {
            "name": "Left Shoulder",
            "x": 0.12641146779060364,
            "y": -0.08049574494361877,
            "z": 0.8777707815170288
        },
        "15": {
            "name": "Left Elbow",
            "x": 0.2077832967042923,
            "y": -0.15998464822769165,
            "z": 0.733360230922699
        },
        "16": {
            "name": "Left Wrist",
            "x": 0.3425297737121582,
            "y": -0.19054563343524933,
            "z": 0.6877777576446533
        }
    }
}