{
    "image_path": "00011/img/9.jpg",
    "shooter_tracklet_id": 4,
    "bbox": {
        "x": 296,
        "y": 698,
        "w": 100,
        "h": 100
    },
    "keypoint_2d": {
        "0": {
            "name": "Center of Hips",
            "x": 54.76,
            "y": 44.99
        },
        "1": {
            "name": "Left Hip",
            "x": 47.76,
            "y": 46.88
        },
        "2": {
            "name": "Left Knee",
            "x": 55.95,
            "y": 60.74
        },
        "3": {
            "name": "Left Ankle",
            "x": 55.64,
            "y": 70.77
        },
        "4": {
            "name": "Right Hip",
            "x": 62.34,
            "y": 43.38
        },
        "5": {
            "name": "Right Knee",
            "x": 63.62,
            "y": 61.68
        },
        "6": {
            "name": "Right Ankle",
            "x": 59.24,
            "y": 81.26
        },
        "7": {
            "name": "Center of Body",
            "x": 53.31,
            "y": 31.16
        },
        "8": {
            "name": "Center of Shoulder",
            "x": 50.61,
            "y": 18.06
        },
        "9": {
            "name": "Neck",
            "x": 50.15,
            "y": 16.01
        },
        "10": {
            "name": "Head",
            "x": 48.88,
            "y": 12.3
        },
        "11": {
            "name": "Right Shoulder",
            "x": 58.46,
            "y": 17.09
        },
        "12": {
            "name": "Right Elbow",
            "x": 66.25,
            "y": 32.48
        },
        "13": {
            "name": "Right Wrist",
            "x": 70.38,
            "y": 39.12
        },
        "14": {
            "name": "Left Shoulder",
            "x": 42.87,
            "y": 20.53
        },
        "15": {
            "name": "Left Elbow",
            "x": 33.28,
            "y": 30.43
        },
        "16": {
            "name": "Left Wrist",
            "x": 21.8,
            "y": 33.15
        }
    },
    "keypoint_3d": {
        "0": {
            "name": "Center of Hips",
            "x": 0.0,
            "y": 0.0,
            "z": 0.5559937953948975
        },
        "1": {
            "name": "Left Hip",
            "x": 0.09592091292142868,
            "y": -0.03630148619413376,
            "z": 0.5200750231742859
        },
        "2": {
            "name": "Left Knee",
            "x": -0.04996302351355553,
            "y": -0.07315684854984283,
            "z": 0.280446857213974
        },
        "3": {
            "name": "Left Ankle",
            "x": -0.10711143165826797,
            "y": -0.1896764636039734,
            "z": 0.09386267513036728
        },
        "4": {
            "name": "Right Hip",
            "x": -0.10071857273578644,
            "y": 0.025033077225089073,
            "z": 0.5594226121902466
        },
        "5": {
            "name": "Right Knee",
            "x": -0.11628840863704681,
            "y": 0.06557899713516235,
            "z": 0.28339090943336487
        },
        "6": {
            "name": "Right Ankle",
            "x": -0.058735936880111694,
            "y": 0.05715867131948471,
            "z": 0.0
        },
        "7": {
            "name": "Center of Body",
            "x": 0.021743590012192726,
            "y": -0.02669285237789154,
            "z": 0.7227365374565125
        },
        "8": {
            "name": "Center of Shoulder",
            "x": 0.0721287801861763,
            "y": -0.02066074125468731,
            "z": 0.906100332736969
        },
        "9": {
            "name": "Neck",
            "x": 0.10231882333755493,
            "y": 0.029826946556568146,
            "z": 0.9461045861244202
        },
        "10": {
            "name": "Head",
            "x": 0.12256279587745667,
            "y": 0.024086691439151764,
            "z": 1.0
        },
        "11": {
            "name": "Right Shoulder",
            "x": -0.038753051310777664,
            "y": 0.011854475364089012,
            "z": 0.9143130779266357
        },
        "12": {
            "name": "Right Elbow",
            "x": -0.14808537065982819,
            "y": 0.05285882577300072,
            "z": 0.7011880874633789
        },
        "13": {
            "name": "Right Wrist",
            "x": -0.14925362169742584,
            "y": 0.210850328207016,
            "z": 0.6402356624603271
        },
        "14": {
            "name": "Left Shoulder",
            "x": 0.1554674655199051,
            "y": -0.09341026842594147,
            "z": 0.8609510064125061
        },
        "15": {
            "name": "Left Elbow",
            "x": 0.2715788185596466,
            "y": -0.16765518486499786,
            "z": 0.7240551710128784
        },
        "16": {
            "name": "Left Wrist",
            "x": 0.4264174699783325,
            "y": -0.19077132642269135,
            "z": 0.6888103485107422
        }
    }
}