{
    "image_path": "00011/img/10.jpg",
    "shooter_tracklet_id": 4,
    "bbox": {
        "x": 293,
        "y": 695,
        "w": 100,
        "h": 100
    },
    "keypoint_2d": {
        "0": {
            "name": "Center of Hips",
            "x": 59.89,
            "y": 49.08
        },
        "1": {
            "name": "Left Hip",
            "x": 51.6,
            "y": 50.47
        },
        "2": {
            "name": "Left Knee",
            "x": 58.19,
            "y": 68.02
        },
        "3": {
            "name": "Left Ankle",
            "x": 66.13,
            "y": 81.42
        },
        "4": {
            "name": "Right Hip",
            "x": 67.08,
            "y": 48.38
        },
        "5": {
            "name": "Right Knee",
            "x": 70.9,
            "y": 68.84
        },
        "6": {
            "name": "Right Ankle",
            "x": 65.15,
            "y": 72.08
        },
        "7": {
            "name": "Center of Body",
            "x": 56.95,
            "y": 33.43
        },
        "8": {
            "name": "Center of Shoulder",
            "x": 53.98,
            "y": 20.66
        },
        "9": {
            "name": "Neck",
            "x": 53.01,
            "y": 19.29
        },
        "10": {
            "name": "Head",
            "x": 50.21,
            "y": 17.19
        },
        "11": {
            "name": "Right Shoulder",
            "x": 60.03,
            "y": 20.97
        },
        "12": {
            "name": "Right Elbow",
            "x": 71.12,
            "y": 39.24
        },
        "13": {
            "name": "Right Wrist",
            "x": 79.42,
            "y": 46.02
        },
        "14": {
            "name": "Left Shoulder",
            "x": 45.92,
            "y": 24.28
        },
        "15": {
            "name": "Left Elbow",
            "x": 32.31,
            "y": 32.0
        },
        "16": {
            "name": "Left Wrist",
            "x": 20.65,
            "y": 30.18
        }
    },
    "keypoint_3d": {
        "0": {
            "name": "Center of Hips",
            "x": 0.0,
            "y": 0.0,
            "z": 0.530783474445343
        },
        "1": {
            "name": "Left Hip",
            "x": 0.09598895907402039,
            "y": -0.053042374551296234,
            "z": 0.48721328377723694
        },
        "2": {
            "name": "Left Knee",
            "x": 0.05328471586108208,
            "y": 0.13991335034370422,
            "z": 0.20136907696723938
        },
        "3": {
            "name": "Left Ankle",
            "x": -0.11400870978832245,
            "y": 0.05042846500873566,
            "z": 0.0
        },
        "4": {
            "name": "Right Hip",
            "x": -0.11028264462947845,
            "y": 0.05057712644338608,
            "z": 0.5268219709396362
        },
        "5": {
            "name": "Right Knee",
            "x": -0.1464596390724182,
            "y": 0.12606008350849152,
            "z": 0.2233113944530487
        },
        "6": {
            "name": "Right Ankle",
            "x": -0.18903926014900208,
            "y": -0.10650144517421722,
            "z": 0.07276906818151474
        },
        "7": {
            "name": "Center of Body",
            "x": 0.025632021948695183,
            "y": -0.022209063172340393,
            "z": 0.7195371389389038
        },
        "8": {
            "name": "Center of Shoulder",
            "x": 0.07876364141702652,
            "y": -0.027378786355257034,
            "z": 0.9105620980262756
        },
        "9": {
            "name": "Neck",
            "x": 0.12099053710699081,
            "y": 0.02431526780128479,
            "z": 0.9509514570236206
        },
        "10": {
            "name": "Head",
            "x": 0.1595575511455536,
            "y": 0.01165623590350151,
            "z": 1.0
        },
        "11": {
            "name": "Right Shoulder",
            "x": -0.019635867327451706,
            "y": 0.0033222518395632505,
            "z": 0.9042854309082031
        },
        "12": {
            "name": "Right Elbow",
            "x": -0.15220485627651215,
            "y": 0.09766959398984909,
            "z": 0.6780171990394592
        },
        "13": {
            "name": "Right Wrist",
            "x": -0.1857161521911621,
            "y": 0.2674679458141327,
            "z": 0.6150119304656982
        },
        "14": {
            "name": "Left Shoulder",
            "x": 0.1677398979663849,
            "y": -0.11206968873739243,
            "z": 0.8543998599052429
        },
        "15": {
            "name": "Left Elbow",
            "x": 0.32304397225379944,
            "y": -0.19304105639457703,
            "z": 0.7276244759559631
        },
        "16": {
            "name": "Left Wrist",
            "x": 0.5008392930030823,
            "y": -0.20431041717529297,
            "z": 0.7090808153152466
        }
    }
}