{
    "image_path": "00011/img/11.jpg",
    "shooter_tracklet_id": 4,
    "bbox": {
        "x": 293,
        "y": 696,
        "w": 100,
        "h": 100
    },
    "keypont_2d": {
        "0": {
            "name": "Center of Hips",
            "x": 58.48,
            "y": 50.47
        },
        "1": {
            "name": "Left Hip",
            "x": 50.39,
            "y": 52.66
        },
        "2": {
            "name": "Left Knee",
            "x": 58.27,
            "y": 69.86
        },
        "3": {
            "name": "Left Ankle",
            "x": 65.74,
            "y": 79.31
        },
        "4": {
            "name": "Right Hip",
            "x": 66.04,
            "y": 48.66
        },
        "5": {
            "name": "Right Knee",
            "x": 70.88,
            "y": 66.05
        },
        "6": {
            "name": "Right Ankle",
            "x": 74.03,
            "y": 71.75
        },
        "7": {
            "name": "Center of Body",
            "x": 54.85,
            "y": 34.72
        },
        "8": {
            "name": "Center of Shoulder",
            "x": 51.16,
            "y": 23.78
        },
        "9": {
            "name": "Neck",
            "x": 50.56,
            "y": 22.67
        },
        "10": {
            "name": "Head",
            "x": 48.82,
            "y": 18.95
        },
        "11": {
            "name": "Right Shoulder",
            "x": 57.79,
            "y": 23.49
        },
        "12": {
            "name": "Right Elbow",
            "x": 69.51,
            "y": 39.7
        },
        "13": {
            "name": "Right Wrist",
            "x": 83.25,
            "y": 46.53
        },
        "14": {
            "name": "Left Shoulder",
            "x": 43.51,
            "y": 26.34
        },
        "15": {
            "name": "Left Elbow",
            "x": 35.1,
            "y": 32.93
        },
        "16": {
            "name": "Left Wrist",
            "x": 22.07,
            "y": 28.96
        }
    },
    "keypont_3d": {
        "0": {
            "name": "Center of Hips",
            "x": 0.0,
            "y": 0.0,
            "z": 0.5305584073066711
        },
        "1": {
            "name": "Left Hip",
            "x": 0.09780030697584152,
            "y": -0.053994789719581604,
            "z": 0.47832977771759033
        },
        "2": {
            "name": "Left Knee",
            "x": 0.054707445204257965,
            "y": 0.1569412350654602,
            "z": 0.1940610408782959
        },
        "3": {
            "name": "Left Ankle",
            "x": -0.13099192082881927,
            "y": 0.07497257739305496,
            "z": 0.0
        },
        "4": {
            "name": "Right Hip",
            "x": -0.11555749177932739,
            "y": 0.052616242319345474,
            "z": 0.5315474271774292
        },
        "5": {
            "name": "Right Knee",
            "x": -0.17633377015590668,
            "y": 0.16611313819885254,
            "z": 0.22638475894927979
        },
        "6": {
            "name": "Right Ankle",
            "x": -0.26848188042640686,
            "y": -0.053801342844963074,
            "z": 0.08055200427770615
        },
        "7": {
            "name": "Center of Body",
            "x": 0.03427787125110626,
            "y": -0.0257013700902462,
            "z": 0.7230260372161865
        },
        "8": {
            "name": "Center of Shoulder",
            "x": 0.1001332625746727,
            "y": -0.027407197281718254,
            "z": 0.9050767421722412
        },
        "9": {
            "name": "Neck",
            "x": 0.13814035058021545,
            "y": 0.031625330448150635,
            "z": 0.93826824426651
        },
        "10": {
            "name": "Head",
            "x": 0.17471614480018616,
            "y": 0.01369722280651331,
            "z": 1.0
        },
        "11": {
            "name": "Right Shoulder",
            "x": 0.0019322986481711268,
            "y": 0.005600034724920988,
            "z": 0.8988405466079712
        },
        "12": {
            "name": "Right Elbow",
            "x": -0.15383380651474,
            "y": 0.10929824411869049,
            "z": 0.6656766533851624
        },
        "13": {
            "name": "Right Wrist",
            "x": -0.26610708236694336,
            "y": 0.24615943431854248,
            "z": 0.5648090839385986
        },
        "14": {
            "name": "Left Shoulder",
            "x": 0.17850589752197266,
            "y": -0.11746887862682343,
            "z": 0.8491333723068237
        },
        "15": {
            "name": "Left Elbow",
            "x": 0.3140617311000824,
            "y": -0.20485907793045044,
            "z": 0.7428423762321472
        },
        "16": {
            "name": "Left Wrist",
            "x": 0.4931339621543884,
            "y": -0.20274049043655396,
            "z": 0.7978690266609192
        }
    }
}