{
    "image_path": "00011/img/12.jpg",
    "shooter_tracklet_id": 4,
    "bbox": {
        "x": 295,
        "y": 699,
        "w": 100,
        "h": 100
    },
    "keypoint_2d": {
        "0": {
            "name": "Center of Hips",
            "x": 54.73,
            "y": 51.3
        },
        "1": {
            "name": "Left Hip",
            "x": 46.55,
            "y": 53.68
        },
        "2": {
            "name": "Left Knee",
            "x": 56.66,
            "y": 70.32
        },
        "3": {
            "name": "Left Ankle",
            "x": 65.05,
            "y": 82.91
        },
        "4": {
            "name": "Right Hip",
            "x": 62.2,
            "y": 49.55
        },
        "5": {
            "name": "Right Knee",
            "x": 69.42,
            "y": 63.16
        },
        "6": {
            "name": "Right Ankle",
            "x": 75.18,
            "y": 67.59
        },
        "7": {
            "name": "Center of Body",
            "x": 51.1,
            "y": 36.04
        },
        "8": {
            "name": "Center of Shoulder",
            "x": 48.13,
            "y": 24.18
        },
        "9": {
            "name": "Neck",
            "x": 47.8,
            "y": 22.76
        },
        "10": {
            "name": "Head",
            "x": 46.47,
            "y": 19.02
        },
        "11": {
            "name": "Right Shoulder",
            "x": 57.34,
            "y": 25.23
        },
        "12": {
            "name": "Right Elbow",
            "x": 69.19,
            "y": 39.55
        },
        "13": {
            "name": "Right Wrist",
            "x": 84.59,
            "y": 41.8
        },
        "14": {
            "name": "Left Shoulder",
            "x": 38.36,
            "y": 27.4
        },
        "15": {
            "name": "Left Elbow",
            "x": 23.43,
            "y": 30.63
        },
        "16": {
            "name": "Left Wrist",
            "x": 18.44,
            "y": 23.91
        }
    },
    "keypoint_3d": {
        "0": {
            "name": "Center of Hips",
            "x": 0.0,
            "y": 0.0,
            "z": 0.527414083480835
        },
        "1": {
            "name": "Left Hip",
            "x": 0.10076236724853516,
            "y": -0.05306129530072212,
            "z": 0.4683036208152771
        },
        "2": {
            "name": "Left Knee",
            "x": 0.03452082723379135,
            "y": 0.18974582850933075,
            "z": 0.19778722524642944
        },
        "3": {
            "name": "Left Ankle",
            "x": -0.1523890644311905,
            "y": 0.11815103888511658,
            "z": 0.0
        },
        "4": {
            "name": "Right Hip",
            "x": -0.11488085240125656,
            "y": 0.039858341217041016,
            "z": 0.530803382396698
        },
        "5": {
            "name": "Right Knee",
            "x": -0.22910885512828827,
            "y": 0.13835985958576202,
            "z": 0.2648816406726837
        },
        "6": {
            "name": "Right Ankle",
            "x": -0.4022020697593689,
            "y": 0.0028739371336996555,
            "z": 0.10720346868038177
        },
        "7": {
            "name": "Center of Body",
            "x": 0.04277106374502182,
            "y": -0.02402891218662262,
            "z": 0.7144446969032288
        },
        "8": {
            "name": "Center of Shoulder",
            "x": 0.10905350744724274,
            "y": -0.016548234969377518,
            "z": 0.8984140753746033
        },
        "9": {
            "name": "Neck",
            "x": 0.142983078956604,
            "y": 0.04320182651281357,
            "z": 0.9305737018585205
        },
        "10": {
            "name": "Head",
            "x": 0.17160877585411072,
            "y": 0.025977227836847305,
            "z": 1.0
        },
        "11": {
            "name": "Right Shoulder",
            "x": -0.019072024151682854,
            "y": 0.02429548092186451,
            "z": 0.8784523606300354
        },
        "12": {
            "name": "Right Elbow",
            "x": -0.16670875251293182,
            "y": 0.11399208754301071,
            "z": 0.6715060472488403
        },
        "13": {
            "name": "Right Wrist",
            "x": -0.3057209849357605,
            "y": 0.2616692781448364,
            "z": 0.5939608812332153
        },
        "14": {
            "name": "Left Shoulder",
            "x": 0.19843389093875885,
            "y": -0.10452539473772049,
            "z": 0.8408477902412415
        },
        "15": {
            "name": "Left Elbow",
            "x": 0.3256717026233673,
            "y": -0.18710917234420776,
            "z": 0.7479388117790222
        },
        "16": {
            "name": "Left Wrist",
            "x": 0.4646558165550232,
            "y": -0.1180173009634018,
            "z": 0.85299152135849
        }
    }
}