{
    "image_path": "00011/img/13.jpg",
    "shooter_tracklet_id": 4,
    "bbox": {
        "x": 296,
        "y": 705,
        "w": 100,
        "h": 100
    },
    "keypont_2d": {
        "0": {
            "name": "Center of Hips",
            "x": 49.78,
            "y": 51.77
        },
        "1": {
            "name": "Left Hip",
            "x": 41.59,
            "y": 53.92
        },
        "2": {
            "name": "Left Knee",
            "x": 51.19,
            "y": 69.52
        },
        "3": {
            "name": "Left Ankle",
            "x": 60.52,
            "y": 82.26
        },
        "4": {
            "name": "Right Hip",
            "x": 57.27,
            "y": 50.04
        },
        "5": {
            "name": "Right Knee",
            "x": 69.82,
            "y": 64.7
        },
        "6": {
            "name": "Right Ankle",
            "x": 80.73,
            "y": 75.37
        },
        "7": {
            "name": "Center of Body",
            "x": 44.29,
            "y": 38.71
        },
        "8": {
            "name": "Center of Shoulder",
            "x": 43.46,
            "y": 23.54
        },
        "9": {
            "name": "Neck",
            "x": 43.27,
            "y": 22.58
        },
        "10": {
            "name": "Head",
            "x": 42.41,
            "y": 19.16
        },
        "11": {
            "name": "Right Shoulder",
            "x": 52.82,
            "y": 25.06
        },
        "12": {
            "name": "Right Elbow",
            "x": 63.71,
            "y": 37.65
        },
        "13": {
            "name": "Right Wrist",
            "x": 78.9,
            "y": 36.25
        },
        "14": {
            "name": "Left Shoulder",
            "x": 33.35,
            "y": 25.9
        },
        "15": {
            "name": "Left Elbow",
            "x": 16.81,
            "y": 29.83
        },
        "16": {
            "name": "Left Wrist",
            "x": 28.8,
            "y": 24.8
        }
    },
    "keypont_3d": {
        "0": {
            "name": "Center of Hips",
            "x": 0.0,
            "y": 0.0,
            "z": 0.5235815644264221
        },
        "1": {
            "name": "Left Hip",
            "x": 0.10626895725727081,
            "y": -0.047456711530685425,
            "z": 0.47091248631477356
        },
        "2": {
            "name": "Left Knee",
            "x": 0.035035666078329086,
            "y": 0.20793670415878296,
            "z": 0.20773684978485107
        },
        "3": {
            "name": "Left Ankle",
            "x": -0.16612465679645538,
            "y": 0.14402519166469574,
            "z": 0.0
        },
        "4": {
            "name": "Right Hip",
            "x": -0.11529236286878586,
            "y": 0.02292504906654358,
            "z": 0.5212224125862122
        },
        "5": {
            "name": "Right Knee",
            "x": -0.24034692347049713,
            "y": 0.14566312730312347,
            "z": 0.28028830885887146
        },
        "6": {
            "name": "Right Ankle",
            "x": -0.38207805156707764,
            "y": -0.008279558271169662,
            "z": 0.15416814386844635
        },
        "7": {
            "name": "Center of Body",
            "x": 0.060351304709911346,
            "y": -0.02575203962624073,
            "z": 0.6858774423599243
        },
        "8": {
            "name": "Center of Shoulder",
            "x": 0.09645331650972366,
            "y": -0.017910728231072426,
            "z": 0.8962922096252441
        },
        "9": {
            "name": "Neck",
            "x": 0.12803149223327637,
            "y": 0.03939942270517349,
            "z": 0.9316205382347107
        },
        "10": {
            "name": "Head",
            "x": 0.1523410975933075,
            "y": 0.028170829638838768,
            "z": 1.0
        },
        "11": {
            "name": "Right Shoulder",
            "x": -0.03540833294391632,
            "y": 0.014769707806408405,
            "z": 0.8749390840530396
        },
        "12": {
            "name": "Right Elbow",
            "x": -0.18461021780967712,
            "y": 0.09178599715232849,
            "z": 0.6947075128555298
        },
        "13": {
            "name": "Right Wrist",
            "x": -0.2235763520002365,
            "y": 0.26505202054977417,
            "z": 0.7187244892120361
        },
        "14": {
            "name": "Left Shoulder",
            "x": 0.21393057703971863,
            "y": -0.0899459719657898,
            "z": 0.8525980710983276
        },
        "15": {
            "name": "Left Elbow",
            "x": 0.3956124186515808,
            "y": -0.13445603847503662,
            "z": 0.7863473296165466
        },
        "16": {
            "name": "Left Wrist",
            "x": 0.37362661957740784,
            "y": 0.018786218017339706,
            "z": 0.9097945690155029
        }
    }
}