{
    "image_path": "00011/img/14.jpg",
    "shooter_tracklet_id": 4,
    "bbox": {
        "x": 298,
        "y": 707,
        "w": 100,
        "h": 100
    },
    "keypoint_2d": {
        "0": {
            "name": "Center of Hips",
            "x": 47.26,
            "y": 48.04
        },
        "1": {
            "name": "Left Hip",
            "x": 39.01,
            "y": 51.06
        },
        "2": {
            "name": "Left Knee",
            "x": 48.93,
            "y": 67.61
        },
        "3": {
            "name": "Left Ankle",
            "x": 59.46,
            "y": 81.02
        },
        "4": {
            "name": "Right Hip",
            "x": 54.1,
            "y": 46.07
        },
        "5": {
            "name": "Right Knee",
            "x": 64.15,
            "y": 63.02
        },
        "6": {
            "name": "Right Ankle",
            "x": 78.41,
            "y": 74.65
        },
        "7": {
            "name": "Center of Body",
            "x": 42.83,
            "y": 33.98
        },
        "8": {
            "name": "Center of Shoulder",
            "x": 41.03,
            "y": 22.46
        },
        "9": {
            "name": "Neck",
            "x": 40.86,
            "y": 21.06
        },
        "10": {
            "name": "Head",
            "x": 40.39,
            "y": 18.37
        },
        "11": {
            "name": "Right Shoulder",
            "x": 49.9,
            "y": 22.91
        },
        "12": {
            "name": "Right Elbow",
            "x": 60.64,
            "y": 32.15
        },
        "13": {
            "name": "Right Wrist",
            "x": 75.13,
            "y": 26.9
        },
        "14": {
            "name": "Left Shoulder",
            "x": 29.5,
            "y": 22.91
        },
        "15": {
            "name": "Left Elbow",
            "x": 19.67,
            "y": 29.65
        },
        "16": {
            "name": "Left Wrist",
            "x": 30.66,
            "y": 28.98
        }
    },
    "keypoint_3d": {
        "0": {
            "name": "Center of Hips",
            "x": 0.0,
            "y": 0.0,
            "z": 0.5334789752960205
        },
        "1": {
            "name": "Left Hip",
            "x": 0.11413463205099106,
            "y": -0.040686313062906265,
            "z": 0.4813939034938812
        },
        "2": {
            "name": "Left Knee",
            "x": 0.02427263744175434,
            "y": 0.18017537891864777,
            "z": 0.21640482544898987
        },
        "3": {
            "name": "Left Ankle",
            "x": -0.17968028783798218,
            "y": 0.14060568809509277,
            "z": 0.0
        },
        "4": {
            "name": "Right Hip",
            "x": -0.1154065951704979,
            "y": 0.011553077027201653,
            "z": 0.5378435254096985
        },
        "5": {
            "name": "Right Knee",
            "x": -0.22914987802505493,
            "y": 0.18544478714466095,
            "z": 0.28815388679504395
        },
        "6": {
            "name": "Right Ankle",
            "x": -0.35912954807281494,
            "y": 0.024851400405168533,
            "z": 0.13244405388832092
        },
        "7": {
            "name": "Center of Body",
            "x": 0.06855879724025726,
            "y": -0.016412168741226196,
            "z": 0.7106475830078125
        },
        "8": {
            "name": "Center of Shoulder",
            "x": 0.11087294667959213,
            "y": -0.0001737501152092591,
            "z": 0.9055760502815247
        },
        "9": {
            "name": "Neck",
            "x": 0.1397220343351364,
            "y": 0.060264796018600464,
            "z": 0.9358278512954712
        },
        "10": {
            "name": "Head",
            "x": 0.16640280187129974,
            "y": 0.06839502602815628,
            "z": 1.0
        },
        "11": {
            "name": "Right Shoulder",
            "x": -0.028870265930891037,
            "y": 0.019349880516529083,
            "z": 0.8843384385108948
        },
        "12": {
            "name": "Right Elbow",
            "x": -0.19843915104866028,
            "y": 0.060775842517614365,
            "z": 0.7321478128433228
        },
        "13": {
            "name": "Right Wrist",
            "x": -0.3404466509819031,
            "y": 0.19427458941936493,
            "z": 0.7937758564949036
        },
        "14": {
            "name": "Left Shoulder",
            "x": 0.22956164181232452,
            "y": -0.07801645249128342,
            "z": 0.8693415522575378
        },
        "15": {
            "name": "Left Elbow",
            "x": 0.4026844799518585,
            "y": -0.10611673444509506,
            "z": 0.7878561019897461
        },
        "16": {
            "name": "Left Wrist",
            "x": 0.3420732617378235,
            "y": 0.07967986911535263,
            "z": 0.8496096134185791
        }
    }
}