{
    "image_path": "00011/img/15.jpg",
    "shooter_tracklet_id": 4,
    "bbox": {
        "x": 298,
        "y": 707,
        "w": 100,
        "h": 100
    },
    "keypont_2d": {
        "0": {
            "name": "Center of Hips",
            "x": 46.36,
            "y": 42.73
        },
        "1": {
            "name": "Left Hip",
            "x": 37.77,
            "y": 44.73
        },
        "2": {
            "name": "Left Knee",
            "x": 50.35,
            "y": 64.75
        },
        "3": {
            "name": "Left Ankle",
            "x": 60.85,
            "y": 83.74
        },
        "4": {
            "name": "Right Hip",
            "x": 54.75,
            "y": 41.13
        },
        "5": {
            "name": "Right Knee",
            "x": 56.47,
            "y": 61.06
        },
        "6": {
            "name": "Right Ankle",
            "x": 56.89,
            "y": 64.26
        },
        "7": {
            "name": "Center of Body",
            "x": 42.58,
            "y": 30.77
        },
        "8": {
            "name": "Center of Shoulder",
            "x": 39.72,
            "y": 21.29
        },
        "9": {
            "name": "Neck",
            "x": 39.33,
            "y": 20.47
        },
        "10": {
            "name": "Head",
            "x": 38.3,
            "y": 19.58
        },
        "11": {
            "name": "Right Shoulder",
            "x": 46.82,
            "y": 19.25
        },
        "12": {
            "name": "Right Elbow",
            "x": 50.82,
            "y": 19.73
        },
        "13": {
            "name": "Right Wrist",
            "x": 52.09,
            "y": 32.73
        },
        "14": {
            "name": "Left Shoulder",
            "x": 33.59,
            "y": 23.63
        },
        "15": {
            "name": "Left Elbow",
            "x": 24.35,
            "y": 30.26
        },
        "16": {
            "name": "Left Wrist",
            "x": 32.64,
            "y": 30.76
        }
    },
    "keypont_3d": {
        "0": {
            "name": "Center of Hips",
            "x": 0.0,
            "y": 0.0,
            "z": 0.5595076084136963
        },
        "1": {
            "name": "Left Hip",
            "x": 0.13356979191303253,
            "y": -0.01708368770778179,
            "z": 0.5163457989692688
        },
        "2": {
            "name": "Left Knee",
            "x": 0.007601961027830839,
            "y": 0.15398868918418884,
            "z": 0.2393658608198166
        },
        "3": {
            "name": "Left Ankle",
            "x": -0.16641591489315033,
            "y": 0.13140425086021423,
            "z": 0.0
        },
        "4": {
            "name": "Right Hip",
            "x": -0.11091773957014084,
            "y": 0.014455778524279594,
            "z": 0.5814436674118042
        },
        "5": {
            "name": "Right Knee",
            "x": -0.15856437385082245,
            "y": 0.08545415848493576,
            "z": 0.27124735713005066
        },
        "6": {
            "name": "Right Ankle",
            "x": -0.27610287070274353,
            "y": -0.10376580059528351,
            "z": 0.15691165626049042
        },
        "7": {
            "name": "Center of Body",
            "x": 0.0683230385184288,
            "y": -0.011378714814782143,
            "z": 0.7369632124900818
        },
        "8": {
            "name": "Center of Shoulder",
            "x": 0.13984155654907227,
            "y": 0.03712811321020126,
            "z": 0.9080523252487183
        },
        "9": {
            "name": "Neck",
            "x": 0.17064839601516724,
            "y": 0.09463247656822205,
            "z": 0.9354731440544128
        },
        "10": {
            "name": "Head",
            "x": 0.20970425009727478,
            "y": 0.11209898442029953,
            "z": 1.0
        },
        "11": {
            "name": "Right Shoulder",
            "x": 0.023755786940455437,
            "y": 0.050714194774627686,
            "z": 0.9272556900978088
        },
        "12": {
            "name": "Right Elbow",
            "x": -0.09401431679725647,
            "y": -0.07109610736370087,
            "z": 0.8652889132499695
        },
        "13": {
            "name": "Right Wrist",
            "x": -0.1088741347193718,
            "y": -0.0629151463508606,
            "z": 0.6929964423179626
        },
        "14": {
            "name": "Left Shoulder",
            "x": 0.23461031913757324,
            "y": 0.03064388781785965,
            "z": 0.8620429039001465
        },
        "15": {
            "name": "Left Elbow",
            "x": 0.40257707238197327,
            "y": -0.0019933569710701704,
            "z": 0.776960015296936
        },
        "16": {
            "name": "Left Wrist",
            "x": 0.3306970000267029,
            "y": 0.1558493971824646,
            "z": 0.8076116442680359
        }
    }
}