{
    "image_path": "00011/img/16.jpg",
    "shooter_tracklet_id": 4,
    "bbox": {
        "x": 298,
        "y": 707,
        "w": 100,
        "h": 100
    },
    "keypoint_2d": {
        "0": {
            "name": "Center of Hips",
            "x": 48.03,
            "y": 39.41
        },
        "1": {
            "name": "Left Hip",
            "x": 40.29,
            "y": 40.83
        },
        "2": {
            "name": "Left Knee",
            "x": 50.65,
            "y": 62.05
        },
        "3": {
            "name": "Left Ankle",
            "x": 60.15,
            "y": 85.07
        },
        "4": {
            "name": "Right Hip",
            "x": 55.52,
            "y": 38.41
        },
        "5": {
            "name": "Right Knee",
            "x": 46.32,
            "y": 47.63
        },
        "6": {
            "name": "Right Ankle",
            "x": 41.43,
            "y": 54.82
        },
        "7": {
            "name": "Center of Body",
            "x": 44.67,
            "y": 27.96
        },
        "8": {
            "name": "Center of Shoulder",
            "x": 42.27,
            "y": 19.1
        },
        "9": {
            "name": "Neck",
            "x": 41.89,
            "y": 18.82
        },
        "10": {
            "name": "Head",
            "x": 40.55,
            "y": 19.38
        },
        "11": {
            "name": "Right Shoulder",
            "x": 49.85,
            "y": 14.85
        },
        "12": {
            "name": "Right Elbow",
            "x": 55.47,
            "y": 19.42
        },
        "13": {
            "name": "Right Wrist",
            "x": 68.36,
            "y": 15.72
        },
        "14": {
            "name": "Left Shoulder",
            "x": 36.94,
            "y": 23.68
        },
        "15": {
            "name": "Left Elbow",
            "x": 30.05,
            "y": 35.11
        },
        "16": {
            "name": "Left Wrist",
            "x": 37.53,
            "y": 35.06
        }
    },
    "keypoint_3d": {
        "0": {
            "name": "Center of Hips",
            "x": 0.0,
            "y": 0.0,
            "z": 0.596352219581604
        },
        "1": {
            "name": "Left Hip",
            "x": 0.12185078859329224,
            "y": -0.010009899735450745,
            "z": 0.5662450790405273
        },
        "2": {
            "name": "Left Knee",
            "x": -0.0025798440910875797,
            "y": 0.12301163375377655,
            "z": 0.27363717555999756
        },
        "3": {
            "name": "Left Ankle",
            "x": -0.08995828032493591,
            "y": 0.12716060876846313,
            "z": 0.0
        },
        "4": {
            "name": "Right Hip",
            "x": -0.10553529858589172,
            "y": 0.021854659542441368,
            "z": 0.6196572184562683
        },
        "5": {
            "name": "Right Knee",
            "x": -0.08099127560853958,
            "y": -0.19873356819152832,
            "z": 0.4287852942943573
        },
        "6": {
            "name": "Right Ankle",
            "x": -0.05736517533659935,
            "y": -0.3538050949573517,
            "z": 0.27854740619659424
        },
        "7": {
            "name": "Center of Body",
            "x": 0.04645126685500145,
            "y": -0.014280037023127079,
            "z": 0.7722482681274414
        },
        "8": {
            "name": "Center of Shoulder",
            "x": 0.1285080909729004,
            "y": 0.05356017127633095,
            "z": 0.9362500309944153
        },
        "9": {
            "name": "Neck",
            "x": 0.16913481056690216,
            "y": 0.1122775450348854,
            "z": 0.9558839201927185
        },
        "10": {
            "name": "Head",
            "x": 0.2162390798330307,
            "y": 0.1289101094007492,
            "z": 1.0
        },
        "11": {
            "name": "Right Shoulder",
            "x": 0.008299973793327808,
            "y": 0.048252981156110764,
            "z": 0.9670311808586121
        },
        "12": {
            "name": "Right Elbow",
            "x": -0.11510171741247177,
            "y": -0.02703939937055111,
            "z": 0.880445122718811
        },
        "13": {
            "name": "Right Wrist",
            "x": -0.19762223958969116,
            "y": 0.03952685743570328,
            "z": 0.8221697807312012
        },
        "14": {
            "name": "Left Shoulder",
            "x": 0.2216016799211502,
            "y": 0.05071497708559036,
            "z": 0.8701659440994263
        },
        "15": {
            "name": "Left Elbow",
            "x": 0.31985312700271606,
            "y": 0.015085574239492416,
            "z": 0.695135772228241
        },
        "16": {
            "name": "Left Wrist",
            "x": 0.2704358398914337,
            "y": 0.1715085804462433,
            "z": 0.7376840710639954
        }
    }
}