{
    "image_path": "00011/img/17.jpg",
    "shooter_tracklet_id": 4,
    "bbox": {
        "x": 297,
        "y": 705,
        "w": 100,
        "h": 100
    },
    "keypont_2d": {
        "0": {
            "name": "Center of Hips",
            "x": 52.2,
            "y": 37.32
        },
        "1": {
            "name": "Left Hip",
            "x": 49.11,
            "y": 39.8
        },
        "2": {
            "name": "Left Knee",
            "x": 52.96,
            "y": 62.09
        },
        "3": {
            "name": "Left Ankle",
            "x": 59.43,
            "y": 81.51
        },
        "4": {
            "name": "Right Hip",
            "x": 56.0,
            "y": 36.55
        },
        "5": {
            "name": "Right Knee",
            "x": 44.38,
            "y": 46.62
        },
        "6": {
            "name": "Right Ankle",
            "x": 35.95,
            "y": 55.27
        },
        "7": {
            "name": "Center of Body",
            "x": 48.41,
            "y": 26.72
        },
        "8": {
            "name": "Center of Shoulder",
            "x": 46.26,
            "y": 18.64
        },
        "9": {
            "name": "Neck",
            "x": 45.9,
            "y": 17.62
        },
        "10": {
            "name": "Head",
            "x": 45.39,
            "y": 18.01
        },
        "11": {
            "name": "Right Shoulder",
            "x": 51.99,
            "y": 13.84
        },
        "12": {
            "name": "Right Elbow",
            "x": 64.48,
            "y": 9.68
        },
        "13": {
            "name": "Right Wrist",
            "x": 73.51,
            "y": 6.53
        },
        "14": {
            "name": "Left Shoulder",
            "x": 39.99,
            "y": 24.18
        },
        "15": {
            "name": "Left Elbow",
            "x": 36.82,
            "y": 33.99
        },
        "16": {
            "name": "Left Wrist",
            "x": 34.55,
            "y": 43.7
        }
    },
    "keypont_3d": {
        "0": {
            "name": "Center of Hips",
            "x": 0.0,
            "y": 0.0,
            "z": 0.6124738454818726
        },
        "1": {
            "name": "Left Hip",
            "x": 0.089356429874897,
            "y": 0.010515729896724224,
            "z": 0.5876451134681702
        },
        "2": {
            "name": "Left Knee",
            "x": 0.017050592228770256,
            "y": 0.10736443847417831,
            "z": 0.28151312470436096
        },
        "3": {
            "name": "Left Ankle",
            "x": -0.01366947777569294,
            "y": 0.13091106712818146,
            "z": 0.0
        },
        "4": {
            "name": "Right Hip",
            "x": -0.08998628705739975,
            "y": -0.01393060851842165,
            "z": 0.6345707178115845
        },
        "5": {
            "name": "Right Knee",
            "x": -0.0009762258850969374,
            "y": -0.2219163179397583,
            "z": 0.441183865070343
        },
        "6": {
            "name": "Right Ankle",
            "x": 0.05331794545054436,
            "y": -0.3690796196460724,
            "z": 0.2804676592350006
        },
        "7": {
            "name": "Center of Body",
            "x": 0.05367792025208473,
            "y": -0.01567607931792736,
            "z": 0.772625744342804
        },
        "8": {
            "name": "Center of Shoulder",
            "x": 0.1324230581521988,
            "y": 0.05797966197133064,
            "z": 0.9349853992462158
        },
        "9": {
            "name": "Neck",
            "x": 0.1653907597064972,
            "y": 0.1095229983329773,
            "z": 0.9522730112075806
        },
        "10": {
            "name": "Head",
            "x": 0.20499536395072937,
            "y": 0.13000142574310303,
            "z": 1.0
        },
        "11": {
            "name": "Right Shoulder",
            "x": 0.015436266548931599,
            "y": 0.03419904038310051,
            "z": 0.9730371236801147
        },
        "12": {
            "name": "Right Elbow",
            "x": -0.13173061609268188,
            "y": -0.010268107987940311,
            "z": 0.9036921858787537
        },
        "13": {
            "name": "Right Wrist",
            "x": -0.27555668354034424,
            "y": 0.09788700193166733,
            "z": 0.9795742034912109
        },
        "14": {
            "name": "Left Shoulder",
            "x": 0.22492021322250366,
            "y": 0.04761701822280884,
            "z": 0.8584386110305786
        },
        "15": {
            "name": "Left Elbow",
            "x": 0.24879172444343567,
            "y": -0.028608454391360283,
            "z": 0.669642984867096
        },
        "16": {
            "name": "Left Wrist",
            "x": 0.28962400555610657,
            "y": 0.08304638415575027,
            "z": 0.6000743508338928
        }
    }
}