{
    "image_path": "00011/img/18.jpg",
    "shooter_tracklet_id": 4,
    "bbox": {
        "x": 295,
        "y": 705,
        "w": 100,
        "h": 100
    },
    "keypoint_2d": {
        "0": {
            "name": "Center of Hips",
            "x": 60.39,
            "y": 37.66
        },
        "1": {
            "name": "Left Hip",
            "x": 54.1,
            "y": 39.63
        },
        "2": {
            "name": "Left Knee",
            "x": 52.35,
            "y": 59.67
        },
        "3": {
            "name": "Left Ankle",
            "x": 59.11,
            "y": 79.09
        },
        "4": {
            "name": "Right Hip",
            "x": 64.62,
            "y": 36.6
        },
        "5": {
            "name": "Right Knee",
            "x": 46.69,
            "y": 49.97
        },
        "6": {
            "name": "Right Ankle",
            "x": 34.0,
            "y": 60.1
        },
        "7": {
            "name": "Center of Body",
            "x": 54.28,
            "y": 26.19
        },
        "8": {
            "name": "Center of Shoulder",
            "x": 49.59,
            "y": 18.38
        },
        "9": {
            "name": "Neck",
            "x": 47.91,
            "y": 18.45
        },
        "10": {
            "name": "Head",
            "x": 45.92,
            "y": 19.38
        },
        "11": {
            "name": "Right Shoulder",
            "x": 56.55,
            "y": 14.74
        },
        "12": {
            "name": "Right Elbow",
            "x": 68.07,
            "y": 7.92
        },
        "13": {
            "name": "Right Wrist",
            "x": 79.15,
            "y": 2.6
        },
        "14": {
            "name": "Left Shoulder",
            "x": 41.69,
            "y": 22.39
        },
        "15": {
            "name": "Left Elbow",
            "x": 40.75,
            "y": 36.08
        },
        "16": {
            "name": "Left Wrist",
            "x": 40.71,
            "y": 47.78
        }
    },
    "keypoint_3d": {
        "0": {
            "name": "Center of Hips",
            "x": 0.0,
            "y": 0.0,
            "z": 0.5777121782302856
        },
        "1": {
            "name": "Left Hip",
            "x": 0.07533872127532959,
            "y": -0.020194048061966896,
            "z": 0.5503636002540588
        },
        "2": {
            "name": "Left Knee",
            "x": 0.08527791500091553,
            "y": 0.023172082379460335,
            "z": 0.2656860649585724
        },
        "3": {
            "name": "Left Ankle",
            "x": 0.019346682354807854,
            "y": 0.05697711929678917,
            "z": 0.0
        },
        "4": {
            "name": "Right Hip",
            "x": -0.07630731165409088,
            "y": 0.000513465900439769,
            "z": 0.5993189215660095
        },
        "5": {
            "name": "Right Knee",
            "x": 0.06970695406198502,
            "y": -0.19540853798389435,
            "z": 0.3863171339035034
        },
        "6": {
            "name": "Right Ankle",
            "x": 0.14323437213897705,
            "y": -0.34937557578086853,
            "z": 0.22867025434970856
        },
        "7": {
            "name": "Center of Body",
            "x": 0.060343094170093536,
            "y": -0.017265109345316887,
            "z": 0.735021710395813
        },
        "8": {
            "name": "Center of Shoulder",
            "x": 0.14780041575431824,
            "y": 0.045212648808956146,
            "z": 0.8784419298171997
        },
        "9": {
            "name": "Neck",
            "x": 0.18464116752147675,
            "y": 0.08952207118272781,
            "z": 0.8927744030952454
        },
        "10": {
            "name": "Head",
            "x": 0.2207474708557129,
            "y": 0.09821914881467819,
            "z": 0.9187318682670593
        },
        "11": {
            "name": "Right Shoulder",
            "x": 0.045995503664016724,
            "y": 0.05753042548894882,
            "z": 0.924362063407898
        },
        "12": {
            "name": "Right Elbow",
            "x": -0.10114158689975739,
            "y": 0.08874313533306122,
            "z": 0.9435807466506958
        },
        "13": {
            "name": "Right Wrist",
            "x": -0.2289750725030899,
            "y": 0.198088601231575,
            "z": 1.0
        },
        "14": {
            "name": "Left Shoulder",
            "x": 0.23757801949977875,
            "y": 0.007586485240608454,
            "z": 0.8024305105209351
        },
        "15": {
            "name": "Left Elbow",
            "x": 0.23719869554042816,
            "y": -0.06542492657899857,
            "z": 0.6104053854942322
        },
        "16": {
            "name": "Left Wrist",
            "x": 0.2650904059410095,
            "y": -0.04405369982123375,
            "z": 0.4715662896633148
        }
    }
}