{
    "image_path": "00011/img/19.jpg",
    "shooter_tracklet_id": 4,
    "bbox": {
        "x": 292,
        "y": 711,
        "w": 100,
        "h": 100
    },
    "keypoint_2d": {
        "0": {
            "name": "Center of Hips",
            "x": 60.7,
            "y": 38.47
        },
        "1": {
            "name": "Left Hip",
            "x": 55.84,
            "y": 39.78
        },
        "2": {
            "name": "Left Knee",
            "x": 47.33,
            "y": 58.79
        },
        "3": {
            "name": "Left Ankle",
            "x": 52.1,
            "y": 73.73
        },
        "4": {
            "name": "Right Hip",
            "x": 66.05,
            "y": 38.01
        },
        "5": {
            "name": "Right Knee",
            "x": 47.77,
            "y": 55.44
        },
        "6": {
            "name": "Right Ankle",
            "x": 34.47,
            "y": 68.48
        },
        "7": {
            "name": "Center of Body",
            "x": 55.53,
            "y": 29.17
        },
        "8": {
            "name": "Center of Shoulder",
            "x": 49.05,
            "y": 19.47
        },
        "9": {
            "name": "Neck",
            "x": 48.3,
            "y": 18.94
        },
        "10": {
            "name": "Head",
            "x": 46.49,
            "y": 17.5
        },
        "11": {
            "name": "Right Shoulder",
            "x": 56.31,
            "y": 17.25
        },
        "12": {
            "name": "Right Elbow",
            "x": 66.92,
            "y": 13.08
        },
        "13": {
            "name": "Right Wrist",
            "x": 73.74,
            "y": 8.36
        },
        "14": {
            "name": "Left Shoulder",
            "x": 42.53,
            "y": 24.0
        },
        "15": {
            "name": "Left Elbow",
            "x": 40.18,
            "y": 35.75
        },
        "16": {
            "name": "Left Wrist",
            "x": 37.45,
            "y": 45.16
        }
    },
    "keypoint_3d": {
        "0": {
            "name": "Center of Hips",
            "x": 0.0,
            "y": 0.0,
            "z": 0.542603611946106
        },
        "1": {
            "name": "Left Hip",
            "x": 0.043343886733055115,
            "y": -0.09050032496452332,
            "z": 0.5115655064582825
        },
        "2": {
            "name": "Left Knee",
            "x": 0.14030325412750244,
            "y": -0.043427202850580215,
            "z": 0.23875051736831665
        },
        "3": {
            "name": "Left Ankle",
            "x": 0.06824950128793716,
            "y": -0.05964824929833412,
            "z": 0.0
        },
        "4": {
            "name": "Right Hip",
            "x": -0.0800841674208641,
            "y": 0.05678725242614746,
            "z": 0.558013916015625
        },
        "5": {
            "name": "Right Knee",
            "x": 0.14796282351016998,
            "y": -0.09328512102365494,
            "z": 0.3112930357456207
        },
        "6": {
            "name": "Right Ankle",
            "x": 0.2908802926540375,
            "y": -0.2401086986064911,
            "z": 0.12580570578575134
        },
        "7": {
            "name": "Center of Body",
            "x": 0.05861805006861687,
            "y": -0.030892983078956604,
            "z": 0.6945788860321045
        },
        "8": {
            "name": "Center of Shoulder",
            "x": 0.1749926507472992,
            "y": 0.00629090890288353,
            "z": 0.8426691889762878
        },
        "9": {
            "name": "Neck",
            "x": 0.21629486978054047,
            "y": 0.0433645024895668,
            "z": 0.8535107374191284
        },
        "10": {
            "name": "Head",
            "x": 0.2579076886177063,
            "y": 0.04415943846106529,
            "z": 0.8842235207557678
        },
        "11": {
            "name": "Right Shoulder",
            "x": 0.0749354287981987,
            "y": 0.046234603971242905,
            "z": 0.8781315088272095
        },
        "12": {
            "name": "Right Elbow",
            "x": -0.07868968695402145,
            "y": 0.11165478080511093,
            "z": 0.9270356893539429
        },
        "13": {
            "name": "Right Wrist",
            "x": -0.16131512820720673,
            "y": 0.18868117034435272,
            "z": 1.0
        },
        "14": {
            "name": "Left Shoulder",
            "x": 0.23785914480686188,
            "y": -0.07770103961229324,
            "z": 0.7603252530097961
        },
        "15": {
            "name": "Left Elbow",
            "x": 0.23753048479557037,
            "y": -0.1532132774591446,
            "z": 0.5618858337402344
        },
        "16": {
            "name": "Left Wrist",
            "x": 0.2669091820716858,
            "y": -0.16757962107658386,
            "z": 0.4193018674850464
        }
    }
}