{
    "image_path": "00011/img/20.jpg",
    "shooter_tracklet_id": 4,
    "bbox": {
        "x": 289,
        "y": 723,
        "w": 100,
        "h": 100
    },
    "keypoint_2d": {
        "0": {
            "name": "Center of Hips",
            "x": 59.64,
            "y": 44.58
        },
        "1": {
            "name": "Left Hip",
            "x": 56.22,
            "y": 46.26
        },
        "2": {
            "name": "Left Knee",
            "x": 41.51,
            "y": 56.84
        },
        "3": {
            "name": "Left Ankle",
            "x": 45.61,
            "y": 69.11
        },
        "4": {
            "name": "Right Hip",
            "x": 62.96,
            "y": 43.35
        },
        "5": {
            "name": "Right Knee",
            "x": 43.9,
            "y": 59.27
        },
        "6": {
            "name": "Right Ankle",
            "x": 36.08,
            "y": 78.36
        },
        "7": {
            "name": "Center of Body",
            "x": 54.26,
            "y": 33.74
        },
        "8": {
            "name": "Center of Shoulder",
            "x": 46.15,
            "y": 23.15
        },
        "9": {
            "name": "Neck",
            "x": 45.17,
            "y": 22.37
        },
        "10": {
            "name": "Head",
            "x": 42.35,
            "y": 20.57
        },
        "11": {
            "name": "Right Shoulder",
            "x": 55.59,
            "y": 22.04
        },
        "12": {
            "name": "Right Elbow",
            "x": 70.89,
            "y": 16.21
        },
        "13": {
            "name": "Right Wrist",
            "x": 82.07,
            "y": 6.73
        },
        "14": {
            "name": "Left Shoulder",
            "x": 37.62,
            "y": 29.55
        },
        "15": {
            "name": "Left Elbow",
            "x": 31.71,
            "y": 44.79
        },
        "16": {
            "name": "Left Wrist",
            "x": 22.27,
            "y": 53.53
        }
    },
    "keypoint_3d": {
        "0": {
            "name": "Center of Hips",
            "x": 0.0,
            "y": 0.0,
            "z": 0.4955904483795166
        },
        "1": {
            "name": "Left Hip",
            "x": 0.014297805726528168,
            "y": -0.09312673658132553,
            "z": 0.4714984893798828
        },
        "2": {
            "name": "Left Knee",
            "x": 0.1791631430387497,
            "y": -0.1558081954717636,
            "z": 0.25407689809799194
        },
        "3": {
            "name": "Left Ankle",
            "x": 0.08547722548246384,
            "y": -0.20220139622688293,
            "z": 0.04925960674881935
        },
        "4": {
            "name": "Right Hip",
            "x": -0.06549978256225586,
            "y": 0.08008833229541779,
            "z": 0.5087743401527405
        },
        "5": {
            "name": "Right Knee",
            "x": 0.21044471859931946,
            "y": 0.02704666554927826,
            "z": 0.27036407589912415
        },
        "6": {
            "name": "Right Ankle",
            "x": 0.3714074492454529,
            "y": -0.0070537542924284935,
            "z": 0.0
        },
        "7": {
            "name": "Center of Body",
            "x": 0.06407133489847183,
            "y": -0.01392426248639822,
            "z": 0.6487405300140381
        },
        "8": {
            "name": "Center of Shoulder",
            "x": 0.16760897636413574,
            "y": -0.021408317610621452,
            "z": 0.7996208667755127
        },
        "9": {
            "name": "Neck",
            "x": 0.21075928211212158,
            "y": 0.022503340616822243,
            "z": 0.8141199946403503
        },
        "10": {
            "name": "Head",
            "x": 0.25570356845855713,
            "y": 0.019021715968847275,
            "z": 0.8532300591468811
        },
        "11": {
            "name": "Right Shoulder",
            "x": 0.07163628935813904,
            "y": 0.03452424332499504,
            "z": 0.8262035250663757
        },
        "12": {
            "name": "Right Elbow",
            "x": -0.08905300498008728,
            "y": 0.1252788007259369,
            "z": 0.8948057293891907
        },
        "13": {
            "name": "Right Wrist",
            "x": -0.19932377338409424,
            "y": 0.21742086112499237,
            "z": 1.0
        },
        "14": {
            "name": "Left Shoulder",
            "x": 0.22672225534915924,
            "y": -0.09553034603595734,
            "z": 0.7206878662109375
        },
        "15": {
            "name": "Left Elbow",
            "x": 0.23237957060337067,
            "y": -0.17554666101932526,
            "z": 0.5365245342254639
        },
        "16": {
            "name": "Left Wrist",
            "x": 0.2950200140476227,
            "y": -0.18583059310913086,
            "z": 0.38999131321907043
        }
    }
}