{
    "image_path": "00007/img/1.jpg",
    "shooter_tracklet_id": 4,
    "bbox": {
        "x": 284,
        "y": 714,
        "w": 100,
        "h": 100
    },
    "keypont_2d": {
        "0": {
            "name": "Center of Hips",
            "x": 51.95,
            "y": 45.14
        },
        "1": {
            "name": "Left Hip",
            "x": 46.94,
            "y": 46.47
        },
        "2": {
            "name": "Left Knee",
            "x": 42.91,
            "y": 58.58
        },
        "3": {
            "name": "Left Ankle",
            "x": 48.19,
            "y": 78.28
        },
        "4": {
            "name": "Right Hip",
            "x": 56.35,
            "y": 43.91
        },
        "5": {
            "name": "Right Knee",
            "x": 55.13,
            "y": 64.22
        },
        "6": {
            "name": "Right Ankle",
            "x": 68.85,
            "y": 64.14
        },
        "7": {
            "name": "Center of Body",
            "x": 49.23,
            "y": 36.23
        },
        "8": {
            "name": "Center of Shoulder",
            "x": 44.27,
            "y": 27.51
        },
        "9": {
            "name": "Neck",
            "x": 42.56,
            "y": 25.55
        },
        "10": {
            "name": "Head",
            "x": 38.63,
            "y": 23.22
        },
        "11": {
            "name": "Right Shoulder",
            "x": 41.12,
            "y": 27.76
        },
        "12": {
            "name": "Right Elbow",
            "x": 46.06,
            "y": 37.89
        },
        "13": {
            "name": "Right Wrist",
            "x": 45.6,
            "y": 45.74
        },
        "14": {
            "name": "Left Shoulder",
            "x": 46.84,
            "y": 30.21
        },
        "15": {
            "name": "Left Elbow",
            "x": 51.61,
            "y": 37.42
        },
        "16": {
            "name": "Left Wrist",
            "x": 52.23,
            "y": 43.97
        }
    },
    "keypont_3d": {
        "0": {
            "name": "Center of Hips",
            "x": 0.0,
            "y": 0.0,
            "z": 0.5964683890342712
        },
        "1": {
            "name": "Left Hip",
            "x": 0.04845324531197548,
            "y": -0.08380957692861557,
            "z": 0.5695029497146606
        },
        "2": {
            "name": "Left Knee",
            "x": 0.19721251726150513,
            "y": 0.0599343404173851,
            "z": 0.34408020973205566
        },
        "3": {
            "name": "Left Ankle",
            "x": 0.11718152463436127,
            "y": 0.14749424159526825,
            "z": 0.0
        },
        "4": {
            "name": "Right Hip",
            "x": -0.05630107969045639,
            "y": 0.08733230829238892,
            "z": 0.6242347955703735
        },
        "5": {
            "name": "Right Knee",
            "x": -0.022434720769524574,
            "y": 0.15500500798225403,
            "z": 0.25729167461395264
        },
        "6": {
            "name": "Right Ankle",
            "x": -0.333321213722229,
            "y": 0.12298966199159622,
            "z": 0.2233189195394516
        },
        "7": {
            "name": "Center of Body",
            "x": 0.03516790270805359,
            "y": -0.052287399768829346,
            "z": 0.757522463798523
        },
        "8": {
            "name": "Center of Shoulder",
            "x": 0.1108914315700531,
            "y": -0.11158134788274765,
            "z": 0.9185529351234436
        },
        "9": {
            "name": "Neck",
            "x": 0.14681604504585266,
            "y": -0.1118735745549202,
            "z": 0.9527499079704285
        },
        "10": {
            "name": "Head",
            "x": 0.20863761007785797,
            "y": -0.16230283677577972,
            "z": 1.0
        },
        "11": {
            "name": "Right Shoulder",
            "x": 0.19707052409648895,
            "y": -0.06688723713159561,
            "z": 0.9285709857940674
        },
        "12": {
            "name": "Right Elbow",
            "x": 0.15750925242900848,
            "y": 0.08827618509531021,
            "z": 0.7547658681869507
        },
        "13": {
            "name": "Right Wrist",
            "x": 0.18294383585453033,
            "y": 0.12965989112854004,
            "z": 0.6197613477706909
        },
        "14": {
            "name": "Left Shoulder",
            "x": 0.038117192685604095,
            "y": -0.16715693473815918,
            "z": 0.8566721081733704
        },
        "15": {
            "name": "Left Elbow",
            "x": -0.06287598609924316,
            "y": -0.16003118455410004,
            "z": 0.7115415930747986
        },
        "16": {
            "name": "Left Wrist",
            "x": -0.0888734683394432,
            "y": -0.187138631939888,
            "z": 0.5811904072761536
        }
    }
}