{
    "image_path": "00007/img/2.jpg",
    "shooter_tracklet_id": 4,
    "bbox": {
        "x": 286,
        "y": 718,
        "w": 100,
        "h": 100
    },
    "keypont_2d": {
        "0": {
            "name": "Center of Hips",
            "x": 50.37,
            "y": 45.52
        },
        "1": {
            "name": "Left Hip",
            "x": 52.21,
            "y": 47.73
        },
        "2": {
            "name": "Left Knee",
            "x": 45.89,
            "y": 62.62
        },
        "3": {
            "name": "Left Ankle",
            "x": 63.95,
            "y": 63.73
        },
        "4": {
            "name": "Right Hip",
            "x": 48.28,
            "y": 42.82
        },
        "5": {
            "name": "Right Knee",
            "x": 51.59,
            "y": 64.12
        },
        "6": {
            "name": "Right Ankle",
            "x": 55.34,
            "y": 80.05
        },
        "7": {
            "name": "Center of Body",
            "x": 48.16,
            "y": 38.4
        },
        "8": {
            "name": "Center of Shoulder",
            "x": 45.04,
            "y": 28.49
        },
        "9": {
            "name": "Neck",
            "x": 44.48,
            "y": 25.62
        },
        "10": {
            "name": "Head",
            "x": 38.79,
            "y": 22.71
        },
        "11": {
            "name": "Right Shoulder",
            "x": 42.27,
            "y": 27.36
        },
        "12": {
            "name": "Right Elbow",
            "x": 44.6,
            "y": 39.14
        },
        "13": {
            "name": "Right Wrist",
            "x": 43.62,
            "y": 47.48
        },
        "14": {
            "name": "Left Shoulder",
            "x": 48.01,
            "y": 30.85
        },
        "15": {
            "name": "Left Elbow",
            "x": 53.26,
            "y": 37.93
        },
        "16": {
            "name": "Left Wrist",
            "x": 58.25,
            "y": 51.24
        }
    },
    "keypont_3d": {
        "0": {
            "name": "Center of Hips",
            "x": 0.0,
            "y": 0.0,
            "z": 0.6075071692466736
        },
        "1": {
            "name": "Left Hip",
            "x": -0.009841050952672958,
            "y": -0.08125940710306168,
            "z": 0.5689713954925537
        },
        "2": {
            "name": "Left Knee",
            "x": 0.08967509120702744,
            "y": -0.03170899301767349,
            "z": 0.3129783272743225
        },
        "3": {
            "name": "Left Ankle",
            "x": -0.13177083432674408,
            "y": 0.117678202688694,
            "z": 0.18345233798027039
        },
        "4": {
            "name": "Right Hip",
            "x": 0.018636636435985565,
            "y": 0.11144867539405823,
            "z": 0.6589847803115845
        },
        "5": {
            "name": "Right Knee",
            "x": 0.008912281133234501,
            "y": 0.1426371932029724,
            "z": 0.2976388931274414
        },
        "6": {
            "name": "Right Ankle",
            "x": -0.050240714102983475,
            "y": 0.17965635657310486,
            "z": 0.0
        },
        "7": {
            "name": "Center of Body",
            "x": 0.010813290253281593,
            "y": -0.07800929993391037,
            "z": 0.7522224187850952
        },
        "8": {
            "name": "Center of Shoulder",
            "x": 0.07588842511177063,
            "y": -0.1110413447022438,
            "z": 0.9139728546142578
        },
        "9": {
            "name": "Neck",
            "x": 0.10544778406620026,
            "y": -0.0927748754620552,
            "z": 0.9493887424468994
        },
        "10": {
            "name": "Head",
            "x": 0.18495479226112366,
            "y": -0.13687700033187866,
            "z": 1.0
        },
        "11": {
            "name": "Right Shoulder",
            "x": 0.1589110940694809,
            "y": -0.05353277549147606,
            "z": 0.9265292882919312
        },
        "12": {
            "name": "Right Elbow",
            "x": 0.13876259326934814,
            "y": 0.08509333431720734,
            "z": 0.7548925280570984
        },
        "13": {
            "name": "Right Wrist",
            "x": 0.15239517390727997,
            "y": 0.0960751548409462,
            "z": 0.6059694886207581
        },
        "14": {
            "name": "Left Shoulder",
            "x": 0.003362834919244051,
            "y": -0.15363994240760803,
            "z": 0.855609655380249
        },
        "15": {
            "name": "Left Elbow",
            "x": -0.07000096142292023,
            "y": -0.06242643669247627,
            "z": 0.7306385040283203
        },
        "16": {
            "name": "Left Wrist",
            "x": -0.08494064211845398,
            "y": -0.03980017453432083,
            "z": 0.5908828973770142
        }
    }
}