{
    "image_path": "00007/img/4.jpg",
    "shooter_tracklet_id": 4,
    "bbox": {
        "x": 296,
        "y": 724,
        "w": 100,
        "h": 100
    },
    "keypont_2d": {
        "0": {
            "name": "Center of Hips",
            "x": 53.81,
            "y": 40.03
        },
        "1": {
            "name": "Left Hip",
            "x": 58.34,
            "y": 40.76
        },
        "2": {
            "name": "Left Knee",
            "x": 44.02,
            "y": 51.96
        },
        "3": {
            "name": "Left Ankle",
            "x": 55.88,
            "y": 63.31
        },
        "4": {
            "name": "Right Hip",
            "x": 50.36,
            "y": 39.67
        },
        "5": {
            "name": "Right Knee",
            "x": 61.91,
            "y": 58.6
        },
        "6": {
            "name": "Right Ankle",
            "x": 73.75,
            "y": 67.59
        },
        "7": {
            "name": "Center of Body",
            "x": 52.55,
            "y": 33.24
        },
        "8": {
            "name": "Center of Shoulder",
            "x": 47.64,
            "y": 23.14
        },
        "9": {
            "name": "Neck",
            "x": 45.9,
            "y": 19.77
        },
        "10": {
            "name": "Head",
            "x": 41.4,
            "y": 16.94
        },
        "11": {
            "name": "Right Shoulder",
            "x": 44.62,
            "y": 22.95
        },
        "12": {
            "name": "Right Elbow",
            "x": 44.5,
            "y": 34.12
        },
        "13": {
            "name": "Right Wrist",
            "x": 38.27,
            "y": 39.83
        },
        "14": {
            "name": "Left Shoulder",
            "x": 51.78,
            "y": 24.09
        },
        "15": {
            "name": "Left Elbow",
            "x": 59.21,
            "y": 32.56
        },
        "16": {
            "name": "Left Wrist",
            "x": 64.01,
            "y": 41.44
        }
    },
    "keypont_3d": {
        "0": {
            "name": "Center of Hips",
            "x": 0.0,
            "y": 0.0,
            "z": 0.5623994469642639
        },
        "1": {
            "name": "Left Hip",
            "x": -0.095096655189991,
            "y": 0.006405580788850784,
            "z": 0.5528357028961182
        },
        "2": {
            "name": "Left Knee",
            "x": 0.0960095077753067,
            "y": -0.1522158533334732,
            "z": 0.28787609934806824
        },
        "3": {
            "name": "Left Ankle",
            "x": -0.0865175798535347,
            "y": -0.017874479293823242,
            "z": 0.09405481070280075
        },
        "4": {
            "name": "Right Hip",
            "x": 0.11195026338100433,
            "y": 0.05819571018218994,
            "z": 0.5800317525863647
        },
        "5": {
            "name": "Right Knee",
            "x": 0.0087281484156847,
            "y": 0.10523376613855362,
            "z": 0.21277187764644623
        },
        "6": {
            "name": "Right Ankle",
            "x": -0.15792709589004517,
            "y": 0.27661165595054626,
            "z": 0.0
        },
        "7": {
            "name": "Center of Body",
            "x": 0.016774043440818787,
            "y": -0.03928234800696373,
            "z": 0.7178207635879517
        },
        "8": {
            "name": "Center of Shoulder",
            "x": 0.08714483678340912,
            "y": -0.10251209139823914,
            "z": 0.8904634714126587
        },
        "9": {
            "name": "Neck",
            "x": 0.1346103399991989,
            "y": -0.08421124517917633,
            "z": 0.9505420327186584
        },
        "10": {
            "name": "Head",
            "x": 0.22615863382816315,
            "y": -0.09776899963617325,
            "z": 1.0
        },
        "11": {
            "name": "Right Shoulder",
            "x": 0.1915990263223648,
            "y": -0.04800357297062874,
            "z": 0.8982120156288147
        },
        "12": {
            "name": "Right Elbow",
            "x": 0.20081079006195068,
            "y": 0.008883122354745865,
            "z": 0.6858280897140503
        },
        "13": {
            "name": "Right Wrist",
            "x": 0.2833607792854309,
            "y": -0.09249050915241241,
            "z": 0.5605430006980896
        },
        "14": {
            "name": "Left Shoulder",
            "x": -0.010301460511982441,
            "y": -0.10090813040733337,
            "z": 0.8548414707183838
        },
        "15": {
            "name": "Left Elbow",
            "x": -0.10874152183532715,
            "y": 0.017929356545209885,
            "z": 0.7084818482398987
        },
        "16": {
            "name": "Left Wrist",
            "x": -0.2048778533935547,
            "y": 0.06990093737840652,
            "z": 0.5376164317131042
        }
    }
}