{
    "image_path": "00007/img/5.jpg",
    "shooter_tracklet_id": 4,
    "bbox": {
        "x": 296,
        "y": 729,
        "w": 100,
        "h": 100
    },
    "keypoint_2d": {
        "0": {
            "name": "Center of Hips",
            "x": 52.59,
            "y": 41.51
        },
        "1": {
            "name": "Left Hip",
            "x": 51.09,
            "y": 41.66
        },
        "2": {
            "name": "Left Knee",
            "x": 43.54,
            "y": 55.98
        },
        "3": {
            "name": "Left Ankle",
            "x": 47.1,
            "y": 70.67
        },
        "4": {
            "name": "Right Hip",
            "x": 54.84,
            "y": 41.3
        },
        "5": {
            "name": "Right Knee",
            "x": 62.69,
            "y": 58.34
        },
        "6": {
            "name": "Right Ankle",
            "x": 73.75,
            "y": 65.23
        },
        "7": {
            "name": "Center of Body",
            "x": 51.71,
            "y": 34.24
        },
        "8": {
            "name": "Center of Shoulder",
            "x": 47.0,
            "y": 24.72
        },
        "9": {
            "name": "Neck",
            "x": 44.96,
            "y": 20.85
        },
        "10": {
            "name": "Head",
            "x": 39.87,
            "y": 18.18
        },
        "11": {
            "name": "Right Shoulder",
            "x": 43.52,
            "y": 24.15
        },
        "12": {
            "name": "Right Elbow",
            "x": 43.45,
            "y": 35.37
        },
        "13": {
            "name": "Right Wrist",
            "x": 37.01,
            "y": 40.34
        },
        "14": {
            "name": "Left Shoulder",
            "x": 49.48,
            "y": 25.07
        },
        "15": {
            "name": "Left Elbow",
            "x": 56.78,
            "y": 34.01
        },
        "16": {
            "name": "Left Wrist",
            "x": 61.6,
            "y": 45.29
        }
    },
    "keypoint_3d": {
        "0": {
            "name": "Center of Hips",
            "x": 0.0,
            "y": 0.0,
            "z": 0.5528393983840942
        },
        "1": {
            "name": "Left Hip",
            "x": -0.030190709978342056,
            "y": -0.07318699359893799,
            "z": 0.5343567132949829
        },
        "2": {
            "name": "Left Knee",
            "x": 0.13301190733909607,
            "y": -0.10535842925310135,
            "z": 0.2653658986091614
        },
        "3": {
            "name": "Left Ankle",
            "x": 0.018683012574911118,
            "y": -0.09833532571792603,
            "z": 0.0
        },
        "4": {
            "name": "Right Hip",
            "x": 0.040899600833654404,
            "y": 0.12435975670814514,
            "z": 0.5780541896820068
        },
        "5": {
            "name": "Right Knee",
            "x": -0.14618860185146332,
            "y": 0.162139430642128,
            "z": 0.2510306239128113
        },
        "6": {
            "name": "Right Ankle",
            "x": -0.38887205719947815,
            "y": 0.17318792641162872,
            "z": 0.08430056273937225
        },
        "7": {
            "name": "Center of Body",
            "x": 0.031339094042778015,
            "y": 0.0002700765908230096,
            "z": 0.7113232016563416
        },
        "8": {
            "name": "Center of Shoulder",
            "x": 0.09668268263339996,
            "y": -0.06394370645284653,
            "z": 0.8819292783737183
        },
        "9": {
            "name": "Neck",
            "x": 0.14700450003147125,
            "y": -0.038941171020269394,
            "z": 0.9368962049484253
        },
        "10": {
            "name": "Head",
            "x": 0.23452651500701904,
            "y": -0.07736339420080185,
            "z": 1.0
        },
        "11": {
            "name": "Right Shoulder",
            "x": 0.18658100068569183,
            "y": -0.012123224325478077,
            "z": 0.8809236884117126
        },
        "12": {
            "name": "Right Elbow",
            "x": 0.19928689301013947,
            "y": 0.026875657960772514,
            "z": 0.6787906885147095
        },
        "13": {
            "name": "Right Wrist",
            "x": 0.28391769528388977,
            "y": -0.08750452846288681,
            "z": 0.5695005655288696
        },
        "14": {
            "name": "Left Shoulder",
            "x": 0.0188423004001379,
            "y": -0.09291453659534454,
            "z": 0.8442497253417969
        },
        "15": {
            "name": "Left Elbow",
            "x": -0.08683449774980545,
            "y": 0.018111253157258034,
            "z": 0.6957170367240906
        },
        "16": {
            "name": "Left Wrist",
            "x": -0.18940038979053497,
            "y": 0.06741274893283844,
            "z": 0.5159980654716492
        }
    }
}