{
    "image_path": "00007/img/6.jpg",
    "shooter_tracklet_id": 4,
    "bbox": {
        "x": 295,
        "y": 734,
        "w": 100,
        "h": 100
    },
    "keypont_2d": {
        "0": {
            "name": "Center of Hips",
            "x": 51.2,
            "y": 44.14
        },
        "1": {
            "name": "Left Hip",
            "x": 48.55,
            "y": 45.11
        },
        "2": {
            "name": "Left Knee",
            "x": 44.1,
            "y": 58.25
        },
        "3": {
            "name": "Left Ankle",
            "x": 44.48,
            "y": 76.35
        },
        "4": {
            "name": "Right Hip",
            "x": 53.39,
            "y": 43.43
        },
        "5": {
            "name": "Right Knee",
            "x": 59.66,
            "y": 61.12
        },
        "6": {
            "name": "Right Ankle",
            "x": 70.99,
            "y": 65.8
        },
        "7": {
            "name": "Center of Body",
            "x": 49.35,
            "y": 34.57
        },
        "8": {
            "name": "Center of Shoulder",
            "x": 45.5,
            "y": 25.74
        },
        "9": {
            "name": "Neck",
            "x": 44.13,
            "y": 23.54
        },
        "10": {
            "name": "Head",
            "x": 39.15,
            "y": 20.48
        },
        "11": {
            "name": "Right Shoulder",
            "x": 41.93,
            "y": 26.76
        },
        "12": {
            "name": "Right Elbow",
            "x": 43.1,
            "y": 37.58
        },
        "13": {
            "name": "Right Wrist",
            "x": 39.45,
            "y": 43.15
        },
        "14": {
            "name": "Left Shoulder",
            "x": 49.51,
            "y": 27.42
        },
        "15": {
            "name": "Left Elbow",
            "x": 51.98,
            "y": 38.64
        },
        "16": {
            "name": "Left Wrist",
            "x": 49.24,
            "y": 47.87
        }
    },
    "keypont_3d": {
        "0": {
            "name": "Center of Hips",
            "x": 0.0,
            "y": 0.0,
            "z": 0.575819730758667
        },
        "1": {
            "name": "Left Hip",
            "x": -0.0002403018152108416,
            "y": -0.08508733659982681,
            "z": 0.5561915636062622
        },
        "2": {
            "name": "Left Knee",
            "x": 0.11246630549430847,
            "y": -0.05652020499110222,
            "z": 0.2898170053958893
        },
        "3": {
            "name": "Left Ankle",
            "x": 0.09793142229318619,
            "y": -0.021572941914200783,
            "z": 0.0
        },
        "4": {
            "name": "Right Hip",
            "x": 0.00025362707674503326,
            "y": 0.11385829001665115,
            "z": 0.5988225936889648
        },
        "5": {
            "name": "Right Knee",
            "x": -0.1328393965959549,
            "y": 0.12963169813156128,
            "z": 0.2795664966106415
        },
        "6": {
            "name": "Right Ankle",
            "x": -0.3909818232059479,
            "y": 0.10948042571544647,
            "z": 0.15106244385242462
        },
        "7": {
            "name": "Center of Body",
            "x": 0.02896887995302677,
            "y": -0.011653986759483814,
            "z": 0.7372152805328369
        },
        "8": {
            "name": "Center of Shoulder",
            "x": 0.09054718911647797,
            "y": -0.07317161560058594,
            "z": 0.9014655351638794
        },
        "9": {
            "name": "Neck",
            "x": 0.1353965848684311,
            "y": -0.03993012011051178,
            "z": 0.9422789216041565
        },
        "10": {
            "name": "Head",
            "x": 0.21930958330631256,
            "y": -0.0766821801662445,
            "z": 1.0
        },
        "11": {
            "name": "Right Shoulder",
            "x": 0.17579160630702972,
            "y": -0.027568768709897995,
            "z": 0.8932120203971863
        },
        "12": {
            "name": "Right Elbow",
            "x": 0.1851242035627365,
            "y": 0.036545079201459885,
            "z": 0.7010427713394165
        },
        "13": {
            "name": "Right Wrist",
            "x": 0.2122727334499359,
            "y": -0.09723758697509766,
            "z": 0.5856108665466309
        },
        "14": {
            "name": "Left Shoulder",
            "x": 0.00013172198669053614,
            "y": -0.10795384645462036,
            "z": 0.8537459373474121
        },
        "15": {
            "name": "Left Elbow",
            "x": -0.06026975065469742,
            "y": -0.06414225697517395,
            "z": 0.670274555683136
        },
        "16": {
            "name": "Left Wrist",
            "x": -0.04227081686258316,
            "y": -0.12643222510814667,
            "z": 0.47964373230934143
        }
    }
}