{
    "image_path": "00007/img/7.jpg",
    "shooter_tracklet_id": 4,
    "bbox": {
        "x": 296,
        "y": 737,
        "w": 100,
        "h": 100
    },
    "keypont_2d": {
        "0": {
            "name": "Center of Hips",
            "x": 53.33,
            "y": 45.13
        },
        "1": {
            "name": "Left Hip",
            "x": 55.8,
            "y": 46.92
        },
        "2": {
            "name": "Left Knee",
            "x": 49.85,
            "y": 63.14
        },
        "3": {
            "name": "Left Ankle",
            "x": 48.84,
            "y": 79.89
        },
        "4": {
            "name": "Right Hip",
            "x": 51.49,
            "y": 43.9
        },
        "5": {
            "name": "Right Knee",
            "x": 46.99,
            "y": 64.02
        },
        "6": {
            "name": "Right Ankle",
            "x": 66.59,
            "y": 64.9
        },
        "7": {
            "name": "Center of Body",
            "x": 52.54,
            "y": 36.77
        },
        "8": {
            "name": "Center of Shoulder",
            "x": 46.04,
            "y": 26.74
        },
        "9": {
            "name": "Neck",
            "x": 43.44,
            "y": 23.9
        },
        "10": {
            "name": "Head",
            "x": 38.73,
            "y": 22.29
        },
        "11": {
            "name": "Right Shoulder",
            "x": 45.34,
            "y": 25.0
        },
        "12": {
            "name": "Right Elbow",
            "x": 53.05,
            "y": 30.12
        },
        "13": {
            "name": "Right Wrist",
            "x": 56.29,
            "y": 40.7
        },
        "14": {
            "name": "Left Shoulder",
            "x": 46.93,
            "y": 29.64
        },
        "15": {
            "name": "Left Elbow",
            "x": 48.56,
            "y": 40.15
        },
        "16": {
            "name": "Left Wrist",
            "x": 44.64,
            "y": 46.7
        }
    },
    "keypont_3d": {
        "0": {
            "name": "Center of Hips",
            "x": 0.0,
            "y": 0.0,
            "z": 0.5978487730026245
        },
        "1": {
            "name": "Left Hip",
            "x": -0.03961624205112457,
            "y": -0.06847747415304184,
            "z": 0.5694275498390198
        },
        "2": {
            "name": "Left Knee",
            "x": 0.07467462867498398,
            "y": -0.03077760338783264,
            "z": 0.3051818907260895
        },
        "3": {
            "name": "Left Ankle",
            "x": 0.11977153271436691,
            "y": 0.09008513391017914,
            "z": 0.0
        },
        "4": {
            "name": "Right Hip",
            "x": 0.04447818920016289,
            "y": 0.09928938001394272,
            "z": 0.627356767654419
        },
        "5": {
            "name": "Right Knee",
            "x": 0.045106641948223114,
            "y": 0.11676985025405884,
            "z": 0.28254950046539307
        },
        "6": {
            "name": "Right Ankle",
            "x": -0.25692760944366455,
            "y": 0.12915116548538208,
            "z": 0.23463685810565948
        },
        "7": {
            "name": "Center of Body",
            "x": 0.022510897368192673,
            "y": -0.021224254742264748,
            "z": 0.7586833238601685
        },
        "8": {
            "name": "Center of Shoulder",
            "x": 0.09132014960050583,
            "y": -0.08611568808555603,
            "z": 0.9144114255905151
        },
        "9": {
            "name": "Neck",
            "x": 0.13795341551303864,
            "y": -0.07125373929738998,
            "z": 0.956756591796875
        },
        "10": {
            "name": "Head",
            "x": 0.21212512254714966,
            "y": -0.11617771536111832,
            "z": 1.0
        },
        "11": {
            "name": "Right Shoulder",
            "x": 0.15740430355072021,
            "y": -0.029880041256546974,
            "z": 0.9429450631141663
        },
        "12": {
            "name": "Right Elbow",
            "x": 0.11155416071414948,
            "y": 0.1433188021183014,
            "z": 0.848691999912262
        },
        "13": {
            "name": "Right Wrist",
            "x": 0.13058915734291077,
            "y": 0.17335037887096405,
            "z": 0.6789853572845459
        },
        "14": {
            "name": "Left Shoulder",
            "x": 0.01283375546336174,
            "y": -0.15448710322380066,
            "z": 0.8587508201599121
        },
        "15": {
            "name": "Left Elbow",
            "x": -0.010420533828437328,
            "y": -0.13827775418758392,
            "z": 0.6684473752975464
        },
        "16": {
            "name": "Left Wrist",
            "x": 0.09778384864330292,
            "y": -0.05620831996202469,
            "z": 0.5615862011909485
        }
    }
}