{
    "image_path": "00007/img/8.jpg",
    "shooter_tracklet_id": 4,
    "bbox": {
        "x": 297,
        "y": 743,
        "w": 100,
        "h": 100
    },
    "keypoint_2d": {
        "0": {
            "name": "Center of Hips",
            "x": 49.8,
            "y": 47.28
        },
        "1": {
            "name": "Left Hip",
            "x": 53.81,
            "y": 47.83
        },
        "2": {
            "name": "Left Knee",
            "x": 52.03,
            "y": 66.53
        },
        "3": {
            "name": "Left Ankle",
            "x": 59.28,
            "y": 80.31
        },
        "4": {
            "name": "Right Hip",
            "x": 45.83,
            "y": 46.92
        },
        "5": {
            "name": "Right Knee",
            "x": 42.78,
            "y": 64.17
        },
        "6": {
            "name": "Right Ankle",
            "x": 56.96,
            "y": 67.01
        },
        "7": {
            "name": "Center of Body",
            "x": 49.31,
            "y": 37.16
        },
        "8": {
            "name": "Center of Shoulder",
            "x": 43.55,
            "y": 27.72
        },
        "9": {
            "name": "Neck",
            "x": 41.51,
            "y": 23.97
        },
        "10": {
            "name": "Head",
            "x": 36.23,
            "y": 22.5
        },
        "11": {
            "name": "Right Shoulder",
            "x": 45.27,
            "y": 26.12
        },
        "12": {
            "name": "Right Elbow",
            "x": 54.49,
            "y": 37.88
        },
        "13": {
            "name": "Right Wrist",
            "x": 47.2,
            "y": 45.2
        },
        "14": {
            "name": "Left Shoulder",
            "x": 41.72,
            "y": 29.61
        },
        "15": {
            "name": "Left Elbow",
            "x": 39.7,
            "y": 43.33
        },
        "16": {
            "name": "Left Wrist",
            "x": 34.6,
            "y": 47.75
        }
    },
    "keypoint_3d": {
        "0": {
            "name": "Center of Hips",
            "x": 0.0,
            "y": 0.0,
            "z": 0.5935512185096741
        },
        "1": {
            "name": "Left Hip",
            "x": -0.08610756695270538,
            "y": -0.035236094146966934,
            "z": 0.5726862549781799
        },
        "2": {
            "name": "Left Knee",
            "x": -0.02711806446313858,
            "y": -0.004080252256244421,
            "z": 0.27086585760116577
        },
        "3": {
            "name": "Left Ankle",
            "x": -0.0547185093164444,
            "y": 0.1330670714378357,
            "z": 0.0
        },
        "4": {
            "name": "Right Hip",
            "x": 0.08204101771116257,
            "y": 0.05099571496248245,
            "z": 0.6124302744865417
        },
        "5": {
            "name": "Right Knee",
            "x": 0.11300944536924362,
            "y": -0.025404512882232666,
            "z": 0.2910689115524292
        },
        "6": {
            "name": "Right Ankle",
            "x": -0.14410224556922913,
            "y": 0.0898074135184288,
            "z": 0.2411225587129593
        },
        "7": {
            "name": "Center of Body",
            "x": 0.014621494337916374,
            "y": -0.019123021513223648,
            "z": 0.7588765025138855
        },
        "8": {
            "name": "Center of Shoulder",
            "x": 0.09918118268251419,
            "y": -0.08334256708621979,
            "z": 0.9168426394462585
        },
        "9": {
            "name": "Neck",
            "x": 0.13950231671333313,
            "y": -0.08721010386943817,
            "z": 0.9650729894638062
        },
        "10": {
            "name": "Head",
            "x": 0.22388195991516113,
            "y": -0.11068835109472275,
            "z": 1.0
        },
        "11": {
            "name": "Right Shoulder",
            "x": 0.10916255414485931,
            "y": -0.022219324484467506,
            "z": 0.9436227083206177
        },
        "12": {
            "name": "Right Elbow",
            "x": -0.010762324556708336,
            "y": 0.11422334611415863,
            "z": 0.7911346554756165
        },
        "13": {
            "name": "Right Wrist",
            "x": 0.06865164637565613,
            "y": 0.09722438454627991,
            "z": 0.644093930721283
        },
        "14": {
            "name": "Left Shoulder",
            "x": 0.07419302314519882,
            "y": -0.15663810074329376,
            "z": 0.8539426922798157
        },
        "15": {
            "name": "Left Elbow",
            "x": 0.08220934867858887,
            "y": -0.1521487981081009,
            "z": 0.6486881375312805
        },
        "16": {
            "name": "Left Wrist",
            "x": 0.2133391797542572,
            "y": -0.06415420770645142,
            "z": 0.5771142244338989
        }
    }
}