{
    "image_path": "00007/img/9.jpg",
    "shooter_tracklet_id": 4,
    "bbox": {
        "x": 300,
        "y": 742,
        "w": 100,
        "h": 100
    },
    "keypoint_2d": {
        "0": {
            "name": "Center of Hips",
            "x": 56.33,
            "y": 45.71
        },
        "1": {
            "name": "Left Hip",
            "x": 59.25,
            "y": 47.28
        },
        "2": {
            "name": "Left Knee",
            "x": 60.98,
            "y": 66.35
        },
        "3": {
            "name": "Left Ankle",
            "x": 71.75,
            "y": 76.56
        },
        "4": {
            "name": "Right Hip",
            "x": 52.27,
            "y": 46.63
        },
        "5": {
            "name": "Right Knee",
            "x": 41.27,
            "y": 60.45
        },
        "6": {
            "name": "Right Ankle",
            "x": 53.59,
            "y": 68.21
        },
        "7": {
            "name": "Center of Body",
            "x": 52.78,
            "y": 35.46
        },
        "8": {
            "name": "Center of Shoulder",
            "x": 46.74,
            "y": 25.36
        },
        "9": {
            "name": "Neck",
            "x": 45.62,
            "y": 22.48
        },
        "10": {
            "name": "Head",
            "x": 39.68,
            "y": 20.48
        },
        "11": {
            "name": "Right Shoulder",
            "x": 50.41,
            "y": 24.36
        },
        "12": {
            "name": "Right Elbow",
            "x": 59.7,
            "y": 34.77
        },
        "13": {
            "name": "Right Wrist",
            "x": 53.91,
            "y": 41.37
        },
        "14": {
            "name": "Left Shoulder",
            "x": 42.66,
            "y": 27.38
        },
        "15": {
            "name": "Left Elbow",
            "x": 39.3,
            "y": 41.42
        },
        "16": {
            "name": "Left Wrist",
            "x": 33.28,
            "y": 46.2
        }
    },
    "keypoint_3d": {
        "0": {
            "name": "Center of Hips",
            "x": 0.0,
            "y": 0.0,
            "z": 0.5677966475486755
        },
        "1": {
            "name": "Left Hip",
            "x": -0.0870857685804367,
            "y": -0.032088667154312134,
            "z": 0.5464826822280884
        },
        "2": {
            "name": "Left Knee",
            "x": -0.06705694645643234,
            "y": 0.012456323951482773,
            "z": 0.22338810563087463
        },
        "3": {
            "name": "Left Ankle",
            "x": -0.17404146492481232,
            "y": 0.15914121270179749,
            "z": 0.0
        },
        "4": {
            "name": "Right Hip",
            "x": 0.08137098699808121,
            "y": 0.0403713621199131,
            "z": 0.5739524960517883
        },
        "5": {
            "name": "Right Knee",
            "x": 0.1861337274312973,
            "y": -0.0918562188744545,
            "z": 0.29485446214675903
        },
        "6": {
            "name": "Right Ankle",
            "x": -0.05094974488019943,
            "y": -0.04413096606731415,
            "z": 0.15842469036579132
        },
        "7": {
            "name": "Center of Body",
            "x": 0.04075343534350395,
            "y": -0.026102561503648758,
            "z": 0.7408909201622009
        },
        "8": {
            "name": "Center of Shoulder",
            "x": 0.12350470572710037,
            "y": -0.08463194966316223,
            "z": 0.9065859913825989
        },
        "9": {
            "name": "Neck",
            "x": 0.15352007746696472,
            "y": -0.08561704307794571,
            "z": 0.9613297581672668
        },
        "10": {
            "name": "Head",
            "x": 0.24774311482906342,
            "y": -0.10504366457462311,
            "z": 1.0
        },
        "11": {
            "name": "Right Shoulder",
            "x": 0.09060177952051163,
            "y": -0.021754000335931778,
            "z": 0.9306687116622925
        },
        "12": {
            "name": "Right Elbow",
            "x": -0.040139760822057724,
            "y": 0.10019484162330627,
            "z": 0.7667018175125122
        },
        "13": {
            "name": "Right Wrist",
            "x": 0.0741402804851532,
            "y": 0.10383544117212296,
            "z": 0.6524747610092163
        },
        "14": {
            "name": "Left Shoulder",
            "x": 0.16222019493579865,
            "y": -0.12842047214508057,
            "z": 0.8565285801887512
        },
        "15": {
            "name": "Left Elbow",
            "x": 0.22891871631145477,
            "y": -0.1280713528394699,
            "z": 0.6360909342765808
        },
        "16": {
            "name": "Left Wrist",
            "x": 0.3659364879131317,
            "y": -0.07232969999313354,
            "z": 0.5712645053863525
        }
    }
}