{
    "image_path": "00007/img/10.jpg",
    "shooter_tracklet_id": 4,
    "bbox": {
        "x": 300,
        "y": 745,
        "w": 100,
        "h": 100
    },
    "keypont_2d": {
        "0": {
            "name": "Center of Hips",
            "x": 53.07,
            "y": 46.85
        },
        "1": {
            "name": "Left Hip",
            "x": 55.37,
            "y": 49.16
        },
        "2": {
            "name": "Left Knee",
            "x": 67.25,
            "y": 65.5
        },
        "3": {
            "name": "Left Ankle",
            "x": 74.75,
            "y": 77.35
        },
        "4": {
            "name": "Right Hip",
            "x": 49.64,
            "y": 48.73
        },
        "5": {
            "name": "Right Knee",
            "x": 37.19,
            "y": 59.01
        },
        "6": {
            "name": "Right Ankle",
            "x": 41.87,
            "y": 74.57
        },
        "7": {
            "name": "Center of Body",
            "x": 50.73,
            "y": 37.49
        },
        "8": {
            "name": "Center of Shoulder",
            "x": 45.36,
            "y": 26.74
        },
        "9": {
            "name": "Neck",
            "x": 43.91,
            "y": 24.5
        },
        "10": {
            "name": "Head",
            "x": 40.39,
            "y": 22.45
        },
        "11": {
            "name": "Right Shoulder",
            "x": 48.91,
            "y": 26.07
        },
        "12": {
            "name": "Right Elbow",
            "x": 56.67,
            "y": 31.81
        },
        "13": {
            "name": "Right Wrist",
            "x": 65.71,
            "y": 32.77
        },
        "14": {
            "name": "Left Shoulder",
            "x": 40.77,
            "y": 29.11
        },
        "15": {
            "name": "Left Elbow",
            "x": 39.3,
            "y": 39.97
        },
        "16": {
            "name": "Left Wrist",
            "x": 29.51,
            "y": 47.46
        }
    },
    "keypont_3d": {
        "0": {
            "name": "Center of Hips",
            "x": 0.0,
            "y": 0.0,
            "z": 0.5373755097389221
        },
        "1": {
            "name": "Left Hip",
            "x": -0.08554375171661377,
            "y": -0.019814487546682358,
            "z": 0.5168134570121765
        },
        "2": {
            "name": "Left Knee",
            "x": -0.17239904403686523,
            "y": 0.11281368881464005,
            "z": 0.20077002048492432
        },
        "3": {
            "name": "Left Ankle",
            "x": -0.2895283102989197,
            "y": 0.264848917722702,
            "z": 0.0
        },
        "4": {
            "name": "Right Hip",
            "x": 0.07398361712694168,
            "y": 0.037395548075437546,
            "z": 0.5392057299613953
        },
        "5": {
            "name": "Right Knee",
            "x": 0.22964826226234436,
            "y": -0.1366506814956665,
            "z": 0.3033704161643982
        },
        "6": {
            "name": "Right Ankle",
            "x": 0.08997228741645813,
            "y": -0.10798847675323486,
            "z": 0.045691147446632385
        },
        "7": {
            "name": "Center of Body",
            "x": 0.039142150431871414,
            "y": -0.016865113750100136,
            "z": 0.7212296724319458
        },
        "8": {
            "name": "Center of Shoulder",
            "x": 0.12040667980909348,
            "y": -0.07067981362342834,
            "z": 0.9098166823387146
        },
        "9": {
            "name": "Neck",
            "x": 0.1555689573287964,
            "y": -0.06613173335790634,
            "z": 0.9582193493843079
        },
        "10": {
            "name": "Head",
            "x": 0.23017556965351105,
            "y": -0.08336085081100464,
            "z": 1.0
        },
        "11": {
            "name": "Right Shoulder",
            "x": 0.06931360065937042,
            "y": -0.03523746132850647,
            "z": 0.9261095523834229
        },
        "12": {
            "name": "Right Elbow",
            "x": -0.0709223821759224,
            "y": 0.027437493205070496,
            "z": 0.7998728156089783
        },
        "13": {
            "name": "Right Wrist",
            "x": -0.02559559792280197,
            "y": 0.21718859672546387,
            "z": 0.7418757677078247
        },
        "14": {
            "name": "Left Shoulder",
            "x": 0.18900132179260254,
            "y": -0.10501831024885178,
            "z": 0.8692927360534668
        },
        "15": {
            "name": "Left Elbow",
            "x": 0.2532478868961334,
            "y": -0.09744672477245331,
            "z": 0.6588912606239319
        },
        "16": {
            "name": "Left Wrist",
            "x": 0.41779249906539917,
            "y": -0.0655595138669014,
            "z": 0.5553978681564331
        }
    }
}