{
    "image_path": "00007/img/11.jpg",
    "shooter_tracklet_id": 4,
    "bbox": {
        "x": 303,
        "y": 748,
        "w": 100,
        "h": 100
    },
    "keypont_2d": {
        "0": {
            "name": "Center of Hips",
            "x": 52.1,
            "y": 46.65
        },
        "1": {
            "name": "Left Hip",
            "x": 55.36,
            "y": 49.35
        },
        "2": {
            "name": "Left Knee",
            "x": 64.47,
            "y": 62.57
        },
        "3": {
            "name": "Left Ankle",
            "x": 79.12,
            "y": 66.8
        },
        "4": {
            "name": "Right Hip",
            "x": 48.56,
            "y": 48.71
        },
        "5": {
            "name": "Right Knee",
            "x": 34.57,
            "y": 57.94
        },
        "6": {
            "name": "Right Ankle",
            "x": 32.74,
            "y": 76.01
        },
        "7": {
            "name": "Center of Body",
            "x": 50.73,
            "y": 37.86
        },
        "8": {
            "name": "Center of Shoulder",
            "x": 46.76,
            "y": 25.53
        },
        "9": {
            "name": "Neck",
            "x": 45.36,
            "y": 23.61
        },
        "10": {
            "name": "Head",
            "x": 41.75,
            "y": 21.3
        },
        "11": {
            "name": "Right Shoulder",
            "x": 50.31,
            "y": 24.17
        },
        "12": {
            "name": "Right Elbow",
            "x": 56.22,
            "y": 28.54
        },
        "13": {
            "name": "Right Wrist",
            "x": 69.79,
            "y": 28.38
        },
        "14": {
            "name": "Left Shoulder",
            "x": 41.41,
            "y": 27.27
        },
        "15": {
            "name": "Left Elbow",
            "x": 39.23,
            "y": 39.43
        },
        "16": {
            "name": "Left Wrist",
            "x": 30.42,
            "y": 48.37
        }
    },
    "keypont_3d": {
        "0": {
            "name": "Center of Hips",
            "x": 0.0,
            "y": 0.0,
            "z": 0.518319845199585
        },
        "1": {
            "name": "Left Hip",
            "x": -0.08921372145414352,
            "y": -0.014857056550681591,
            "z": 0.4990542531013489
        },
        "2": {
            "name": "Left Knee",
            "x": -0.23864145576953888,
            "y": 0.09426553547382355,
            "z": 0.22748075425624847
        },
        "3": {
            "name": "Left Ankle",
            "x": -0.3824913501739502,
            "y": 0.28500309586524963,
            "z": 0.06169307231903076
        },
        "4": {
            "name": "Right Hip",
            "x": 0.07143506407737732,
            "y": 0.03628119081258774,
            "z": 0.5167457461357117
        },
        "5": {
            "name": "Right Knee",
            "x": 0.24613335728645325,
            "y": -0.14317037165164948,
            "z": 0.2925565242767334
        },
        "6": {
            "name": "Right Ankle",
            "x": 0.1828954964876175,
            "y": -0.10934997349977493,
            "z": 0.0
        },
        "7": {
            "name": "Center of Body",
            "x": 0.03174973651766777,
            "y": -0.003928736317902803,
            "z": 0.7032010555267334
        },
        "8": {
            "name": "Center of Shoulder",
            "x": 0.09923885762691498,
            "y": -0.04680386185646057,
            "z": 0.9015132784843445
        },
        "9": {
            "name": "Neck",
            "x": 0.1323341280221939,
            "y": -0.040186233818531036,
            "z": 0.9518473744392395
        },
        "10": {
            "name": "Head",
            "x": 0.20486168563365936,
            "y": -0.049915898591279984,
            "z": 1.0
        },
        "11": {
            "name": "Right Shoulder",
            "x": 0.03920331597328186,
            "y": -0.022663749754428864,
            "z": 0.9252545833587646
        },
        "12": {
            "name": "Right Elbow",
            "x": -0.11193391680717468,
            "y": -0.023226570338010788,
            "z": 0.831520140171051
        },
        "13": {
            "name": "Right Wrist",
            "x": -0.2564113438129425,
            "y": 0.13169841468334198,
            "z": 0.8076989054679871
        },
        "14": {
            "name": "Left Shoulder",
            "x": 0.17981044948101044,
            "y": -0.0790749043226242,
            "z": 0.8645482063293457
        },
        "15": {
            "name": "Left Elbow",
            "x": 0.25220853090286255,
            "y": -0.08089206367731094,
            "z": 0.6670647859573364
        },
        "16": {
            "name": "Left Wrist",
            "x": 0.40754634141921997,
            "y": -0.07906133681535721,
            "z": 0.5252989530563354
        }
    }
}