{
    "image_path": "00007/img/12.jpg",
    "shooter_tracklet_id": 4,
    "bbox": {
        "x": 305,
        "y": 750,
        "w": 100,
        "h": 100
    },
    "keypont_2d": {
        "0": {
            "name": "Center of Hips",
            "x": 52.37,
            "y": 46.77
        },
        "1": {
            "name": "Left Hip",
            "x": 54.57,
            "y": 49.45
        },
        "2": {
            "name": "Left Knee",
            "x": 63.96,
            "y": 64.14
        },
        "3": {
            "name": "Left Ankle",
            "x": 77.37,
            "y": 58.16
        },
        "4": {
            "name": "Right Hip",
            "x": 46.74,
            "y": 47.28
        },
        "5": {
            "name": "Right Knee",
            "x": 34.41,
            "y": 60.34
        },
        "6": {
            "name": "Right Ankle",
            "x": 27.34,
            "y": 75.93
        },
        "7": {
            "name": "Center of Body",
            "x": 52.18,
            "y": 37.31
        },
        "8": {
            "name": "Center of Shoulder",
            "x": 48.1,
            "y": 25.06
        },
        "9": {
            "name": "Neck",
            "x": 46.85,
            "y": 23.48
        },
        "10": {
            "name": "Head",
            "x": 42.2,
            "y": 20.45
        },
        "11": {
            "name": "Right Shoulder",
            "x": 50.6,
            "y": 24.15
        },
        "12": {
            "name": "Right Elbow",
            "x": 57.54,
            "y": 25.34
        },
        "13": {
            "name": "Right Wrist",
            "x": 65.53,
            "y": 23.34
        },
        "14": {
            "name": "Left Shoulder",
            "x": 44.27,
            "y": 27.23
        },
        "15": {
            "name": "Left Elbow",
            "x": 41.84,
            "y": 39.85
        },
        "16": {
            "name": "Left Wrist",
            "x": 33.68,
            "y": 48.55
        }
    },
    "keypont_3d": {
        "0": {
            "name": "Center of Hips",
            "x": 0.0,
            "y": 0.0,
            "z": 0.5244292616844177
        },
        "1": {
            "name": "Left Hip",
            "x": -0.08871791511774063,
            "y": -0.006872061174362898,
            "z": 0.49981555342674255
        },
        "2": {
            "name": "Left Knee",
            "x": -0.23887619376182556,
            "y": 0.06875476241111755,
            "z": 0.24686117470264435
        },
        "3": {
            "name": "Left Ankle",
            "x": -0.4874953329563141,
            "y": 0.16051125526428223,
            "z": 0.30091309547424316
        },
        "4": {
            "name": "Right Hip",
            "x": 0.0848143994808197,
            "y": 0.01812945306301117,
            "z": 0.5318450331687927
        },
        "5": {
            "name": "Right Knee",
            "x": 0.27354496717453003,
            "y": -0.11259584873914719,
            "z": 0.29056164622306824
        },
        "6": {
            "name": "Right Ankle",
            "x": 0.33831462264060974,
            "y": -0.07334797829389572,
            "z": 0.0
        },
        "7": {
            "name": "Center of Body",
            "x": 0.007938654161989689,
            "y": 0.00037940533366054296,
            "z": 0.70292067527771
        },
        "8": {
            "name": "Center of Shoulder",
            "x": 0.06347241997718811,
            "y": -0.03629046306014061,
            "z": 0.903114914894104
        },
        "9": {
            "name": "Neck",
            "x": 0.09543957561254501,
            "y": -0.03263981267809868,
            "z": 0.947791576385498
        },
        "10": {
            "name": "Head",
            "x": 0.16834446787834167,
            "y": -0.04835041984915733,
            "z": 1.0
        },
        "11": {
            "name": "Right Shoulder",
            "x": 0.007872529327869415,
            "y": -0.02699863165616989,
            "z": 0.9271939396858215
        },
        "12": {
            "name": "Right Elbow",
            "x": -0.152789905667305,
            "y": -0.07415621727705002,
            "z": 0.8724895715713501
        },
        "13": {
            "name": "Right Wrist",
            "x": -0.311048686504364,
            "y": -0.006913883611559868,
            "z": 0.9121635556221008
        },
        "14": {
            "name": "Left Shoulder",
            "x": 0.12348524481058121,
            "y": -0.0762728601694107,
            "z": 0.8673341870307922
        },
        "15": {
            "name": "Left Elbow",
            "x": 0.1926942616701126,
            "y": -0.07542318105697632,
            "z": 0.6600081920623779
        },
        "16": {
            "name": "Left Wrist",
            "x": 0.33625027537345886,
            "y": -0.07285337895154953,
            "z": 0.5100985169410706
        }
    }
}