{
    "image_path": "00007/img/13.jpg",
    "shooter_tracklet_id": 4,
    "bbox": {
        "x": 307,
        "y": 752,
        "w": 100,
        "h": 100
    },
    "keypont_2d": {
        "0": {
            "name": "Center of Hips",
            "x": 50.76,
            "y": 47.86
        },
        "1": {
            "name": "Left Hip",
            "x": 46.93,
            "y": 48.1
        },
        "2": {
            "name": "Left Knee",
            "x": 59.97,
            "y": 65.96
        },
        "3": {
            "name": "Left Ankle",
            "x": 70.12,
            "y": 54.72
        },
        "4": {
            "name": "Right Hip",
            "x": 53.4,
            "y": 47.74
        },
        "5": {
            "name": "Right Knee",
            "x": 35.7,
            "y": 61.89
        },
        "6": {
            "name": "Right Ankle",
            "x": 29.15,
            "y": 76.65
        },
        "7": {
            "name": "Center of Body",
            "x": 53.09,
            "y": 39.49
        },
        "8": {
            "name": "Center of Shoulder",
            "x": 50.3,
            "y": 25.7
        },
        "9": {
            "name": "Neck",
            "x": 48.29,
            "y": 23.81
        },
        "10": {
            "name": "Head",
            "x": 42.75,
            "y": 21.8
        },
        "11": {
            "name": "Right Shoulder",
            "x": 52.91,
            "y": 25.09
        },
        "12": {
            "name": "Right Elbow",
            "x": 57.89,
            "y": 21.8
        },
        "13": {
            "name": "Right Wrist",
            "x": 62.51,
            "y": 19.0
        },
        "14": {
            "name": "Left Shoulder",
            "x": 44.82,
            "y": 28.88
        },
        "15": {
            "name": "Left Elbow",
            "x": 45.64,
            "y": 38.92
        },
        "16": {
            "name": "Left Wrist",
            "x": 38.84,
            "y": 44.59
        }
    },
    "keypont_3d": {
        "0": {
            "name": "Center of Hips",
            "x": 0.0,
            "y": 0.0,
            "z": 0.5285784006118774
        },
        "1": {
            "name": "Left Hip",
            "x": 0.03382405638694763,
            "y": -0.041802313178777695,
            "z": 0.5074217915534973
        },
        "2": {
            "name": "Left Knee",
            "x": -0.18214024603366852,
            "y": 0.08945579826831818,
            "z": 0.22422672808170319
        },
        "3": {
            "name": "Left Ankle",
            "x": -0.4463614225387573,
            "y": 0.03870172053575516,
            "z": 0.3496650457382202
        },
        "4": {
            "name": "Right Hip",
            "x": -0.008224026300013065,
            "y": 0.06552793085575104,
            "z": 0.5361421704292297
        },
        "5": {
            "name": "Right Knee",
            "x": 0.26809170842170715,
            "y": -0.032293014228343964,
            "z": 0.2785519063472748
        },
        "6": {
            "name": "Right Ankle",
            "x": 0.3551309108734131,
            "y": -0.09814538061618805,
            "z": 0.0
        },
        "7": {
            "name": "Center of Body",
            "x": -0.03493654355406761,
            "y": -0.009916884824633598,
            "z": 0.6931483149528503
        },
        "8": {
            "name": "Center of Shoulder",
            "x": 0.004927674308419228,
            "y": -0.04148956015706062,
            "z": 0.9043135643005371
        },
        "9": {
            "name": "Neck",
            "x": 0.0497039332985878,
            "y": -0.034894347190856934,
            "z": 0.9459275007247925
        },
        "10": {
            "name": "Head",
            "x": 0.12958423793315887,
            "y": -0.080531544983387,
            "z": 0.9913053512573242
        },
        "11": {
            "name": "Right Shoulder",
            "x": -0.04304205998778343,
            "y": -0.013112064450979233,
            "z": 0.9271913170814514
        },
        "12": {
            "name": "Right Elbow",
            "x": -0.17024171352386475,
            "y": -0.06929171830415726,
            "z": 0.9396204948425293
        },
        "13": {
            "name": "Right Wrist",
            "x": -0.2889469265937805,
            "y": -0.05576121807098389,
            "z": 1.0
        },
        "14": {
            "name": "Left Shoulder",
            "x": 0.06665146350860596,
            "y": -0.10962598025798798,
            "z": 0.8490993976593018
        },
        "15": {
            "name": "Left Elbow",
            "x": 0.06905226409435272,
            "y": -0.13248135149478912,
            "z": 0.6525305509567261
        },
        "16": {
            "name": "Left Wrist",
            "x": 0.1963241845369339,
            "y": -0.11258189380168915,
            "z": 0.5506067276000977
        }
    }
}