{
    "image_path": "00007/img/14.jpg",
    "shooter_tracklet_id": 4,
    "bbox": {
        "x": 308,
        "y": 752,
        "w": 100,
        "h": 100
    },
    "keypoint_2d": {
        "0": {
            "name": "Center of Hips",
            "x": 51.6,
            "y": 50.01
        },
        "1": {
            "name": "Left Hip",
            "x": 54.08,
            "y": 50.91
        },
        "2": {
            "name": "Left Knee",
            "x": 53.17,
            "y": 68.44
        },
        "3": {
            "name": "Left Ankle",
            "x": 65.19,
            "y": 59.32
        },
        "4": {
            "name": "Right Hip",
            "x": 49.23,
            "y": 49.21
        },
        "5": {
            "name": "Right Knee",
            "x": 40.21,
            "y": 66.92
        },
        "6": {
            "name": "Right Ankle",
            "x": 34.18,
            "y": 79.04
        },
        "7": {
            "name": "Center of Body",
            "x": 52.88,
            "y": 41.5
        },
        "8": {
            "name": "Center of Shoulder",
            "x": 53.23,
            "y": 29.19
        },
        "9": {
            "name": "Neck",
            "x": 51.83,
            "y": 27.67
        },
        "10": {
            "name": "Head",
            "x": 48.94,
            "y": 23.14
        },
        "11": {
            "name": "Right Shoulder",
            "x": 54.08,
            "y": 27.58
        },
        "12": {
            "name": "Right Elbow",
            "x": 54.68,
            "y": 23.74
        },
        "13": {
            "name": "Right Wrist",
            "x": 55.11,
            "y": 18.89
        },
        "14": {
            "name": "Left Shoulder",
            "x": 50.08,
            "y": 33.29
        },
        "15": {
            "name": "Left Elbow",
            "x": 55.67,
            "y": 42.56
        },
        "16": {
            "name": "Left Wrist",
            "x": 60.26,
            "y": 51.39
        }
    },
    "keypoint_3d": {
        "0": {
            "name": "Center of Hips",
            "x": 0.0,
            "y": 0.0,
            "z": 0.4995224177837372
        },
        "1": {
            "name": "Left Hip",
            "x": -0.06046959012746811,
            "y": -0.07134345173835754,
            "z": 0.47129926085472107
        },
        "2": {
            "name": "Left Knee",
            "x": -0.0666729137301445,
            "y": -0.056886184960603714,
            "z": 0.19311992824077606
        },
        "3": {
            "name": "Left Ankle",
            "x": -0.3234553635120392,
            "y": -0.101935014128685,
            "z": 0.2997092008590698
        },
        "4": {
            "name": "Right Hip",
            "x": 0.0468294620513916,
            "y": 0.05552675202488899,
            "z": 0.5182166695594788
        },
        "5": {
            "name": "Right Knee",
            "x": 0.20958486199378967,
            "y": 0.0027420157566666603,
            "z": 0.24498498439788818
        },
        "6": {
            "name": "Right Ankle",
            "x": 0.278530091047287,
            "y": -0.05899641662836075,
            "z": 0.0
        },
        "7": {
            "name": "Center of Body",
            "x": -0.021666990593075752,
            "y": -0.00672908267006278,
            "z": 0.6484905481338501
        },
        "8": {
            "name": "Center of Shoulder",
            "x": -0.013529786840081215,
            "y": -0.024876002222299576,
            "z": 0.8303152322769165
        },
        "9": {
            "name": "Neck",
            "x": 0.033341094851493835,
            "y": 0.012616812251508236,
            "z": 0.8741863369941711
        },
        "10": {
            "name": "Head",
            "x": 0.09360749274492264,
            "y": -0.00135224056430161,
            "z": 0.9369056820869446
        },
        "11": {
            "name": "Right Shoulder",
            "x": -0.04037363827228546,
            "y": -0.010125264525413513,
            "z": 0.8573393821716309
        },
        "12": {
            "name": "Right Elbow",
            "x": -0.09890154749155045,
            "y": -0.061840277165174484,
            "z": 0.9144546985626221
        },
        "13": {
            "name": "Right Wrist",
            "x": -0.13073736429214478,
            "y": -0.0724007710814476,
            "z": 1.0
        },
        "14": {
            "name": "Left Shoulder",
            "x": 0.05731382966041565,
            "y": 0.007990200072526932,
            "z": 0.7880234122276306
        },
        "15": {
            "name": "Left Elbow",
            "x": 0.032047078013420105,
            "y": 0.1020091250538826,
            "z": 0.6458605527877808
        },
        "16": {
            "name": "Left Wrist",
            "x": 0.1163511797785759,
            "y": 0.17707520723342896,
            "z": 0.5486834645271301
        }
    }
}