{
    "image_path": "00007/img/15.jpg",
    "shooter_tracklet_id": 4,
    "bbox": {
        "x": 306,
        "y": 753,
        "w": 100,
        "h": 100
    },
    "keypoint_2d": {
        "0": {
            "name": "Center of Hips",
            "x": 56.77,
            "y": 52.8
        },
        "1": {
            "name": "Left Hip",
            "x": 56.26,
            "y": 55.97
        },
        "2": {
            "name": "Left Knee",
            "x": 46.37,
            "y": 66.32
        },
        "3": {
            "name": "Left Ankle",
            "x": 47.54,
            "y": 82.11
        },
        "4": {
            "name": "Right Hip",
            "x": 52.26,
            "y": 55.27
        },
        "5": {
            "name": "Right Knee",
            "x": 42.52,
            "y": 69.16
        },
        "6": {
            "name": "Right Ankle",
            "x": 37.85,
            "y": 83.9
        },
        "7": {
            "name": "Center of Body",
            "x": 59.08,
            "y": 45.41
        },
        "8": {
            "name": "Center of Shoulder",
            "x": 55.07,
            "y": 35.97
        },
        "9": {
            "name": "Neck",
            "x": 53.85,
            "y": 32.3
        },
        "10": {
            "name": "Head",
            "x": 50.6,
            "y": 29.47
        },
        "11": {
            "name": "Right Shoulder",
            "x": 56.87,
            "y": 34.17
        },
        "12": {
            "name": "Right Elbow",
            "x": 52.85,
            "y": 24.85
        },
        "13": {
            "name": "Right Wrist",
            "x": 44.21,
            "y": 19.81
        },
        "14": {
            "name": "Left Shoulder",
            "x": 52.35,
            "y": 39.08
        },
        "15": {
            "name": "Left Elbow",
            "x": 61.69,
            "y": 44.03
        },
        "16": {
            "name": "Left Wrist",
            "x": 70.61,
            "y": 46.3
        }
    },
    "keypoint_3d": {
        "0": {
            "name": "Center of Hips",
            "x": 0.0,
            "y": 0.0,
            "z": 0.47126996517181396
        },
        "1": {
            "name": "Left Hip",
            "x": -0.049385786056518555,
            "y": -0.05603126436471939,
            "z": 0.44810396432876587
        },
        "2": {
            "name": "Left Knee",
            "x": 0.1558855026960373,
            "y": -0.00342013337649405,
            "z": 0.2822566032409668
        },
        "3": {
            "name": "Left Ankle",
            "x": 0.14916443824768066,
            "y": 0.1553322821855545,
            "z": 0.06861095130443573
        },
        "4": {
            "name": "Right Hip",
            "x": 0.06831423938274384,
            "y": 0.04952185973525047,
            "z": 0.48080357909202576
        },
        "5": {
            "name": "Right Knee",
            "x": 0.19846683740615845,
            "y": -0.021300258114933968,
            "z": 0.2452390342950821
        },
        "6": {
            "name": "Right Ankle",
            "x": 0.3197731673717499,
            "y": 0.04237847775220871,
            "z": 0.0
        },
        "7": {
            "name": "Center of Body",
            "x": -0.040312640368938446,
            "y": 0.025922637432813644,
            "z": 0.6110833287239075
        },
        "8": {
            "name": "Center of Shoulder",
            "x": 0.004621894098818302,
            "y": 0.005803531035780907,
            "z": 0.7670742869377136
        },
        "9": {
            "name": "Neck",
            "x": 0.020393209531903267,
            "y": -0.012054412625730038,
            "z": 0.8066601753234863
        },
        "10": {
            "name": "Head",
            "x": 0.07234270125627518,
            "y": -0.016045700758695602,
            "z": 0.864014744758606
        },
        "11": {
            "name": "Right Shoulder",
            "x": -0.011358790099620819,
            "y": 0.041553519666194916,
            "z": 0.791621208190918
        },
        "12": {
            "name": "Right Elbow",
            "x": 0.03471945598721504,
            "y": 0.009495493955910206,
            "z": 0.9198540449142456
        },
        "13": {
            "name": "Right Wrist",
            "x": 0.08270946145057678,
            "y": -0.04794366657733917,
            "z": 1.0
        },
        "14": {
            "name": "Left Shoulder",
            "x": 0.04708957299590111,
            "y": 0.0012325538555160165,
            "z": 0.7162070870399475
        },
        "15": {
            "name": "Left Elbow",
            "x": -0.08642333745956421,
            "y": 0.04428352043032646,
            "z": 0.6348608136177063
        },
        "16": {
            "name": "Left Wrist",
            "x": -0.22514989972114563,
            "y": 0.05041751265525818,
            "z": 0.571584165096283
        }
    }
}