{
    "image_path": "00007/img/16.jpg",
    "shooter_tracklet_id": 4,
    "bbox": {
        "x": 306,
        "y": 756,
        "w": 100,
        "h": 100
    },
    "keypont_2d": {
        "0": {
            "name": "Center of Hips",
            "x": 57.57,
            "y": 54.87
        },
        "1": {
            "name": "Left Hip",
            "x": 61.52,
            "y": 55.37
        },
        "2": {
            "name": "Left Knee",
            "x": 45.47,
            "y": 68.37
        },
        "3": {
            "name": "Left Ankle",
            "x": 36.56,
            "y": 81.04
        },
        "4": {
            "name": "Right Hip",
            "x": 53.68,
            "y": 54.41
        },
        "5": {
            "name": "Right Knee",
            "x": 47.3,
            "y": 67.0
        },
        "6": {
            "name": "Right Ankle",
            "x": 49.35,
            "y": 83.21
        },
        "7": {
            "name": "Center of Body",
            "x": 58.3,
            "y": 44.99
        },
        "8": {
            "name": "Center of Shoulder",
            "x": 56.39,
            "y": 35.11
        },
        "9": {
            "name": "Neck",
            "x": 56.14,
            "y": 33.02
        },
        "10": {
            "name": "Head",
            "x": 51.1,
            "y": 29.45
        },
        "11": {
            "name": "Right Shoulder",
            "x": 52.9,
            "y": 34.38
        },
        "12": {
            "name": "Right Elbow",
            "x": 45.47,
            "y": 31.15
        },
        "13": {
            "name": "Right Wrist",
            "x": 38.76,
            "y": 24.83
        },
        "14": {
            "name": "Left Shoulder",
            "x": 58.65,
            "y": 38.54
        },
        "15": {
            "name": "Left Elbow",
            "x": 68.31,
            "y": 42.93
        },
        "16": {
            "name": "Left Wrist",
            "x": 75.21,
            "y": 44.86
        }
    },
    "keypont_3d": {
        "0": {
            "name": "Center of Hips",
            "x": 0.0,
            "y": 0.0,
            "z": 0.4737243354320526
        },
        "1": {
            "name": "Left Hip",
            "x": -0.07677238434553146,
            "y": -0.03353229537606239,
            "z": 0.4515436589717865
        },
        "2": {
            "name": "Left Knee",
            "x": 0.1940445601940155,
            "y": -0.029758114367723465,
            "z": 0.25968530774116516
        },
        "3": {
            "name": "Left Ankle",
            "x": 0.31909263134002686,
            "y": 0.09422637522220612,
            "z": 0.028238652274012566
        },
        "4": {
            "name": "Right Hip",
            "x": 0.08000625669956207,
            "y": 0.03467154875397682,
            "z": 0.48977428674697876
        },
        "5": {
            "name": "Right Knee",
            "x": 0.15386320650577545,
            "y": -0.08344797790050507,
            "z": 0.2588140368461609
        },
        "6": {
            "name": "Right Ankle",
            "x": 0.21829469501972198,
            "y": 0.12046133726835251,
            "z": 0.0
        },
        "7": {
            "name": "Center of Body",
            "x": -0.02979474514722824,
            "y": -0.01088858861476183,
            "z": 0.6310197114944458
        },
        "8": {
            "name": "Center of Shoulder",
            "x": 0.0021315342746675014,
            "y": -0.048339053988456726,
            "z": 0.7894471287727356
        },
        "9": {
            "name": "Neck",
            "x": 0.002677390817552805,
            "y": -0.06987109780311584,
            "z": 0.8259737491607666
        },
        "10": {
            "name": "Head",
            "x": 0.07320564985275269,
            "y": -0.09159019589424133,
            "z": 0.8834753036499023
        },
        "11": {
            "name": "Right Shoulder",
            "x": 0.05454282462596893,
            "y": -0.012659672647714615,
            "z": 0.814824640750885
        },
        "12": {
            "name": "Right Elbow",
            "x": 0.2112434357404709,
            "y": -0.01485273614525795,
            "z": 0.8906868696212769
        },
        "13": {
            "name": "Right Wrist",
            "x": 0.31222450733184814,
            "y": -0.04345082864165306,
            "z": 1.0
        },
        "14": {
            "name": "Left Shoulder",
            "x": -0.02533702179789543,
            "y": -0.030974214896559715,
            "z": 0.7444267272949219
        },
        "15": {
            "name": "Left Elbow",
            "x": -0.17411372065544128,
            "y": -0.004597092978656292,
            "z": 0.6591970324516296
        },
        "16": {
            "name": "Left Wrist",
            "x": -0.3120572865009308,
            "y": 0.004063248634338379,
            "z": 0.6183668375015259
        }
    }
}