{
    "image_path": "00007/img/17.jpg",
    "shooter_tracklet_id": 4,
    "bbox": {
        "x": 308,
        "y": 762,
        "w": 100,
        "h": 100
    },
    "keypont_2d": {
        "0": {
            "name": "Center of Hips",
            "x": 56.24,
            "y": 52.86
        },
        "1": {
            "name": "Left Hip",
            "x": 61.46,
            "y": 53.42
        },
        "2": {
            "name": "Left Knee",
            "x": 44.47,
            "y": 66.17
        },
        "3": {
            "name": "Left Ankle",
            "x": 32.85,
            "y": 72.0
        },
        "4": {
            "name": "Right Hip",
            "x": 51.05,
            "y": 53.28
        },
        "5": {
            "name": "Right Knee",
            "x": 44.28,
            "y": 64.12
        },
        "6": {
            "name": "Right Ankle",
            "x": 51.43,
            "y": 78.41
        },
        "7": {
            "name": "Center of Body",
            "x": 58.31,
            "y": 43.78
        },
        "8": {
            "name": "Center of Shoulder",
            "x": 52.54,
            "y": 34.96
        },
        "9": {
            "name": "Neck",
            "x": 52.24,
            "y": 32.43
        },
        "10": {
            "name": "Head",
            "x": 48.55,
            "y": 29.63
        },
        "11": {
            "name": "Right Shoulder",
            "x": 48.19,
            "y": 36.41
        },
        "12": {
            "name": "Right Elbow",
            "x": 38.22,
            "y": 35.32
        },
        "13": {
            "name": "Right Wrist",
            "x": 31.28,
            "y": 37.3
        },
        "14": {
            "name": "Left Shoulder",
            "x": 58.16,
            "y": 35.14
        },
        "15": {
            "name": "Left Elbow",
            "x": 70.7,
            "y": 39.4
        },
        "16": {
            "name": "Left Wrist",
            "x": 78.28,
            "y": 43.84
        }
    },
    "keypont_3d": {
        "0": {
            "name": "Center of Hips",
            "x": 0.0,
            "y": 0.0,
            "z": 0.5341504216194153
        },
        "1": {
            "name": "Left Hip",
            "x": -0.10919264703989029,
            "y": -0.015055051073431969,
            "z": 0.5153010487556458
        },
        "2": {
            "name": "Left Knee",
            "x": 0.1884949952363968,
            "y": -0.1461702436208725,
            "z": 0.2476791888475418
        },
        "3": {
            "name": "Left Ankle",
            "x": 0.4730788767337799,
            "y": -0.16278623044490814,
            "z": 0.062175557017326355
        },
        "4": {
            "name": "Right Hip",
            "x": 0.10308362543582916,
            "y": 0.013949474319815636,
            "z": 0.5467146635055542
        },
        "5": {
            "name": "Right Knee",
            "x": 0.1678229123353958,
            "y": -0.18216469883918762,
            "z": 0.28284651041030884
        },
        "6": {
            "name": "Right Ankle",
            "x": 0.15228809416294098,
            "y": 0.08566394448280334,
            "z": 0.0
        },
        "7": {
            "name": "Center of Body",
            "x": -0.03828179091215134,
            "y": -0.009055078029632568,
            "z": 0.7272694110870361
        },
        "8": {
            "name": "Center of Shoulder",
            "x": 0.02707223780453205,
            "y": -0.09550496935844421,
            "z": 0.8948527574539185
        },
        "9": {
            "name": "Neck",
            "x": 0.020877335220575333,
            "y": -0.13007865846157074,
            "z": 0.9389029741287231
        },
        "10": {
            "name": "Head",
            "x": 0.10106401890516281,
            "y": -0.164689838886261,
            "z": 1.0
        },
        "11": {
            "name": "Right Shoulder",
            "x": 0.13917915523052216,
            "y": -0.059898361563682556,
            "z": 0.8896080851554871
        },
        "12": {
            "name": "Right Elbow",
            "x": 0.35733962059020996,
            "y": -0.07011472433805466,
            "z": 0.9171448945999146
        },
        "13": {
            "name": "Right Wrist",
            "x": 0.5242077708244324,
            "y": -0.12384585291147232,
            "z": 0.8904085755348206
        },
        "14": {
            "name": "Left Shoulder",
            "x": -0.06796540319919586,
            "y": -0.07204122096300125,
            "z": 0.8733997941017151
        },
        "15": {
            "name": "Left Elbow",
            "x": -0.28201720118522644,
            "y": 0.02239280566573143,
            "z": 0.7824262976646423
        },
        "16": {
            "name": "Left Wrist",
            "x": -0.429974228143692,
            "y": 0.03043021261692047,
            "z": 0.7064745426177979
        }
    }
}