{
    "image_path": "00007/img/18.jpg",
    "shooter_tracklet_id": 4,
    "bbox": {
        "x": 306,
        "y": 767,
        "w": 100,
        "h": 100
    },
    "keypoint_2d": {
        "0": {
            "name": "Center of Hips",
            "x": 55.25,
            "y": 55.87
        },
        "1": {
            "name": "Left Hip",
            "x": 60.27,
            "y": 57.12
        },
        "2": {
            "name": "Left Knee",
            "x": 41.09,
            "y": 66.49
        },
        "3": {
            "name": "Left Ankle",
            "x": 26.58,
            "y": 75.05
        },
        "4": {
            "name": "Right Hip",
            "x": 50.56,
            "y": 54.95
        },
        "5": {
            "name": "Right Knee",
            "x": 45.08,
            "y": 72.99
        },
        "6": {
            "name": "Right Ankle",
            "x": 57.99,
            "y": 85.78
        },
        "7": {
            "name": "Center of Body",
            "x": 55.98,
            "y": 46.92
        },
        "8": {
            "name": "Center of Shoulder",
            "x": 51.09,
            "y": 36.04
        },
        "9": {
            "name": "Neck",
            "x": 49.88,
            "y": 33.19
        },
        "10": {
            "name": "Head",
            "x": 46.55,
            "y": 31.07
        },
        "11": {
            "name": "Right Shoulder",
            "x": 47.16,
            "y": 36.63
        },
        "12": {
            "name": "Right Elbow",
            "x": 40.26,
            "y": 41.03
        },
        "13": {
            "name": "Right Wrist",
            "x": 28.77,
            "y": 41.43
        },
        "14": {
            "name": "Left Shoulder",
            "x": 55.44,
            "y": 36.04
        },
        "15": {
            "name": "Left Elbow",
            "x": 65.94,
            "y": 40.64
        },
        "16": {
            "name": "Left Wrist",
            "x": 75.89,
            "y": 45.17
        }
    },
    "keypoint_3d": {
        "0": {
            "name": "Center of Hips",
            "x": 0.0,
            "y": 0.0,
            "z": 0.5443093180656433
        },
        "1": {
            "name": "Left Hip",
            "x": -0.10296238958835602,
            "y": -0.012276831082999706,
            "z": 0.5238401293754578
        },
        "2": {
            "name": "Left Knee",
            "x": 0.19828389585018158,
            "y": -0.1856234073638916,
            "z": 0.3171110153198242
        },
        "3": {
            "name": "Left Ankle",
            "x": 0.4644782245159149,
            "y": -0.23207616806030273,
            "z": 0.14246529340744019
        },
        "4": {
            "name": "Right Hip",
            "x": 0.10156350582838058,
            "y": 0.014155709184706211,
            "z": 0.5601252317428589
        },
        "5": {
            "name": "Right Knee",
            "x": 0.18118023872375488,
            "y": -0.046148013323545456,
            "z": 0.23386061191558838
        },
        "6": {
            "name": "Right Ankle",
            "x": 0.04691359028220177,
            "y": 0.19902068376541138,
            "z": 0.0
        },
        "7": {
            "name": "Center of Body",
            "x": -0.019240841269493103,
            "y": 0.008039598353207111,
            "z": 0.7296501994132996
        },
        "8": {
            "name": "Center of Shoulder",
            "x": 0.05093947425484657,
            "y": -0.08366559445858002,
            "z": 0.8990480303764343
        },
        "9": {
            "name": "Neck",
            "x": 0.05117915943264961,
            "y": -0.12242663651704788,
            "z": 0.9415662884712219
        },
        "10": {
            "name": "Head",
            "x": 0.11595609784126282,
            "y": -0.15606589615345,
            "z": 1.0
        },
        "11": {
            "name": "Right Shoulder",
            "x": 0.15257835388183594,
            "y": -0.040326863527297974,
            "z": 0.8965265154838562
        },
        "12": {
            "name": "Right Elbow",
            "x": 0.3520130217075348,
            "y": 0.010235823690891266,
            "z": 0.8613525032997131
        },
        "13": {
            "name": "Right Wrist",
            "x": 0.5482736825942993,
            "y": -0.05263756215572357,
            "z": 0.8528384566307068
        },
        "14": {
            "name": "Left Shoulder",
            "x": -0.04961378499865532,
            "y": -0.07494997978210449,
            "z": 0.8951840400695801
        },
        "15": {
            "name": "Left Elbow",
            "x": -0.23370590806007385,
            "y": 0.006580114830285311,
            "z": 0.8147217631340027
        },
        "16": {
            "name": "Left Wrist",
            "x": -0.4111083149909973,
            "y": 0.10857070237398148,
            "z": 0.7440134286880493
        }
    }
}