{
    "image_path": "00007/img/19.jpg",
    "shooter_tracklet_id": 4,
    "bbox": {
        "x": 306,
        "y": 769,
        "w": 100,
        "h": 100
    },
    "keypoint_2d": {
        "0": {
            "name": "Center of Hips",
            "x": 55.75,
            "y": 57.12
        },
        "1": {
            "name": "Left Hip",
            "x": 60.51,
            "y": 58.34
        },
        "2": {
            "name": "Left Knee",
            "x": 48.73,
            "y": 70.67
        },
        "3": {
            "name": "Left Ankle",
            "x": 59.4,
            "y": 83.83
        },
        "4": {
            "name": "Right Hip",
            "x": 51.14,
            "y": 55.93
        },
        "5": {
            "name": "Right Knee",
            "x": 43.13,
            "y": 66.38
        },
        "6": {
            "name": "Right Ankle",
            "x": 31.2,
            "y": 75.65
        },
        "7": {
            "name": "Center of Body",
            "x": 57.77,
            "y": 47.93
        },
        "8": {
            "name": "Center of Shoulder",
            "x": 53.53,
            "y": 37.15
        },
        "9": {
            "name": "Neck",
            "x": 52.54,
            "y": 33.32
        },
        "10": {
            "name": "Head",
            "x": 49.09,
            "y": 30.97
        },
        "11": {
            "name": "Right Shoulder",
            "x": 48.41,
            "y": 37.41
        },
        "12": {
            "name": "Right Elbow",
            "x": 43.69,
            "y": 43.87
        },
        "13": {
            "name": "Right Wrist",
            "x": 54.07,
            "y": 47.33
        },
        "14": {
            "name": "Left Shoulder",
            "x": 57.53,
            "y": 37.07
        },
        "15": {
            "name": "Left Elbow",
            "x": 68.8,
            "y": 41.34
        },
        "16": {
            "name": "Left Wrist",
            "x": 76.17,
            "y": 46.47
        }
    },
    "keypoint_3d": {
        "0": {
            "name": "Center of Hips",
            "x": 0.0,
            "y": 0.0,
            "z": 0.5206533074378967
        },
        "1": {
            "name": "Left Hip",
            "x": -0.10486514121294022,
            "y": -0.017595434561371803,
            "z": 0.4910636842250824
        },
        "2": {
            "name": "Left Knee",
            "x": 0.10061758756637573,
            "y": -0.14846795797348022,
            "z": 0.24582932889461517
        },
        "3": {
            "name": "Left Ankle",
            "x": -0.04319863021373749,
            "y": 0.09950388222932816,
            "z": 0.0
        },
        "4": {
            "name": "Right Hip",
            "x": 0.10168036818504333,
            "y": 0.00702266488224268,
            "z": 0.5462690591812134
        },
        "5": {
            "name": "Right Knee",
            "x": 0.17739740014076233,
            "y": -0.21049398183822632,
            "z": 0.3012179732322693
        },
        "6": {
            "name": "Right Ankle",
            "x": 0.4332074820995331,
            "y": -0.1755894273519516,
            "z": 0.08706849813461304
        },
        "7": {
            "name": "Center of Body",
            "x": -0.02355200983583927,
            "y": 0.00559774786233902,
            "z": 0.7068882584571838
        },
        "8": {
            "name": "Center of Shoulder",
            "x": 0.03154652565717697,
            "y": -0.08334074914455414,
            "z": 0.8910067677497864
        },
        "9": {
            "name": "Neck",
            "x": 0.0358724407851696,
            "y": -0.12243396043777466,
            "z": 0.9381552934646606
        },
        "10": {
            "name": "Head",
            "x": 0.10331498086452484,
            "y": -0.14935782551765442,
            "z": 1.0
        },
        "11": {
            "name": "Right Shoulder",
            "x": 0.14162208139896393,
            "y": -0.05564631149172783,
            "z": 0.887820839881897
        },
        "12": {
            "name": "Right Elbow",
            "x": 0.26126858592033386,
            "y": -0.05743735656142235,
            "z": 0.7860231995582581
        },
        "13": {
            "name": "Right Wrist",
            "x": 0.0833534374833107,
            "y": 0.024716177955269814,
            "z": 0.7089738845825195
        },
        "14": {
            "name": "Left Shoulder",
            "x": -0.06015915796160698,
            "y": -0.07936537265777588,
            "z": 0.8813481330871582
        },
        "15": {
            "name": "Left Elbow",
            "x": -0.2552410066127777,
            "y": 0.002880688989534974,
            "z": 0.8014160990715027
        },
        "16": {
            "name": "Left Wrist",
            "x": -0.40666094422340393,
            "y": 0.0667736828327179,
            "z": 0.7129355072975159
        }
    }
}