{
    "image_path": "00007/img/20.jpg",
    "shooter_tracklet_id": 4,
    "bbox": {
        "x": 312,
        "y": 771,
        "w": 100,
        "h": 100
    },
    "keypont_2d": {
        "0": {
            "name": "Center of Hips",
            "x": 56.68,
            "y": 51.32
        },
        "1": {
            "name": "Left Hip",
            "x": 53.46,
            "y": 51.36
        },
        "2": {
            "name": "Left Knee",
            "x": 45.52,
            "y": 61.94
        },
        "3": {
            "name": "Left Ankle",
            "x": 39.28,
            "y": 72.06
        },
        "4": {
            "name": "Right Hip",
            "x": 60.11,
            "y": 51.53
        },
        "5": {
            "name": "Right Knee",
            "x": 53.39,
            "y": 65.72
        },
        "6": {
            "name": "Right Ankle",
            "x": 60.46,
            "y": 76.79
        },
        "7": {
            "name": "Center of Body",
            "x": 56.53,
            "y": 42.39
        },
        "8": {
            "name": "Center of Shoulder",
            "x": 55.59,
            "y": 31.97
        },
        "9": {
            "name": "Neck",
            "x": 53.5,
            "y": 30.04
        },
        "10": {
            "name": "Head",
            "x": 50.68,
            "y": 27.72
        },
        "11": {
            "name": "Right Shoulder",
            "x": 52.04,
            "y": 33.01
        },
        "12": {
            "name": "Right Elbow",
            "x": 47.1,
            "y": 41.3
        },
        "13": {
            "name": "Right Wrist",
            "x": 58.41,
            "y": 41.64
        },
        "14": {
            "name": "Left Shoulder",
            "x": 57.78,
            "y": 32.25
        },
        "15": {
            "name": "Left Elbow",
            "x": 66.5,
            "y": 38.22
        },
        "16": {
            "name": "Left Wrist",
            "x": 73.57,
            "y": 42.93
        }
    },
    "keypont_3d": {
        "0": {
            "name": "Center of Hips",
            "x": 0.0,
            "y": 0.0,
            "z": 0.5226240754127502
        },
        "1": {
            "name": "Left Hip",
            "x": -0.03412416949868202,
            "y": -0.0874876007437706,
            "z": 0.5033716559410095
        },
        "2": {
            "name": "Left Knee",
            "x": 0.23139134049415588,
            "y": -0.026526503264904022,
            "z": 0.294522225856781
        },
        "3": {
            "name": "Left Ankle",
            "x": 0.2879043221473694,
            "y": -0.18870067596435547,
            "z": 0.07284168154001236
        },
        "4": {
            "name": "Right Hip",
            "x": 0.03350989520549774,
            "y": 0.09924092888832092,
            "z": 0.5417808890342712
        },
        "5": {
            "name": "Right Knee",
            "x": 0.07257618755102158,
            "y": -0.017271678894758224,
            "z": 0.23913709819316864
        },
        "6": {
            "name": "Right Ankle",
            "x": -0.11003493517637253,
            "y": 0.025698736310005188,
            "z": 0.0
        },
        "7": {
            "name": "Center of Body",
            "x": -0.02309306524693966,
            "y": -0.004823833703994751,
            "z": 0.7043995261192322
        },
        "8": {
            "name": "Center of Shoulder",
            "x": 0.005537556484341621,
            "y": -0.05076023191213608,
            "z": 0.9086958169937134
        },
        "9": {
            "name": "Neck",
            "x": 0.03291293978691101,
            "y": -0.08963277190923691,
            "z": 0.9444234371185303
        },
        "10": {
            "name": "Head",
            "x": 0.08628837764263153,
            "y": -0.12070973962545395,
            "z": 1.0
        },
        "11": {
            "name": "Right Shoulder",
            "x": 0.10747997462749481,
            "y": -0.019637923687696457,
            "z": 0.9054774045944214
        },
        "12": {
            "name": "Right Elbow",
            "x": 0.22069649398326874,
            "y": -0.01197450514882803,
            "z": 0.7481021881103516
        },
        "13": {
            "name": "Right Wrist",
            "x": -0.0041527096182107925,
            "y": 0.05737942457199097,
            "z": 0.7337450981140137
        },
        "14": {
            "name": "Left Shoulder",
            "x": -0.07183913141489029,
            "y": -0.08266102522611618,
            "z": 0.8893939852714539
        },
        "15": {
            "name": "Left Elbow",
            "x": -0.2336273342370987,
            "y": -0.0016553853638470173,
            "z": 0.7822802662849426
        },
        "16": {
            "name": "Left Wrist",
            "x": -0.3799477815628052,
            "y": 0.03142963722348213,
            "z": 0.6918340921401978
        }
    }
}