{
    "id": "a0693adf-f2cf-4586-a2a5-c5940945b09e",
    "name": "image/110/12.jpg",
    "status": "completed",
    "externalStatus": "approved",
    "url": "https://prod-fastlabel-app-annotations.s3.amazonaws.com/workspaces/05518fa5-8528-47a1-8155-e37e0bdd01b0/263028b6-07de-412f-b62d-83edf295753c/tasks/image/110/12.jpg?X-Amz-Algorithm=AWS4-HMAC-SHA256&X-Amz-Credential=ASIAYVHKCFVVKVO4XU6M%2F20240124%2Fap-northeast-1%2Fs3%2Faws4_request&X-Amz-Date=20240124T071352Z&X-Amz-Expires=3600&X-Amz-SignedHeaders=host&X-Amz-Security-Token=IQoJb3JpZ2luX2VjELf%2F%2F%2F%2F%2F%2F%2F%2F%2F%2FwEaDmFwLW5vcnRoZWFzdC0xIkYwRAIgUN3D7kNytWqNiExPzTnhpHoIa%2BqSx4hJgsRRSCfGlUQCIBmB0GgK2eye%2BpS1DRGnWCDNLgrPdifvOBRamB%2B6bLm1KoAECHAQABoMNTk1MzQzODQ2NzYyIgxIr0qFXkazSj8sTN4q3QO9yBSJSxa06QH7sB7mBVCfGvBvpwDo3TVs2zFu6suOzNfkfA0so1mHZJTYLXuoY9iX1pLFv5%2B5n6157%2FxDX4yC0favzkGrWi%2BcA5FQbMOPJENAUfLmQP6eiNKJk%2BsKw696ZTITKOhewyHPSoA5ZcNm78%2FG49R8oLJDQImoQ63iOqakGlcxv8%2FSgcBAn%2BS%2Fe55iYaTHBwujXLvuTWP%2Fdcl2cOgL%2FFVO5k9UqJJzMEXCpP%2BaiojCeZH53ntiXdKBAzK8tDvWHwmOQ66HU1ptfTh5GyMUJB0V7hNogf4NecWLvkAEykD%2F92%2FcmnK6Xs7HGmgyyfe80aUr6heUWWla4uwNW9iFugrxL3f%2BrkgjiGZbo1y7v6Fh3JMUb1jxMw7wrXcW03r15x5fdNgF8NYSGCBIkbZECtiLye5uZDsg6xyTbt6jyzIks1a12b%2BU4nublq4VCGSOQOV2WeZqyadTiDBwRnyc3GKImBbWTPYR1PFs7JsxzXofMEWaBwKqKrEH4QSDD7Ji9EVrUPlqJguTbdkKk8oTsyN7j8kxosXJAm8AGn%2BzWB56vr6db70uFm0Q550exWYPXMlXaDDELdJwSwrcDfUK4j3U8pW3aTzZ6L5RlXliG%2BSeLgrLSuFd9Gkwu%2B3CrQY6pgEOGtb%2Bg4A2XT8d7DdVIFoWBOOS1pUv21iN6%2BVjUrNbpegh1AW%2Bj%2FRP8FdnwP2%2FzU9n3mWdm4I4th%2BqEiJIvmz%2FfvoC5kl1LXOtgTqMriBxEHLuQwS%2BA038kM9vVUEwP%2FAdy09E%2B3IY7Qh0IR7vBddBdJMn2UW4tH0QMwjya51rjcmE8gPcftI8nL%2FWCwtWaqeKtIKr2VfSU9AgGP7H%2FldawzKJjYrY&X-Amz-Signature=c1ff469491ebf80e4683cf3d4d5b5560ea2a1b261c8bb50af26eadf8dcea2b9a",
    "width": 100,
    "height": 103,
    "secondsToAnnotate": 0,
    "annotations": [
        {
            "type": "pose_estimation",
            "title": "姿勢推定",
            "value": "pose_estimation",
            "color": "#428BCA",
            "attributes": [],
            "points": [],
            "rotation": 0,
            "keypoints": [
                {
                    "name": "Center of Hips",
                    "key": "Center_of_Hips",
                    "value": [
                        48.8,
                        51.62,
                        1
                    ],
                    "edges": [
                        "Left_Hip",
                        "Right_Hip",
                        "Center_of_Body"
                    ],
                    "color": "#F0AD4E"
                },
                {
                    "name": "Left Hip",
                    "key": "Left_Hip",
                    "value": [
                        40.37,
                        50.85,
                        1
                    ],
                    "edges": [
                        "Center_of_Hips",
                        "Left_Knee"
                    ],
                    "color": "#0033CC"
                },
                {
                    "name": "Left Knee",
                    "key": "Left_Knee",
                    "value": [
                        44.62,
                        70.6,
                        1
                    ],
                    "edges": [
                        "Left_Hip",
                        "Left_Ankle"
                    ],
                    "color": "#0033CC"
                },
                {
                    "name": "Left Ankle",
                    "key": "Left_Ankle",
                    "value": [
                        53.01,
                        84.6,
                        1
                    ],
                    "edges": [
                        "Left_Knee"
                    ],
                    "color": "#0033CC"
                },
                {
                    "name": "Right Hip",
                    "key": "Right_Hip",
                    "value": [
                        57.86,
                        52.21,
                        1
                    ],
                    "edges": [
                        "Center_of_Hips",
                        "Right_Knee"
                    ],
                    "color": "#FF0000"
                },
                {
                    "name": "Right Knee",
                    "key": "Right_Knee",
                    "value": [
                        65.81,
                        68.47,
                        1
                    ],
                    "edges": [
                        "Right_Hip",
                        "Right_Ankle"
                    ],
                    "color": "#FF0000"
                },
                {
                    "name": "Right Ankle",
                    "key": "Right_Ankle",
                    "value": [
                        77.56,
                        81.92,
                        1
                    ],
                    "edges": [
                        "Right_Knee"
                    ],
                    "color": "#FF0000"
                },
                {
                    "name": "Center of Body",
                    "key": "Center_of_Body",
                    "value": [
                        49.1,
                        37.65,
                        1
                    ],
                    "edges": [
                        "Center_of_Hips",
                        "Center_of_Shoulder"
                    ],
                    "color": "#F0AD4E"
                },
                {
                    "name": "Center of Shoulder",
                    "key": "Center_of_Shoulder",
                    "value": [
                        52.24,
                        23.84,
                        1
                    ],
                    "edges": [
                        "Center_of_Body",
                        "Neck",
                        "Right_Shoulder",
                        "Left_Shoulder"
                    ],
                    "color": "#F0AD4E"
                },
                {
                    "name": "Neck",
                    "key": "Neck",
                    "value": [
                        53.75,
                        21.62,
                        1
                    ],
                    "edges": [
                        "Center_of_Shoulder",
                        "Head"
                    ],
                    "color": "#F0AD4E"
                },
                {
                    "name": "Head",
                    "key": "Head",
                    "value": [
                        56.44,
                        19.1,
                        1
                    ],
                    "edges": [
                        "Neck"
                    ],
                    "color": "#F0AD4E"
                },
                {
                    "name": "Right Shoulder",
                    "key": "Right_Shoulder",
                    "value": [
                        61.85,
                        29.79,
                        1
                    ],
                    "edges": [
                        "Center_of_Shoulder",
                        "Right_Elbow"
                    ],
                    "color": "#FF0000"
                },
                {
                    "name": "Right Elbow",
                    "key": "Right_Elbow",
                    "value": [
                        69.2,
                        43.45,
                        1
                    ],
                    "edges": [
                        "Right_Shoulder",
                        "Right_Wrist"
                    ],
                    "color": "#FF0000"
                },
                {
                    "name": "Right Wrist",
                    "key": "Right_Wrist",
                    "value": [
                        74.87,
                        52.6,
                        1
                    ],
                    "edges": [
                        "Right_Elbow"
                    ],
                    "color": "#FF0000"
                },
                {
                    "name": "Left Shoulder",
                    "key": "Left_Shoulder",
                    "value": [
                        42.58,
                        19.58,
                        1
                    ],
                    "edges": [
                        "Center_of_Shoulder",
                        "Left_Elbow"
                    ],
                    "color": "#0033CC"
                },
                {
                    "name": "Left Elbow",
                    "key": "Left_Elbow",
                    "value": [
                        29.9,
                        13.69,
                        1
                    ],
                    "edges": [
                        "Left_Shoulder",
                        "Left_Wrist"
                    ],
                    "color": "#0033CC"
                },
                {
                    "name": "Left Wrist",
                    "key": "Left_Wrist",
                    "value": [
                        24.75,
                        4.67,
                        1
                    ],
                    "edges": [
                        "Left_Elbow"
                    ],
                    "color": "#0033CC"
                }
            ],
            "confidenceScore": -1
        }
    ],
    "tags": [
        "納品対象"
    ],
    "assignee": "Chika/fastlabel",
    "reviewer": "",
    "approver": "",
    "externalAssignee": "Sayuri",
    "externalReviewer": "",
    "externalApprover": "Chika/fastlabel",
    "createdAt": "2024-01-04T11:26:07.778109",
    "updatedAt": "2024-01-24T16:05:49"
}