{
    "image_path": "00018/img/1.jpg",
    "shooter_tracklet_id": 9,
    "bbox": {
        "x": 351,
        "y": 468,
        "w": 100,
        "h": 100
    },
    "keypont_2d": {
        "0": {
            "name": "Center of Hips",
            "x": 49.97,
            "y": 47.18
        },
        "1": {
            "name": "Left Hip",
            "x": 44.6,
            "y": 47.61
        },
        "2": {
            "name": "Left Knee",
            "x": 48.96,
            "y": 64.07
        },
        "3": {
            "name": "Left Ankle",
            "x": 48.4,
            "y": 79.51
        },
        "4": {
            "name": "Right Hip",
            "x": 56.36,
            "y": 46.93
        },
        "5": {
            "name": "Right Knee",
            "x": 53.82,
            "y": 63.35
        },
        "6": {
            "name": "Right Ankle",
            "x": 45.33,
            "y": 77.87
        },
        "7": {
            "name": "Center of Body",
            "x": 48.35,
            "y": 35.51
        },
        "8": {
            "name": "Center of Shoulder",
            "x": 49.01,
            "y": 25.36
        },
        "9": {
            "name": "Neck",
            "x": 49.16,
            "y": 24.33
        },
        "10": {
            "name": "Head",
            "x": 49.8,
            "y": 20.68
        },
        "11": {
            "name": "Right Shoulder",
            "x": 56.19,
            "y": 25.97
        },
        "12": {
            "name": "Right Elbow",
            "x": 56.94,
            "y": 38.42
        },
        "13": {
            "name": "Right Wrist",
            "x": 58.43,
            "y": 46.02
        },
        "14": {
            "name": "Left Shoulder",
            "x": 43.75,
            "y": 26.98
        },
        "15": {
            "name": "Left Elbow",
            "x": 41.44,
            "y": 37.72
        },
        "16": {
            "name": "Left Wrist",
            "x": 43.26,
            "y": 45.54
        }
    },
    "keypont_3d": {
        "0": {
            "name": "Center of Hips",
            "x": 0.0,
            "y": 0.0,
            "z": 0.5438966155052185
        },
        "1": {
            "name": "Left Hip",
            "x": 0.10032683610916138,
            "y": -0.0015453133964911103,
            "z": 0.5427554249763489
        },
        "2": {
            "name": "Left Knee",
            "x": 0.09294402599334717,
            "y": 0.17280276119709015,
            "z": 0.2782973051071167
        },
        "3": {
            "name": "Left Ankle",
            "x": 0.04848295450210571,
            "y": 0.06678281724452972,
            "z": 0.0
        },
        "4": {
            "name": "Right Hip",
            "x": -0.09622596204280853,
            "y": 0.0061774528585374355,
            "z": 0.5443856716156006
        },
        "5": {
            "name": "Right Knee",
            "x": -0.05136096850037575,
            "y": 0.02181457169353962,
            "z": 0.25137099623680115
        },
        "6": {
            "name": "Right Ankle",
            "x": 0.03221132606267929,
            "y": -0.0822635069489479,
            "z": 0.0017270712414756417
        },
        "7": {
            "name": "Center of Body",
            "x": 0.02641942724585533,
            "y": -0.024037307128310204,
            "z": 0.7277382612228394
        },
        "8": {
            "name": "Center of Shoulder",
            "x": 0.03868533670902252,
            "y": 0.010047690942883492,
            "z": 0.903180718421936
        },
        "9": {
            "name": "Neck",
            "x": 0.06467283517122269,
            "y": 0.068449005484581,
            "z": 0.9402831792831421
        },
        "10": {
            "name": "Head",
            "x": 0.06839574873447418,
            "y": 0.09353148937225342,
            "z": 1.0
        },
        "11": {
            "name": "Right Shoulder",
            "x": -0.08319958299398422,
            "y": 0.018617406487464905,
            "z": 0.8823174834251404
        },
        "12": {
            "name": "Right Elbow",
            "x": -0.13998188078403473,
            "y": -0.04004984349012375,
            "z": 0.6732409596443176
        },
        "13": {
            "name": "Right Wrist",
            "x": -0.13204681873321533,
            "y": 0.04450167343020439,
            "z": 0.5596381425857544
        },
        "14": {
            "name": "Left Shoulder",
            "x": 0.12607470154762268,
            "y": -0.010772672481834888,
            "z": 0.8752609491348267
        },
        "15": {
            "name": "Left Elbow",
            "x": 0.17232850193977356,
            "y": -0.013691838830709457,
            "z": 0.7061654925346375
        },
        "16": {
            "name": "Left Wrist",
            "x": 0.1797594130039215,
            "y": 0.0876261368393898,
            "z": 0.5961952805519104
        }
    }
}