{
    "image_path": "00018/img/2.jpg",
    "shooter_tracklet_id": 9,
    "bbox": {
        "x": 350,
        "y": 469,
        "w": 100,
        "h": 100
    },
    "keypont_2d": {
        "0": {
            "name": "Center of Hips",
            "x": 50.71,
            "y": 45.93
        },
        "1": {
            "name": "Left Hip",
            "x": 45.3,
            "y": 46.96
        },
        "2": {
            "name": "Left Knee",
            "x": 47.28,
            "y": 62.25
        },
        "3": {
            "name": "Left Ankle",
            "x": 45.58,
            "y": 76.44
        },
        "4": {
            "name": "Right Hip",
            "x": 56.47,
            "y": 45.29
        },
        "5": {
            "name": "Right Knee",
            "x": 53.34,
            "y": 64.48
        },
        "6": {
            "name": "Right Ankle",
            "x": 46.55,
            "y": 76.22
        },
        "7": {
            "name": "Center of Body",
            "x": 49.46,
            "y": 35.31
        },
        "8": {
            "name": "Center of Shoulder",
            "x": 49.31,
            "y": 26.61
        },
        "9": {
            "name": "Neck",
            "x": 49.6,
            "y": 24.95
        },
        "10": {
            "name": "Head",
            "x": 50.42,
            "y": 21.61
        },
        "11": {
            "name": "Right Shoulder",
            "x": 54.43,
            "y": 26.41
        },
        "12": {
            "name": "Right Elbow",
            "x": 56.07,
            "y": 37.0
        },
        "13": {
            "name": "Right Wrist",
            "x": 59.15,
            "y": 42.76
        },
        "14": {
            "name": "Left Shoulder",
            "x": 44.53,
            "y": 27.68
        },
        "15": {
            "name": "Left Elbow",
            "x": 44.27,
            "y": 36.91
        },
        "16": {
            "name": "Left Wrist",
            "x": 43.77,
            "y": 45.01
        }
    },
    "keypont_3d": {
        "0": {
            "name": "Center of Hips",
            "x": 0.0,
            "y": 0.0,
            "z": 0.5464580059051514
        },
        "1": {
            "name": "Left Hip",
            "x": 0.10076845437288284,
            "y": -0.0044168406166136265,
            "z": 0.5447927117347717
        },
        "2": {
            "name": "Left Knee",
            "x": 0.12579286098480225,
            "y": 0.17168653011322021,
            "z": 0.29269927740097046
        },
        "3": {
            "name": "Left Ankle",
            "x": 0.08827158808708191,
            "y": 0.05205141380429268,
            "z": 0.014644766226410866
        },
        "4": {
            "name": "Right Hip",
            "x": -0.09457287937402725,
            "y": 0.006294740829616785,
            "z": 0.5474819540977478
        },
        "5": {
            "name": "Right Knee",
            "x": -0.038289874792099,
            "y": 0.043348416686058044,
            "z": 0.24291522800922394
        },
        "6": {
            "name": "Right Ankle",
            "x": 0.03340727835893631,
            "y": -0.08511074632406235,
            "z": 0.0
        },
        "7": {
            "name": "Center of Body",
            "x": 0.0247721578925848,
            "y": -0.018910180777311325,
            "z": 0.7308849692344666
        },
        "8": {
            "name": "Center of Shoulder",
            "x": 0.04715162515640259,
            "y": 0.01878027431666851,
            "z": 0.9030012488365173
        },
        "9": {
            "name": "Neck",
            "x": 0.07369336485862732,
            "y": 0.0787942185997963,
            "z": 0.9425051212310791
        },
        "10": {
            "name": "Head",
            "x": 0.07566005736589432,
            "y": 0.10729772597551346,
            "z": 1.0
        },
        "11": {
            "name": "Right Shoulder",
            "x": -0.060498617589473724,
            "y": 0.01884819194674492,
            "z": 0.885029673576355
        },
        "12": {
            "name": "Right Elbow",
            "x": -0.12501566112041473,
            "y": -0.04997555539011955,
            "z": 0.682446300983429
        },
        "13": {
            "name": "Right Wrist",
            "x": -0.12580950558185577,
            "y": 0.05725059285759926,
            "z": 0.5892123579978943
        },
        "14": {
            "name": "Left Shoulder",
            "x": 0.13187956809997559,
            "y": 7.414975698338822e-05,
            "z": 0.8775779604911804
        },
        "15": {
            "name": "Left Elbow",
            "x": 0.16210922598838806,
            "y": 0.003265755483880639,
            "z": 0.7217523455619812
        },
        "16": {
            "name": "Left Wrist",
            "x": 0.17977944016456604,
            "y": 0.08583353459835052,
            "z": 0.5953255295753479
        }
    }
}