{
    "image_path": "00018/img/3.jpg",
    "shooter_tracklet_id": 9,
    "bbox": {
        "x": 350,
        "y": 472,
        "w": 100,
        "h": 100
    },
    "keypont_2d": {
        "0": {
            "name": "Center of Hips",
            "x": 49.22,
            "y": 46.38
        },
        "1": {
            "name": "Left Hip",
            "x": 42.65,
            "y": 46.83
        },
        "2": {
            "name": "Left Knee",
            "x": 46.88,
            "y": 62.72
        },
        "3": {
            "name": "Left Ankle",
            "x": 42.01,
            "y": 74.24
        },
        "4": {
            "name": "Right Hip",
            "x": 55.27,
            "y": 45.53
        },
        "5": {
            "name": "Right Knee",
            "x": 52.2,
            "y": 63.74
        },
        "6": {
            "name": "Right Ankle",
            "x": 46.64,
            "y": 77.54
        },
        "7": {
            "name": "Center of Body",
            "x": 48.17,
            "y": 35.6
        },
        "8": {
            "name": "Center of Shoulder",
            "x": 47.36,
            "y": 27.01
        },
        "9": {
            "name": "Neck",
            "x": 48.1,
            "y": 25.15
        },
        "10": {
            "name": "Head",
            "x": 49.1,
            "y": 21.5
        },
        "11": {
            "name": "Right Shoulder",
            "x": 54.43,
            "y": 26.35
        },
        "12": {
            "name": "Right Elbow",
            "x": 59.27,
            "y": 32.5
        },
        "13": {
            "name": "Right Wrist",
            "x": 62.66,
            "y": 28.33
        },
        "14": {
            "name": "Left Shoulder",
            "x": 41.49,
            "y": 29.03
        },
        "15": {
            "name": "Left Elbow",
            "x": 40.96,
            "y": 38.81
        },
        "16": {
            "name": "Left Wrist",
            "x": 41.11,
            "y": 47.55
        }
    },
    "keypont_3d": {
        "0": {
            "name": "Center of Hips",
            "x": 0.0,
            "y": 0.0,
            "z": 0.5502637624740601
        },
        "1": {
            "name": "Left Hip",
            "x": 0.10183268785476685,
            "y": -0.009405272081494331,
            "z": 0.544966459274292
        },
        "2": {
            "name": "Left Knee",
            "x": 0.12234029918909073,
            "y": 0.1642196774482727,
            "z": 0.30020764470100403
        },
        "3": {
            "name": "Left Ankle",
            "x": 0.11929286271333694,
            "y": 0.0015486961929127574,
            "z": 0.05127234011888504
        },
        "4": {
            "name": "Right Hip",
            "x": -0.09564739465713501,
            "y": 0.011612479574978352,
            "z": 0.5539345741271973
        },
        "5": {
            "name": "Right Knee",
            "x": -0.03381351754069328,
            "y": 0.051846567541360855,
            "z": 0.2525298595428467
        },
        "6": {
            "name": "Right Ankle",
            "x": 0.018948258832097054,
            "y": -0.06379099190235138,
            "z": 0.0
        },
        "7": {
            "name": "Center of Body",
            "x": 0.026072625070810318,
            "y": -0.005131041165441275,
            "z": 0.7291645407676697
        },
        "8": {
            "name": "Center of Shoulder",
            "x": 0.06708422303199768,
            "y": 0.05151698365807533,
            "z": 0.8982152342796326
        },
        "9": {
            "name": "Neck",
            "x": 0.08714249730110168,
            "y": 0.11258026957511902,
            "z": 0.9369150996208191
        },
        "10": {
            "name": "Head",
            "x": 0.08623027801513672,
            "y": 0.13894762098789215,
            "z": 1.0
        },
        "11": {
            "name": "Right Shoulder",
            "x": -0.04784940555691719,
            "y": 0.059876393526792526,
            "z": 0.893913984298706
        },
        "12": {
            "name": "Right Elbow",
            "x": -0.1432419866323471,
            "y": 0.0345405712723732,
            "z": 0.7648912072181702
        },
        "13": {
            "name": "Right Wrist",
            "x": -0.12567360699176788,
            "y": 0.1895965039730072,
            "z": 0.8015250563621521
        },
        "14": {
            "name": "Left Shoulder",
            "x": 0.15668506920337677,
            "y": 0.015922416001558304,
            "z": 0.858365535736084
        },
        "15": {
            "name": "Left Elbow",
            "x": 0.18970941007137299,
            "y": 0.0016772020608186722,
            "z": 0.7063013315200806
        },
        "16": {
            "name": "Left Wrist",
            "x": 0.19223818182945251,
            "y": 0.06841371208429337,
            "z": 0.5586180090904236
        }
    }
}