{
    "image_path": "00018/img/4.jpg",
    "shooter_tracklet_id": 9,
    "bbox": {
        "x": 349,
        "y": 474,
        "w": 100,
        "h": 100
    },
    "keypoint_2d": {
        "0": {
            "name": "Center of Hips",
            "x": 47.29,
            "y": 44.94
        },
        "1": {
            "name": "Left Hip",
            "x": 42.45,
            "y": 45.11
        },
        "2": {
            "name": "Left Knee",
            "x": 48.46,
            "y": 61.51
        },
        "3": {
            "name": "Left Ankle",
            "x": 43.56,
            "y": 71.13
        },
        "4": {
            "name": "Right Hip",
            "x": 53.72,
            "y": 44.46
        },
        "5": {
            "name": "Right Knee",
            "x": 52.92,
            "y": 63.48
        },
        "6": {
            "name": "Right Ankle",
            "x": 47.81,
            "y": 77.66
        },
        "7": {
            "name": "Center of Body",
            "x": 48.28,
            "y": 35.98
        },
        "8": {
            "name": "Center of Shoulder",
            "x": 49.48,
            "y": 26.2
        },
        "9": {
            "name": "Neck",
            "x": 49.55,
            "y": 24.38
        },
        "10": {
            "name": "Head",
            "x": 49.82,
            "y": 20.31
        },
        "11": {
            "name": "Right Shoulder",
            "x": 54.82,
            "y": 26.63
        },
        "12": {
            "name": "Right Elbow",
            "x": 60.23,
            "y": 31.99
        },
        "13": {
            "name": "Right Wrist",
            "x": 63.89,
            "y": 28.73
        },
        "14": {
            "name": "Left Shoulder",
            "x": 44.06,
            "y": 27.26
        },
        "15": {
            "name": "Left Elbow",
            "x": 43.21,
            "y": 35.83
        },
        "16": {
            "name": "Left Wrist",
            "x": 41.19,
            "y": 46.46
        }
    },
    "keypoint_3d": {
        "0": {
            "name": "Center of Hips",
            "x": 0.0,
            "y": 0.0,
            "z": 0.5547981262207031
        },
        "1": {
            "name": "Left Hip",
            "x": 0.1006801575422287,
            "y": -0.006605752278119326,
            "z": 0.550086259841919
        },
        "2": {
            "name": "Left Knee",
            "x": 0.07720410078763962,
            "y": 0.1577036827802658,
            "z": 0.3026549816131592
        },
        "3": {
            "name": "Left Ankle",
            "x": 0.08352277427911758,
            "y": -0.029806038364768028,
            "z": 0.08817104250192642
        },
        "4": {
            "name": "Right Hip",
            "x": -0.09410174190998077,
            "y": 0.010325687006115913,
            "z": 0.5577591061592102
        },
        "5": {
            "name": "Right Knee",
            "x": -0.049348101019859314,
            "y": 0.06476552039384842,
            "z": 0.25768670439720154
        },
        "6": {
            "name": "Right Ankle",
            "x": 0.0015850604977458715,
            "y": -0.0252426378428936,
            "z": 0.0
        },
        "7": {
            "name": "Center of Body",
            "x": 0.011064453981816769,
            "y": 0.0006730237510055304,
            "z": 0.7268209457397461
        },
        "8": {
            "name": "Center of Shoulder",
            "x": 0.040606435388326645,
            "y": 0.07244163751602173,
            "z": 0.8948044180870056
        },
        "9": {
            "name": "Neck",
            "x": 0.0635499507188797,
            "y": 0.12889248132705688,
            "z": 0.9353312849998474
        },
        "10": {
            "name": "Head",
            "x": 0.06279543787240982,
            "y": 0.1422288864850998,
            "z": 1.0
        },
        "11": {
            "name": "Right Shoulder",
            "x": -0.07276292890310287,
            "y": 0.06426653265953064,
            "z": 0.8822712898254395
        },
        "12": {
            "name": "Right Elbow",
            "x": -0.19173820316791534,
            "y": 0.01408438477665186,
            "z": 0.7700186371803284
        },
        "13": {
            "name": "Right Wrist",
            "x": -0.19169235229492188,
            "y": 0.1675807386636734,
            "z": 0.856968104839325
        },
        "14": {
            "name": "Left Shoulder",
            "x": 0.13086001574993134,
            "y": 0.04027938470244408,
            "z": 0.865003228187561
        },
        "15": {
            "name": "Left Elbow",
            "x": 0.16009356081485748,
            "y": 0.011090509593486786,
            "z": 0.7192243933677673
        },
        "16": {
            "name": "Left Wrist",
            "x": 0.1638798713684082,
            "y": 0.03986262530088425,
            "z": 0.5426329374313354
        }
    }
}