{
    "image_path": "00018/img/5.jpg",
    "shooter_tracklet_id": 9,
    "bbox": {
        "x": 348,
        "y": 476,
        "w": 100,
        "h": 100
    },
    "keypoint_2d": {
        "0": {
            "name": "Center of Hips",
            "x": 48.72,
            "y": 44.86
        },
        "1": {
            "name": "Left Hip",
            "x": 43.18,
            "y": 44.77
        },
        "2": {
            "name": "Left Knee",
            "x": 48.99,
            "y": 60.01
        },
        "3": {
            "name": "Left Ankle",
            "x": 45.43,
            "y": 71.74
        },
        "4": {
            "name": "Right Hip",
            "x": 54.44,
            "y": 44.47
        },
        "5": {
            "name": "Right Knee",
            "x": 52.16,
            "y": 62.85
        },
        "6": {
            "name": "Right Ankle",
            "x": 49.87,
            "y": 76.88
        },
        "7": {
            "name": "Center of Body",
            "x": 49.28,
            "y": 35.57
        },
        "8": {
            "name": "Center of Shoulder",
            "x": 50.37,
            "y": 25.46
        },
        "9": {
            "name": "Neck",
            "x": 50.45,
            "y": 24.0
        },
        "10": {
            "name": "Head",
            "x": 50.45,
            "y": 20.41
        },
        "11": {
            "name": "Right Shoulder",
            "x": 55.42,
            "y": 25.93
        },
        "12": {
            "name": "Right Elbow",
            "x": 59.34,
            "y": 34.8
        },
        "13": {
            "name": "Right Wrist",
            "x": 63.46,
            "y": 38.72
        },
        "14": {
            "name": "Left Shoulder",
            "x": 44.81,
            "y": 26.31
        },
        "15": {
            "name": "Left Elbow",
            "x": 44.43,
            "y": 37.12
        },
        "16": {
            "name": "Left Wrist",
            "x": 41.62,
            "y": 43.68
        }
    },
    "keypoint_3d": {
        "0": {
            "name": "Center of Hips",
            "x": 0.0,
            "y": 0.0,
            "z": 0.5605712532997131
        },
        "1": {
            "name": "Left Hip",
            "x": 0.09732412546873093,
            "y": -0.004622187931090593,
            "z": 0.5593157410621643
        },
        "2": {
            "name": "Left Knee",
            "x": 0.06299469619989395,
            "y": 0.16281193494796753,
            "z": 0.3211755156517029
        },
        "3": {
            "name": "Left Ankle",
            "x": 0.053995147347450256,
            "y": -0.016786599531769753,
            "z": 0.09609929472208023
        },
        "4": {
            "name": "Right Hip",
            "x": -0.09291211515665054,
            "y": 0.008830663748085499,
            "z": 0.559775710105896
        },
        "5": {
            "name": "Right Knee",
            "x": -0.04276682063937187,
            "y": 0.07197720557451248,
            "z": 0.26090601086616516
        },
        "6": {
            "name": "Right Ankle",
            "x": -0.01791359856724739,
            "y": 0.0032125082798302174,
            "z": 0.0
        },
        "7": {
            "name": "Center of Body",
            "x": -0.0048843007534742355,
            "y": -0.01225728914141655,
            "z": 0.7260829210281372
        },
        "8": {
            "name": "Center of Shoulder",
            "x": 0.007926209829747677,
            "y": 0.055349212139844894,
            "z": 0.8965342044830322
        },
        "9": {
            "name": "Neck",
            "x": 0.03571241348981857,
            "y": 0.1139971986413002,
            "z": 0.935376763343811
        },
        "10": {
            "name": "Head",
            "x": 0.04290451109409332,
            "y": 0.12416817247867584,
            "z": 1.0
        },
        "11": {
            "name": "Right Shoulder",
            "x": -0.08974418044090271,
            "y": 0.0492558628320694,
            "z": 0.8765257000923157
        },
        "12": {
            "name": "Right Elbow",
            "x": -0.19968900084495544,
            "y": -0.01629580184817314,
            "z": 0.7268140316009521
        },
        "13": {
            "name": "Right Wrist",
            "x": -0.21653109788894653,
            "y": 0.12913541495800018,
            "z": 0.6945880055427551
        },
        "14": {
            "name": "Left Shoulder",
            "x": 0.09543443471193314,
            "y": 0.027590150013566017,
            "z": 0.8764868974685669
        },
        "15": {
            "name": "Left Elbow",
            "x": 0.12932080030441284,
            "y": 0.029057642444968224,
            "z": 0.7286821603775024
        },
        "16": {
            "name": "Left Wrist",
            "x": 0.17779308557510376,
            "y": 0.07959295809268951,
            "z": 0.5916065573692322
        }
    }
}