{
    "image_path": "00018/img/6.jpg",
    "shooter_tracklet_id": 9,
    "bbox": {
        "x": 347,
        "y": 478,
        "w": 100,
        "h": 100
    },
    "keypoint_2d": {
        "0": {
            "name": "Center of Hips",
            "x": 49.57,
            "y": 43.08
        },
        "1": {
            "name": "Left Hip",
            "x": 43.93,
            "y": 43.41
        },
        "2": {
            "name": "Left Knee",
            "x": 48.7,
            "y": 58.02
        },
        "3": {
            "name": "Left Ankle",
            "x": 47.01,
            "y": 72.1
        },
        "4": {
            "name": "Right Hip",
            "x": 55.44,
            "y": 42.78
        },
        "5": {
            "name": "Right Knee",
            "x": 54.58,
            "y": 61.59
        },
        "6": {
            "name": "Right Ankle",
            "x": 52.54,
            "y": 74.46
        },
        "7": {
            "name": "Center of Body",
            "x": 49.46,
            "y": 32.8
        },
        "8": {
            "name": "Center of Shoulder",
            "x": 49.58,
            "y": 24.82
        },
        "9": {
            "name": "Neck",
            "x": 49.59,
            "y": 23.49
        },
        "10": {
            "name": "Head",
            "x": 49.8,
            "y": 20.23
        },
        "11": {
            "name": "Right Shoulder",
            "x": 55.4,
            "y": 25.81
        },
        "12": {
            "name": "Right Elbow",
            "x": 57.8,
            "y": 36.64
        },
        "13": {
            "name": "Right Wrist",
            "x": 61.88,
            "y": 30.77
        },
        "14": {
            "name": "Left Shoulder",
            "x": 43.57,
            "y": 26.26
        },
        "15": {
            "name": "Left Elbow",
            "x": 38.21,
            "y": 34.3
        },
        "16": {
            "name": "Left Wrist",
            "x": 44.81,
            "y": 34.71
        }
    },
    "keypoint_3d": {
        "0": {
            "name": "Center of Hips",
            "x": 0.0,
            "y": 0.0,
            "z": 0.5604183673858643
        },
        "1": {
            "name": "Left Hip",
            "x": 0.09844645857810974,
            "y": -0.00996361207216978,
            "z": 0.5595841407775879
        },
        "2": {
            "name": "Left Knee",
            "x": 0.07881002873182297,
            "y": 0.15908783674240112,
            "z": 0.3266107738018036
        },
        "3": {
            "name": "Left Ankle",
            "x": 0.05542044714093208,
            "y": 0.02146877348423004,
            "z": 0.06520889699459076
        },
        "4": {
            "name": "Right Hip",
            "x": -0.09221915900707245,
            "y": 0.013074482791125774,
            "z": 0.559845507144928
        },
        "5": {
            "name": "Right Knee",
            "x": -0.04950375854969025,
            "y": 0.0774618461728096,
            "z": 0.25883302092552185
        },
        "6": {
            "name": "Right Ankle",
            "x": -0.051716066896915436,
            "y": 0.0035522673279047012,
            "z": 0.0
        },
        "7": {
            "name": "Center of Body",
            "x": 0.003451956668868661,
            "y": -0.0057918052189052105,
            "z": 0.7352496981620789
        },
        "8": {
            "name": "Center of Shoulder",
            "x": 0.025358660146594048,
            "y": 0.054742127656936646,
            "z": 0.9008721709251404
        },
        "9": {
            "name": "Neck",
            "x": 0.0547681488096714,
            "y": 0.11387498676776886,
            "z": 0.9387450218200684
        },
        "10": {
            "name": "Head",
            "x": 0.06506792455911636,
            "y": 0.1306377500295639,
            "z": 1.0
        },
        "11": {
            "name": "Right Shoulder",
            "x": -0.07977038621902466,
            "y": 0.051832012832164764,
            "z": 0.8749746680259705
        },
        "12": {
            "name": "Right Elbow",
            "x": -0.15552563965320587,
            "y": 0.017081400379538536,
            "z": 0.694243848323822
        },
        "13": {
            "name": "Right Wrist",
            "x": -0.17053082585334778,
            "y": 0.15218156576156616,
            "z": 0.7492560148239136
        },
        "14": {
            "name": "Left Shoulder",
            "x": 0.11721990257501602,
            "y": 0.005975756328552961,
            "z": 0.875225841999054
        },
        "15": {
            "name": "Left Elbow",
            "x": 0.1694006472826004,
            "y": -0.05826825276017189,
            "z": 0.7040713429450989
        },
        "16": {
            "name": "Left Wrist",
            "x": 0.13974542915821075,
            "y": 0.07733460515737534,
            "z": 0.7088958621025085
        }
    }
}