{
    "image_path": "00018/img/7.jpg",
    "shooter_tracklet_id": 9,
    "bbox": {
        "x": 344,
        "y": 480,
        "w": 100,
        "h": 100
    },
    "keypont_2d": {
        "0": {
            "name": "Center of Hips",
            "x": 49.72,
            "y": 45.95
        },
        "1": {
            "name": "Left Hip",
            "x": 44.15,
            "y": 46.97
        },
        "2": {
            "name": "Left Knee",
            "x": 46.54,
            "y": 59.72
        },
        "3": {
            "name": "Left Ankle",
            "x": 48.18,
            "y": 72.46
        },
        "4": {
            "name": "Right Hip",
            "x": 55.33,
            "y": 45.62
        },
        "5": {
            "name": "Right Knee",
            "x": 57.93,
            "y": 60.81
        },
        "6": {
            "name": "Right Ankle",
            "x": 55.56,
            "y": 71.59
        },
        "7": {
            "name": "Center of Body",
            "x": 49.0,
            "y": 35.49
        },
        "8": {
            "name": "Center of Shoulder",
            "x": 49.26,
            "y": 27.25
        },
        "9": {
            "name": "Neck",
            "x": 49.41,
            "y": 25.97
        },
        "10": {
            "name": "Head",
            "x": 49.62,
            "y": 22.43
        },
        "11": {
            "name": "Right Shoulder",
            "x": 55.82,
            "y": 28.46
        },
        "12": {
            "name": "Right Elbow",
            "x": 59.95,
            "y": 40.67
        },
        "13": {
            "name": "Right Wrist",
            "x": 65.04,
            "y": 44.9
        },
        "14": {
            "name": "Left Shoulder",
            "x": 42.33,
            "y": 28.32
        },
        "15": {
            "name": "Left Elbow",
            "x": 37.78,
            "y": 34.66
        },
        "16": {
            "name": "Left Wrist",
            "x": 29.22,
            "y": 36.58
        }
    },
    "keypont_3d": {
        "0": {
            "name": "Center of Hips",
            "x": 0.0,
            "y": 0.0,
            "z": 0.5332817435264587
        },
        "1": {
            "name": "Left Hip",
            "x": 0.10508496314287186,
            "y": -0.021178169175982475,
            "z": 0.5246291160583496
        },
        "2": {
            "name": "Left Knee",
            "x": 0.13785265386104584,
            "y": 0.18795868754386902,
            "z": 0.29401078820228577
        },
        "3": {
            "name": "Left Ankle",
            "x": 0.05469043552875519,
            "y": 0.06491672992706299,
            "z": 0.014163361862301826
        },
        "4": {
            "name": "Right Hip",
            "x": -0.09757225215435028,
            "y": 0.026382775977253914,
            "z": 0.5374982357025146
        },
        "5": {
            "name": "Right Knee",
            "x": -0.10953721404075623,
            "y": 0.1305667906999588,
            "z": 0.2422286421060562
        },
        "6": {
            "name": "Right Ankle",
            "x": -0.1388239860534668,
            "y": -0.022385386750102043,
            "z": 0.0
        },
        "7": {
            "name": "Center of Body",
            "x": 0.020936530083417892,
            "y": -0.007995656691491604,
            "z": 0.7204433083534241
        },
        "8": {
            "name": "Center of Shoulder",
            "x": 0.04661613330245018,
            "y": 0.05092816427350044,
            "z": 0.8971090912818909
        },
        "9": {
            "name": "Neck",
            "x": 0.07803650200366974,
            "y": 0.11685842275619507,
            "z": 0.9349284768104553
        },
        "10": {
            "name": "Head",
            "x": 0.0856083557009697,
            "y": 0.13554559648036957,
            "z": 1.0
        },
        "11": {
            "name": "Right Shoulder",
            "x": -0.07136117666959763,
            "y": 0.07565872371196747,
            "z": 0.8641723990440369
        },
        "12": {
            "name": "Right Elbow",
            "x": -0.134392648935318,
            "y": 0.11826644837856293,
            "z": 0.6582194566726685
        },
        "13": {
            "name": "Right Wrist",
            "x": -0.1853080689907074,
            "y": 0.26282280683517456,
            "z": 0.6128461956977844
        },
        "14": {
            "name": "Left Shoulder",
            "x": 0.1485390067100525,
            "y": -0.02276013232767582,
            "z": 0.8662033677101135
        },
        "15": {
            "name": "Left Elbow",
            "x": 0.19407285749912262,
            "y": -0.1513931304216385,
            "z": 0.7127891778945923
        },
        "16": {
            "name": "Left Wrist",
            "x": 0.3342795670032501,
            "y": -0.08707645535469055,
            "z": 0.7004431486129761
        }
    }
}