{
    "image_path": "00018/img/8.jpg",
    "shooter_tracklet_id": 9,
    "bbox": {
        "x": 342,
        "y": 483,
        "w": 100,
        "h": 100
    },
    "keypont_2d": {
        "0": {
            "name": "Center of Hips",
            "x": 47.98,
            "y": 49.36
        },
        "1": {
            "name": "Left Hip",
            "x": 43.95,
            "y": 50.06
        },
        "2": {
            "name": "Left Knee",
            "x": 48.06,
            "y": 62.84
        },
        "3": {
            "name": "Left Ankle",
            "x": 49.21,
            "y": 73.1
        },
        "4": {
            "name": "Right Hip",
            "x": 53.53,
            "y": 48.44
        },
        "5": {
            "name": "Right Knee",
            "x": 58.14,
            "y": 61.02
        },
        "6": {
            "name": "Right Ankle",
            "x": 57.65,
            "y": 68.79
        },
        "7": {
            "name": "Center of Body",
            "x": 47.57,
            "y": 38.39
        },
        "8": {
            "name": "Center of Shoulder",
            "x": 47.85,
            "y": 30.02
        },
        "9": {
            "name": "Neck",
            "x": 48.42,
            "y": 28.07
        },
        "10": {
            "name": "Head",
            "x": 50.22,
            "y": 24.85
        },
        "11": {
            "name": "Right Shoulder",
            "x": 53.76,
            "y": 29.95
        },
        "12": {
            "name": "Right Elbow",
            "x": 59.07,
            "y": 43.49
        },
        "13": {
            "name": "Right Wrist",
            "x": 62.4,
            "y": 48.25
        },
        "14": {
            "name": "Left Shoulder",
            "x": 43.0,
            "y": 30.45
        },
        "15": {
            "name": "Left Elbow",
            "x": 33.97,
            "y": 36.54
        },
        "16": {
            "name": "Left Wrist",
            "x": 25.66,
            "y": 38.89
        }
    },
    "keypont_3d": {
        "0": {
            "name": "Center of Hips",
            "x": 0.0,
            "y": 0.0,
            "z": 0.5068804025650024
        },
        "1": {
            "name": "Left Hip",
            "x": 0.11309891939163208,
            "y": -0.007225469220429659,
            "z": 0.4952862560749054
        },
        "2": {
            "name": "Left Knee",
            "x": 0.1303289830684662,
            "y": 0.23466411232948303,
            "z": 0.261029988527298
        },
        "3": {
            "name": "Left Ankle",
            "x": 0.020458972081542015,
            "y": 0.06721673905849457,
            "z": 0.003598656039685011
        },
        "4": {
            "name": "Right Hip",
            "x": -0.10405518114566803,
            "y": 0.015000704675912857,
            "z": 0.5117408633232117
        },
        "5": {
            "name": "Right Knee",
            "x": -0.19785185158252716,
            "y": 0.047589581459760666,
            "z": 0.2337677925825119
        },
        "6": {
            "name": "Right Ankle",
            "x": -0.22477462887763977,
            "y": -0.08558014780282974,
            "z": 0.0
        },
        "7": {
            "name": "Center of Body",
            "x": 0.025871237739920616,
            "y": -0.012595281936228275,
            "z": 0.701559841632843
        },
        "8": {
            "name": "Center of Shoulder",
            "x": 0.04651293158531189,
            "y": 0.03881286084651947,
            "z": 0.8894050121307373
        },
        "9": {
            "name": "Neck",
            "x": 0.07066584378480911,
            "y": 0.10566513240337372,
            "z": 0.9325451850891113
        },
        "10": {
            "name": "Head",
            "x": 0.06314229965209961,
            "y": 0.13384264707565308,
            "z": 1.0
        },
        "11": {
            "name": "Right Shoulder",
            "x": -0.07489658147096634,
            "y": 0.07010932266712189,
            "z": 0.8580536246299744
        },
        "12": {
            "name": "Right Elbow",
            "x": -0.15486964583396912,
            "y": 0.1401112973690033,
            "z": 0.636222779750824
        },
        "13": {
            "name": "Right Wrist",
            "x": -0.18495142459869385,
            "y": 0.2847047746181488,
            "z": 0.5593189001083374
        },
        "14": {
            "name": "Left Shoulder",
            "x": 0.14175736904144287,
            "y": -0.027529146522283554,
            "z": 0.8654049634933472
        },
        "15": {
            "name": "Left Elbow",
            "x": 0.23206046223640442,
            "y": -0.16093319654464722,
            "z": 0.7247243523597717
        },
        "16": {
            "name": "Left Wrist",
            "x": 0.39467376470565796,
            "y": -0.21053358912467957,
            "z": 0.6774107813835144
        }
    }
}