{
    "image_path": "00018/img/9.jpg",
    "shooter_tracklet_id": 9,
    "bbox": {
        "x": 341,
        "y": 488,
        "w": 100,
        "h": 100
    },
    "keypont_2d": {
        "0": {
            "name": "Center of Hips",
            "x": 46.25,
            "y": 51.83
        },
        "1": {
            "name": "Left Hip",
            "x": 41.39,
            "y": 52.54
        },
        "2": {
            "name": "Left Knee",
            "x": 48.35,
            "y": 65.05
        },
        "3": {
            "name": "Left Ankle",
            "x": 50.65,
            "y": 75.84
        },
        "4": {
            "name": "Right Hip",
            "x": 51.31,
            "y": 51.22
        },
        "5": {
            "name": "Right Knee",
            "x": 59.06,
            "y": 65.85
        },
        "6": {
            "name": "Right Ankle",
            "x": 67.78,
            "y": 71.63
        },
        "7": {
            "name": "Center of Body",
            "x": 45.51,
            "y": 39.22
        },
        "8": {
            "name": "Center of Shoulder",
            "x": 45.57,
            "y": 31.32
        },
        "9": {
            "name": "Neck",
            "x": 46.2,
            "y": 29.98
        },
        "10": {
            "name": "Head",
            "x": 48.82,
            "y": 26.95
        },
        "11": {
            "name": "Right Shoulder",
            "x": 51.26,
            "y": 33.02
        },
        "12": {
            "name": "Right Elbow",
            "x": 55.6,
            "y": 44.07
        },
        "13": {
            "name": "Right Wrist",
            "x": 60.61,
            "y": 51.02
        },
        "14": {
            "name": "Left Shoulder",
            "x": 39.79,
            "y": 32.01
        },
        "15": {
            "name": "Left Elbow",
            "x": 31.11,
            "y": 38.31
        },
        "16": {
            "name": "Left Wrist",
            "x": 18.81,
            "y": 41.12
        }
    },
    "keypont_3d": {
        "0": {
            "name": "Center of Hips",
            "x": 0.0,
            "y": 0.0,
            "z": 0.4952235817909241
        },
        "1": {
            "name": "Left Hip",
            "x": 0.11452899128198624,
            "y": 0.008367792703211308,
            "z": 0.48596569895744324
        },
        "2": {
            "name": "Left Knee",
            "x": 0.08397018164396286,
            "y": 0.28377479314804077,
            "z": 0.25195565819740295
        },
        "3": {
            "name": "Left Ankle",
            "x": -0.045002199709415436,
            "y": 0.10483893752098083,
            "z": 0.0
        },
        "4": {
            "name": "Right Hip",
            "x": -0.10701163858175278,
            "y": 0.000384357146685943,
            "z": 0.49512067437171936
        },
        "5": {
            "name": "Right Knee",
            "x": -0.18350635468959808,
            "y": 0.20298077166080475,
            "z": 0.22583775222301483
        },
        "6": {
            "name": "Right Ankle",
            "x": -0.33631208539009094,
            "y": -0.007323786150664091,
            "z": 0.06254071742296219
        },
        "7": {
            "name": "Center of Body",
            "x": 0.017649125307798386,
            "y": -0.02913821116089821,
            "z": 0.7033026218414307
        },
        "8": {
            "name": "Center of Shoulder",
            "x": 0.028419509530067444,
            "y": -0.003439562162384391,
            "z": 0.8946509957313538
        },
        "9": {
            "name": "Neck",
            "x": 0.04126453027129173,
            "y": 0.05874358117580414,
            "z": 0.9347202777862549
        },
        "10": {
            "name": "Head",
            "x": 0.009260127320885658,
            "y": 0.08884057402610779,
            "z": 1.0
        },
        "11": {
            "name": "Right Shoulder",
            "x": -0.0895632803440094,
            "y": 0.005981561727821827,
            "z": 0.8508551716804504
        },
        "12": {
            "name": "Right Elbow",
            "x": -0.18439242243766785,
            "y": 0.032615941017866135,
            "z": 0.6280818581581116
        },
        "13": {
            "name": "Right Wrist",
            "x": -0.23423710465431213,
            "y": 0.16418085992336273,
            "z": 0.5090463161468506
        },
        "14": {
            "name": "Left Shoulder",
            "x": 0.14244794845581055,
            "y": -0.03377537801861763,
            "z": 0.8801061511039734
        },
        "15": {
            "name": "Left Elbow",
            "x": 0.32291659712791443,
            "y": -0.09246812015771866,
            "z": 0.758399248123169
        },
        "16": {
            "name": "Left Wrist",
            "x": 0.4943678081035614,
            "y": -0.09261374920606613,
            "z": 0.7159894704818726
        }
    }
}