{
    "image_path": "00018/img/10.jpg",
    "shooter_tracklet_id": 9,
    "bbox": {
        "x": 342,
        "y": 490,
        "w": 100,
        "h": 100
    },
    "keypoint_2d": {
        "0": {
            "name": "Center of Hips",
            "x": 46.15,
            "y": 50.66
        },
        "1": {
            "name": "Left Hip",
            "x": 40.95,
            "y": 50.92
        },
        "2": {
            "name": "Left Knee",
            "x": 48.03,
            "y": 64.47
        },
        "3": {
            "name": "Left Ankle",
            "x": 52.37,
            "y": 75.89
        },
        "4": {
            "name": "Right Hip",
            "x": 51.08,
            "y": 50.79
        },
        "5": {
            "name": "Right Knee",
            "x": 60.47,
            "y": 61.68
        },
        "6": {
            "name": "Right Ankle",
            "x": 64.39,
            "y": 74.44
        },
        "7": {
            "name": "Center of Body",
            "x": 44.87,
            "y": 41.46
        },
        "8": {
            "name": "Center of Shoulder",
            "x": 45.02,
            "y": 31.65
        },
        "9": {
            "name": "Neck",
            "x": 45.32,
            "y": 30.76
        },
        "10": {
            "name": "Head",
            "x": 45.96,
            "y": 28.79
        },
        "11": {
            "name": "Right Shoulder",
            "x": 50.67,
            "y": 32.09
        },
        "12": {
            "name": "Right Elbow",
            "x": 55.69,
            "y": 42.48
        },
        "13": {
            "name": "Right Wrist",
            "x": 59.44,
            "y": 48.62
        },
        "14": {
            "name": "Left Shoulder",
            "x": 40.33,
            "y": 32.72
        },
        "15": {
            "name": "Left Elbow",
            "x": 38.4,
            "y": 41.46
        },
        "16": {
            "name": "Left Wrist",
            "x": 40.95,
            "y": 45.98
        }
    },
    "keypoint_3d": {
        "0": {
            "name": "Center of Hips",
            "x": 0.0,
            "y": 0.0,
            "z": 0.5053772926330566
        },
        "1": {
            "name": "Left Hip",
            "x": 0.11690721660852432,
            "y": 0.012306206859648228,
            "z": 0.5018163323402405
        },
        "2": {
            "name": "Left Knee",
            "x": 0.07939180731773376,
            "y": 0.29719284176826477,
            "z": 0.2635057270526886
        },
        "3": {
            "name": "Left Ankle",
            "x": -0.07428543269634247,
            "y": 0.1553773432970047,
            "z": 0.0
        },
        "4": {
            "name": "Right Hip",
            "x": -0.10949253290891647,
            "y": -0.008681152015924454,
            "z": 0.5028619766235352
        },
        "5": {
            "name": "Right Knee",
            "x": -0.2040131539106369,
            "y": 0.2850828170776367,
            "z": 0.29531604051589966
        },
        "6": {
            "name": "Right Ankle",
            "x": -0.36832770705223083,
            "y": 0.2119787633419037,
            "z": 0.016748890280723572
        },
        "7": {
            "name": "Center of Body",
            "x": 0.023685194551944733,
            "y": -0.0350186862051487,
            "z": 0.7110702991485596
        },
        "8": {
            "name": "Center of Shoulder",
            "x": 0.04234753176569939,
            "y": -0.006001405417919159,
            "z": 0.9095152020454407
        },
        "9": {
            "name": "Neck",
            "x": 0.06458199769258499,
            "y": 0.059684932231903076,
            "z": 0.9469851851463318
        },
        "10": {
            "name": "Head",
            "x": 0.06026306748390198,
            "y": 0.09993722289800644,
            "z": 1.0
        },
        "11": {
            "name": "Right Shoulder",
            "x": -0.08266059309244156,
            "y": 0.0046999771147966385,
            "z": 0.8796705007553101
        },
        "12": {
            "name": "Right Elbow",
            "x": -0.19078952074050903,
            "y": 0.0385596863925457,
            "z": 0.6675012707710266
        },
        "13": {
            "name": "Right Wrist",
            "x": -0.22280915081501007,
            "y": 0.1889026015996933,
            "z": 0.5543191432952881
        },
        "14": {
            "name": "Left Shoulder",
            "x": 0.15431638062000275,
            "y": -0.010892601683735847,
            "z": 0.8907314538955688
        },
        "15": {
            "name": "Left Elbow",
            "x": 0.24388331174850464,
            "y": 0.04484134167432785,
            "z": 0.7303968071937561
        },
        "16": {
            "name": "Left Wrist",
            "x": 0.2285466492176056,
            "y": 0.19120660424232483,
            "z": 0.6569864153862
        }
    }
}