{
    "image_path": "00018/img/11.jpg",
    "shooter_tracklet_id": 9,
    "bbox": {
        "x": 342,
        "y": 493,
        "w": 100,
        "h": 100
    },
    "keypont_2d": {
        "0": {
            "name": "Center of Hips",
            "x": 44.39,
            "y": 52.6
        },
        "1": {
            "name": "Left Hip",
            "x": 38.99,
            "y": 51.96
        },
        "2": {
            "name": "Left Knee",
            "x": 48.77,
            "y": 63.89
        },
        "3": {
            "name": "Left Ankle",
            "x": 54.96,
            "y": 75.82
        },
        "4": {
            "name": "Right Hip",
            "x": 49.08,
            "y": 52.39
        },
        "5": {
            "name": "Right Knee",
            "x": 61.36,
            "y": 59.57
        },
        "6": {
            "name": "Right Ankle",
            "x": 66.52,
            "y": 75.2
        },
        "7": {
            "name": "Center of Body",
            "x": 44.25,
            "y": 41.17
        },
        "8": {
            "name": "Center of Shoulder",
            "x": 46.23,
            "y": 30.8
        },
        "9": {
            "name": "Neck",
            "x": 47.28,
            "y": 30.01
        },
        "10": {
            "name": "Head",
            "x": 49.27,
            "y": 28.84
        },
        "11": {
            "name": "Right Shoulder",
            "x": 51.14,
            "y": 32.76
        },
        "12": {
            "name": "Right Elbow",
            "x": 56.41,
            "y": 44.87
        },
        "13": {
            "name": "Right Wrist",
            "x": 50.42,
            "y": 43.16
        },
        "14": {
            "name": "Left Shoulder",
            "x": 41.18,
            "y": 30.76
        },
        "15": {
            "name": "Left Elbow",
            "x": 35.73,
            "y": 33.68
        },
        "16": {
            "name": "Left Wrist",
            "x": 38.57,
            "y": 40.17
        }
    },
    "keypont_3d": {
        "0": {
            "name": "Center of Hips",
            "x": 0.0,
            "y": 0.0,
            "z": 0.5015293955802917
        },
        "1": {
            "name": "Left Hip",
            "x": 0.11910416930913925,
            "y": 0.01843949593603611,
            "z": 0.5024868845939636
        },
        "2": {
            "name": "Left Knee",
            "x": 0.04784484580159187,
            "y": 0.3158218264579773,
            "z": 0.27746954560279846
        },
        "3": {
            "name": "Left Ankle",
            "x": -0.1284438520669937,
            "y": 0.23237891495227814,
            "z": 0.0
        },
        "4": {
            "name": "Right Hip",
            "x": -0.1128409281373024,
            "y": -0.015026204288005829,
            "z": 0.49338677525520325
        },
        "5": {
            "name": "Right Knee",
            "x": -0.25593987107276917,
            "y": 0.30185699462890625,
            "z": 0.3475073277950287
        },
        "6": {
            "name": "Right Ankle",
            "x": -0.38275352120399475,
            "y": 0.28630688786506653,
            "z": 0.023296071216464043
        },
        "7": {
            "name": "Center of Body",
            "x": 0.009150437079370022,
            "y": -0.03272785618901253,
            "z": 0.7094395756721497
        },
        "8": {
            "name": "Center of Shoulder",
            "x": 0.0072770188562572,
            "y": -0.004253007937222719,
            "z": 0.9172403216362
        },
        "9": {
            "name": "Neck",
            "x": 0.01314456108957529,
            "y": 0.06376694142818451,
            "z": 0.9525884389877319
        },
        "10": {
            "name": "Head",
            "x": 0.0030795319471508265,
            "y": 0.10495824366807938,
            "z": 1.0
        },
        "11": {
            "name": "Right Shoulder",
            "x": -0.11311937123537064,
            "y": 0.008473961614072323,
            "z": 0.8784690499305725
        },
        "12": {
            "name": "Right Elbow",
            "x": -0.20742636919021606,
            "y": 0.0881863683462143,
            "z": 0.6610511541366577
        },
        "13": {
            "name": "Right Wrist",
            "x": -0.09884586930274963,
            "y": 0.21310168504714966,
            "z": 0.6613443493843079
        },
        "14": {
            "name": "Left Shoulder",
            "x": 0.11891032010316849,
            "y": 0.0006259560468606651,
            "z": 0.9218067526817322
        },
        "15": {
            "name": "Left Elbow",
            "x": 0.2606244385242462,
            "y": 0.07273257523775101,
            "z": 0.8681259155273438
        },
        "16": {
            "name": "Left Wrist",
            "x": 0.25193557143211365,
            "y": 0.21150800585746765,
            "z": 0.7735592126846313
        }
    }
}