{
    "image_path": "00018/img/13.jpg",
    "shooter_tracklet_id": 9,
    "bbox": {
        "x": 342,
        "y": 497,
        "w": 100,
        "h": 100
    },
    "keypoint_2d": {
        "0": {
            "name": "Center of Hips",
            "x": 44.28,
            "y": 50.14
        },
        "1": {
            "name": "Left Hip",
            "x": 39.68,
            "y": 48.65
        },
        "2": {
            "name": "Left Knee",
            "x": 47.23,
            "y": 61.48
        },
        "3": {
            "name": "Left Ankle",
            "x": 49.03,
            "y": 68.55
        },
        "4": {
            "name": "Right Hip",
            "x": 49.31,
            "y": 51.16
        },
        "5": {
            "name": "Right Knee",
            "x": 52.99,
            "y": 64.98
        },
        "6": {
            "name": "Right Ankle",
            "x": 55.87,
            "y": 75.41
        },
        "7": {
            "name": "Center of Body",
            "x": 45.47,
            "y": 38.21
        },
        "8": {
            "name": "Center of Shoulder",
            "x": 48.36,
            "y": 28.47
        },
        "9": {
            "name": "Neck",
            "x": 49.54,
            "y": 27.63
        },
        "10": {
            "name": "Head",
            "x": 52.32,
            "y": 25.47
        },
        "11": {
            "name": "Right Shoulder",
            "x": 53.74,
            "y": 30.78
        },
        "12": {
            "name": "Right Elbow",
            "x": 57.56,
            "y": 44.3
        },
        "13": {
            "name": "Right Wrist",
            "x": 51.3,
            "y": 44.66
        },
        "14": {
            "name": "Left Shoulder",
            "x": 43.62,
            "y": 28.27
        },
        "15": {
            "name": "Left Elbow",
            "x": 40.93,
            "y": 37.21
        },
        "16": {
            "name": "Left Wrist",
            "x": 39.94,
            "y": 45.02
        }
    },
    "keypoint_3d": {
        "0": {
            "name": "Center of Hips",
            "x": 0.0,
            "y": 0.0,
            "z": 0.5282309055328369
        },
        "1": {
            "name": "Left Hip",
            "x": 0.10684666037559509,
            "y": 0.0032289817463606596,
            "z": 0.5349496006965637
        },
        "2": {
            "name": "Left Knee",
            "x": 0.030654193833470345,
            "y": 0.254686564207077,
            "z": 0.32791081070899963
        },
        "3": {
            "name": "Left Ankle",
            "x": -0.09579511731863022,
            "y": 0.05251911282539368,
            "z": 0.13722404837608337
        },
        "4": {
            "name": "Right Hip",
            "x": -0.10129376500844955,
            "y": 0.009675874374806881,
            "z": 0.514492928981781
        },
        "5": {
            "name": "Right Knee",
            "x": -0.12173322588205338,
            "y": 0.23204068839550018,
            "z": 0.2642110586166382
        },
        "6": {
            "name": "Right Ankle",
            "x": -0.23304250836372375,
            "y": 0.12589332461357117,
            "z": 0.0
        },
        "7": {
            "name": "Center of Body",
            "x": -0.015440172515809536,
            "y": -0.017636677250266075,
            "z": 0.7248760461807251
        },
        "8": {
            "name": "Center of Shoulder",
            "x": -0.04627674072980881,
            "y": 0.020376887172460556,
            "z": 0.9178725481033325
        },
        "9": {
            "name": "Neck",
            "x": -0.04141770675778389,
            "y": 0.07974641770124435,
            "z": 0.9515929818153381
        },
        "10": {
            "name": "Head",
            "x": -0.07581498473882675,
            "y": 0.10287042707204819,
            "z": 1.0
        },
        "11": {
            "name": "Right Shoulder",
            "x": -0.1569933146238327,
            "y": 0.03198254853487015,
            "z": 0.8665198683738708
        },
        "12": {
            "name": "Right Elbow",
            "x": -0.2019067257642746,
            "y": 0.11173972487449646,
            "z": 0.6583981513977051
        },
        "13": {
            "name": "Right Wrist",
            "x": -0.05449298024177551,
            "y": 0.17963838577270508,
            "z": 0.6839202046394348
        },
        "14": {
            "name": "Left Shoulder",
            "x": 0.04692850634455681,
            "y": 0.01586415432393551,
            "z": 0.923487663269043
        },
        "15": {
            "name": "Left Elbow",
            "x": 0.1614491045475006,
            "y": 0.055304866284132004,
            "z": 0.7715187668800354
        },
        "16": {
            "name": "Left Wrist",
            "x": 0.1800769716501236,
            "y": 0.190853551030159,
            "z": 0.7032124996185303
        }
    }
}