{
    "image_path": "00018/img/14.jpg",
    "shooter_tracklet_id": 9,
    "bbox": {
        "x": 341,
        "y": 498,
        "w": 100,
        "h": 100
    },
    "keypont_2d": {
        "0": {
            "name": "Center of Hips",
            "x": 44.84,
            "y": 49.64
        },
        "1": {
            "name": "Left Hip",
            "x": 40.24,
            "y": 49.04
        },
        "2": {
            "name": "Left Knee",
            "x": 49.15,
            "y": 57.41
        },
        "3": {
            "name": "Left Ankle",
            "x": 44.41,
            "y": 63.48
        },
        "4": {
            "name": "Right Hip",
            "x": 50.72,
            "y": 50.83
        },
        "5": {
            "name": "Right Knee",
            "x": 49.91,
            "y": 62.63
        },
        "6": {
            "name": "Right Ankle",
            "x": 51.44,
            "y": 74.64
        },
        "7": {
            "name": "Center of Body",
            "x": 47.23,
            "y": 38.7
        },
        "8": {
            "name": "Center of Shoulder",
            "x": 50.59,
            "y": 28.52
        },
        "9": {
            "name": "Neck",
            "x": 51.43,
            "y": 27.53
        },
        "10": {
            "name": "Head",
            "x": 53.7,
            "y": 24.87
        },
        "11": {
            "name": "Right Shoulder",
            "x": 54.83,
            "y": 29.75
        },
        "12": {
            "name": "Right Elbow",
            "x": 55.87,
            "y": 40.3
        },
        "13": {
            "name": "Right Wrist",
            "x": 52.09,
            "y": 43.18
        },
        "14": {
            "name": "Left Shoulder",
            "x": 46.5,
            "y": 28.22
        },
        "15": {
            "name": "Left Elbow",
            "x": 42.84,
            "y": 35.96
        },
        "16": {
            "name": "Left Wrist",
            "x": 39.43,
            "y": 43.29
        }
    },
    "keypont_3d": {
        "0": {
            "name": "Center of Hips",
            "x": 0.0,
            "y": 0.0,
            "z": 0.5235069394111633
        },
        "1": {
            "name": "Left Hip",
            "x": 0.1026989072561264,
            "y": -0.006090431474149227,
            "z": 0.5309221744537354
        },
        "2": {
            "name": "Left Knee",
            "x": 0.03698055073618889,
            "y": 0.24820929765701294,
            "z": 0.3511417508125305
        },
        "3": {
            "name": "Left Ankle",
            "x": -0.03881021961569786,
            "y": 0.008390496484935284,
            "z": 0.16615967452526093
        },
        "4": {
            "name": "Right Hip",
            "x": -0.09925796091556549,
            "y": 0.026791509240865707,
            "z": 0.5042188763618469
        },
        "5": {
            "name": "Right Knee",
            "x": -0.05530773475766182,
            "y": 0.18721994757652283,
            "z": 0.24087700247764587
        },
        "6": {
            "name": "Right Ankle",
            "x": -0.15841765701770782,
            "y": 0.05665086582303047,
            "z": 0.0
        },
        "7": {
            "name": "Center of Body",
            "x": -0.021280210465192795,
            "y": -0.00792160164564848,
            "z": 0.7196726202964783
        },
        "8": {
            "name": "Center of Shoulder",
            "x": -0.0620591938495636,
            "y": 0.031079228967428207,
            "z": 0.9147955775260925
        },
        "9": {
            "name": "Neck",
            "x": -0.05971888452768326,
            "y": 0.09433269500732422,
            "z": 0.9480981230735779
        },
        "10": {
            "name": "Head",
            "x": -0.09689317643642426,
            "y": 0.11172238737344742,
            "z": 1.0
        },
        "11": {
            "name": "Right Shoulder",
            "x": -0.16678321361541748,
            "y": 0.0293344184756279,
            "z": 0.8806178569793701
        },
        "12": {
            "name": "Right Elbow",
            "x": -0.2167849838733673,
            "y": 0.02867870405316353,
            "z": 0.67103511095047
        },
        "13": {
            "name": "Right Wrist",
            "x": -0.07569103688001633,
            "y": 0.13588543236255646,
            "z": 0.6452840566635132
        },
        "14": {
            "name": "Left Shoulder",
            "x": 0.020739058032631874,
            "y": 0.020988894626498222,
            "z": 0.9244062304496765
        },
        "15": {
            "name": "Left Elbow",
            "x": 0.1136518344283104,
            "y": 0.03894198685884476,
            "z": 0.7883687615394592
        },
        "16": {
            "name": "Left Wrist",
            "x": 0.19063270092010498,
            "y": 0.11464566737413406,
            "z": 0.6537942290306091
        }
    }
}