{
    "image_path": "00018/img/15.jpg",
    "shooter_tracklet_id": 9,
    "bbox": {
        "x": 340,
        "y": 495,
        "w": 100,
        "h": 100
    },
    "keypoint_2d": {
        "0": {
            "name": "Center of Hips",
            "x": 49.62,
            "y": 52.71
        },
        "1": {
            "name": "Left Hip",
            "x": 45.36,
            "y": 51.42
        },
        "2": {
            "name": "Left Knee",
            "x": 53.4,
            "y": 58.17
        },
        "3": {
            "name": "Left Ankle",
            "x": 44.7,
            "y": 65.83
        },
        "4": {
            "name": "Right Hip",
            "x": 53.96,
            "y": 53.31
        },
        "5": {
            "name": "Right Knee",
            "x": 53.19,
            "y": 63.25
        },
        "6": {
            "name": "Right Ankle",
            "x": 52.02,
            "y": 72.4
        },
        "7": {
            "name": "Center of Body",
            "x": 52.03,
            "y": 41.84
        },
        "8": {
            "name": "Center of Shoulder",
            "x": 55.43,
            "y": 28.43
        },
        "9": {
            "name": "Neck",
            "x": 56.78,
            "y": 26.66
        },
        "10": {
            "name": "Head",
            "x": 58.8,
            "y": 24.97
        },
        "11": {
            "name": "Right Shoulder",
            "x": 60.57,
            "y": 30.28
        },
        "12": {
            "name": "Right Elbow",
            "x": 59.05,
            "y": 42.75
        },
        "13": {
            "name": "Right Wrist",
            "x": 61.79,
            "y": 35.83
        },
        "14": {
            "name": "Left Shoulder",
            "x": 50.62,
            "y": 27.84
        },
        "15": {
            "name": "Left Elbow",
            "x": 48.36,
            "y": 36.07
        },
        "16": {
            "name": "Left Wrist",
            "x": 47.83,
            "y": 46.04
        }
    },
    "keypoint_3d": {
        "0": {
            "name": "Center of Hips",
            "x": 0.0,
            "y": 0.0,
            "z": 0.49221837520599365
        },
        "1": {
            "name": "Left Hip",
            "x": 0.09815002977848053,
            "y": -0.006640388164669275,
            "z": 0.49729064106941223
        },
        "2": {
            "name": "Left Knee",
            "x": 0.03462667763233185,
            "y": 0.2595657408237457,
            "z": 0.3806058466434479
        },
        "3": {
            "name": "Left Ankle",
            "x": 0.09902174770832062,
            "y": 0.006627744995057583,
            "z": 0.1737852841615677
        },
        "4": {
            "name": "Right Hip",
            "x": -0.09489727020263672,
            "y": 0.023372499272227287,
            "z": 0.4680061936378479
        },
        "5": {
            "name": "Right Knee",
            "x": -0.04748857393860817,
            "y": 0.13337260484695435,
            "z": 0.19585569202899933
        },
        "6": {
            "name": "Right Ankle",
            "x": -0.11043532192707062,
            "y": -0.05869612470269203,
            "z": 0.0
        },
        "7": {
            "name": "Center of Body",
            "x": -0.022081531584262848,
            "y": -0.0015957023715600371,
            "z": 0.6883992552757263
        },
        "8": {
            "name": "Center of Shoulder",
            "x": -0.07237643003463745,
            "y": 0.027105964720249176,
            "z": 0.8959435224533081
        },
        "9": {
            "name": "Neck",
            "x": -0.0747624933719635,
            "y": 0.09775253385305405,
            "z": 0.948667585849762
        },
        "10": {
            "name": "Head",
            "x": -0.11211370676755905,
            "y": 0.10586756467819214,
            "z": 1.0
        },
        "11": {
            "name": "Right Shoulder",
            "x": -0.1742618978023529,
            "y": 0.04095319285988808,
            "z": 0.8704548478126526
        },
        "12": {
            "name": "Right Elbow",
            "x": -0.1670958697795868,
            "y": 0.07670046389102936,
            "z": 0.6558565497398376
        },
        "13": {
            "name": "Right Wrist",
            "x": -0.12351728975772858,
            "y": 0.18623192608356476,
            "z": 0.7486988306045532
        },
        "14": {
            "name": "Left Shoulder",
            "x": 0.007707332726567984,
            "y": 0.011967883445322514,
            "z": 0.911890983581543
        },
        "15": {
            "name": "Left Elbow",
            "x": 0.0723324716091156,
            "y": 0.010037083178758621,
            "z": 0.7867124676704407
        },
        "16": {
            "name": "Left Wrist",
            "x": 0.10651025176048279,
            "y": 0.07005725800991058,
            "z": 0.5979517102241516
        }
    }
}