{
    "image_path": "00018/img/16.jpg",
    "shooter_tracklet_id": 9,
    "bbox": {
        "x": 339,
        "y": 496,
        "w": 100,
        "h": 100
    },
    "keypont_2d": {
        "0": {
            "name": "Center of Hips",
            "x": 52.52,
            "y": 50.64
        },
        "1": {
            "name": "Left Hip",
            "x": 46.75,
            "y": 49.93
        },
        "2": {
            "name": "Left Knee",
            "x": 42.55,
            "y": 62.42
        },
        "3": {
            "name": "Left Ankle",
            "x": 46.08,
            "y": 72.34
        },
        "4": {
            "name": "Right Hip",
            "x": 57.98,
            "y": 51.53
        },
        "5": {
            "name": "Right Knee",
            "x": 50.69,
            "y": 60.42
        },
        "6": {
            "name": "Right Ankle",
            "x": 50.43,
            "y": 69.18
        },
        "7": {
            "name": "Center of Body",
            "x": 54.48,
            "y": 39.78
        },
        "8": {
            "name": "Center of Shoulder",
            "x": 56.53,
            "y": 28.98
        },
        "9": {
            "name": "Neck",
            "x": 57.41,
            "y": 27.34
        },
        "10": {
            "name": "Head",
            "x": 59.63,
            "y": 24.04
        },
        "11": {
            "name": "Right Shoulder",
            "x": 61.68,
            "y": 30.15
        },
        "12": {
            "name": "Right Elbow",
            "x": 61.2,
            "y": 42.79
        },
        "13": {
            "name": "Right Wrist",
            "x": 63.8,
            "y": 37.68
        },
        "14": {
            "name": "Left Shoulder",
            "x": 52.08,
            "y": 28.51
        },
        "15": {
            "name": "Left Elbow",
            "x": 45.18,
            "y": 33.85
        },
        "16": {
            "name": "Left Wrist",
            "x": 50.96,
            "y": 32.43
        }
    },
    "keypont_3d": {
        "0": {
            "name": "Center of Hips",
            "x": 0.0,
            "y": 0.0,
            "z": 0.4611922800540924
        },
        "1": {
            "name": "Left Hip",
            "x": 0.10287380963563919,
            "y": -0.04290264472365379,
            "z": 0.4664270281791687
        },
        "2": {
            "name": "Left Knee",
            "x": 0.21480225026607513,
            "y": 0.18315991759300232,
            "z": 0.2708548307418823
        },
        "3": {
            "name": "Left Ankle",
            "x": 0.12030771374702454,
            "y": -0.02858072705566883,
            "z": 0.02704770676791668
        },
        "4": {
            "name": "Right Hip",
            "x": -0.09284019470214844,
            "y": 0.06028071418404579,
            "z": 0.4381061792373657
        },
        "5": {
            "name": "Right Knee",
            "x": 0.0650911033153534,
            "y": 0.14234082400798798,
            "z": 0.20197033882141113
        },
        "6": {
            "name": "Right Ankle",
            "x": -0.03305770084261894,
            "y": -0.0813036859035492,
            "z": 0.0
        },
        "7": {
            "name": "Center of Body",
            "x": -0.03159315884113312,
            "y": -0.004667665343731642,
            "z": 0.6661012768745422
        },
        "8": {
            "name": "Center of Shoulder",
            "x": -0.07076282799243927,
            "y": 0.014742031693458557,
            "z": 0.8787121772766113
        },
        "9": {
            "name": "Neck",
            "x": -0.0629819706082344,
            "y": 0.08663198351860046,
            "z": 0.9335766434669495
        },
        "10": {
            "name": "Head",
            "x": -0.10099096596240997,
            "y": 0.09419335424900055,
            "z": 1.0
        },
        "11": {
            "name": "Right Shoulder",
            "x": -0.17642280459403992,
            "y": 0.0360894501209259,
            "z": 0.8469352722167969
        },
        "12": {
            "name": "Right Elbow",
            "x": -0.16939087212085724,
            "y": 0.04690203443169594,
            "z": 0.6080081462860107
        },
        "13": {
            "name": "Right Wrist",
            "x": -0.17347703874111176,
            "y": 0.1601678431034088,
            "z": 0.7379666566848755
        },
        "14": {
            "name": "Left Shoulder",
            "x": 0.01728908345103264,
            "y": -0.02559654787182808,
            "z": 0.8933141231536865
        },
        "15": {
            "name": "Left Elbow",
            "x": 0.15546393394470215,
            "y": -0.042606841772794724,
            "z": 0.8082951903343201
        },
        "16": {
            "name": "Left Wrist",
            "x": 0.1087578535079956,
            "y": 0.13452361524105072,
            "z": 0.8196431994438171
        }
    }
}