{
    "image_path": "00018/img/17.jpg",
    "shooter_tracklet_id": 9,
    "bbox": {
        "x": 339,
        "y": 497,
        "w": 100,
        "h": 100
    },
    "keypoint_2d": {
        "0": {
            "name": "Center of Hips",
            "x": 53.8,
            "y": 51.66
        },
        "1": {
            "name": "Left Hip",
            "x": 48.05,
            "y": 49.51
        },
        "2": {
            "name": "Left Knee",
            "x": 41.53,
            "y": 59.14
        },
        "3": {
            "name": "Left Ankle",
            "x": 42.27,
            "y": 74.11
        },
        "4": {
            "name": "Right Hip",
            "x": 58.71,
            "y": 50.67
        },
        "5": {
            "name": "Right Knee",
            "x": 53.01,
            "y": 61.9
        },
        "6": {
            "name": "Right Ankle",
            "x": 54.05,
            "y": 71.17
        },
        "7": {
            "name": "Center of Body",
            "x": 54.7,
            "y": 39.12
        },
        "8": {
            "name": "Center of Shoulder",
            "x": 56.24,
            "y": 29.07
        },
        "9": {
            "name": "Neck",
            "x": 56.77,
            "y": 27.55
        },
        "10": {
            "name": "Head",
            "x": 58.96,
            "y": 24.61
        },
        "11": {
            "name": "Right Shoulder",
            "x": 61.31,
            "y": 30.13
        },
        "12": {
            "name": "Right Elbow",
            "x": 65.24,
            "y": 36.38
        },
        "13": {
            "name": "Right Wrist",
            "x": 62.92,
            "y": 40.39
        },
        "14": {
            "name": "Left Shoulder",
            "x": 51.11,
            "y": 29.28
        },
        "15": {
            "name": "Left Elbow",
            "x": 44.62,
            "y": 35.76
        },
        "16": {
            "name": "Left Wrist",
            "x": 49.78,
            "y": 35.58
        }
    },
    "keypoint_3d": {
        "0": {
            "name": "Center of Hips",
            "x": 0.0,
            "y": 0.0,
            "z": 0.48192137479782104
        },
        "1": {
            "name": "Left Hip",
            "x": 0.08871351927518845,
            "y": -0.06098034977912903,
            "z": 0.48588088154792786
        },
        "2": {
            "name": "Left Knee",
            "x": 0.2957976460456848,
            "y": 0.08251231908798218,
            "z": 0.2983568608760834
        },
        "3": {
            "name": "Left Ankle",
            "x": 0.20099307596683502,
            "y": 0.0020783517975360155,
            "z": 0.0
        },
        "4": {
            "name": "Right Hip",
            "x": -0.08542156219482422,
            "y": 0.0736507773399353,
            "z": 0.4657984972000122
        },
        "5": {
            "name": "Right Knee",
            "x": 0.05687448009848595,
            "y": 0.09745368361473083,
            "z": 0.2235909104347229
        },
        "6": {
            "name": "Right Ankle",
            "x": -0.04946168139576912,
            "y": -0.08629142493009567,
            "z": 0.023353558033704758
        },
        "7": {
            "name": "Center of Body",
            "x": -0.025123463943600655,
            "y": -0.004468798171728849,
            "z": 0.6804355382919312
        },
        "8": {
            "name": "Center of Shoulder",
            "x": -0.0474139004945755,
            "y": 0.010900446213781834,
            "z": 0.8811301589012146
        },
        "9": {
            "name": "Neck",
            "x": -0.03652437776327133,
            "y": 0.07666442543268204,
            "z": 0.9311537146568298
        },
        "10": {
            "name": "Head",
            "x": -0.0687120333313942,
            "y": 0.09348252415657043,
            "z": 1.0
        },
        "11": {
            "name": "Right Shoulder",
            "x": -0.14768993854522705,
            "y": 0.04995113983750343,
            "z": 0.8644781112670898
        },
        "12": {
            "name": "Right Elbow",
            "x": -0.1966574639081955,
            "y": 0.13449646532535553,
            "z": 0.7295553684234619
        },
        "13": {
            "name": "Right Wrist",
            "x": -0.08862292766571045,
            "y": 0.2740551829338074,
            "z": 0.7232269644737244
        },
        "14": {
            "name": "Left Shoulder",
            "x": 0.0387844517827034,
            "y": -0.04073776677250862,
            "z": 0.8819802403450012
        },
        "15": {
            "name": "Left Elbow",
            "x": 0.197775200009346,
            "y": -0.04806171730160713,
            "z": 0.7844454050064087
        },
        "16": {
            "name": "Left Wrist",
            "x": 0.12270600348711014,
            "y": 0.11158272624015808,
            "z": 0.813103199005127
        }
    }
}