{
    "image_path": "00018/img/18.jpg",
    "shooter_tracklet_id": 9,
    "bbox": {
        "x": 340,
        "y": 498,
        "w": 100,
        "h": 100
    },
    "keypont_2d": {
        "0": {
            "name": "Center of Hips",
            "x": 53.67,
            "y": 50.52
        },
        "1": {
            "name": "Left Hip",
            "x": 48.16,
            "y": 48.34
        },
        "2": {
            "name": "Left Knee",
            "x": 40.37,
            "y": 58.37
        },
        "3": {
            "name": "Left Ankle",
            "x": 37.24,
            "y": 71.66
        },
        "4": {
            "name": "Right Hip",
            "x": 58.89,
            "y": 51.86
        },
        "5": {
            "name": "Right Knee",
            "x": 50.68,
            "y": 64.24
        },
        "6": {
            "name": "Right Ankle",
            "x": 48.2,
            "y": 75.59
        },
        "7": {
            "name": "Center of Body",
            "x": 55.4,
            "y": 40.12
        },
        "8": {
            "name": "Center of Shoulder",
            "x": 57.42,
            "y": 29.33
        },
        "9": {
            "name": "Neck",
            "x": 57.75,
            "y": 28.15
        },
        "10": {
            "name": "Head",
            "x": 58.72,
            "y": 24.72
        },
        "11": {
            "name": "Right Shoulder",
            "x": 62.26,
            "y": 30.48
        },
        "12": {
            "name": "Right Elbow",
            "x": 62.19,
            "y": 38.26
        },
        "13": {
            "name": "Right Wrist",
            "x": 62.11,
            "y": 43.89
        },
        "14": {
            "name": "Left Shoulder",
            "x": 51.8,
            "y": 29.28
        },
        "15": {
            "name": "Left Elbow",
            "x": 46.86,
            "y": 34.82
        },
        "16": {
            "name": "Left Wrist",
            "x": 43.29,
            "y": 37.99
        }
    },
    "keypont_3d": {
        "0": {
            "name": "Center of Hips",
            "x": 0.0,
            "y": 0.0,
            "z": 0.4961581528186798
        },
        "1": {
            "name": "Left Hip",
            "x": 0.0799492597579956,
            "y": -0.06185253709554672,
            "z": 0.5095818638801575
        },
        "2": {
            "name": "Left Knee",
            "x": 0.30633729696273804,
            "y": 0.07375187426805496,
            "z": 0.3482978641986847
        },
        "3": {
            "name": "Left Ankle",
            "x": 0.2984418272972107,
            "y": -0.025401726365089417,
            "z": 0.046936314553022385
        },
        "4": {
            "name": "Right Hip",
            "x": -0.08122868835926056,
            "y": 0.07577423751354218,
            "z": 0.47652339935302734
        },
        "5": {
            "name": "Right Knee",
            "x": 0.09453075379133224,
            "y": 0.15424925088882446,
            "z": 0.24270834028720856
        },
        "6": {
            "name": "Right Ankle",
            "x": 0.04407372325658798,
            "y": -0.02138664200901985,
            "z": 0.0
        },
        "7": {
            "name": "Center of Body",
            "x": -0.028520289808511734,
            "y": 0.005969648249447346,
            "z": 0.6878064274787903
        },
        "8": {
            "name": "Center of Shoulder",
            "x": -0.043568309396505356,
            "y": 0.03562983497977257,
            "z": 0.8870901465415955
        },
        "9": {
            "name": "Neck",
            "x": -0.028026506304740906,
            "y": 0.0997367650270462,
            "z": 0.9316965937614441
        },
        "10": {
            "name": "Head",
            "x": -0.04659651219844818,
            "y": 0.11324470490217209,
            "z": 1.0
        },
        "11": {
            "name": "Right Shoulder",
            "x": -0.14190346002578735,
            "y": 0.061361223459243774,
            "z": 0.8672465682029724
        },
        "12": {
            "name": "Right Elbow",
            "x": -0.19962339103221893,
            "y": 0.016397181898355484,
            "z": 0.7223998308181763
        },
        "13": {
            "name": "Right Wrist",
            "x": -0.10991287976503372,
            "y": 0.161076620221138,
            "z": 0.6523169875144958
        },
        "14": {
            "name": "Left Shoulder",
            "x": 0.04415155202150345,
            "y": -0.023477599024772644,
            "z": 0.8854907155036926
        },
        "15": {
            "name": "Left Elbow",
            "x": 0.15539738535881042,
            "y": -0.07985991984605789,
            "z": 0.7886174917221069
        },
        "16": {
            "name": "Left Wrist",
            "x": 0.21641451120376587,
            "y": 0.0608522854745388,
            "z": 0.7605751156806946
        }
    }
}