{
    "image_path": "00018/img/19.jpg",
    "shooter_tracklet_id": 9,
    "bbox": {
        "x": 342,
        "y": 497,
        "w": 100,
        "h": 100
    },
    "keypont_2d": {
        "0": {
            "name": "Center of Hips",
            "x": 53.73,
            "y": 50.6
        },
        "1": {
            "name": "Left Hip",
            "x": 48.99,
            "y": 48.05
        },
        "2": {
            "name": "Left Knee",
            "x": 40.14,
            "y": 58.25
        },
        "3": {
            "name": "Left Ankle",
            "x": 36.34,
            "y": 68.26
        },
        "4": {
            "name": "Right Hip",
            "x": 59.68,
            "y": 51.33
        },
        "5": {
            "name": "Right Knee",
            "x": 53.74,
            "y": 64.34
        },
        "6": {
            "name": "Right Ankle",
            "x": 50.8,
            "y": 74.45
        },
        "7": {
            "name": "Center of Body",
            "x": 56.89,
            "y": 39.76
        },
        "8": {
            "name": "Center of Shoulder",
            "x": 59.89,
            "y": 29.85
        },
        "9": {
            "name": "Neck",
            "x": 60.31,
            "y": 28.38
        },
        "10": {
            "name": "Head",
            "x": 60.66,
            "y": 24.58
        },
        "11": {
            "name": "Right Shoulder",
            "x": 65.8,
            "y": 32.24
        },
        "12": {
            "name": "Right Elbow",
            "x": 68.47,
            "y": 42.16
        },
        "13": {
            "name": "Right Wrist",
            "x": 70.31,
            "y": 47.52
        },
        "14": {
            "name": "Left Shoulder",
            "x": 53.28,
            "y": 29.22
        },
        "15": {
            "name": "Left Elbow",
            "x": 48.65,
            "y": 34.47
        },
        "16": {
            "name": "Left Wrist",
            "x": 45.56,
            "y": 38.18
        }
    },
    "keypont_3d": {
        "0": {
            "name": "Center of Hips",
            "x": 0.0,
            "y": 0.0,
            "z": 0.5038029551506042
        },
        "1": {
            "name": "Left Hip",
            "x": 0.07730691134929657,
            "y": -0.06050918996334076,
            "z": 0.5247597098350525
        },
        "2": {
            "name": "Left Knee",
            "x": 0.3133392035961151,
            "y": 0.04924364015460014,
            "z": 0.3550156354904175
        },
        "3": {
            "name": "Left Ankle",
            "x": 0.31752878427505493,
            "y": -0.10785186290740967,
            "z": 0.09556916356086731
        },
        "4": {
            "name": "Right Hip",
            "x": -0.08165614306926727,
            "y": 0.07512494176626205,
            "z": 0.4759330749511719
        },
        "5": {
            "name": "Right Knee",
            "x": 0.09865910559892654,
            "y": 0.18296468257904053,
            "z": 0.24227988719940186
        },
        "6": {
            "name": "Right Ankle",
            "x": 0.07408111542463303,
            "y": -0.006848481018096209,
            "z": 0.0
        },
        "7": {
            "name": "Center of Body",
            "x": -0.03644164651632309,
            "y": 0.018511760979890823,
            "z": 0.6895897388458252
        },
        "8": {
            "name": "Center of Shoulder",
            "x": -0.060536812990903854,
            "y": 0.06129688024520874,
            "z": 0.8829393982887268
        },
        "9": {
            "name": "Neck",
            "x": -0.04284119978547096,
            "y": 0.12445232272148132,
            "z": 0.9268369674682617
        },
        "10": {
            "name": "Head",
            "x": -0.04932774603366852,
            "y": 0.13353456556797028,
            "z": 1.0
        },
        "11": {
            "name": "Right Shoulder",
            "x": -0.1685924530029297,
            "y": 0.08856338262557983,
            "z": 0.8463589549064636
        },
        "12": {
            "name": "Right Elbow",
            "x": -0.23433098196983337,
            "y": 0.04439404606819153,
            "z": 0.6673027276992798
        },
        "13": {
            "name": "Right Wrist",
            "x": -0.17887873947620392,
            "y": 0.18814009428024292,
            "z": 0.6053767800331116
        },
        "14": {
            "name": "Left Shoulder",
            "x": 0.03643816336989403,
            "y": -0.002130177104845643,
            "z": 0.8889722228050232
        },
        "15": {
            "name": "Left Elbow",
            "x": 0.12502101063728333,
            "y": -0.06896388530731201,
            "z": 0.7905130982398987
        },
        "16": {
            "name": "Left Wrist",
            "x": 0.2252737432718277,
            "y": 0.04323835298418999,
            "z": 0.7478055357933044
        }
    }
}