{
    "image_path": "00018/img/20.jpg",
    "shooter_tracklet_id": 9,
    "bbox": {
        "x": 342,
        "y": 496,
        "w": 100,
        "h": 100
    },
    "keypoint_2d": {
        "0": {
            "name": "Center of Hips",
            "x": 55.58,
            "y": 50.71
        },
        "1": {
            "name": "Left Hip",
            "x": 51.06,
            "y": 48.23
        },
        "2": {
            "name": "Left Knee",
            "x": 40.43,
            "y": 59.75
        },
        "3": {
            "name": "Left Ankle",
            "x": 34.81,
            "y": 70.33
        },
        "4": {
            "name": "Right Hip",
            "x": 60.8,
            "y": 52.46
        },
        "5": {
            "name": "Right Knee",
            "x": 56.99,
            "y": 65.03
        },
        "6": {
            "name": "Right Ankle",
            "x": 54.29,
            "y": 76.2
        },
        "7": {
            "name": "Center of Body",
            "x": 59.58,
            "y": 39.83
        },
        "8": {
            "name": "Center of Shoulder",
            "x": 62.12,
            "y": 30.76
        },
        "9": {
            "name": "Neck",
            "x": 62.41,
            "y": 29.32
        },
        "10": {
            "name": "Head",
            "x": 63.22,
            "y": 24.81
        },
        "11": {
            "name": "Right Shoulder",
            "x": 66.41,
            "y": 33.24
        },
        "12": {
            "name": "Right Elbow",
            "x": 69.13,
            "y": 44.53
        },
        "13": {
            "name": "Right Wrist",
            "x": 73.37,
            "y": 49.32
        },
        "14": {
            "name": "Left Shoulder",
            "x": 56.78,
            "y": 29.87
        },
        "15": {
            "name": "Left Elbow",
            "x": 50.09,
            "y": 35.94
        },
        "16": {
            "name": "Left Wrist",
            "x": 47.16,
            "y": 40.18
        }
    },
    "keypoint_3d": {
        "0": {
            "name": "Center of Hips",
            "x": 0.0,
            "y": 0.0,
            "z": 0.5088102221488953
        },
        "1": {
            "name": "Left Hip",
            "x": 0.07597414404153824,
            "y": -0.061005525290966034,
            "z": 0.5314706563949585
        },
        "2": {
            "name": "Left Knee",
            "x": 0.31519463658332825,
            "y": -0.0036893202923238277,
            "z": 0.3365282118320465
        },
        "3": {
            "name": "Left Ankle",
            "x": 0.3349439203739166,
            "y": -0.17030386626720428,
            "z": 0.10443630814552307
        },
        "4": {
            "name": "Right Hip",
            "x": -0.07881604880094528,
            "y": 0.07603093981742859,
            "z": 0.47883370518684387
        },
        "5": {
            "name": "Right Knee",
            "x": 0.058584365993738174,
            "y": 0.18063057959079742,
            "z": 0.2330191284418106
        },
        "6": {
            "name": "Right Ankle",
            "x": 0.024215100333094597,
            "y": -0.011696388944983482,
            "z": 0.0
        },
        "7": {
            "name": "Center of Body",
            "x": -0.048286937177181244,
            "y": 0.01823578029870987,
            "z": 0.6916232109069824
        },
        "8": {
            "name": "Center of Shoulder",
            "x": -0.08264083415269852,
            "y": 0.06281840056180954,
            "z": 0.8773279190063477
        },
        "9": {
            "name": "Neck",
            "x": -0.06525525450706482,
            "y": 0.12409225851297379,
            "z": 0.9211178421974182
        },
        "10": {
            "name": "Head",
            "x": -0.06817355751991272,
            "y": 0.13339446485042572,
            "z": 1.0
        },
        "11": {
            "name": "Right Shoulder",
            "x": -0.17881892621517181,
            "y": 0.08938378840684891,
            "z": 0.8296399116516113
        },
        "12": {
            "name": "Right Elbow",
            "x": -0.2523007094860077,
            "y": 0.08144979923963547,
            "z": 0.6263656616210938
        },
        "13": {
            "name": "Right Wrist",
            "x": -0.24914154410362244,
            "y": 0.233059361577034,
            "z": 0.5589277744293213
        },
        "14": {
            "name": "Left Shoulder",
            "x": 0.004805427044630051,
            "y": -0.006622857414186001,
            "z": 0.8826305866241455
        },
        "15": {
            "name": "Left Elbow",
            "x": 0.11295335739850998,
            "y": -0.07592421025037766,
            "z": 0.7807919383049011
        },
        "16": {
            "name": "Left Wrist",
            "x": 0.20651967823505402,
            "y": 0.036865413188934326,
            "z": 0.7247753739356995
        }
    }
}