{
    "image_path": "00019/img/1.jpg",
    "shooter_tracklet_id": 15,
    "bbox": {
        "x": 269,
        "y": 810,
        "w": 100,
        "h": 100
    },
    "keypont_2d": {
        "0": {
            "name": "Center of Hips",
            "x": 52.8,
            "y": 49.91
        },
        "1": {
            "name": "Left Hip",
            "x": 51.63,
            "y": 52.21
        },
        "2": {
            "name": "Left Knee",
            "x": 46.92,
            "y": 62.83
        },
        "3": {
            "name": "Left Ankle",
            "x": 51.93,
            "y": 76.43
        },
        "4": {
            "name": "Right Hip",
            "x": 54.38,
            "y": 51.82
        },
        "5": {
            "name": "Right Knee",
            "x": 53.06,
            "y": 64.16
        },
        "6": {
            "name": "Right Ankle",
            "x": 65.94,
            "y": 75.92
        },
        "7": {
            "name": "Center of Body",
            "x": 50.97,
            "y": 38.79
        },
        "8": {
            "name": "Center of Shoulder",
            "x": 48.77,
            "y": 29.46
        },
        "9": {
            "name": "Neck",
            "x": 48.0,
            "y": 27.81
        },
        "10": {
            "name": "Head",
            "x": 45.25,
            "y": 25.52
        },
        "11": {
            "name": "Right Shoulder",
            "x": 43.47,
            "y": 29.94
        },
        "12": {
            "name": "Right Elbow",
            "x": 39.93,
            "y": 37.93
        },
        "13": {
            "name": "Right Wrist",
            "x": 33.93,
            "y": 43.23
        },
        "14": {
            "name": "Left Shoulder",
            "x": 53.98,
            "y": 28.83
        },
        "15": {
            "name": "Left Elbow",
            "x": 64.14,
            "y": 35.28
        },
        "16": {
            "name": "Left Wrist",
            "x": 67.67,
            "y": 42.52
        }
    },
    "keypont_3d": {
        "0": {
            "name": "Center of Hips",
            "x": 0.0,
            "y": 0.0,
            "z": 0.53810054063797
        },
        "1": {
            "name": "Left Hip",
            "x": -0.014811545610427856,
            "y": -0.0927131175994873,
            "z": 0.5127209424972534
        },
        "2": {
            "name": "Left Knee",
            "x": 0.04354342073202133,
            "y": -0.16040712594985962,
            "z": 0.2671586573123932
        },
        "3": {
            "name": "Left Ankle",
            "x": -0.062055788934230804,
            "y": -0.13014554977416992,
            "z": 0.0
        },
        "4": {
            "name": "Right Hip",
            "x": 0.009267912246286869,
            "y": 0.10696086287498474,
            "z": 0.5409736037254333
        },
        "5": {
            "name": "Right Knee",
            "x": -0.030208369717001915,
            "y": 0.021343307569622993,
            "z": 0.2673458456993103
        },
        "6": {
            "name": "Right Ankle",
            "x": -0.2593589127063751,
            "y": 0.11542468518018723,
            "z": 0.03432481363415718
        },
        "7": {
            "name": "Center of Body",
            "x": 0.031240854412317276,
            "y": -0.023698775097727776,
            "z": 0.7484639883041382
        },
        "8": {
            "name": "Center of Shoulder",
            "x": 0.0621429905295372,
            "y": -0.08371783047914505,
            "z": 0.9270533323287964
        },
        "9": {
            "name": "Neck",
            "x": 0.06019045040011406,
            "y": -0.13396820425987244,
            "z": 0.9493127465248108
        },
        "10": {
            "name": "Head",
            "x": 0.09650003910064697,
            "y": -0.1817096769809723,
            "z": 1.0
        },
        "11": {
            "name": "Right Shoulder",
            "x": 0.18400676548480988,
            "y": -0.03356555104255676,
            "z": 0.9247215390205383
        },
        "12": {
            "name": "Right Elbow",
            "x": 0.29593512415885925,
            "y": 0.05219274014234543,
            "z": 0.7964842915534973
        },
        "13": {
            "name": "Right Wrist",
            "x": 0.3630935549736023,
            "y": -0.07360073924064636,
            "z": 0.6802898645401001
        },
        "14": {
            "name": "Left Shoulder",
            "x": -0.052013371139764786,
            "y": -0.07222547382116318,
            "z": 0.935306191444397
        },
        "15": {
            "name": "Left Elbow",
            "x": -0.21617531776428223,
            "y": 0.029087703675031662,
            "z": 0.820169985294342
        },
        "16": {
            "name": "Left Wrist",
            "x": -0.31200262904167175,
            "y": 0.0015505616320297122,
            "z": 0.6717570424079895
        }
    }
}