{
    "image_path": "00019/img/2.jpg",
    "shooter_tracklet_id": 15,
    "bbox": {
        "x": 269,
        "y": 810,
        "w": 100,
        "h": 100
    },
    "keypont_2d": {
        "0": {
            "name": "Center of Hips",
            "x": 57.12,
            "y": 50.67
        },
        "1": {
            "name": "Left Hip",
            "x": 50.61,
            "y": 52.88
        },
        "2": {
            "name": "Left Knee",
            "x": 45.46,
            "y": 62.45
        },
        "3": {
            "name": "Left Ankle",
            "x": 66.07,
            "y": 74.6
        },
        "4": {
            "name": "Right Hip",
            "x": 51.84,
            "y": 53.5
        },
        "5": {
            "name": "Right Knee",
            "x": 48.28,
            "y": 62.33
        },
        "6": {
            "name": "Right Ankle",
            "x": 51.1,
            "y": 76.81
        },
        "7": {
            "name": "Center of Body",
            "x": 53.56,
            "y": 39.02
        },
        "8": {
            "name": "Center of Shoulder",
            "x": 48.28,
            "y": 29.32
        },
        "9": {
            "name": "Neck",
            "x": 47.5,
            "y": 28.21
        },
        "10": {
            "name": "Head",
            "x": 44.72,
            "y": 25.33
        },
        "11": {
            "name": "Right Shoulder",
            "x": 42.64,
            "y": 29.82
        },
        "12": {
            "name": "Right Elbow",
            "x": 37.73,
            "y": 37.67
        },
        "13": {
            "name": "Right Wrist",
            "x": 32.94,
            "y": 41.96
        },
        "14": {
            "name": "Left Shoulder",
            "x": 54.05,
            "y": 28.71
        },
        "15": {
            "name": "Left Elbow",
            "x": 65.09,
            "y": 35.46
        },
        "16": {
            "name": "Left Wrist",
            "x": 67.79,
            "y": 43.31
        }
    },
    "keypont_3d": {
        "0": {
            "name": "Center of Hips",
            "x": 0.0,
            "y": 0.0,
            "z": 0.5325433015823364
        },
        "1": {
            "name": "Left Hip",
            "x": -0.011980683542788029,
            "y": -0.095307856798172,
            "z": 0.5042223334312439
        },
        "2": {
            "name": "Left Knee",
            "x": 0.05877344310283661,
            "y": -0.16747954487800598,
            "z": 0.269976407289505
        },
        "3": {
            "name": "Left Ankle",
            "x": -0.1627252846956253,
            "y": -0.00911870039999485,
            "z": 0.031011417508125305
        },
        "4": {
            "name": "Right Hip",
            "x": 0.03555498644709587,
            "y": 0.0996832475066185,
            "z": 0.5247560143470764
        },
        "5": {
            "name": "Right Knee",
            "x": 0.036961041390895844,
            "y": -0.053422488272190094,
            "z": 0.2886107563972473
        },
        "6": {
            "name": "Right Ankle",
            "x": -0.02840377949178219,
            "y": -0.06877418607473373,
            "z": 0.0
        },
        "7": {
            "name": "Center of Body",
            "x": 0.010826573707163334,
            "y": -0.006709965877234936,
            "z": 0.7470580339431763
        },
        "8": {
            "name": "Center of Shoulder",
            "x": 0.06308329850435257,
            "y": -0.08106667548418045,
            "z": 0.9256458282470703
        },
        "9": {
            "name": "Neck",
            "x": 0.06357120722532272,
            "y": -0.1326843649148941,
            "z": 0.9477008581161499
        },
        "10": {
            "name": "Head",
            "x": 0.09780303388834,
            "y": -0.18096931278705597,
            "z": 1.0
        },
        "11": {
            "name": "Right Shoulder",
            "x": 0.18885166943073273,
            "y": -0.03804602101445198,
            "z": 0.9219322800636292
        },
        "12": {
            "name": "Right Elbow",
            "x": 0.3170925974845886,
            "y": 0.03282918408513069,
            "z": 0.8018028736114502
        },
        "13": {
            "name": "Right Wrist",
            "x": 0.36363494396209717,
            "y": -0.10931392759084702,
            "z": 0.6919806003570557
        },
        "14": {
            "name": "Left Shoulder",
            "x": -0.05573778599500656,
            "y": -0.06568722426891327,
            "z": 0.934239387512207
        },
        "15": {
            "name": "Left Elbow",
            "x": -0.2330157607793808,
            "y": 0.03638449311256409,
            "z": 0.8191570043563843
        },
        "16": {
            "name": "Left Wrist",
            "x": -0.32413455843925476,
            "y": -0.0004794073465745896,
            "z": 0.6632420420646667
        }
    }
}