{
    "image_path": "00019/img/3.jpg",
    "shooter_tracklet_id": 15,
    "bbox": {
        "x": 269,
        "y": 814,
        "w": 100,
        "h": 100
    },
    "keypoint_2d": {
        "0": {
            "name": "Center of Hips",
            "x": 53.68,
            "y": 50.92
        },
        "1": {
            "name": "Left Hip",
            "x": 50.79,
            "y": 51.13
        },
        "2": {
            "name": "Left Knee",
            "x": 46.56,
            "y": 64.17
        },
        "3": {
            "name": "Left Ankle",
            "x": 65.46,
            "y": 72.64
        },
        "4": {
            "name": "Right Hip",
            "x": 48.28,
            "y": 52.52
        },
        "5": {
            "name": "Right Knee",
            "x": 45.79,
            "y": 65.61
        },
        "6": {
            "name": "Right Ankle",
            "x": 49.51,
            "y": 78.9
        },
        "7": {
            "name": "Center of Body",
            "x": 50.25,
            "y": 39.75
        },
        "8": {
            "name": "Center of Shoulder",
            "x": 45.71,
            "y": 28.1
        },
        "9": {
            "name": "Neck",
            "x": 44.23,
            "y": 28.1
        },
        "10": {
            "name": "Head",
            "x": 41.9,
            "y": 25.89
        },
        "11": {
            "name": "Right Shoulder",
            "x": 38.71,
            "y": 28.96
        },
        "12": {
            "name": "Right Elbow",
            "x": 31.23,
            "y": 35.58
        },
        "13": {
            "name": "Right Wrist",
            "x": 29.63,
            "y": 40.86
        },
        "14": {
            "name": "Left Shoulder",
            "x": 54.42,
            "y": 30.67
        },
        "15": {
            "name": "Left Elbow",
            "x": 61.66,
            "y": 35.58
        },
        "16": {
            "name": "Left Wrist",
            "x": 63.87,
            "y": 42.09
        }
    },
    "keypoint_3d": {
        "0": {
            "name": "Center of Hips",
            "x": 0.0,
            "y": 0.0,
            "z": 0.5459688901901245
        },
        "1": {
            "name": "Left Hip",
            "x": -0.038223814219236374,
            "y": -0.08389747887849808,
            "z": 0.5273488759994507
        },
        "2": {
            "name": "Left Knee",
            "x": 0.02474726177752018,
            "y": -0.14075134694576263,
            "z": 0.2699316143989563
        },
        "3": {
            "name": "Left Ankle",
            "x": -0.2795734405517578,
            "y": 0.05159473419189453,
            "z": 0.0998973548412323
        },
        "4": {
            "name": "Right Hip",
            "x": 0.07346523553133011,
            "y": 0.07378073036670685,
            "z": 0.5326889157295227
        },
        "5": {
            "name": "Right Knee",
            "x": 0.06282305717468262,
            "y": -0.0685650184750557,
            "z": 0.28592562675476074
        },
        "6": {
            "name": "Right Ankle",
            "x": -0.015782590955495834,
            "y": -0.056646429002285004,
            "z": 0.0
        },
        "7": {
            "name": "Center of Body",
            "x": 0.017153235152363777,
            "y": 0.004125944804400206,
            "z": 0.7531591653823853
        },
        "8": {
            "name": "Center of Shoulder",
            "x": 0.07268742471933365,
            "y": -0.07896426320075989,
            "z": 0.9394955039024353
        },
        "9": {
            "name": "Neck",
            "x": 0.08224178850650787,
            "y": -0.14195452630519867,
            "z": 0.9514946341514587
        },
        "10": {
            "name": "Head",
            "x": 0.11680170148611069,
            "y": -0.18444111943244934,
            "z": 1.0
        },
        "11": {
            "name": "Right Shoulder",
            "x": 0.2055225819349289,
            "y": -0.05288074165582657,
            "z": 0.9356272220611572
        },
        "12": {
            "name": "Right Elbow",
            "x": 0.36288928985595703,
            "y": -0.024576518684625626,
            "z": 0.8267178535461426
        },
        "13": {
            "name": "Right Wrist",
            "x": 0.363446980714798,
            "y": -0.1765175312757492,
            "z": 0.7136890888214111
        },
        "14": {
            "name": "Left Shoulder",
            "x": -0.08004115521907806,
            "y": -0.04132779315114021,
            "z": 0.9234278202056885
        },
        "15": {
            "name": "Left Elbow",
            "x": -0.22331860661506653,
            "y": 0.018047522753477097,
            "z": 0.8197131752967834
        },
        "16": {
            "name": "Left Wrist",
            "x": -0.29126814007759094,
            "y": -0.015740545466542244,
            "z": 0.6886661052703857
        }
    }
}