{
    "image_path": "00019/img/4.jpg",
    "shooter_tracklet_id": 15,
    "bbox": {
        "x": 270,
        "y": 817,
        "w": 100,
        "h": 100
    },
    "keypont_2d": {
        "0": {
            "name": "Center of Hips",
            "x": 51.96,
            "y": 49.45
        },
        "1": {
            "name": "Left Hip",
            "x": 45.46,
            "y": 52.52
        },
        "2": {
            "name": "Left Knee",
            "x": 46.81,
            "y": 65.15
        },
        "3": {
            "name": "Left Ankle",
            "x": 62.39,
            "y": 71.53
        },
        "4": {
            "name": "Right Hip",
            "x": 48.53,
            "y": 52.15
        },
        "5": {
            "name": "Right Knee",
            "x": 48.77,
            "y": 63.68
        },
        "6": {
            "name": "Right Ankle",
            "x": 53.07,
            "y": 81.11
        },
        "7": {
            "name": "Center of Body",
            "x": 47.91,
            "y": 38.4
        },
        "8": {
            "name": "Center of Shoulder",
            "x": 43.78,
            "y": 27.84
        },
        "9": {
            "name": "Neck",
            "x": 43.01,
            "y": 26.71
        },
        "10": {
            "name": "Head",
            "x": 39.87,
            "y": 24.26
        },
        "11": {
            "name": "Right Shoulder",
            "x": 37.73,
            "y": 29.2
        },
        "12": {
            "name": "Right Elbow",
            "x": 31.96,
            "y": 35.46
        },
        "13": {
            "name": "Right Wrist",
            "x": 28.77,
            "y": 39.14
        },
        "14": {
            "name": "Left Shoulder",
            "x": 48.77,
            "y": 27.24
        },
        "15": {
            "name": "Left Elbow",
            "x": 57.73,
            "y": 35.83
        },
        "16": {
            "name": "Left Wrist",
            "x": 55.89,
            "y": 41.84
        }
    },
    "keypont_3d": {
        "0": {
            "name": "Center of Hips",
            "x": 0.0,
            "y": 0.0,
            "z": 0.5567603707313538
        },
        "1": {
            "name": "Left Hip",
            "x": -0.015562379732728004,
            "y": -0.08791036903858185,
            "z": 0.5297017693519592
        },
        "2": {
            "name": "Left Knee",
            "x": -0.015186978504061699,
            "y": -0.11776789277791977,
            "z": 0.26398926973342896
        },
        "3": {
            "name": "Left Ankle",
            "x": -0.2980928421020508,
            "y": 0.0018938967259600759,
            "z": 0.14405231177806854
        },
        "4": {
            "name": "Right Hip",
            "x": 0.05367216840386391,
            "y": 0.0850561261177063,
            "z": 0.5514410734176636
        },
        "5": {
            "name": "Right Knee",
            "x": 0.0069070132449269295,
            "y": -0.004609731491655111,
            "z": 0.2984429895877838
        },
        "6": {
            "name": "Right Ankle",
            "x": -0.06150921806693077,
            "y": 0.024467337876558304,
            "z": 0.0
        },
        "7": {
            "name": "Center of Body",
            "x": 0.0187296774238348,
            "y": -0.003439954249188304,
            "z": 0.7618403434753418
        },
        "8": {
            "name": "Center of Shoulder",
            "x": 0.06951247900724411,
            "y": -0.07370014488697052,
            "z": 0.9420292973518372
        },
        "9": {
            "name": "Neck",
            "x": 0.07094711065292358,
            "y": -0.13375654816627502,
            "z": 0.9536339044570923
        },
        "10": {
            "name": "Head",
            "x": 0.10797587782144547,
            "y": -0.17492146790027618,
            "z": 1.0
        },
        "11": {
            "name": "Right Shoulder",
            "x": 0.20325905084609985,
            "y": -0.04939933866262436,
            "z": 0.934596061706543
        },
        "12": {
            "name": "Right Elbow",
            "x": 0.3504638671875,
            "y": -0.015992462635040283,
            "z": 0.8376366496086121
        },
        "13": {
            "name": "Right Wrist",
            "x": 0.33023062348365784,
            "y": -0.1707366555929184,
            "z": 0.7400040626525879
        },
        "14": {
            "name": "Left Shoulder",
            "x": -0.06793837994337082,
            "y": -0.050401415675878525,
            "z": 0.930310845375061
        },
        "15": {
            "name": "Left Elbow",
            "x": -0.19976043701171875,
            "y": -0.03169124573469162,
            "z": 0.7977125644683838
        },
        "16": {
            "name": "Left Wrist",
            "x": -0.15787501633167267,
            "y": 0.03067895956337452,
            "z": 0.7096897959709167
        }
    }
}