{
    "image_path": "00019/img/5.jpg",
    "shooter_tracklet_id": 15,
    "bbox": {
        "x": 271,
        "y": 817,
        "w": 100,
        "h": 100
    },
    "keypont_2d": {
        "0": {
            "name": "Center of Hips",
            "x": 52.7,
            "y": 49.33
        },
        "1": {
            "name": "Left Hip",
            "x": 47.06,
            "y": 52.52
        },
        "2": {
            "name": "Left Knee",
            "x": 46.07,
            "y": 66.5
        },
        "3": {
            "name": "Left Ankle",
            "x": 59.57,
            "y": 69.69
        },
        "4": {
            "name": "Right Hip",
            "x": 51.29,
            "y": 52.39
        },
        "5": {
            "name": "Right Knee",
            "x": 52.92,
            "y": 64.49
        },
        "6": {
            "name": "Right Ankle",
            "x": 59.55,
            "y": 80.25
        },
        "7": {
            "name": "Center of Body",
            "x": 47.67,
            "y": 38.65
        },
        "8": {
            "name": "Center of Shoulder",
            "x": 42.64,
            "y": 27.61
        },
        "9": {
            "name": "Neck",
            "x": 42.33,
            "y": 26.72
        },
        "10": {
            "name": "Head",
            "x": 39.69,
            "y": 24.66
        },
        "11": {
            "name": "Right Shoulder",
            "x": 36.5,
            "y": 27.24
        },
        "12": {
            "name": "Right Elbow",
            "x": 28.04,
            "y": 34.97
        },
        "13": {
            "name": "Right Wrist",
            "x": 31.1,
            "y": 38.4
        },
        "14": {
            "name": "Left Shoulder",
            "x": 49.75,
            "y": 28.59
        },
        "15": {
            "name": "Left Elbow",
            "x": 53.71,
            "y": 34.92
        },
        "16": {
            "name": "Left Wrist",
            "x": 53.82,
            "y": 40.21
        }
    },
    "keypont_3d": {
        "0": {
            "name": "Center of Hips",
            "x": 0.0,
            "y": 0.0,
            "z": 0.559677243232727
        },
        "1": {
            "name": "Left Hip",
            "x": 0.005179035011678934,
            "y": -0.09226915240287781,
            "z": 0.5231651663780212
        },
        "2": {
            "name": "Left Knee",
            "x": -0.0037812567315995693,
            "y": -0.10558930039405823,
            "z": 0.2563314139842987
        },
        "3": {
            "name": "Left Ankle",
            "x": -0.28228098154067993,
            "y": -0.07082942873239517,
            "z": 0.1583799570798874
        },
        "4": {
            "name": "Right Hip",
            "x": 0.01925838179886341,
            "y": 0.09501621872186661,
            "z": 0.5570700764656067
        },
        "5": {
            "name": "Right Knee",
            "x": -0.047901660203933716,
            "y": 0.04161200299859047,
            "z": 0.30656319856643677
        },
        "6": {
            "name": "Right Ankle",
            "x": -0.12192071974277496,
            "y": 0.11090420931577682,
            "z": 0.0
        },
        "7": {
            "name": "Center of Body",
            "x": 0.02880345657467842,
            "y": -0.018070070073008537,
            "z": 0.7639378905296326
        },
        "8": {
            "name": "Center of Shoulder",
            "x": 0.08420030027627945,
            "y": -0.08355743438005447,
            "z": 0.9423778057098389
        },
        "9": {
            "name": "Neck",
            "x": 0.08089082688093185,
            "y": -0.13996103405952454,
            "z": 0.9562669992446899
        },
        "10": {
            "name": "Head",
            "x": 0.11798328906297684,
            "y": -0.18105731904506683,
            "z": 1.0
        },
        "11": {
            "name": "Right Shoulder",
            "x": 0.20867124199867249,
            "y": -0.054493218660354614,
            "z": 0.9359866380691528
        },
        "12": {
            "name": "Right Elbow",
            "x": 0.35772502422332764,
            "y": -0.03659267723560333,
            "z": 0.8402373790740967
        },
        "13": {
            "name": "Right Wrist",
            "x": 0.29632145166397095,
            "y": -0.19930234551429749,
            "z": 0.7504212260246277
        },
        "14": {
            "name": "Left Shoulder",
            "x": -0.030635174363851547,
            "y": -0.08854276686906815,
            "z": 0.9380026459693909
        },
        "15": {
            "name": "Left Elbow",
            "x": -0.14833202958106995,
            "y": -0.08781399577856064,
            "z": 0.8043463230133057
        },
        "16": {
            "name": "Left Wrist",
            "x": -0.10371441394090652,
            "y": 0.012986945919692516,
            "z": 0.7315824031829834
        }
    }
}