{
    "image_path": "00019/img/6.jpg",
    "shooter_tracklet_id": 15,
    "bbox": {
        "x": 272,
        "y": 815,
        "w": 100,
        "h": 100
    },
    "keypoint_2d": {
        "0": {
            "name": "Center of Hips",
            "x": 51.37,
            "y": 50.0
        },
        "1": {
            "name": "Left Hip",
            "x": 56.32,
            "y": 49.78
        },
        "2": {
            "name": "Left Knee",
            "x": 60.2,
            "y": 65.26
        },
        "3": {
            "name": "Left Ankle",
            "x": 67.76,
            "y": 79.17
        },
        "4": {
            "name": "Right Hip",
            "x": 46.53,
            "y": 50.39
        },
        "5": {
            "name": "Right Knee",
            "x": 45.52,
            "y": 65.74
        },
        "6": {
            "name": "Right Ankle",
            "x": 55.1,
            "y": 74.13
        },
        "7": {
            "name": "Center of Body",
            "x": 47.89,
            "y": 37.88
        },
        "8": {
            "name": "Center of Shoulder",
            "x": 45.47,
            "y": 28.57
        },
        "9": {
            "name": "Neck",
            "x": 44.43,
            "y": 27.05
        },
        "10": {
            "name": "Head",
            "x": 42.6,
            "y": 24.14
        },
        "11": {
            "name": "Right Shoulder",
            "x": 40.57,
            "y": 29.45
        },
        "12": {
            "name": "Right Elbow",
            "x": 43.32,
            "y": 40.78
        },
        "13": {
            "name": "Right Wrist",
            "x": 41.73,
            "y": 49.77
        },
        "14": {
            "name": "Left Shoulder",
            "x": 49.87,
            "y": 27.58
        },
        "15": {
            "name": "Left Elbow",
            "x": 53.06,
            "y": 39.78
        },
        "16": {
            "name": "Left Wrist",
            "x": 42.57,
            "y": 39.61
        }
    },
    "keypoint_3d": {
        "0": {
            "name": "Center of Hips",
            "x": 0.0,
            "y": 0.0,
            "z": 0.5185746550559998
        },
        "1": {
            "name": "Left Hip",
            "x": -0.08735497295856476,
            "y": -0.050959210842847824,
            "z": 0.4933772087097168
        },
        "2": {
            "name": "Left Knee",
            "x": -0.11407661437988281,
            "y": -0.05191981419920921,
            "z": 0.1765202432870865
        },
        "3": {
            "name": "Left Ankle",
            "x": -0.25749245285987854,
            "y": 0.16624119877815247,
            "z": 0.024169959127902985
        },
        "4": {
            "name": "Right Hip",
            "x": 0.09454327076673508,
            "y": 0.04825025796890259,
            "z": 0.5119837522506714
        },
        "5": {
            "name": "Right Knee",
            "x": 0.028612345457077026,
            "y": -0.03428720682859421,
            "z": 0.19570264220237732
        },
        "6": {
            "name": "Right Ankle",
            "x": -0.06292453408241272,
            "y": 0.1964924931526184,
            "z": 0.0
        },
        "7": {
            "name": "Center of Body",
            "x": 0.04855550453066826,
            "y": -0.027123069390654564,
            "z": 0.7345254421234131
        },
        "8": {
            "name": "Center of Shoulder",
            "x": 0.09331454336643219,
            "y": -0.09939325600862503,
            "z": 0.9252426624298096
        },
        "9": {
            "name": "Neck",
            "x": 0.0904046967625618,
            "y": -0.16011019051074982,
            "z": 0.9436532855033875
        },
        "10": {
            "name": "Head",
            "x": 0.1255134493112564,
            "y": -0.1926850527524948,
            "z": 1.0
        },
        "11": {
            "name": "Right Shoulder",
            "x": 0.2198396921157837,
            "y": -0.04182633012533188,
            "z": 0.9175745844841003
        },
        "12": {
            "name": "Right Elbow",
            "x": 0.21740607917308807,
            "y": 0.09928959608078003,
            "z": 0.7219499945640564
        },
        "13": {
            "name": "Right Wrist",
            "x": 0.21180763840675354,
            "y": 0.007207463961094618,
            "z": 0.5417394042015076
        },
        "14": {
            "name": "Left Shoulder",
            "x": -0.022338692098855972,
            "y": -0.09884746372699738,
            "z": 0.9272342324256897
        },
        "15": {
            "name": "Left Elbow",
            "x": -0.10898689180612564,
            "y": -0.1232692077755928,
            "z": 0.7174190282821655
        },
        "16": {
            "name": "Left Wrist",
            "x": 0.050232358276844025,
            "y": -0.14239956438541412,
            "z": 0.6877992153167725
        }
    }
}