{
    "image_path": "00019/img/7.jpg",
    "shooter_tracklet_id": 15,
    "bbox": {
        "x": 272,
        "y": 815,
        "w": 100,
        "h": 100
    },
    "keypoint_2d": {
        "0": {
            "name": "Center of Hips",
            "x": 51.62,
            "y": 49.96
        },
        "1": {
            "name": "Left Hip",
            "x": 57.08,
            "y": 49.67
        },
        "2": {
            "name": "Left Knee",
            "x": 64.71,
            "y": 64.93
        },
        "3": {
            "name": "Left Ankle",
            "x": 74.51,
            "y": 77.39
        },
        "4": {
            "name": "Right Hip",
            "x": 46.72,
            "y": 49.89
        },
        "5": {
            "name": "Right Knee",
            "x": 43.06,
            "y": 65.65
        },
        "6": {
            "name": "Right Ankle",
            "x": 48.4,
            "y": 73.99
        },
        "7": {
            "name": "Center of Body",
            "x": 49.36,
            "y": 38.74
        },
        "8": {
            "name": "Center of Shoulder",
            "x": 46.3,
            "y": 28.9
        },
        "9": {
            "name": "Neck",
            "x": 45.78,
            "y": 27.15
        },
        "10": {
            "name": "Head",
            "x": 43.38,
            "y": 24.55
        },
        "11": {
            "name": "Right Shoulder",
            "x": 42.58,
            "y": 29.25
        },
        "12": {
            "name": "Right Elbow",
            "x": 45.98,
            "y": 40.74
        },
        "13": {
            "name": "Right Wrist",
            "x": 36.63,
            "y": 41.71
        },
        "14": {
            "name": "Left Shoulder",
            "x": 50.07,
            "y": 28.69
        },
        "15": {
            "name": "Left Elbow",
            "x": 48.58,
            "y": 39.94
        },
        "16": {
            "name": "Left Wrist",
            "x": 36.19,
            "y": 36.04
        }
    },
    "keypoint_3d": {
        "0": {
            "name": "Center of Hips",
            "x": 0.0,
            "y": 0.0,
            "z": 0.5476456880569458
        },
        "1": {
            "name": "Left Hip",
            "x": -0.1133374348282814,
            "y": 0.016941606998443604,
            "z": 0.5506553649902344
        },
        "2": {
            "name": "Left Knee",
            "x": -0.21960794925689697,
            "y": 0.06512558460235596,
            "z": 0.24788661301136017
        },
        "3": {
            "name": "Left Ankle",
            "x": -0.2590804398059845,
            "y": 0.3102605938911438,
            "z": 0.0
        },
        "4": {
            "name": "Right Hip",
            "x": 0.10206353664398193,
            "y": -0.0017985625891014934,
            "z": 0.5379071831703186
        },
        "5": {
            "name": "Right Knee",
            "x": 0.1010541021823883,
            "y": -0.08546319603919983,
            "z": 0.2310822755098343
        },
        "6": {
            "name": "Right Ankle",
            "x": 0.05589147284626961,
            "y": 0.1427396833896637,
            "z": 0.06931117922067642
        },
        "7": {
            "name": "Center of Body",
            "x": 0.043899551033973694,
            "y": -0.033040862530469894,
            "z": 0.7463856339454651
        },
        "8": {
            "name": "Center of Shoulder",
            "x": 0.08126924186944962,
            "y": -0.09063008427619934,
            "z": 0.9242534637451172
        },
        "9": {
            "name": "Neck",
            "x": 0.0719810351729393,
            "y": -0.14576838910579681,
            "z": 0.9435822367668152
        },
        "10": {
            "name": "Head",
            "x": 0.10899962484836578,
            "y": -0.16670219600200653,
            "z": 1.0
        },
        "11": {
            "name": "Right Shoulder",
            "x": 0.18316644430160522,
            "y": -0.040072403848171234,
            "z": 0.9168297648429871
        },
        "12": {
            "name": "Right Elbow",
            "x": 0.17862948775291443,
            "y": 0.08676256239414215,
            "z": 0.7345219850540161
        },
        "13": {
            "name": "Right Wrist",
            "x": 0.27334150671958923,
            "y": -0.04806763306260109,
            "z": 0.6631500720977783
        },
        "14": {
            "name": "Left Shoulder",
            "x": -0.005152846220880747,
            "y": -0.09303772449493408,
            "z": 0.9229526519775391
        },
        "15": {
            "name": "Left Elbow",
            "x": -0.011338641867041588,
            "y": -0.11128125339746475,
            "z": 0.7265276908874512
        },
        "16": {
            "name": "Left Wrist",
            "x": 0.15734079480171204,
            "y": -0.2360861748456955,
            "z": 0.7356040477752686
        }
    }
}