{
    "image_path": "00019/img/8.jpg",
    "shooter_tracklet_id": 15,
    "bbox": {
        "x": 271,
        "y": 815,
        "w": 100,
        "h": 100
    },
    "keypont_2d": {
        "0": {
            "name": "Center of Hips",
            "x": 52.54,
            "y": 50.55
        },
        "1": {
            "name": "Left Hip",
            "x": 57.15,
            "y": 50.91
        },
        "2": {
            "name": "Left Knee",
            "x": 66.07,
            "y": 65.5
        },
        "3": {
            "name": "Left Ankle",
            "x": 76.27,
            "y": 78.43
        },
        "4": {
            "name": "Right Hip",
            "x": 47.03,
            "y": 50.1
        },
        "5": {
            "name": "Right Knee",
            "x": 39.58,
            "y": 63.9
        },
        "6": {
            "name": "Right Ankle",
            "x": 42.17,
            "y": 77.42
        },
        "7": {
            "name": "Center of Body",
            "x": 49.55,
            "y": 41.31
        },
        "8": {
            "name": "Center of Shoulder",
            "x": 46.89,
            "y": 30.57
        },
        "9": {
            "name": "Neck",
            "x": 46.29,
            "y": 28.87
        },
        "10": {
            "name": "Head",
            "x": 43.79,
            "y": 26.27
        },
        "11": {
            "name": "Right Shoulder",
            "x": 44.23,
            "y": 31.2
        },
        "12": {
            "name": "Right Elbow",
            "x": 50.94,
            "y": 37.35
        },
        "13": {
            "name": "Right Wrist",
            "x": 49.13,
            "y": 46.56
        },
        "14": {
            "name": "Left Shoulder",
            "x": 49.59,
            "y": 29.86
        },
        "15": {
            "name": "Left Elbow",
            "x": 45.79,
            "y": 40.86
        },
        "16": {
            "name": "Left Wrist",
            "x": 36.83,
            "y": 40.52
        }
    },
    "keypont_3d": {
        "0": {
            "name": "Center of Hips",
            "x": 0.0,
            "y": 0.0,
            "z": 0.5301157832145691
        },
        "1": {
            "name": "Left Hip",
            "x": -0.11642301827669144,
            "y": 0.013695873320102692,
            "z": 0.5249479413032532
        },
        "2": {
            "name": "Left Knee",
            "x": -0.26102495193481445,
            "y": 0.11749779433012009,
            "z": 0.22407227754592896
        },
        "3": {
            "name": "Left Ankle",
            "x": -0.3265422284603119,
            "y": 0.37010857462882996,
            "z": 0.01066196896135807
        },
        "4": {
            "name": "Right Hip",
            "x": 0.1134333610534668,
            "y": -0.002599484985694289,
            "z": 0.5311846137046814
        },
        "5": {
            "name": "Right Knee",
            "x": 0.1928023099899292,
            "y": -0.11100935935974121,
            "z": 0.23759305477142334
        },
        "6": {
            "name": "Right Ankle",
            "x": 0.19472502171993256,
            "y": 0.09568240493535995,
            "z": 0.0
        },
        "7": {
            "name": "Center of Body",
            "x": 0.04453695937991142,
            "y": -0.03150361403822899,
            "z": 0.7311281561851501
        },
        "8": {
            "name": "Center of Shoulder",
            "x": 0.08478119224309921,
            "y": -0.09151732921600342,
            "z": 0.9188666939735413
        },
        "9": {
            "name": "Neck",
            "x": 0.07532176375389099,
            "y": -0.14265616238117218,
            "z": 0.9420568943023682
        },
        "10": {
            "name": "Head",
            "x": 0.11838692426681519,
            "y": -0.17264820635318756,
            "z": 1.0
        },
        "11": {
            "name": "Right Shoulder",
            "x": 0.16982518136501312,
            "y": -0.036832597106695175,
            "z": 0.9208255410194397
        },
        "12": {
            "name": "Right Elbow",
            "x": 0.112625353038311,
            "y": 0.15055090188980103,
            "z": 0.806389331817627
        },
        "13": {
            "name": "Right Wrist",
            "x": 0.22811803221702576,
            "y": 0.12207435816526413,
            "z": 0.6691714525222778
        },
        "14": {
            "name": "Left Shoulder",
            "x": 0.015527698211371899,
            "y": -0.09684228152036667,
            "z": 0.9245418906211853
        },
        "15": {
            "name": "Left Elbow",
            "x": 0.10088931024074554,
            "y": -0.09670300781726837,
            "z": 0.7457299828529358
        },
        "16": {
            "name": "Left Wrist",
            "x": 0.2441500574350357,
            "y": -0.22611786425113678,
            "z": 0.7195274233818054
        }
    }
}