{
    "image_path": "00019/img/9.jpg",
    "shooter_tracklet_id": 15,
    "bbox": {
        "x": 271,
        "y": 817,
        "w": 100,
        "h": 100
    },
    "keypont_2d": {
        "0": {
            "name": "Center of Hips",
            "x": 49.1,
            "y": 51.43
        },
        "1": {
            "name": "Left Hip",
            "x": 53.07,
            "y": 50.78
        },
        "2": {
            "name": "Left Knee",
            "x": 62.98,
            "y": 64.7
        },
        "3": {
            "name": "Left Ankle",
            "x": 79.39,
            "y": 71.6
        },
        "4": {
            "name": "Right Hip",
            "x": 44.86,
            "y": 51.91
        },
        "5": {
            "name": "Right Knee",
            "x": 37.66,
            "y": 63.54
        },
        "6": {
            "name": "Right Ankle",
            "x": 33.92,
            "y": 79.66
        },
        "7": {
            "name": "Center of Body",
            "x": 47.12,
            "y": 41.12
        },
        "8": {
            "name": "Center of Shoulder",
            "x": 44.5,
            "y": 31.89
        },
        "9": {
            "name": "Neck",
            "x": 43.9,
            "y": 30.45
        },
        "10": {
            "name": "Head",
            "x": 42.58,
            "y": 26.73
        },
        "11": {
            "name": "Right Shoulder",
            "x": 41.52,
            "y": 33.09
        },
        "12": {
            "name": "Right Elbow",
            "x": 48.36,
            "y": 39.17
        },
        "13": {
            "name": "Right Wrist",
            "x": 46.68,
            "y": 47.72
        },
        "14": {
            "name": "Left Shoulder",
            "x": 47.34,
            "y": 30.53
        },
        "15": {
            "name": "Left Elbow",
            "x": 43.11,
            "y": 43.31
        },
        "16": {
            "name": "Left Wrist",
            "x": 35.35,
            "y": 44.21
        }
    },
    "keypont_3d": {
        "0": {
            "name": "Center of Hips",
            "x": 0.0,
            "y": 0.0,
            "z": 0.5541398525238037
        },
        "1": {
            "name": "Left Hip",
            "x": -0.11367489397525787,
            "y": -0.01786566711962223,
            "z": 0.5532660484313965
        },
        "2": {
            "name": "Left Knee",
            "x": -0.2583960294723511,
            "y": 0.10718055069446564,
            "z": 0.2950367033481598
        },
        "3": {
            "name": "Left Ankle",
            "x": -0.38329029083251953,
            "y": 0.359384685754776,
            "z": 0.26301833987236023
        },
        "4": {
            "name": "Right Hip",
            "x": 0.1039152592420578,
            "y": 0.015470349229872227,
            "z": 0.553213894367218
        },
        "5": {
            "name": "Right Knee",
            "x": 0.17081910371780396,
            "y": -0.13794463872909546,
            "z": 0.2992299795150757
        },
        "6": {
            "name": "Right Ankle",
            "x": 0.2727413475513458,
            "y": -0.010008491575717926,
            "z": 0.0
        },
        "7": {
            "name": "Center of Body",
            "x": 0.034883562475442886,
            "y": -0.03151950612664223,
            "z": 0.7446366548538208
        },
        "8": {
            "name": "Center of Shoulder",
            "x": 0.06912117451429367,
            "y": -0.0904855951666832,
            "z": 0.9180637001991272
        },
        "9": {
            "name": "Neck",
            "x": 0.056410983204841614,
            "y": -0.1431276649236679,
            "z": 0.934068500995636
        },
        "10": {
            "name": "Head",
            "x": 0.08375303447246552,
            "y": -0.1709316223859787,
            "z": 1.0
        },
        "11": {
            "name": "Right Shoulder",
            "x": 0.13973847031593323,
            "y": -0.059673506766557693,
            "z": 0.9064353704452515
        },
        "12": {
            "name": "Right Elbow",
            "x": 0.07348135858774185,
            "y": 0.13059020042419434,
            "z": 0.8095315098762512
        },
        "13": {
            "name": "Right Wrist",
            "x": 0.08792304992675781,
            "y": 0.09458068758249283,
            "z": 0.6329647302627563
        },
        "14": {
            "name": "Left Shoulder",
            "x": 0.012786450795829296,
            "y": -0.08764315396547318,
            "z": 0.9289726614952087
        },
        "15": {
            "name": "Left Elbow",
            "x": 0.11603328585624695,
            "y": -0.06645969301462173,
            "z": 0.7333056330680847
        },
        "16": {
            "name": "Left Wrist",
            "x": 0.2193862497806549,
            "y": -0.1767762452363968,
            "z": 0.6776952743530273
        }
    }
}