{
    "image_path": "00019/img/10.jpg",
    "shooter_tracklet_id": 15,
    "bbox": {
        "x": 271,
        "y": 817,
        "w": 100,
        "h": 100
    },
    "keypont_2d": {
        "0": {
            "name": "Center of Hips",
            "x": 49.86,
            "y": 52.31
        },
        "1": {
            "name": "Left Hip",
            "x": 52.73,
            "y": 52.79
        },
        "2": {
            "name": "Left Knee",
            "x": 64.12,
            "y": 68.12
        },
        "3": {
            "name": "Left Ankle",
            "x": 78.1,
            "y": 63.19
        },
        "4": {
            "name": "Right Hip",
            "x": 46.11,
            "y": 54.85
        },
        "5": {
            "name": "Right Knee",
            "x": 37.17,
            "y": 66.9
        },
        "6": {
            "name": "Right Ankle",
            "x": 31.73,
            "y": 81.86
        },
        "7": {
            "name": "Center of Body",
            "x": 47.09,
            "y": 42.81
        },
        "8": {
            "name": "Center of Shoulder",
            "x": 45.52,
            "y": 33.18
        },
        "9": {
            "name": "Neck",
            "x": 45.28,
            "y": 32.29
        },
        "10": {
            "name": "Head",
            "x": 44.75,
            "y": 28.57
        },
        "11": {
            "name": "Right Shoulder",
            "x": 42.25,
            "y": 34.35
        },
        "12": {
            "name": "Right Elbow",
            "x": 39.23,
            "y": 27.31
        },
        "13": {
            "name": "Right Wrist",
            "x": 39.95,
            "y": 21.89
        },
        "14": {
            "name": "Left Shoulder",
            "x": 49.86,
            "y": 32.93
        },
        "15": {
            "name": "Left Elbow",
            "x": 53.51,
            "y": 39.71
        },
        "16": {
            "name": "Left Wrist",
            "x": 48.15,
            "y": 40.22
        }
    },
    "keypont_3d": {
        "0": {
            "name": "Center of Hips",
            "x": 0.0,
            "y": 0.0,
            "z": 0.4993261694908142
        },
        "1": {
            "name": "Left Hip",
            "x": -0.09228222817182541,
            "y": -0.037427868694067,
            "z": 0.4992348551750183
        },
        "2": {
            "name": "Left Knee",
            "x": -0.23233498632907867,
            "y": 0.0984230488538742,
            "z": 0.27466869354248047
        },
        "3": {
            "name": "Left Ankle",
            "x": -0.4243447482585907,
            "y": 0.2533203661441803,
            "z": 0.37452176213264465
        },
        "4": {
            "name": "Right Hip",
            "x": 0.0835847407579422,
            "y": 0.02792547270655632,
            "z": 0.4927296042442322
        },
        "5": {
            "name": "Right Knee",
            "x": 0.16695281863212585,
            "y": -0.10098320245742798,
            "z": 0.2708298861980438
        },
        "6": {
            "name": "Right Ankle",
            "x": 0.27543705701828003,
            "y": -0.046862732619047165,
            "z": 0.0
        },
        "7": {
            "name": "Center of Body",
            "x": 0.03637673333287239,
            "y": -0.02731340005993843,
            "z": 0.6662620306015015
        },
        "8": {
            "name": "Center of Shoulder",
            "x": 0.059012457728385925,
            "y": -0.0733388215303421,
            "z": 0.8234608769416809
        },
        "9": {
            "name": "Neck",
            "x": 0.03701198101043701,
            "y": -0.1269219070672989,
            "z": 0.8297723531723022
        },
        "10": {
            "name": "Head",
            "x": 0.04513804614543915,
            "y": -0.1482459157705307,
            "z": 0.8910298943519592
        },
        "11": {
            "name": "Right Shoulder",
            "x": 0.12671460211277008,
            "y": -0.051464974880218506,
            "z": 0.822330892086029
        },
        "12": {
            "name": "Right Elbow",
            "x": 0.18167150020599365,
            "y": 0.06515787541866302,
            "z": 0.8909471035003662
        },
        "13": {
            "name": "Right Wrist",
            "x": 0.18684536218643188,
            "y": 0.010364331305027008,
            "z": 1.0
        },
        "14": {
            "name": "Left Shoulder",
            "x": -0.03190631791949272,
            "y": -0.0769357830286026,
            "z": 0.8242293000221252
        },
        "15": {
            "name": "Left Elbow",
            "x": -0.11293241381645203,
            "y": -0.1185917928814888,
            "z": 0.7079459428787231
        },
        "16": {
            "name": "Left Wrist",
            "x": 0.010927757248282433,
            "y": -0.09533984214067459,
            "z": 0.680336058139801
        }
    }
}