{
    "image_path": "00019/img/11.jpg",
    "shooter_tracklet_id": 15,
    "bbox": {
        "x": 275,
        "y": 815,
        "w": 100,
        "h": 100
    },
    "keypont_2d": {
        "0": {
            "name": "Center of Hips",
            "x": 51.46,
            "y": 52.27
        },
        "1": {
            "name": "Left Hip",
            "x": 49.98,
            "y": 52.94
        },
        "2": {
            "name": "Left Knee",
            "x": 62.6,
            "y": 66.16
        },
        "3": {
            "name": "Left Ankle",
            "x": 73.17,
            "y": 57.08
        },
        "4": {
            "name": "Right Hip",
            "x": 53.79,
            "y": 53.6
        },
        "5": {
            "name": "Right Knee",
            "x": 40.02,
            "y": 68.12
        },
        "6": {
            "name": "Right Ankle",
            "x": 35.15,
            "y": 81.84
        },
        "7": {
            "name": "Center of Body",
            "x": 50.0,
            "y": 41.96
        },
        "8": {
            "name": "Center of Shoulder",
            "x": 49.71,
            "y": 31.83
        },
        "9": {
            "name": "Neck",
            "x": 49.32,
            "y": 29.9
        },
        "10": {
            "name": "Head",
            "x": 48.84,
            "y": 26.29
        },
        "11": {
            "name": "Right Shoulder",
            "x": 53.96,
            "y": 32.07
        },
        "12": {
            "name": "Right Elbow",
            "x": 56.44,
            "y": 37.27
        },
        "13": {
            "name": "Right Wrist",
            "x": 51.32,
            "y": 37.1
        },
        "14": {
            "name": "Left Shoulder",
            "x": 45.79,
            "y": 31.74
        },
        "15": {
            "name": "Left Elbow",
            "x": 41.79,
            "y": 29.33
        },
        "16": {
            "name": "Left Wrist",
            "x": 44.05,
            "y": 20.53
        }
    },
    "keypont_3d": {
        "0": {
            "name": "Center of Hips",
            "x": 0.0,
            "y": 0.0,
            "z": 0.4954354763031006
        },
        "1": {
            "name": "Left Hip",
            "x": -0.04201985523104668,
            "y": -0.07103454321622849,
            "z": 0.48196175694465637
        },
        "2": {
            "name": "Left Knee",
            "x": -0.19826079905033112,
            "y": 0.043187543749809265,
            "z": 0.2677612006664276
        },
        "3": {
            "name": "Left Ankle",
            "x": -0.42854148149490356,
            "y": 0.007581962738186121,
            "z": 0.3965698778629303
        },
        "4": {
            "name": "Right Hip",
            "x": 0.02362428978085518,
            "y": 0.07103808224201202,
            "z": 0.49168649315834045
        },
        "5": {
            "name": "Right Knee",
            "x": 0.19863750040531158,
            "y": -0.01854912005364895,
            "z": 0.25433361530303955
        },
        "6": {
            "name": "Right Ankle",
            "x": 0.2552105784416199,
            "y": -0.0816916823387146,
            "z": 0.0
        },
        "7": {
            "name": "Center of Body",
            "x": 0.022508753463625908,
            "y": -0.04161513224244118,
            "z": 0.6623148918151855
        },
        "8": {
            "name": "Center of Shoulder",
            "x": 0.02900235913693905,
            "y": -0.0782695934176445,
            "z": 0.8193998336791992
        },
        "9": {
            "name": "Neck",
            "x": 0.011180588975548744,
            "y": -0.1255837082862854,
            "z": 0.8357932567596436
        },
        "10": {
            "name": "Head",
            "x": 0.015965832397341728,
            "y": -0.14355874061584473,
            "z": 0.8938851952552795
        },
        "11": {
            "name": "Right Shoulder",
            "x": -0.010085338726639748,
            "y": -0.012951371259987354,
            "z": 0.8346208333969116
        },
        "12": {
            "name": "Right Elbow",
            "x": 0.0001083543902495876,
            "y": 0.15458519756793976,
            "z": 0.772498369216919
        },
        "13": {
            "name": "Right Wrist",
            "x": 0.11727191507816315,
            "y": 0.23494218289852142,
            "z": 0.7965791821479797
        },
        "14": {
            "name": "Left Shoulder",
            "x": 0.02220943383872509,
            "y": -0.10850504785776138,
            "z": 0.8178701400756836
        },
        "15": {
            "name": "Left Elbow",
            "x": 0.16903415322303772,
            "y": 0.014983116649091244,
            "z": 0.8837778568267822
        },
        "16": {
            "name": "Left Wrist",
            "x": 0.18674850463867188,
            "y": 0.11841490864753723,
            "z": 1.0
        }
    }
}