{
    "image_path": "00019/img/12.jpg",
    "shooter_tracklet_id": 15,
    "bbox": {
        "x": 278,
        "y": 817,
        "w": 100,
        "h": 100
    },
    "keypoint_2d": {
        "0": {
            "name": "Center of Hips",
            "x": 51.18,
            "y": 49.31
        },
        "1": {
            "name": "Left Hip",
            "x": 53.94,
            "y": 50.09
        },
        "2": {
            "name": "Left Knee",
            "x": 49.68,
            "y": 60.73
        },
        "3": {
            "name": "Left Ankle",
            "x": 66.17,
            "y": 58.23
        },
        "4": {
            "name": "Right Hip",
            "x": 49.1,
            "y": 50.2
        },
        "5": {
            "name": "Right Knee",
            "x": 41.73,
            "y": 64.12
        },
        "6": {
            "name": "Right Ankle",
            "x": 36.57,
            "y": 77.81
        },
        "7": {
            "name": "Center of Body",
            "x": 50.85,
            "y": 40.41
        },
        "8": {
            "name": "Center of Shoulder",
            "x": 50.53,
            "y": 29.57
        },
        "9": {
            "name": "Neck",
            "x": 50.36,
            "y": 28.46
        },
        "10": {
            "name": "Head",
            "x": 49.39,
            "y": 25.45
        },
        "11": {
            "name": "Right Shoulder",
            "x": 47.43,
            "y": 29.26
        },
        "12": {
            "name": "Right Elbow",
            "x": 44.61,
            "y": 27.27
        },
        "13": {
            "name": "Right Wrist",
            "x": 38.72,
            "y": 26.69
        },
        "14": {
            "name": "Left Shoulder",
            "x": 55.14,
            "y": 29.43
        },
        "15": {
            "name": "Left Elbow",
            "x": 59.8,
            "y": 37.03
        },
        "16": {
            "name": "Left Wrist",
            "x": 63.73,
            "y": 44.76
        }
    },
    "keypoint_3d": {
        "0": {
            "name": "Center of Hips",
            "x": 0.0,
            "y": 0.0,
            "z": 0.5300440788269043
        },
        "1": {
            "name": "Left Hip",
            "x": -0.05925488844513893,
            "y": -0.07022881507873535,
            "z": 0.5152954459190369
        },
        "2": {
            "name": "Left Knee",
            "x": -0.05750133469700813,
            "y": -0.15790586173534393,
            "z": 0.29547449946403503
        },
        "3": {
            "name": "Left Ankle",
            "x": -0.3712366223335266,
            "y": -0.13210386037826538,
            "z": 0.32640498876571655
        },
        "4": {
            "name": "Right Hip",
            "x": 0.05753709375858307,
            "y": 0.08014427125453949,
            "z": 0.5334742069244385
        },
        "5": {
            "name": "Right Knee",
            "x": 0.18240271508693695,
            "y": -0.020523589104413986,
            "z": 0.26902931928634644
        },
        "6": {
            "name": "Right Ankle",
            "x": 0.2581384778022766,
            "y": -0.07334790378808975,
            "z": 0.0
        },
        "7": {
            "name": "Center of Body",
            "x": 0.018485581502318382,
            "y": -0.013006330467760563,
            "z": 0.7119292616844177
        },
        "8": {
            "name": "Center of Shoulder",
            "x": 0.020411768928170204,
            "y": -0.04953150078654289,
            "z": 0.8896846175193787
        },
        "9": {
            "name": "Neck",
            "x": -0.00097922224085778,
            "y": -0.1010981872677803,
            "z": 0.9061424732208252
        },
        "10": {
            "name": "Head",
            "x": 0.0057718888856470585,
            "y": -0.12910237908363342,
            "z": 0.9625930786132812
        },
        "11": {
            "name": "Right Shoulder",
            "x": 0.07469512522220612,
            "y": 0.030965181067585945,
            "z": 0.9178693294525146
        },
        "12": {
            "name": "Right Elbow",
            "x": 0.1947440207004547,
            "y": 0.13804751634597778,
            "z": 0.9735194444656372
        },
        "13": {
            "name": "Right Wrist",
            "x": 0.3152017593383789,
            "y": 0.14478394389152527,
            "z": 1.0
        },
        "14": {
            "name": "Left Shoulder",
            "x": -0.06619631499052048,
            "y": -0.039974845945835114,
            "z": 0.8961095809936523
        },
        "15": {
            "name": "Left Elbow",
            "x": -0.1409224420785904,
            "y": 0.03282606974244118,
            "z": 0.769233763217926
        },
        "16": {
            "name": "Left Wrist",
            "x": -0.2025410383939743,
            "y": 0.06606544554233551,
            "z": 0.6199678182601929
        }
    }
}