{
    "image_path": "00019/img/13.jpg",
    "shooter_tracklet_id": 15,
    "bbox": {
        "x": 279,
        "y": 821,
        "w": 100,
        "h": 100
    },
    "keypoint_2d": {
        "0": {
            "name": "Center of Hips",
            "x": 51.9,
            "y": 46.43
        },
        "1": {
            "name": "Left Hip",
            "x": 54.95,
            "y": 48.75
        },
        "2": {
            "name": "Left Knee",
            "x": 45.07,
            "y": 57.17
        },
        "3": {
            "name": "Left Ankle",
            "x": 47.86,
            "y": 66.21
        },
        "4": {
            "name": "Right Hip",
            "x": 45.04,
            "y": 47.49
        },
        "5": {
            "name": "Right Knee",
            "x": 41.59,
            "y": 60.31
        },
        "6": {
            "name": "Right Ankle",
            "x": 38.79,
            "y": 76.76
        },
        "7": {
            "name": "Center of Body",
            "x": 51.56,
            "y": 38.42
        },
        "8": {
            "name": "Center of Shoulder",
            "x": 50.08,
            "y": 28.98
        },
        "9": {
            "name": "Neck",
            "x": 50.02,
            "y": 27.68
        },
        "10": {
            "name": "Head",
            "x": 48.77,
            "y": 25.5
        },
        "11": {
            "name": "Right Shoulder",
            "x": 44.43,
            "y": 28.35
        },
        "12": {
            "name": "Right Elbow",
            "x": 39.87,
            "y": 38.07
        },
        "13": {
            "name": "Right Wrist",
            "x": 35.16,
            "y": 35.71
        },
        "14": {
            "name": "Left Shoulder",
            "x": 56.06,
            "y": 29.82
        },
        "15": {
            "name": "Left Elbow",
            "x": 62.1,
            "y": 36.89
        },
        "16": {
            "name": "Left Wrist",
            "x": 70.94,
            "y": 41.6
        }
    },
    "keypoint_3d": {
        "0": {
            "name": "Center of Hips",
            "x": 0.0,
            "y": 0.0,
            "z": 0.5693271160125732
        },
        "1": {
            "name": "Left Hip",
            "x": -0.09393429011106491,
            "y": -0.02205551229417324,
            "z": 0.5468199253082275
        },
        "2": {
            "name": "Left Knee",
            "x": -0.008319578133523464,
            "y": -0.20592814683914185,
            "z": 0.33622437715530396
        },
        "3": {
            "name": "Left Ankle",
            "x": -0.08393527567386627,
            "y": -0.19732792675495148,
            "z": 0.16652368009090424
        },
        "4": {
            "name": "Right Hip",
            "x": 0.1112203374505043,
            "y": 0.018235299736261368,
            "z": 0.5774219632148743
        },
        "5": {
            "name": "Right Knee",
            "x": 0.16806194186210632,
            "y": -0.09337989240884781,
            "z": 0.30564963817596436
        },
        "6": {
            "name": "Right Ankle",
            "x": 0.25358477234840393,
            "y": -0.03329594060778618,
            "z": 0.0
        },
        "7": {
            "name": "Center of Body",
            "x": -0.00942233856767416,
            "y": -0.026045434176921844,
            "z": 0.7606183886528015
        },
        "8": {
            "name": "Center of Shoulder",
            "x": -0.003297645365819335,
            "y": -0.0828736275434494,
            "z": 0.9282933473587036
        },
        "9": {
            "name": "Neck",
            "x": -0.02453683689236641,
            "y": -0.13077431917190552,
            "z": 0.9444665312767029
        },
        "10": {
            "name": "Head",
            "x": -0.0024125289637595415,
            "y": -0.14390701055526733,
            "z": 1.0
        },
        "11": {
            "name": "Right Shoulder",
            "x": 0.11814713478088379,
            "y": -0.036770448088645935,
            "z": 0.951640784740448
        },
        "12": {
            "name": "Right Elbow",
            "x": 0.24656014144420624,
            "y": 0.03346444293856621,
            "z": 0.8191721439361572
        },
        "13": {
            "name": "Right Wrist",
            "x": 0.2861317992210388,
            "y": -0.118573859333992,
            "z": 0.8456429839134216
        },
        "14": {
            "name": "Left Shoulder",
            "x": -0.11497899889945984,
            "y": -0.029677486047148705,
            "z": 0.9261133670806885
        },
        "15": {
            "name": "Left Elbow",
            "x": -0.17381197214126587,
            "y": 0.10821280628442764,
            "z": 0.7992685437202454
        },
        "16": {
            "name": "Left Wrist",
            "x": -0.3002919852733612,
            "y": 0.17207016050815582,
            "z": 0.6880006790161133
        }
    }
}