{
    "image_path": "00019/img/14.jpg",
    "shooter_tracklet_id": 15,
    "bbox": {
        "x": 278,
        "y": 828,
        "w": 100,
        "h": 100
    },
    "keypoint_2d": {
        "0": {
            "name": "Center of Hips",
            "x": 50.36,
            "y": 45.83
        },
        "1": {
            "name": "Left Hip",
            "x": 48.44,
            "y": 46.32
        },
        "2": {
            "name": "Left Knee",
            "x": 38.29,
            "y": 54.76
        },
        "3": {
            "name": "Left Ankle",
            "x": 30.24,
            "y": 64.91
        },
        "4": {
            "name": "Right Hip",
            "x": 50.86,
            "y": 47.31
        },
        "5": {
            "name": "Right Knee",
            "x": 44.11,
            "y": 61.84
        },
        "6": {
            "name": "Right Ankle",
            "x": 39.08,
            "y": 77.3
        },
        "7": {
            "name": "Center of Body",
            "x": 49.97,
            "y": 35.74
        },
        "8": {
            "name": "Center of Shoulder",
            "x": 47.99,
            "y": 28.67
        },
        "9": {
            "name": "Neck",
            "x": 47.47,
            "y": 27.64
        },
        "10": {
            "name": "Head",
            "x": 45.42,
            "y": 25.15
        },
        "11": {
            "name": "Right Shoulder",
            "x": 44.21,
            "y": 28.51
        },
        "12": {
            "name": "Right Elbow",
            "x": 34.31,
            "y": 30.63
        },
        "13": {
            "name": "Right Wrist",
            "x": 22.41,
            "y": 31.62
        },
        "14": {
            "name": "Left Shoulder",
            "x": 52.44,
            "y": 28.26
        },
        "15": {
            "name": "Left Elbow",
            "x": 60.44,
            "y": 34.07
        },
        "16": {
            "name": "Left Wrist",
            "x": 68.3,
            "y": 38.12
        }
    },
    "keypoint_3d": {
        "0": {
            "name": "Center of Hips",
            "x": 0.0,
            "y": 0.0,
            "z": 0.5978521704673767
        },
        "1": {
            "name": "Left Hip",
            "x": -0.05609068274497986,
            "y": -0.07588481158018112,
            "z": 0.5788770318031311
        },
        "2": {
            "name": "Left Knee",
            "x": 0.16848571598529816,
            "y": -0.1456315815448761,
            "z": 0.4054820239543915
        },
        "3": {
            "name": "Left Ankle",
            "x": 0.20640936493873596,
            "y": -0.2728518545627594,
            "z": 0.18804918229579926
        },
        "4": {
            "name": "Right Hip",
            "x": 0.05084347352385521,
            "y": 0.08976112306118011,
            "z": 0.601760983467102
        },
        "5": {
            "name": "Right Knee",
            "x": 0.15900380909442902,
            "y": 0.016842227429151535,
            "z": 0.3104662299156189
        },
        "6": {
            "name": "Right Ankle",
            "x": 0.22876790165901184,
            "y": -0.0031786717008799314,
            "z": 0.0
        },
        "7": {
            "name": "Center of Body",
            "x": -0.005294001195579767,
            "y": -0.034271374344825745,
            "z": 0.7916581034660339
        },
        "8": {
            "name": "Center of Shoulder",
            "x": 0.015607748180627823,
            "y": -0.09031129628419876,
            "z": 0.942484974861145
        },
        "9": {
            "name": "Neck",
            "x": 0.000512881379108876,
            "y": -0.1438242346048355,
            "z": 0.9542939066886902
        },
        "10": {
            "name": "Head",
            "x": 0.018607433885335922,
            "y": -0.17791242897510529,
            "z": 1.0
        },
        "11": {
            "name": "Right Shoulder",
            "x": 0.12566716969013214,
            "y": -0.05057961493730545,
            "z": 0.9579735994338989
        },
        "12": {
            "name": "Right Elbow",
            "x": 0.3033512830734253,
            "y": -0.08787011355161667,
            "z": 0.8911404609680176
        },
        "13": {
            "name": "Right Wrist",
            "x": 0.3199400007724762,
            "y": -0.23793989419937134,
            "z": 0.8307185769081116
        },
        "14": {
            "name": "Left Shoulder",
            "x": -0.09384045749902725,
            "y": -0.07587668299674988,
            "z": 0.9388403296470642
        },
        "15": {
            "name": "Left Elbow",
            "x": -0.18907086551189423,
            "y": 0.07161364704370499,
            "z": 0.8369385600090027
        },
        "16": {
            "name": "Left Wrist",
            "x": -0.3458382189273834,
            "y": 0.12267223745584488,
            "z": 0.7566900849342346
        }
    }
}