{
    "image_path": "00019/img/15.jpg",
    "shooter_tracklet_id": 15,
    "bbox": {
        "x": 278,
        "y": 831,
        "w": 100,
        "h": 100
    },
    "keypoint_2d": {
        "0": {
            "name": "Center of Hips",
            "x": 57.36,
            "y": 46.01
        },
        "1": {
            "name": "Left Hip",
            "x": 51.52,
            "y": 45.62
        },
        "2": {
            "name": "Left Knee",
            "x": 36.01,
            "y": 53.74
        },
        "3": {
            "name": "Left Ankle",
            "x": 23.99,
            "y": 58.65
        },
        "4": {
            "name": "Right Hip",
            "x": 53.57,
            "y": 47.68
        },
        "5": {
            "name": "Right Knee",
            "x": 48.9,
            "y": 60.86
        },
        "6": {
            "name": "Right Ankle",
            "x": 44.6,
            "y": 79.02
        },
        "7": {
            "name": "Center of Body",
            "x": 54.66,
            "y": 35.95
        },
        "8": {
            "name": "Center of Shoulder",
            "x": 48.65,
            "y": 27.85
        },
        "9": {
            "name": "Neck",
            "x": 47.55,
            "y": 27.12
        },
        "10": {
            "name": "Head",
            "x": 44.6,
            "y": 23.8
        },
        "11": {
            "name": "Right Shoulder",
            "x": 43.25,
            "y": 29.82
        },
        "12": {
            "name": "Right Elbow",
            "x": 36.63,
            "y": 31.78
        },
        "13": {
            "name": "Right Wrist",
            "x": 30.74,
            "y": 32.76
        },
        "14": {
            "name": "Left Shoulder",
            "x": 56.26,
            "y": 26.62
        },
        "15": {
            "name": "Left Elbow",
            "x": 64.65,
            "y": 32.19
        },
        "16": {
            "name": "Left Wrist",
            "x": 72.82,
            "y": 34.36
        }
    },
    "keypoint_3d": {
        "0": {
            "name": "Center of Hips",
            "x": 0.0,
            "y": 0.0,
            "z": 0.5928685665130615
        },
        "1": {
            "name": "Left Hip",
            "x": 0.0028326469473540783,
            "y": -0.09409149736166,
            "z": 0.5815235376358032
        },
        "2": {
            "name": "Left Knee",
            "x": 0.24968819320201874,
            "y": -0.20290939509868622,
            "z": 0.41800767183303833
        },
        "3": {
            "name": "Left Ankle",
            "x": 0.35474133491516113,
            "y": -0.33193567395210266,
            "z": 0.22815072536468506
        },
        "4": {
            "name": "Right Hip",
            "x": 0.041790448129177094,
            "y": 0.08338230848312378,
            "z": 0.5855028033256531
        },
        "5": {
            "name": "Right Knee",
            "x": 0.1504402905702591,
            "y": 0.10306733101606369,
            "z": 0.3181661069393158
        },
        "6": {
            "name": "Right Ankle",
            "x": 0.23465272784233093,
            "y": 0.11984516680240631,
            "z": 0.0
        },
        "7": {
            "name": "Center of Body",
            "x": -0.009168329648673534,
            "y": -0.014211570844054222,
            "z": 0.7893757224082947
        },
        "8": {
            "name": "Center of Shoulder",
            "x": 0.06877052038908005,
            "y": -0.06562120467424393,
            "z": 0.9365024566650391
        },
        "9": {
            "name": "Neck",
            "x": 0.07307332754135132,
            "y": -0.11698538810014725,
            "z": 0.9495134353637695
        },
        "10": {
            "name": "Head",
            "x": 0.11520852148532867,
            "y": -0.15107367932796478,
            "z": 1.0
        },
        "11": {
            "name": "Right Shoulder",
            "x": 0.18195606768131256,
            "y": -0.04076409339904785,
            "z": 0.9224339723587036
        },
        "12": {
            "name": "Right Elbow",
            "x": 0.34535232186317444,
            "y": -0.046964388340711594,
            "z": 0.8843979835510254
        },
        "13": {
            "name": "Right Wrist",
            "x": 0.41242659091949463,
            "y": -0.18081294000148773,
            "z": 0.8482567667961121
        },
        "14": {
            "name": "Left Shoulder",
            "x": -0.06309747695922852,
            "y": -0.03630901500582695,
            "z": 0.9536901712417603
        },
        "15": {
            "name": "Left Elbow",
            "x": -0.18628469109535217,
            "y": 0.08720044046640396,
            "z": 0.8586063981056213
        },
        "16": {
            "name": "Left Wrist",
            "x": -0.3551645278930664,
            "y": 0.12576241791248322,
            "z": 0.8052724599838257
        }
    }
}