{
    "image_path": "00019/img/16.jpg",
    "shooter_tracklet_id": 15,
    "bbox": {
        "x": 277,
        "y": 836,
        "w": 100,
        "h": 100
    },
    "keypoint_2d": {
        "0": {
            "name": "Center of Hips",
            "x": 58.96,
            "y": 43.31
        },
        "1": {
            "name": "Left Hip",
            "x": 50.49,
            "y": 44.05
        },
        "2": {
            "name": "Left Knee",
            "x": 35.89,
            "y": 51.17
        },
        "3": {
            "name": "Left Ankle",
            "x": 27.67,
            "y": 57.52
        },
        "4": {
            "name": "Right Hip",
            "x": 54.54,
            "y": 45.15
        },
        "5": {
            "name": "Right Knee",
            "x": 50.86,
            "y": 61.96
        },
        "6": {
            "name": "Right Ankle",
            "x": 48.28,
            "y": 79.02
        },
        "7": {
            "name": "Center of Body",
            "x": 54.66,
            "y": 33.86
        },
        "8": {
            "name": "Center of Shoulder",
            "x": 47.3,
            "y": 26.75
        },
        "9": {
            "name": "Neck",
            "x": 45.71,
            "y": 26.62
        },
        "10": {
            "name": "Head",
            "x": 40.92,
            "y": 24.42
        },
        "11": {
            "name": "Right Shoulder",
            "x": 42.27,
            "y": 30.43
        },
        "12": {
            "name": "Right Elbow",
            "x": 37.48,
            "y": 35.21
        },
        "13": {
            "name": "Right Wrist",
            "x": 31.23,
            "y": 33.62
        },
        "14": {
            "name": "Left Shoulder",
            "x": 54.17,
            "y": 24.17
        },
        "15": {
            "name": "Left Elbow",
            "x": 64.36,
            "y": 30.67
        },
        "16": {
            "name": "Left Wrist",
            "x": 72.58,
            "y": 31.04
        }
    },
    "keypoint_3d": {
        "0": {
            "name": "Center of Hips",
            "x": 0.0,
            "y": 0.0,
            "z": 0.623379111289978
        },
        "1": {
            "name": "Left Hip",
            "x": 0.02291009947657585,
            "y": -0.10161018371582031,
            "z": 0.611603319644928
        },
        "2": {
            "name": "Left Knee",
            "x": 0.27663537859916687,
            "y": -0.21970078349113464,
            "z": 0.4580506980419159
        },
        "3": {
            "name": "Left Ankle",
            "x": 0.38609203696250916,
            "y": -0.37187349796295166,
            "z": 0.3138279318809509
        },
        "4": {
            "name": "Right Hip",
            "x": 0.03927221894264221,
            "y": 0.08126179873943329,
            "z": 0.6140292882919312
        },
        "5": {
            "name": "Right Knee",
            "x": 0.13286222517490387,
            "y": 0.11314751952886581,
            "z": 0.3251928687095642
        },
        "6": {
            "name": "Right Ankle",
            "x": 0.181825190782547,
            "y": 0.10420635342597961,
            "z": 0.0
        },
        "7": {
            "name": "Center of Body",
            "x": 0.003062890376895666,
            "y": -0.015596055425703526,
            "z": 0.8180849552154541
        },
        "8": {
            "name": "Center of Shoulder",
            "x": 0.11871149390935898,
            "y": -0.06444866210222244,
            "z": 0.9503436088562012
        },
        "9": {
            "name": "Neck",
            "x": 0.1366502046585083,
            "y": -0.11513558775186539,
            "z": 0.9594089388847351
        },
        "10": {
            "name": "Head",
            "x": 0.1972091645002365,
            "y": -0.14232183992862701,
            "z": 1.0
        },
        "11": {
            "name": "Right Shoulder",
            "x": 0.23869828879833221,
            "y": -0.02928806096315384,
            "z": 0.9080342650413513
        },
        "12": {
            "name": "Right Elbow",
            "x": 0.37499967217445374,
            "y": 0.006072354502975941,
            "z": 0.8374936580657959
        },
        "13": {
            "name": "Right Wrist",
            "x": 0.42455706000328064,
            "y": -0.14406296610832214,
            "z": 0.8337849378585815
        },
        "14": {
            "name": "Left Shoulder",
            "x": -0.02200055867433548,
            "y": -0.022225895896553993,
            "z": 0.9895324110984802
        },
        "15": {
            "name": "Left Elbow",
            "x": -0.17430102825164795,
            "y": 0.09060780704021454,
            "z": 0.8908827304840088
        },
        "16": {
            "name": "Left Wrist",
            "x": -0.34522029757499695,
            "y": 0.13215208053588867,
            "z": 0.8647364377975464
        }
    }
}