{
    "image_path": "00019/img/17.jpg",
    "shooter_tracklet_id": 15,
    "bbox": {
        "x": 276,
        "y": 844,
        "w": 100,
        "h": 100
    },
    "keypont_2d": {
        "0": {
            "name": "Center of Hips",
            "x": 58.83,
            "y": 42.94
        },
        "1": {
            "name": "Left Hip",
            "x": 49.63,
            "y": 43.19
        },
        "2": {
            "name": "Left Knee",
            "x": 36.26,
            "y": 49.82
        },
        "3": {
            "name": "Left Ankle",
            "x": 30.86,
            "y": 57.67
        },
        "4": {
            "name": "Right Hip",
            "x": 52.58,
            "y": 46.13
        },
        "5": {
            "name": "Right Knee",
            "x": 48.77,
            "y": 64.42
        },
        "6": {
            "name": "Right Ankle",
            "x": 49.68,
            "y": 79.48
        },
        "7": {
            "name": "Center of Body",
            "x": 53.07,
            "y": 32.76
        },
        "8": {
            "name": "Center of Shoulder",
            "x": 45.46,
            "y": 27.73
        },
        "9": {
            "name": "Neck",
            "x": 43.37,
            "y": 26.99
        },
        "10": {
            "name": "Head",
            "x": 40.31,
            "y": 25.52
        },
        "11": {
            "name": "Right Shoulder",
            "x": 43.71,
            "y": 31.28
        },
        "12": {
            "name": "Right Elbow",
            "x": 37.73,
            "y": 34.48
        },
        "13": {
            "name": "Right Wrist",
            "x": 33.19,
            "y": 34.6
        },
        "14": {
            "name": "Left Shoulder",
            "x": 51.47,
            "y": 23.19
        },
        "15": {
            "name": "Left Elbow",
            "x": 63.5,
            "y": 28.47
        },
        "16": {
            "name": "Left Wrist",
            "x": 70.98,
            "y": 29.08
        }
    },
    "keypont_3d": {
        "0": {
            "name": "Center of Hips",
            "x": 0.0,
            "y": 0.0,
            "z": 0.6267799139022827
        },
        "1": {
            "name": "Left Hip",
            "x": 0.027405239641666412,
            "y": -0.10257630795240402,
            "z": 0.6209171414375305
        },
        "2": {
            "name": "Left Knee",
            "x": 0.2431396096944809,
            "y": -0.24243232607841492,
            "z": 0.4765602946281433
        },
        "3": {
            "name": "Left Ankle",
            "x": 0.29530513286590576,
            "y": -0.395469605922699,
            "z": 0.30542171001434326
        },
        "4": {
            "name": "Right Hip",
            "x": 0.047000374644994736,
            "y": 0.08383708447217941,
            "z": 0.6112571954727173
        },
        "5": {
            "name": "Right Knee",
            "x": 0.12028152495622635,
            "y": 0.09842240065336227,
            "z": 0.3010736405849457
        },
        "6": {
            "name": "Right Ankle",
            "x": 0.09188009798526764,
            "y": 0.07943577319383621,
            "z": 0.0
        },
        "7": {
            "name": "Center of Body",
            "x": 0.013717534020543098,
            "y": -0.002386329462751746,
            "z": 0.8231446743011475
        },
        "8": {
            "name": "Center of Shoulder",
            "x": 0.14601649343967438,
            "y": -0.03490525111556053,
            "z": 0.9377740621566772
        },
        "9": {
            "name": "Neck",
            "x": 0.18207283318042755,
            "y": -0.06899651885032654,
            "z": 0.9436829090118408
        },
        "10": {
            "name": "Head",
            "x": 0.24039097130298615,
            "y": -0.08785185217857361,
            "z": 0.9693031907081604
        },
        "11": {
            "name": "Right Shoulder",
            "x": 0.234317809343338,
            "y": 0.04360774904489517,
            "z": 0.8888053297996521
        },
        "12": {
            "name": "Right Elbow",
            "x": 0.37128186225891113,
            "y": 0.08206667006015778,
            "z": 0.8271077275276184
        },
        "13": {
            "name": "Right Wrist",
            "x": 0.37657439708709717,
            "y": -0.10046808421611786,
            "z": 0.8057284951210022
        },
        "14": {
            "name": "Left Shoulder",
            "x": 0.02667194977402687,
            "y": -0.009111868217587471,
            "z": 1.0
        },
        "15": {
            "name": "Left Elbow",
            "x": -0.1624627411365509,
            "y": 0.09711083769798279,
            "z": 0.908144474029541
        },
        "16": {
            "name": "Left Wrist",
            "x": -0.3277166187763214,
            "y": 0.11454185098409653,
            "z": 0.8943578004837036
        }
    }
}