{
    "image_path": "00019/img/18.jpg",
    "shooter_tracklet_id": 15,
    "bbox": {
        "x": 276,
        "y": 852,
        "w": 100,
        "h": 100
    },
    "keypont_2d": {
        "0": {
            "name": "Center of Hips",
            "x": 57.73,
            "y": 43.44
        },
        "1": {
            "name": "Left Hip",
            "x": 49.63,
            "y": 43.19
        },
        "2": {
            "name": "Left Knee",
            "x": 38.22,
            "y": 49.33
        },
        "3": {
            "name": "Left Ankle",
            "x": 42.1,
            "y": 64.52
        },
        "4": {
            "name": "Right Hip",
            "x": 51.6,
            "y": 46.01
        },
        "5": {
            "name": "Right Knee",
            "x": 49.88,
            "y": 59.26
        },
        "6": {
            "name": "Right Ankle",
            "x": 50.12,
            "y": 79.02
        },
        "7": {
            "name": "Center of Body",
            "x": 51.02,
            "y": 33.11
        },
        "8": {
            "name": "Center of Shoulder",
            "x": 44.58,
            "y": 26.56
        },
        "9": {
            "name": "Neck",
            "x": 42.82,
            "y": 26.0
        },
        "10": {
            "name": "Head",
            "x": 38.24,
            "y": 25.23
        },
        "11": {
            "name": "Right Shoulder",
            "x": 41.31,
            "y": 30.86
        },
        "12": {
            "name": "Right Elbow",
            "x": 42.94,
            "y": 40.57
        },
        "13": {
            "name": "Right Wrist",
            "x": 40.8,
            "y": 45.17
        },
        "14": {
            "name": "Left Shoulder",
            "x": 49.18,
            "y": 22.17
        },
        "15": {
            "name": "Left Elbow",
            "x": 60.33,
            "y": 26.66
        },
        "16": {
            "name": "Left Wrist",
            "x": 69.32,
            "y": 27.48
        }
    },
    "keypont_3d": {
        "0": {
            "name": "Center of Hips",
            "x": 0.0,
            "y": 0.0,
            "z": 0.6194416284561157
        },
        "1": {
            "name": "Left Hip",
            "x": 0.019972417503595352,
            "y": -0.09477056562900543,
            "z": 0.610233724117279
        },
        "2": {
            "name": "Left Knee",
            "x": 0.27082499861717224,
            "y": -0.10648556053638458,
            "z": 0.4983145296573639
        },
        "3": {
            "name": "Left Ankle",
            "x": 0.16697435081005096,
            "y": -0.12179546058177948,
            "z": 0.21752877533435822
        },
        "4": {
            "name": "Right Hip",
            "x": 0.05020193010568619,
            "y": 0.08000883460044861,
            "z": 0.6056831479072571
        },
        "5": {
            "name": "Right Knee",
            "x": 0.0892905592918396,
            "y": 0.07494354248046875,
            "z": 0.32086047530174255
        },
        "6": {
            "name": "Right Ankle",
            "x": 0.08465898036956787,
            "y": 0.10887206345796585,
            "z": 0.0
        },
        "7": {
            "name": "Center of Body",
            "x": 0.02997966669499874,
            "y": -0.008802607655525208,
            "z": 0.8092019557952881
        },
        "8": {
            "name": "Center of Shoulder",
            "x": 0.1432553082704544,
            "y": -0.06802303344011307,
            "z": 0.9237953424453735
        },
        "9": {
            "name": "Neck",
            "x": 0.16697248816490173,
            "y": -0.11051680892705917,
            "z": 0.9246901869773865
        },
        "10": {
            "name": "Head",
            "x": 0.22778856754302979,
            "y": -0.13677266240119934,
            "z": 0.9468501806259155
        },
        "11": {
            "name": "Right Shoulder",
            "x": 0.22805559635162354,
            "y": 0.019029662013053894,
            "z": 0.8691571950912476
        },
        "12": {
            "name": "Right Elbow",
            "x": 0.28664106130599976,
            "y": 0.09769909828901291,
            "z": 0.7563331723213196
        },
        "13": {
            "name": "Right Wrist",
            "x": 0.2357441633939743,
            "y": -0.035939328372478485,
            "z": 0.6211228966712952
        },
        "14": {
            "name": "Left Shoulder",
            "x": 0.046107012778520584,
            "y": -0.033996500074863434,
            "z": 1.0
        },
        "15": {
            "name": "Left Elbow",
            "x": -0.13670828938484192,
            "y": 0.07854703813791275,
            "z": 0.924786388874054
        },
        "16": {
            "name": "Left Wrist",
            "x": -0.3094116747379303,
            "y": 0.10953478515148163,
            "z": 0.9142414927482605
        }
    }
}