{
    "image_path": "00019/img/19.jpg",
    "shooter_tracklet_id": 15,
    "bbox": {
        "x": 276,
        "y": 858,
        "w": 100,
        "h": 100
    },
    "keypoint_2d": {
        "0": {
            "name": "Center of Hips",
            "x": 57.5,
            "y": 43.84
        },
        "1": {
            "name": "Left Hip",
            "x": 51.23,
            "y": 44.05
        },
        "2": {
            "name": "Left Knee",
            "x": 46.2,
            "y": 53.01
        },
        "3": {
            "name": "Left Ankle",
            "x": 49.51,
            "y": 64.66
        },
        "4": {
            "name": "Right Hip",
            "x": 61.75,
            "y": 43.84
        },
        "5": {
            "name": "Right Knee",
            "x": 57.24,
            "y": 56.07
        },
        "6": {
            "name": "Right Ankle",
            "x": 55.85,
            "y": 77.96
        },
        "7": {
            "name": "Center of Body",
            "x": 55.15,
            "y": 31.78
        },
        "8": {
            "name": "Center of Shoulder",
            "x": 47.83,
            "y": 24.25
        },
        "9": {
            "name": "Neck",
            "x": 45.41,
            "y": 23.75
        },
        "10": {
            "name": "Head",
            "x": 40.38,
            "y": 22.62
        },
        "11": {
            "name": "Right Shoulder",
            "x": 46.13,
            "y": 27.8
        },
        "12": {
            "name": "Right Elbow",
            "x": 48.13,
            "y": 40.58
        },
        "13": {
            "name": "Right Wrist",
            "x": 37.85,
            "y": 40.58
        },
        "14": {
            "name": "Left Shoulder",
            "x": 50.37,
            "y": 22.33
        },
        "15": {
            "name": "Left Elbow",
            "x": 58.83,
            "y": 26.62
        },
        "16": {
            "name": "Left Wrist",
            "x": 67.91,
            "y": 27.85
        }
    },
    "keypoint_3d": {
        "0": {
            "name": "Center of Hips",
            "x": 0.0,
            "y": 0.0,
            "z": 0.6147039532661438
        },
        "1": {
            "name": "Left Hip",
            "x": 0.028345461934804916,
            "y": -0.09547233581542969,
            "z": 0.6009900569915771
        },
        "2": {
            "name": "Left Knee",
            "x": 0.19544291496276855,
            "y": -0.0747096985578537,
            "z": 0.42527276277542114
        },
        "3": {
            "name": "Left Ankle",
            "x": 0.050530724227428436,
            "y": -0.17280054092407227,
            "z": 0.18057166039943695
        },
        "4": {
            "name": "Right Hip",
            "x": -0.013508873991668224,
            "y": 0.1121145486831665,
            "z": 0.6110879778862
        },
        "5": {
            "name": "Right Knee",
            "x": 0.03296827897429466,
            "y": 0.12218549847602844,
            "z": 0.35089045763015747
        },
        "6": {
            "name": "Right Ankle",
            "x": 0.07606612145900726,
            "y": 0.19152869284152985,
            "z": 0.0
        },
        "7": {
            "name": "Center of Body",
            "x": 0.025779739022254944,
            "y": -0.004928408656269312,
            "z": 0.8132955431938171
        },
        "8": {
            "name": "Center of Shoulder",
            "x": 0.1447904258966446,
            "y": -0.05497061461210251,
            "z": 0.9433910250663757
        },
        "9": {
            "name": "Neck",
            "x": 0.19201089441776276,
            "y": -0.07989291846752167,
            "z": 0.9551717638969421
        },
        "10": {
            "name": "Head",
            "x": 0.26339253783226013,
            "y": -0.10557437688112259,
            "z": 0.9751046299934387
        },
        "11": {
            "name": "Right Shoulder",
            "x": 0.21980711817741394,
            "y": 0.009073122404515743,
            "z": 0.8919899463653564
        },
        "12": {
            "name": "Right Elbow",
            "x": 0.2108825445175171,
            "y": 0.0717528909444809,
            "z": 0.6951745748519897
        },
        "13": {
            "name": "Right Wrist",
            "x": 0.27658072113990784,
            "y": -0.0812622457742691,
            "z": 0.6309524774551392
        },
        "14": {
            "name": "Left Shoulder",
            "x": 0.08352798223495483,
            "y": -0.03884660080075264,
            "z": 1.0
        },
        "15": {
            "name": "Left Elbow",
            "x": -0.06995483487844467,
            "y": 0.06363018602132797,
            "z": 0.9431561231613159
        },
        "16": {
            "name": "Left Wrist",
            "x": -0.2432468831539154,
            "y": 0.07785442471504211,
            "z": 0.9010465741157532
        }
    }
}