{
    "image_path": "00019/img/20.jpg",
    "shooter_tracklet_id": 15,
    "bbox": {
        "x": 274,
        "y": 863,
        "w": 100,
        "h": 100
    },
    "keypoint_2d": {
        "0": {
            "name": "Center of Hips",
            "x": 63.16,
            "y": 46.63
        },
        "1": {
            "name": "Left Hip",
            "x": 57.24,
            "y": 47.73
        },
        "2": {
            "name": "Left Knee",
            "x": 52.09,
            "y": 57.91
        },
        "3": {
            "name": "Left Ankle",
            "x": 52.7,
            "y": 74.48
        },
        "4": {
            "name": "Right Hip",
            "x": 67.3,
            "y": 46.13
        },
        "5": {
            "name": "Right Knee",
            "x": 62.88,
            "y": 59.51
        },
        "6": {
            "name": "Right Ankle",
            "x": 64.48,
            "y": 73.74
        },
        "7": {
            "name": "Center of Body",
            "x": 58.29,
            "y": 36.26
        },
        "8": {
            "name": "Center of Shoulder",
            "x": 50.48,
            "y": 28.26
        },
        "9": {
            "name": "Neck",
            "x": 49.28,
            "y": 27.35
        },
        "10": {
            "name": "Head",
            "x": 45.24,
            "y": 24.74
        },
        "11": {
            "name": "Right Shoulder",
            "x": 49.58,
            "y": 30.77
        },
        "12": {
            "name": "Right Elbow",
            "x": 52.97,
            "y": 39.97
        },
        "13": {
            "name": "Right Wrist",
            "x": 48.28,
            "y": 43.81
        },
        "14": {
            "name": "Left Shoulder",
            "x": 51.71,
            "y": 26.42
        },
        "15": {
            "name": "Left Elbow",
            "x": 61.07,
            "y": 28.83
        },
        "16": {
            "name": "Left Wrist",
            "x": 63.27,
            "y": 35.5
        }
    },
    "keypoint_3d": {
        "0": {
            "name": "Center of Hips",
            "x": 0.0,
            "y": 0.0,
            "z": 0.5816728472709656
        },
        "1": {
            "name": "Left Hip",
            "x": 0.051057521253824234,
            "y": -0.09068766981363297,
            "z": 0.5479636192321777
        },
        "2": {
            "name": "Left Knee",
            "x": 0.2076077163219452,
            "y": -0.010204209014773369,
            "z": 0.34496966004371643
        },
        "3": {
            "name": "Left Ankle",
            "x": 0.09852393716573715,
            "y": -0.10905273258686066,
            "z": 0.05897440388798714
        },
        "4": {
            "name": "Right Hip",
            "x": -0.07802589982748032,
            "y": 0.10340418666601181,
            "z": 0.5985186696052551
        },
        "5": {
            "name": "Right Knee",
            "x": -0.03624897450208664,
            "y": 0.0356864258646965,
            "z": 0.3123721182346344
        },
        "6": {
            "name": "Right Ankle",
            "x": -0.09349504113197327,
            "y": 0.018262041732668877,
            "z": 0.0
        },
        "7": {
            "name": "Center of Body",
            "x": 0.04867701232433319,
            "y": -0.018729744479060173,
            "z": 0.7869253754615784
        },
        "8": {
            "name": "Center of Shoulder",
            "x": 0.18519894778728485,
            "y": -0.06736975908279419,
            "z": 0.9442559480667114
        },
        "9": {
            "name": "Neck",
            "x": 0.23533222079277039,
            "y": -0.07394234836101532,
            "z": 0.9629817605018616
        },
        "10": {
            "name": "Head",
            "x": 0.3048537075519562,
            "y": -0.12277226150035858,
            "z": 1.0
        },
        "11": {
            "name": "Right Shoulder",
            "x": 0.24843008816242218,
            "y": -0.006443454418331385,
            "z": 0.9025889039039612
        },
        "12": {
            "name": "Right Elbow",
            "x": 0.23278670012950897,
            "y": 0.10911007225513458,
            "z": 0.7216067910194397
        },
        "13": {
            "name": "Right Wrist",
            "x": 0.28898245096206665,
            "y": -0.03770335018634796,
            "z": 0.6369537115097046
        },
        "14": {
            "name": "Left Shoulder",
            "x": 0.1374279260635376,
            "y": -0.09524637460708618,
            "z": 0.9678061604499817
        },
        "15": {
            "name": "Left Elbow",
            "x": -0.028890542685985565,
            "y": -0.08200981467962265,
            "z": 0.9052528142929077
        },
        "16": {
            "name": "Left Wrist",
            "x": -0.09826536476612091,
            "y": -0.05137971416115761,
            "z": 0.7935064435005188
        }
    }
}