{
    "image_path": "00017/img/1.jpg",
    "shooter_tracklet_id": 7,
    "bbox": {
        "x": 370,
        "y": 383,
        "w": 100,
        "h": 101
    },
    "keypont_2d": {
        "0": {
            "name": "Center of Hips",
            "x": 47.04,
            "y": 47.91
        },
        "1": {
            "name": "Left Hip",
            "x": 39.05,
            "y": 47.91
        },
        "2": {
            "name": "Left Knee",
            "x": 33.36,
            "y": 68.08
        },
        "3": {
            "name": "Left Ankle",
            "x": 20.51,
            "y": 87.29
        },
        "4": {
            "name": "Right Hip",
            "x": 55.67,
            "y": 47.4
        },
        "5": {
            "name": "Right Knee",
            "x": 51.16,
            "y": 76.51
        },
        "6": {
            "name": "Right Ankle",
            "x": 38.23,
            "y": 95.41
        },
        "7": {
            "name": "Center of Body",
            "x": 46.01,
            "y": 31.29
        },
        "8": {
            "name": "Center of Shoulder",
            "x": 45.62,
            "y": 17.5
        },
        "9": {
            "name": "Neck",
            "x": 46.26,
            "y": 14.93
        },
        "10": {
            "name": "Head",
            "x": 47.29,
            "y": 9.9
        },
        "11": {
            "name": "Right Shoulder",
            "x": 56.36,
            "y": 18.03
        },
        "12": {
            "name": "Right Elbow",
            "x": 71.0,
            "y": 28.71
        },
        "13": {
            "name": "Right Wrist",
            "x": 85.56,
            "y": 30.13
        },
        "14": {
            "name": "Left Shoulder",
            "x": 34.93,
            "y": 21.11
        },
        "15": {
            "name": "Left Elbow",
            "x": 29.51,
            "y": 39.67
        },
        "16": {
            "name": "Left Wrist",
            "x": 19.97,
            "y": 52.12
        }
    },
    "keypont_3d": {
        "0": {
            "name": "Center of Hips",
            "x": 0.0,
            "y": 0.0,
            "z": 0.5808770060539246
        },
        "1": {
            "name": "Left Hip",
            "x": 0.06933674216270447,
            "y": -0.07689306885004044,
            "z": 0.5677191019058228
        },
        "2": {
            "name": "Left Knee",
            "x": 0.1176513135433197,
            "y": -0.10461422801017761,
            "z": 0.3260635435581207
        },
        "3": {
            "name": "Left Ankle",
            "x": 0.162156879901886,
            "y": -0.118699811398983,
            "z": 0.11744479089975357
        },
        "4": {
            "name": "Right Hip",
            "x": -0.10145291686058044,
            "y": 0.0048421891406178474,
            "z": 0.5670663118362427
        },
        "5": {
            "name": "Right Knee",
            "x": -0.03339788690209389,
            "y": 0.07214858382940292,
            "z": 0.2321814000606537
        },
        "6": {
            "name": "Right Ankle",
            "x": 0.09211935847997665,
            "y": 0.012310641817748547,
            "z": 0.0
        },
        "7": {
            "name": "Center of Body",
            "x": -0.0029838490299880505,
            "y": -0.04101091995835304,
            "z": 0.7433682084083557
        },
        "8": {
            "name": "Center of Shoulder",
            "x": 0.04285886883735657,
            "y": 0.03922858461737633,
            "z": 0.9095138311386108
        },
        "9": {
            "name": "Neck",
            "x": 0.05921216309070587,
            "y": 0.08839674293994904,
            "z": 0.9426212906837463
        },
        "10": {
            "name": "Head",
            "x": 0.05702808126807213,
            "y": 0.09771085530519485,
            "z": 1.0
        },
        "11": {
            "name": "Right Shoulder",
            "x": -0.07412175834178925,
            "y": 0.06441236287355423,
            "z": 0.8970627784729004
        },
        "12": {
            "name": "Right Elbow",
            "x": -0.20940172672271729,
            "y": 0.08030888438224792,
            "z": 0.7725217342376709
        },
        "13": {
            "name": "Right Wrist",
            "x": -0.3522854745388031,
            "y": 0.17523381114006042,
            "z": 0.8108429312705994
        },
        "14": {
            "name": "Left Shoulder",
            "x": 0.13889393210411072,
            "y": -0.02381284162402153,
            "z": 0.8656457662582397
        },
        "15": {
            "name": "Left Elbow",
            "x": 0.18915078043937683,
            "y": -0.05512301251292229,
            "z": 0.6581175923347473
        },
        "16": {
            "name": "Left Wrist",
            "x": 0.29196250438690186,
            "y": -0.0732644572854042,
            "z": 0.538541853427887
        }
    }
}