{
    "image_path": "00017/img/2.jpg",
    "shooter_tracklet_id": 7,
    "bbox": {
        "x": 370,
        "y": 386,
        "w": 100,
        "h": 101
    },
    "keypoint_2d": {
        "0": {
            "name": "Center of Hips",
            "x": 44.14,
            "y": 48.61
        },
        "1": {
            "name": "Left Hip",
            "x": 36.61,
            "y": 48.07
        },
        "2": {
            "name": "Left Knee",
            "x": 27.84,
            "y": 70.93
        },
        "3": {
            "name": "Left Ankle",
            "x": 13.85,
            "y": 92.62
        },
        "4": {
            "name": "Right Hip",
            "x": 52.64,
            "y": 48.0
        },
        "5": {
            "name": "Right Knee",
            "x": 45.85,
            "y": 75.63
        },
        "6": {
            "name": "Right Ankle",
            "x": 37.23,
            "y": 97.96
        },
        "7": {
            "name": "Center of Body",
            "x": 43.97,
            "y": 32.88
        },
        "8": {
            "name": "Center of Shoulder",
            "x": 42.98,
            "y": 18.21
        },
        "9": {
            "name": "Neck",
            "x": 43.62,
            "y": 15.74
        },
        "10": {
            "name": "Head",
            "x": 45.53,
            "y": 10.12
        },
        "11": {
            "name": "Right Shoulder",
            "x": 54.15,
            "y": 18.47
        },
        "12": {
            "name": "Right Elbow",
            "x": 69.03,
            "y": 25.83
        },
        "13": {
            "name": "Right Wrist",
            "x": 83.44,
            "y": 23.01
        },
        "14": {
            "name": "Left Shoulder",
            "x": 32.67,
            "y": 21.86
        },
        "15": {
            "name": "Left Elbow",
            "x": 26.74,
            "y": 41.96
        },
        "16": {
            "name": "Left Wrist",
            "x": 17.97,
            "y": 53.39
        }
    },
    "keypoint_3d": {
        "0": {
            "name": "Center of Hips",
            "x": 0.0,
            "y": 0.0,
            "z": 0.5746931433677673
        },
        "1": {
            "name": "Left Hip",
            "x": 0.06930605322122574,
            "y": -0.07071563601493835,
            "z": 0.5628606081008911
        },
        "2": {
            "name": "Left Knee",
            "x": 0.13978508114814758,
            "y": -0.08895070850849152,
            "z": 0.31398603320121765
        },
        "3": {
            "name": "Left Ankle",
            "x": 0.1604909896850586,
            "y": -0.10176703333854675,
            "z": 0.10078669339418411
        },
        "4": {
            "name": "Right Hip",
            "x": -0.10383341461420059,
            "y": 0.0036710945423692465,
            "z": 0.5598891377449036
        },
        "5": {
            "name": "Right Knee",
            "x": -0.01745566539466381,
            "y": 0.0426170714199543,
            "z": 0.23072148859500885
        },
        "6": {
            "name": "Right Ankle",
            "x": 0.057829003781080246,
            "y": -0.007182213477790356,
            "z": 0.0
        },
        "7": {
            "name": "Center of Body",
            "x": -0.016998907551169395,
            "y": -0.05122172832489014,
            "z": 0.7332748174667358
        },
        "8": {
            "name": "Center of Shoulder",
            "x": 0.038522202521562576,
            "y": 0.03680256009101868,
            "z": 0.9109541177749634
        },
        "9": {
            "name": "Neck",
            "x": 0.05703740194439888,
            "y": 0.09053658694028854,
            "z": 0.9430749416351318
        },
        "10": {
            "name": "Head",
            "x": 0.047970209270715714,
            "y": 0.0963888093829155,
            "z": 1.0
        },
        "11": {
            "name": "Right Shoulder",
            "x": -0.08165326714515686,
            "y": 0.06898542493581772,
            "z": 0.897972583770752
        },
        "12": {
            "name": "Right Elbow",
            "x": -0.2336648404598236,
            "y": 0.12021110206842422,
            "z": 0.7904846668243408
        },
        "13": {
            "name": "Right Wrist",
            "x": -0.3678104281425476,
            "y": 0.2007981389760971,
            "z": 0.7769322991371155
        },
        "14": {
            "name": "Left Shoulder",
            "x": 0.1340283453464508,
            "y": -0.02736022137105465,
            "z": 0.8576304912567139
        },
        "15": {
            "name": "Left Elbow",
            "x": 0.18628868460655212,
            "y": -0.05502396076917648,
            "z": 0.6452488899230957
        },
        "16": {
            "name": "Left Wrist",
            "x": 0.2937420606613159,
            "y": -0.07423204183578491,
            "z": 0.5213492512702942
        }
    }
}