{
    "image_path": "00017/img/4.jpg",
    "shooter_tracklet_id": 7,
    "bbox": {
        "x": 368,
        "y": 389,
        "w": 100,
        "h": 102
    },
    "keypont_2d": {
        "0": {
            "name": "Center of Hips",
            "x": 40.16,
            "y": 44.4
        },
        "1": {
            "name": "Left Hip",
            "x": 32.04,
            "y": 43.88
        },
        "2": {
            "name": "Left Knee",
            "x": 25.31,
            "y": 69.44
        },
        "3": {
            "name": "Left Ankle",
            "x": 17.43,
            "y": 94.22
        },
        "4": {
            "name": "Right Hip",
            "x": 48.96,
            "y": 44.75
        },
        "5": {
            "name": "Right Knee",
            "x": 45.68,
            "y": 72.2
        },
        "6": {
            "name": "Right Ankle",
            "x": 42.23,
            "y": 86.18
        },
        "7": {
            "name": "Center of Body",
            "x": 41.63,
            "y": 27.04
        },
        "8": {
            "name": "Center of Shoulder",
            "x": 42.23,
            "y": 14.19
        },
        "9": {
            "name": "Neck",
            "x": 42.66,
            "y": 12.09
        },
        "10": {
            "name": "Head",
            "x": 44.85,
            "y": 6.42
        },
        "11": {
            "name": "Right Shoulder",
            "x": 53.32,
            "y": 14.31
        },
        "12": {
            "name": "Right Elbow",
            "x": 64.01,
            "y": 16.91
        },
        "13": {
            "name": "Right Wrist",
            "x": 81.08,
            "y": 11.25
        },
        "14": {
            "name": "Left Shoulder",
            "x": 31.14,
            "y": 16.01
        },
        "15": {
            "name": "Left Elbow",
            "x": 29.45,
            "y": 34.21
        },
        "16": {
            "name": "Left Wrist",
            "x": 28.07,
            "y": 46.3
        }
    },
    "keypont_3d": {
        "0": {
            "name": "Center of Hips",
            "x": 0.0,
            "y": 0.0,
            "z": 0.5444167256355286
        },
        "1": {
            "name": "Left Hip",
            "x": 0.10875843465328217,
            "y": -0.03228268772363663,
            "z": 0.5393053889274597
        },
        "2": {
            "name": "Left Knee",
            "x": 0.19875672459602356,
            "y": -0.024390405043959618,
            "z": 0.20842860639095306
        },
        "3": {
            "name": "Left Ankle",
            "x": -0.010911931283771992,
            "y": -0.08165043592453003,
            "z": 0.08829908818006516
        },
        "4": {
            "name": "Right Hip",
            "x": -0.10665010660886765,
            "y": 0.006186768878251314,
            "z": 0.5258669853210449
        },
        "5": {
            "name": "Right Knee",
            "x": -0.04740302264690399,
            "y": 0.06937357038259506,
            "z": 0.2019740343093872
        },
        "6": {
            "name": "Right Ankle",
            "x": -0.057093534618616104,
            "y": -0.05124626308679581,
            "z": 0.0
        },
        "7": {
            "name": "Center of Body",
            "x": -0.015153785236179829,
            "y": -0.03230813145637512,
            "z": 0.7160241603851318
        },
        "8": {
            "name": "Center of Shoulder",
            "x": 0.016506727784872055,
            "y": 0.03701234236359596,
            "z": 0.8887263536453247
        },
        "9": {
            "name": "Neck",
            "x": 0.03504171594977379,
            "y": 0.08966957032680511,
            "z": 0.9296822547912598
        },
        "10": {
            "name": "Head",
            "x": 0.014815064147114754,
            "y": 0.09724559634923935,
            "z": 1.0
        },
        "11": {
            "name": "Right Shoulder",
            "x": -0.1011425033211708,
            "y": 0.05868055298924446,
            "z": 0.8803625702857971
        },
        "12": {
            "name": "Right Elbow",
            "x": -0.23873524367809296,
            "y": 0.07570794969797134,
            "z": 0.7570839524269104
        },
        "13": {
            "name": "Right Wrist",
            "x": -0.38864243030548096,
            "y": 0.1775093376636505,
            "z": 0.7419742941856384
        },
        "14": {
            "name": "Left Shoulder",
            "x": 0.12500475347042084,
            "y": -0.024106208235025406,
            "z": 0.8538016080856323
        },
        "15": {
            "name": "Left Elbow",
            "x": 0.1291567087173462,
            "y": -0.0768464058637619,
            "z": 0.6362943053245544
        },
        "16": {
            "name": "Left Wrist",
            "x": 0.15948371589183807,
            "y": -0.0932292565703392,
            "z": 0.5040608644485474
        }
    }
}