{
    "image_path": "00017/img/5.jpg",
    "shooter_tracklet_id": 7,
    "bbox": {
        "x": 365,
        "y": 392,
        "w": 100,
        "h": 103
    },
    "keypont_2d": {
        "0": {
            "name": "Center of Hips",
            "x": 38.53,
            "y": 44.43
        },
        "1": {
            "name": "Left Hip",
            "x": 29.77,
            "y": 44.3
        },
        "2": {
            "name": "Left Knee",
            "x": 24.79,
            "y": 69.78
        },
        "3": {
            "name": "Left Ankle",
            "x": 19.27,
            "y": 93.26
        },
        "4": {
            "name": "Right Hip",
            "x": 47.53,
            "y": 43.57
        },
        "5": {
            "name": "Right Knee",
            "x": 44.52,
            "y": 68.69
        },
        "6": {
            "name": "Right Ankle",
            "x": 40.08,
            "y": 85.02
        },
        "7": {
            "name": "Center of Body",
            "x": 40.01,
            "y": 26.22
        },
        "8": {
            "name": "Center of Shoulder",
            "x": 42.14,
            "y": 13.0
        },
        "9": {
            "name": "Neck",
            "x": 42.53,
            "y": 10.81
        },
        "10": {
            "name": "Head",
            "x": 44.98,
            "y": 6.68
        },
        "11": {
            "name": "Right Shoulder",
            "x": 51.55,
            "y": 13.12
        },
        "12": {
            "name": "Right Elbow",
            "x": 65.33,
            "y": 15.7
        },
        "13": {
            "name": "Right Wrist",
            "x": 79.35,
            "y": 10.39
        },
        "14": {
            "name": "Left Shoulder",
            "x": 30.81,
            "y": 15.96
        },
        "15": {
            "name": "Left Elbow",
            "x": 26.94,
            "y": 33.48
        },
        "16": {
            "name": "Left Wrist",
            "x": 26.68,
            "y": 46.11
        }
    },
    "keypont_3d": {
        "0": {
            "name": "Center of Hips",
            "x": 0.0,
            "y": 0.0,
            "z": 0.5466316342353821
        },
        "1": {
            "name": "Left Hip",
            "x": 0.12556640803813934,
            "y": -0.014962309040129185,
            "z": 0.5407345294952393
        },
        "2": {
            "name": "Left Knee",
            "x": 0.20579680800437927,
            "y": -0.008860664442181587,
            "z": 0.19770029187202454
        },
        "3": {
            "name": "Left Ankle",
            "x": 0.037421904504299164,
            "y": -0.058786556124687195,
            "z": 0.0576140359044075
        },
        "4": {
            "name": "Right Hip",
            "x": -0.10785626620054245,
            "y": 0.0010983565589413047,
            "z": 0.5236380696296692
        },
        "5": {
            "name": "Right Knee",
            "x": -0.06465376168489456,
            "y": 0.04535239189863205,
            "z": 0.21997293829917908
        },
        "6": {
            "name": "Right Ankle",
            "x": -0.06651952862739563,
            "y": -0.06361459940671921,
            "z": 0.0
        },
        "7": {
            "name": "Center of Body",
            "x": -0.011706207878887653,
            "y": -0.016794944182038307,
            "z": 0.7262123823165894
        },
        "8": {
            "name": "Center of Shoulder",
            "x": 0.005224436521530151,
            "y": 0.041039835661649704,
            "z": 0.8962061405181885
        },
        "9": {
            "name": "Neck",
            "x": 0.02215903252363205,
            "y": 0.09233637154102325,
            "z": 0.9340592622756958
        },
        "10": {
            "name": "Head",
            "x": 2.134122041752562e-05,
            "y": 0.10062025487422943,
            "z": 1.0
        },
        "11": {
            "name": "Right Shoulder",
            "x": -0.11268989741802216,
            "y": 0.06886564940214157,
            "z": 0.8917246460914612
        },
        "12": {
            "name": "Right Elbow",
            "x": -0.24124152958393097,
            "y": 0.10776152461767197,
            "z": 0.8195708990097046
        },
        "13": {
            "name": "Right Wrist",
            "x": -0.3842225670814514,
            "y": 0.18261659145355225,
            "z": 0.7564799785614014
        },
        "14": {
            "name": "Left Shoulder",
            "x": 0.115573450922966,
            "y": -0.017086254432797432,
            "z": 0.8647072315216064
        },
        "15": {
            "name": "Left Elbow",
            "x": 0.13105498254299164,
            "y": -0.0778985545039177,
            "z": 0.6422162652015686
        },
        "16": {
            "name": "Left Wrist",
            "x": 0.1299770176410675,
            "y": -0.10289634019136429,
            "z": 0.48953527212142944
        }
    }
}