{
    "image_path": "00017/img/6.jpg",
    "shooter_tracklet_id": 7,
    "bbox": {
        "x": 362,
        "y": 394,
        "w": 100,
        "h": 104
    },
    "keypoint_2d": {
        "0": {
            "name": "Center of Hips",
            "x": 38.84,
            "y": 42.54
        },
        "1": {
            "name": "Left Hip",
            "x": 31.53,
            "y": 41.81
        },
        "2": {
            "name": "Left Knee",
            "x": 25.48,
            "y": 66.5
        },
        "3": {
            "name": "Left Ankle",
            "x": 20.09,
            "y": 92.86
        },
        "4": {
            "name": "Right Hip",
            "x": 47.25,
            "y": 42.81
        },
        "5": {
            "name": "Right Knee",
            "x": 44.47,
            "y": 66.67
        },
        "6": {
            "name": "Right Ankle",
            "x": 39.03,
            "y": 89.51
        },
        "7": {
            "name": "Center of Body",
            "x": 38.52,
            "y": 24.83
        },
        "8": {
            "name": "Center of Shoulder",
            "x": 42.64,
            "y": 10.4
        },
        "9": {
            "name": "Neck",
            "x": 43.67,
            "y": 8.72
        },
        "10": {
            "name": "Head",
            "x": 46.38,
            "y": 5.5
        },
        "11": {
            "name": "Right Shoulder",
            "x": 50.76,
            "y": 11.82
        },
        "12": {
            "name": "Right Elbow",
            "x": 60.16,
            "y": 15.17
        },
        "13": {
            "name": "Right Wrist",
            "x": 78.33,
            "y": 10.01
        },
        "14": {
            "name": "Left Shoulder",
            "x": 32.96,
            "y": 13.18
        },
        "15": {
            "name": "Left Elbow",
            "x": 31.43,
            "y": 27.54
        },
        "16": {
            "name": "Left Wrist",
            "x": 36.71,
            "y": 35.6
        }
    },
    "keypoint_3d": {
        "0": {
            "name": "Center of Hips",
            "x": 0.0,
            "y": 0.0,
            "z": 0.5584897994995117
        },
        "1": {
            "name": "Left Hip",
            "x": 0.11906356364488602,
            "y": -0.015764443203806877,
            "z": 0.5537005662918091
        },
        "2": {
            "name": "Left Knee",
            "x": 0.16683998703956604,
            "y": -0.0221837367862463,
            "z": 0.24366679787635803
        },
        "3": {
            "name": "Left Ankle",
            "x": 0.027815984562039375,
            "y": -0.06163528189063072,
            "z": 0.06907077133655548
        },
        "4": {
            "name": "Right Hip",
            "x": -0.10328349471092224,
            "y": -0.002535466104745865,
            "z": 0.5333245396614075
        },
        "5": {
            "name": "Right Knee",
            "x": -0.06948783248662949,
            "y": 0.028296757489442825,
            "z": 0.2424945831298828
        },
        "6": {
            "name": "Right Ankle",
            "x": -0.05015574395656586,
            "y": -0.040034957230091095,
            "z": 0.0
        },
        "7": {
            "name": "Center of Body",
            "x": 0.007413089741021395,
            "y": -0.012122195214033127,
            "z": 0.7364552617073059
        },
        "8": {
            "name": "Center of Shoulder",
            "x": -0.0058556715957820415,
            "y": 0.03486360237002373,
            "z": 0.9147887825965881
        },
        "9": {
            "name": "Neck",
            "x": 0.00319417635910213,
            "y": 0.07752710580825806,
            "z": 0.9455646276473999
        },
        "10": {
            "name": "Head",
            "x": -0.020837990567088127,
            "y": 0.0878642275929451,
            "z": 1.0
        },
        "11": {
            "name": "Right Shoulder",
            "x": -0.10707353800535202,
            "y": 0.054485127329826355,
            "z": 0.9035327434539795
        },
        "12": {
            "name": "Right Elbow",
            "x": -0.22143620252609253,
            "y": 0.06508486717939377,
            "z": 0.8354949355125427
        },
        "13": {
            "name": "Right Wrist",
            "x": -0.3664945065975189,
            "y": 0.1489444077014923,
            "z": 0.8118667006492615
        },
        "14": {
            "name": "Left Shoulder",
            "x": 0.10161944478750229,
            "y": -0.010668284259736538,
            "z": 0.8837227821350098
        },
        "15": {
            "name": "Left Elbow",
            "x": 0.10459787398576736,
            "y": -0.08137635886669159,
            "z": 0.6770521402359009
        },
        "16": {
            "name": "Left Wrist",
            "x": 0.05724399536848068,
            "y": -0.05006229504942894,
            "z": 0.5838340520858765
        }
    }
}