{
    "image_path": "00017/img/7.jpg",
    "shooter_tracklet_id": 7,
    "bbox": {
        "x": 359,
        "y": 396,
        "w": 100,
        "h": 105
    },
    "keypoint_2d": {
        "0": {
            "name": "Center of Hips",
            "x": 39.56,
            "y": 41.34
        },
        "1": {
            "name": "Left Hip",
            "x": 31.06,
            "y": 40.57
        },
        "2": {
            "name": "Left Knee",
            "x": 27.54,
            "y": 65.65
        },
        "3": {
            "name": "Left Ankle",
            "x": 22.54,
            "y": 89.32
        },
        "4": {
            "name": "Right Hip",
            "x": 48.07,
            "y": 41.21
        },
        "5": {
            "name": "Right Knee",
            "x": 46.13,
            "y": 64.92
        },
        "6": {
            "name": "Right Ankle",
            "x": 39.58,
            "y": 86.75
        },
        "7": {
            "name": "Center of Body",
            "x": 39.85,
            "y": 24.52
        },
        "8": {
            "name": "Center of Shoulder",
            "x": 44.2,
            "y": 10.29
        },
        "9": {
            "name": "Neck",
            "x": 45.49,
            "y": 8.1
        },
        "10": {
            "name": "Head",
            "x": 48.58,
            "y": 5.14
        },
        "11": {
            "name": "Right Shoulder",
            "x": 51.76,
            "y": 11.4
        },
        "12": {
            "name": "Right Elbow",
            "x": 65.85,
            "y": 15.96
        },
        "13": {
            "name": "Right Wrist",
            "x": 76.67,
            "y": 12.74
        },
        "14": {
            "name": "Left Shoulder",
            "x": 36.99,
            "y": 10.93
        },
        "15": {
            "name": "Left Elbow",
            "x": 31.47,
            "y": 22.09
        },
        "16": {
            "name": "Left Wrist",
            "x": 34.04,
            "y": 36.83
        }
    },
    "keypoint_3d": {
        "0": {
            "name": "Center of Hips",
            "x": 0.0,
            "y": 0.0,
            "z": 0.5695750713348389
        },
        "1": {
            "name": "Left Hip",
            "x": 0.10690441727638245,
            "y": -0.020567988976836205,
            "z": 0.5674427151679993
        },
        "2": {
            "name": "Left Knee",
            "x": 0.1500508189201355,
            "y": -0.024222975596785545,
            "z": 0.2700485587120056
        },
        "3": {
            "name": "Left Ankle",
            "x": 0.09933855384588242,
            "y": -0.042133357375860214,
            "z": 0.04194464907050133
        },
        "4": {
            "name": "Right Hip",
            "x": -0.09738199412822723,
            "y": -0.00443646963685751,
            "z": 0.5446526408195496
        },
        "5": {
            "name": "Right Knee",
            "x": -0.07119820266962051,
            "y": 0.02470584772527218,
            "z": 0.2670716941356659
        },
        "6": {
            "name": "Right Ankle",
            "x": -0.021501030772924423,
            "y": 0.0023283048067241907,
            "z": 0.0
        },
        "7": {
            "name": "Center of Body",
            "x": 0.006271416321396828,
            "y": -0.01047440618276596,
            "z": 0.7403395771980286
        },
        "8": {
            "name": "Center of Shoulder",
            "x": -0.015407002530992031,
            "y": 0.0366668663918972,
            "z": 0.9208930134773254
        },
        "9": {
            "name": "Neck",
            "x": -0.01295986957848072,
            "y": 0.07722265273332596,
            "z": 0.9529997706413269
        },
        "10": {
            "name": "Head",
            "x": -0.039794690907001495,
            "y": 0.09017381817102432,
            "z": 1.0
        },
        "11": {
            "name": "Right Shoulder",
            "x": -0.10441435128450394,
            "y": 0.06057746708393097,
            "z": 0.9012680053710938
        },
        "12": {
            "name": "Right Elbow",
            "x": -0.23333969712257385,
            "y": 0.09813199937343597,
            "z": 0.8453134894371033
        },
        "13": {
            "name": "Right Wrist",
            "x": -0.34375840425491333,
            "y": 0.17569786310195923,
            "z": 0.8501666188240051
        },
        "14": {
            "name": "Left Shoulder",
            "x": 0.07469026744365692,
            "y": 0.005933953914791346,
            "z": 0.9064053893089294
        },
        "15": {
            "name": "Left Elbow",
            "x": 0.08377033472061157,
            "y": -0.08690009266138077,
            "z": 0.753149688243866
        },
        "16": {
            "name": "Left Wrist",
            "x": 0.02494013123214245,
            "y": -0.06911972910165787,
            "z": 0.6098159551620483
        }
    }
}