{
    "image_path": "00017/img/8.jpg",
    "shooter_tracklet_id": 7,
    "bbox": {
        "x": 356,
        "y": 397,
        "w": 100,
        "h": 102
    },
    "keypont_2d": {
        "0": {
            "name": "Center of Hips",
            "x": 40.49,
            "y": 42.35
        },
        "1": {
            "name": "Left Hip",
            "x": 32.35,
            "y": 41.98
        },
        "2": {
            "name": "Left Knee",
            "x": 27.5,
            "y": 66.05
        },
        "3": {
            "name": "Left Ankle",
            "x": 24.1,
            "y": 87.21
        },
        "4": {
            "name": "Right Hip",
            "x": 48.2,
            "y": 42.89
        },
        "5": {
            "name": "Right Knee",
            "x": 48.12,
            "y": 68.33
        },
        "6": {
            "name": "Right Ankle",
            "x": 43.57,
            "y": 91.38
        },
        "7": {
            "name": "Center of Body",
            "x": 40.98,
            "y": 28.88
        },
        "8": {
            "name": "Center of Shoulder",
            "x": 45.3,
            "y": 13.38
        },
        "9": {
            "name": "Neck",
            "x": 47.42,
            "y": 10.93
        },
        "10": {
            "name": "Head",
            "x": 50.14,
            "y": 7.07
        },
        "11": {
            "name": "Right Shoulder",
            "x": 54.23,
            "y": 15.68
        },
        "12": {
            "name": "Right Elbow",
            "x": 61.51,
            "y": 22.17
        },
        "13": {
            "name": "Right Wrist",
            "x": 74.03,
            "y": 19.67
        },
        "14": {
            "name": "Left Shoulder",
            "x": 37.99,
            "y": 14.06
        },
        "15": {
            "name": "Left Elbow",
            "x": 31.68,
            "y": 22.8
        },
        "16": {
            "name": "Left Wrist",
            "x": 33.17,
            "y": 35.33
        }
    },
    "keypont_3d": {
        "0": {
            "name": "Center of Hips",
            "x": 0.0,
            "y": 0.0,
            "z": 0.5805245637893677
        },
        "1": {
            "name": "Left Hip",
            "x": 0.1028350442647934,
            "y": -0.022682800889015198,
            "z": 0.585825502872467
        },
        "2": {
            "name": "Left Knee",
            "x": 0.14316031336784363,
            "y": -0.05371875315904617,
            "z": 0.2996036410331726
        },
        "3": {
            "name": "Left Ankle",
            "x": 0.10716358572244644,
            "y": -0.14168329536914825,
            "z": 0.12849298119544983
        },
        "4": {
            "name": "Right Hip",
            "x": -0.09443914890289307,
            "y": -0.008991801179945469,
            "z": 0.5604298114776611
        },
        "5": {
            "name": "Right Knee",
            "x": -0.07550067454576492,
            "y": 0.04503578692674637,
            "z": 0.2834167182445526
        },
        "6": {
            "name": "Right Ankle",
            "x": -0.02743208035826683,
            "y": 0.031294085085392,
            "z": 0.0
        },
        "7": {
            "name": "Center of Body",
            "x": -0.01159097719937563,
            "y": -0.034033942967653275,
            "z": 0.7291026711463928
        },
        "8": {
            "name": "Center of Shoulder",
            "x": -0.02555238828063011,
            "y": 0.03866758197546005,
            "z": 0.9153281450271606
        },
        "9": {
            "name": "Neck",
            "x": -0.025122784078121185,
            "y": 0.08799554407596588,
            "z": 0.9480591416358948
        },
        "10": {
            "name": "Head",
            "x": -0.05178341269493103,
            "y": 0.0932827889919281,
            "z": 1.0
        },
        "11": {
            "name": "Right Shoulder",
            "x": -0.12542462348937988,
            "y": 0.055355254560709,
            "z": 0.8872801661491394
        },
        "12": {
            "name": "Right Elbow",
            "x": -0.2323245108127594,
            "y": 0.019002610817551613,
            "z": 0.7823421955108643
        },
        "13": {
            "name": "Right Wrist",
            "x": -0.3433973491191864,
            "y": 0.06766441464424133,
            "z": 0.7663954496383667
        },
        "14": {
            "name": "Left Shoulder",
            "x": 0.05441221594810486,
            "y": 0.01818114146590233,
            "z": 0.9165189266204834
        },
        "15": {
            "name": "Left Elbow",
            "x": 0.08834695816040039,
            "y": -0.07863414287567139,
            "z": 0.7851715087890625
        },
        "16": {
            "name": "Left Wrist",
            "x": 0.0553230382502079,
            "y": -0.09197574853897095,
            "z": 0.6413066387176514
        }
    }
}