{
    "image_path": "00017/img/9.jpg",
    "shooter_tracklet_id": 7,
    "bbox": {
        "x": 353,
        "y": 398,
        "w": 100,
        "h": 100
    },
    "keypoint_2d": {
        "0": {
            "name": "Center of Hips",
            "x": 40.85,
            "y": 45.49
        },
        "1": {
            "name": "Left Hip",
            "x": 33.33,
            "y": 44.09
        },
        "2": {
            "name": "Left Knee",
            "x": 30.54,
            "y": 68.47
        },
        "3": {
            "name": "Left Ankle",
            "x": 27.53,
            "y": 82.0
        },
        "4": {
            "name": "Right Hip",
            "x": 48.9,
            "y": 47.31
        },
        "5": {
            "name": "Right Knee",
            "x": 50.68,
            "y": 69.44
        },
        "6": {
            "name": "Right Ankle",
            "x": 47.5,
            "y": 95.42
        },
        "7": {
            "name": "Center of Body",
            "x": 41.07,
            "y": 29.39
        },
        "8": {
            "name": "Center of Shoulder",
            "x": 47.07,
            "y": 15.21
        },
        "9": {
            "name": "Neck",
            "x": 48.9,
            "y": 13.28
        },
        "10": {
            "name": "Head",
            "x": 52.33,
            "y": 9.42
        },
        "11": {
            "name": "Right Shoulder",
            "x": 54.38,
            "y": 17.46
        },
        "12": {
            "name": "Right Elbow",
            "x": 61.03,
            "y": 27.66
        },
        "13": {
            "name": "Right Wrist",
            "x": 71.55,
            "y": 27.88
        },
        "14": {
            "name": "Left Shoulder",
            "x": 41.6,
            "y": 14.99
        },
        "15": {
            "name": "Left Elbow",
            "x": 33.44,
            "y": 26.8
        },
        "16": {
            "name": "Left Wrist",
            "x": 36.02,
            "y": 37.97
        }
    },
    "keypoint_3d": {
        "0": {
            "name": "Center of Hips",
            "x": 0.0,
            "y": 0.0,
            "z": 0.6023973822593689
        },
        "1": {
            "name": "Left Hip",
            "x": 0.09480133652687073,
            "y": -0.02311217412352562,
            "z": 0.6096388101577759
        },
        "2": {
            "name": "Left Knee",
            "x": 0.10908906906843185,
            "y": -0.05681505799293518,
            "z": 0.3225300908088684
        },
        "3": {
            "name": "Left Ankle",
            "x": 0.10204676538705826,
            "y": -0.15207147598266602,
            "z": 0.14533573389053345
        },
        "4": {
            "name": "Right Hip",
            "x": -0.09835154563188553,
            "y": -0.01896885596215725,
            "z": 0.5718913078308105
        },
        "5": {
            "name": "Right Knee",
            "x": -0.09088134765625,
            "y": 0.06838914006948471,
            "z": 0.3133443295955658
        },
        "6": {
            "name": "Right Ankle",
            "x": -0.04903330281376839,
            "y": 0.09015222638845444,
            "z": 0.0
        },
        "7": {
            "name": "Center of Body",
            "x": -0.010827952064573765,
            "y": -0.03008163534104824,
            "z": 0.7581632733345032
        },
        "8": {
            "name": "Center of Shoulder",
            "x": -0.03388965502381325,
            "y": 0.0387086346745491,
            "z": 0.928924560546875
        },
        "9": {
            "name": "Neck",
            "x": -0.032852254807949066,
            "y": 0.09017019718885422,
            "z": 0.9489004015922546
        },
        "10": {
            "name": "Head",
            "x": -0.064021535217762,
            "y": 0.09783988445997238,
            "z": 1.0
        },
        "11": {
            "name": "Right Shoulder",
            "x": -0.12450793385505676,
            "y": 0.042517080903053284,
            "z": 0.8993939161300659
        },
        "12": {
            "name": "Right Elbow",
            "x": -0.22339151799678802,
            "y": -0.011110506020486355,
            "z": 0.7567740082740784
        },
        "13": {
            "name": "Right Wrist",
            "x": -0.3324809670448303,
            "y": 0.04618436098098755,
            "z": 0.7492267489433289
        },
        "14": {
            "name": "Left Shoulder",
            "x": 0.030350467190146446,
            "y": 0.017123278230428696,
            "z": 0.9344587326049805
        },
        "15": {
            "name": "Left Elbow",
            "x": 0.07778964191675186,
            "y": -0.07448672503232956,
            "z": 0.801575779914856
        },
        "16": {
            "name": "Left Wrist",
            "x": 0.04134625941514969,
            "y": -0.062276240438222885,
            "z": 0.6705948114395142
        }
    }
}