{
    "image_path": "00017/img/10.jpg",
    "shooter_tracklet_id": 7,
    "bbox": {
        "x": 351,
        "y": 399,
        "w": 100,
        "h": 100
    },
    "keypont_2d": {
        "0": {
            "name": "Center of Hips",
            "x": 42.66,
            "y": 46.24
        },
        "1": {
            "name": "Left Hip",
            "x": 34.02,
            "y": 45.08
        },
        "2": {
            "name": "Left Knee",
            "x": 33.38,
            "y": 74.45
        },
        "3": {
            "name": "Left Ankle",
            "x": 30.52,
            "y": 73.22
        },
        "4": {
            "name": "Right Hip",
            "x": 51.29,
            "y": 47.4
        },
        "5": {
            "name": "Right Knee",
            "x": 52.58,
            "y": 72.91
        },
        "6": {
            "name": "Right Ankle",
            "x": 50.9,
            "y": 98.29
        },
        "7": {
            "name": "Center of Body",
            "x": 42.78,
            "y": 28.97
        },
        "8": {
            "name": "Center of Shoulder",
            "x": 47.55,
            "y": 15.57
        },
        "9": {
            "name": "Neck",
            "x": 49.59,
            "y": 13.57
        },
        "10": {
            "name": "Head",
            "x": 53.87,
            "y": 10.81
        },
        "11": {
            "name": "Right Shoulder",
            "x": 55.02,
            "y": 16.6
        },
        "12": {
            "name": "Right Elbow",
            "x": 61.77,
            "y": 32.37
        },
        "13": {
            "name": "Right Wrist",
            "x": 69.48,
            "y": 35.08
        },
        "14": {
            "name": "Left Shoulder",
            "x": 40.59,
            "y": 16.47
        },
        "15": {
            "name": "Left Elbow",
            "x": 32.55,
            "y": 29.39
        },
        "16": {
            "name": "Left Wrist",
            "x": 28.08,
            "y": 40.89
        }
    },
    "keypont_3d": {
        "0": {
            "name": "Center of Hips",
            "x": 0.0,
            "y": 0.0,
            "z": 0.6046435236930847
        },
        "1": {
            "name": "Left Hip",
            "x": 0.0992724671959877,
            "y": -0.0217172559350729,
            "z": 0.6098092198371887
        },
        "2": {
            "name": "Left Knee",
            "x": 0.11500011384487152,
            "y": -0.04658975079655647,
            "z": 0.31710320711135864
        },
        "3": {
            "name": "Left Ankle",
            "x": 0.07371127605438232,
            "y": -0.20673665404319763,
            "z": 0.2131042331457138
        },
        "4": {
            "name": "Right Hip",
            "x": -0.1005263403058052,
            "y": -0.013940146192908287,
            "z": 0.577255129814148
        },
        "5": {
            "name": "Right Knee",
            "x": -0.08938974142074585,
            "y": 0.08667504042387009,
            "z": 0.3032057583332062
        },
        "6": {
            "name": "Right Ankle",
            "x": -0.05992480367422104,
            "y": 0.11378537863492966,
            "z": 0.0
        },
        "7": {
            "name": "Center of Body",
            "x": -0.005912078078836203,
            "y": -0.022773658856749535,
            "z": 0.7698366641998291
        },
        "8": {
            "name": "Center of Shoulder",
            "x": -0.027024496346712112,
            "y": 0.039966803044080734,
            "z": 0.9332860112190247
        },
        "9": {
            "name": "Neck",
            "x": -0.028610508888959885,
            "y": 0.0917230024933815,
            "z": 0.9528857469558716
        },
        "10": {
            "name": "Head",
            "x": -0.06536554545164108,
            "y": 0.1037253737449646,
            "z": 1.0
        },
        "11": {
            "name": "Right Shoulder",
            "x": -0.11825287342071533,
            "y": 0.038559697568416595,
            "z": 0.9085482954978943
        },
        "12": {
            "name": "Right Elbow",
            "x": -0.2120206356048584,
            "y": -0.006568155717104673,
            "z": 0.7309143543243408
        },
        "13": {
            "name": "Right Wrist",
            "x": -0.3095987141132355,
            "y": 0.04319725185632706,
            "z": 0.7028418183326721
        },
        "14": {
            "name": "Left Shoulder",
            "x": 0.03813158720731735,
            "y": 0.016272110864520073,
            "z": 0.9321880340576172
        },
        "15": {
            "name": "Left Elbow",
            "x": 0.10087462514638901,
            "y": -0.06992560625076294,
            "z": 0.7886943817138672
        },
        "16": {
            "name": "Left Wrist",
            "x": 0.10988149046897888,
            "y": -0.11630210280418396,
            "z": 0.6462359428405762
        }
    }
}