{
    "image_path": "00017/img/11.jpg",
    "shooter_tracklet_id": 7,
    "bbox": {
        "x": 350,
        "y": 398,
        "w": 100,
        "h": 100
    },
    "keypont_2d": {
        "0": {
            "name": "Center of Hips",
            "x": 45.86,
            "y": 47.44
        },
        "1": {
            "name": "Left Hip",
            "x": 37.87,
            "y": 46.16
        },
        "2": {
            "name": "Left Knee",
            "x": 38.9,
            "y": 77.59
        },
        "3": {
            "name": "Left Ankle",
            "x": 35.25,
            "y": 71.6
        },
        "4": {
            "name": "Right Hip",
            "x": 54.11,
            "y": 47.83
        },
        "5": {
            "name": "Right Knee",
            "x": 57.95,
            "y": 74.07
        },
        "6": {
            "name": "Right Ankle",
            "x": 56.22,
            "y": 97.17
        },
        "7": {
            "name": "Center of Body",
            "x": 44.7,
            "y": 31.6
        },
        "8": {
            "name": "Center of Shoulder",
            "x": 49.91,
            "y": 17.33
        },
        "9": {
            "name": "Neck",
            "x": 51.76,
            "y": 15.46
        },
        "10": {
            "name": "Head",
            "x": 56.25,
            "y": 12.22
        },
        "11": {
            "name": "Right Shoulder",
            "x": 56.96,
            "y": 19.68
        },
        "12": {
            "name": "Right Elbow",
            "x": 63.53,
            "y": 36.02
        },
        "13": {
            "name": "Right Wrist",
            "x": 73.67,
            "y": 41.7
        },
        "14": {
            "name": "Left Shoulder",
            "x": 42.91,
            "y": 17.44
        },
        "15": {
            "name": "Left Elbow",
            "x": 32.62,
            "y": 27.47
        },
        "16": {
            "name": "Left Wrist",
            "x": 23.48,
            "y": 36.7
        }
    },
    "keypont_3d": {
        "0": {
            "name": "Center of Hips",
            "x": 0.0,
            "y": 0.0,
            "z": 0.5975381135940552
        },
        "1": {
            "name": "Left Hip",
            "x": 0.09972266852855682,
            "y": -0.017198339104652405,
            "z": 0.5995043516159058
        },
        "2": {
            "name": "Left Knee",
            "x": 0.11731316149234772,
            "y": 0.0021482151933014393,
            "z": 0.2670212984085083
        },
        "3": {
            "name": "Left Ankle",
            "x": 0.07475028187036514,
            "y": -0.2057759016752243,
            "z": 0.22719642519950867
        },
        "4": {
            "name": "Right Hip",
            "x": -0.09955253452062607,
            "y": -0.013731840997934341,
            "z": 0.577857255935669
        },
        "5": {
            "name": "Right Knee",
            "x": -0.10127811133861542,
            "y": 0.10999235510826111,
            "z": 0.2781673073768616
        },
        "6": {
            "name": "Right Ankle",
            "x": -0.0863724797964096,
            "y": 0.12252608686685562,
            "z": 0.0
        },
        "7": {
            "name": "Center of Body",
            "x": 0.001201188424602151,
            "y": -0.04303642362356186,
            "z": 0.7588620185852051
        },
        "8": {
            "name": "Center of Shoulder",
            "x": -0.015995608642697334,
            "y": 0.03114733286201954,
            "z": 0.930802047252655
        },
        "9": {
            "name": "Neck",
            "x": -0.016630224883556366,
            "y": 0.08792338520288467,
            "z": 0.9503271579742432
        },
        "10": {
            "name": "Head",
            "x": -0.060685474425554276,
            "y": 0.10190112143754959,
            "z": 1.0
        },
        "11": {
            "name": "Right Shoulder",
            "x": -0.11166678369045258,
            "y": 0.027117978781461716,
            "z": 0.8998004794120789
        },
        "12": {
            "name": "Right Elbow",
            "x": -0.20043261349201202,
            "y": -0.007482745684683323,
            "z": 0.7114650011062622
        },
        "13": {
            "name": "Right Wrist",
            "x": -0.30575162172317505,
            "y": 0.048209115862846375,
            "z": 0.668174147605896
        },
        "14": {
            "name": "Left Shoulder",
            "x": 0.057634137570858,
            "y": 0.015195400454103947,
            "z": 0.930684506893158
        },
        "15": {
            "name": "Left Elbow",
            "x": 0.16200950741767883,
            "y": -0.03156319260597229,
            "z": 0.8133610486984253
        },
        "16": {
            "name": "Left Wrist",
            "x": 0.2215346395969391,
            "y": -0.09944247454404831,
            "z": 0.6821038126945496
        }
    }
}