{
    "image_path": "00017/img/13.jpg",
    "shooter_tracklet_id": 7,
    "bbox": {
        "x": 350,
        "y": 402,
        "w": 100,
        "h": 100
    },
    "keypont_2d": {
        "0": {
            "name": "Center of Hips",
            "x": 40.72,
            "y": 46.36
        },
        "1": {
            "name": "Left Hip",
            "x": 33.64,
            "y": 45.98
        },
        "2": {
            "name": "Left Knee",
            "x": 42.83,
            "y": 66.46
        },
        "3": {
            "name": "Left Ankle",
            "x": 39.85,
            "y": 81.75
        },
        "4": {
            "name": "Right Hip",
            "x": 50.52,
            "y": 46.11
        },
        "5": {
            "name": "Right Knee",
            "x": 56.52,
            "y": 68.82
        },
        "6": {
            "name": "Right Ankle",
            "x": 57.45,
            "y": 95.16
        },
        "7": {
            "name": "Center of Body",
            "x": 42.15,
            "y": 27.63
        },
        "8": {
            "name": "Center of Shoulder",
            "x": 49.74,
            "y": 15.06
        },
        "9": {
            "name": "Neck",
            "x": 51.67,
            "y": 13.51
        },
        "10": {
            "name": "Head",
            "x": 56.06,
            "y": 10.55
        },
        "11": {
            "name": "Right Shoulder",
            "x": 58.76,
            "y": 20.85
        },
        "12": {
            "name": "Right Elbow",
            "x": 63.66,
            "y": 35.35
        },
        "13": {
            "name": "Right Wrist",
            "x": 78.27,
            "y": 44.41
        },
        "14": {
            "name": "Left Shoulder",
            "x": 38.53,
            "y": 14.03
        },
        "15": {
            "name": "Left Elbow",
            "x": 27.68,
            "y": 26.28
        },
        "16": {
            "name": "Left Wrist",
            "x": 16.86,
            "y": 35.89
        }
    },
    "keypont_3d": {
        "0": {
            "name": "Center of Hips",
            "x": 0.0,
            "y": 0.0,
            "z": 0.6034665703773499
        },
        "1": {
            "name": "Left Hip",
            "x": 0.10722412168979645,
            "y": -0.02345789223909378,
            "z": 0.5976173877716064
        },
        "2": {
            "name": "Left Knee",
            "x": -0.007663331460207701,
            "y": -0.027883417904376984,
            "z": 0.32767149806022644
        },
        "3": {
            "name": "Left Ankle",
            "x": -0.027227187529206276,
            "y": -0.148151233792305,
            "z": 0.13434399664402008
        },
        "4": {
            "name": "Right Hip",
            "x": -0.09773816913366318,
            "y": -0.009140131063759327,
            "z": 0.5885182619094849
        },
        "5": {
            "name": "Right Knee",
            "x": -0.1358867734670639,
            "y": 0.10535892844200134,
            "z": 0.3138434886932373
        },
        "6": {
            "name": "Right Ankle",
            "x": -0.10812179744243622,
            "y": 0.1339094340801239,
            "z": 0.0
        },
        "7": {
            "name": "Center of Body",
            "x": 0.004130167420953512,
            "y": -0.02035706862807274,
            "z": 0.7800872921943665
        },
        "8": {
            "name": "Center of Shoulder",
            "x": -0.02969103492796421,
            "y": 0.04066396877169609,
            "z": 0.9421637654304504
        },
        "9": {
            "name": "Neck",
            "x": -0.03615221381187439,
            "y": 0.09808075428009033,
            "z": 0.9582585096359253
        },
        "10": {
            "name": "Head",
            "x": -0.08261759579181671,
            "y": 0.11274133622646332,
            "z": 1.0
        },
        "11": {
            "name": "Right Shoulder",
            "x": -0.138649582862854,
            "y": 0.0599413737654686,
            "z": 0.8839858174324036
        },
        "12": {
            "name": "Right Elbow",
            "x": -0.2109965682029724,
            "y": 0.05715705826878548,
            "z": 0.6971644759178162
        },
        "13": {
            "name": "Right Wrist",
            "x": -0.33355504274368286,
            "y": 0.1388166844844818,
            "z": 0.6307865977287292
        },
        "14": {
            "name": "Left Shoulder",
            "x": 0.08641044795513153,
            "y": 0.005886167753487825,
            "z": 0.9477239847183228
        },
        "15": {
            "name": "Left Elbow",
            "x": 0.2044035792350769,
            "y": -0.035532139241695404,
            "z": 0.8015192747116089
        },
        "16": {
            "name": "Left Wrist",
            "x": 0.29261329770088196,
            "y": -0.09357889741659164,
            "z": 0.6942219138145447
        }
    }
}