{
    "image_path": "00017/img/14.jpg",
    "shooter_tracklet_id": 7,
    "bbox": {
        "x": 350,
        "y": 405,
        "w": 100,
        "h": 100
    },
    "keypoint_2d": {
        "0": {
            "name": "Center of Hips",
            "x": 37.82,
            "y": 45.09
        },
        "1": {
            "name": "Left Hip",
            "x": 29.39,
            "y": 44.05
        },
        "2": {
            "name": "Left Knee",
            "x": 40.59,
            "y": 60.67
        },
        "3": {
            "name": "Left Ankle",
            "x": 44.86,
            "y": 82.69
        },
        "4": {
            "name": "Right Hip",
            "x": 46.13,
            "y": 45.33
        },
        "5": {
            "name": "Right Knee",
            "x": 53.09,
            "y": 68.65
        },
        "6": {
            "name": "Right Ankle",
            "x": 55.02,
            "y": 93.39
        },
        "7": {
            "name": "Center of Body",
            "x": 41.07,
            "y": 25.74
        },
        "8": {
            "name": "Center of Shoulder",
            "x": 47.17,
            "y": 13.9
        },
        "9": {
            "name": "Neck",
            "x": 49.36,
            "y": 12.48
        },
        "10": {
            "name": "Head",
            "x": 52.58,
            "y": 10.55
        },
        "11": {
            "name": "Right Shoulder",
            "x": 56.22,
            "y": 18.57
        },
        "12": {
            "name": "Right Elbow",
            "x": 64.34,
            "y": 35.89
        },
        "13": {
            "name": "Right Wrist",
            "x": 77.73,
            "y": 41.43
        },
        "14": {
            "name": "Left Shoulder",
            "x": 36.07,
            "y": 12.08
        },
        "15": {
            "name": "Left Elbow",
            "x": 25.38,
            "y": 25.61
        },
        "16": {
            "name": "Left Wrist",
            "x": 19.97,
            "y": 34.53
        }
    },
    "keypoint_3d": {
        "0": {
            "name": "Center of Hips",
            "x": 0.0,
            "y": 0.0,
            "z": 0.6074914336204529
        },
        "1": {
            "name": "Left Hip",
            "x": 0.1136343851685524,
            "y": -0.02779616415500641,
            "z": 0.6004809737205505
        },
        "2": {
            "name": "Left Knee",
            "x": -0.039932701736688614,
            "y": -0.08166303485631943,
            "z": 0.36254408955574036
        },
        "3": {
            "name": "Left Ankle",
            "x": -0.05169256404042244,
            "y": -0.06741053611040115,
            "z": 0.11821823567152023
        },
        "4": {
            "name": "Right Hip",
            "x": -0.09760848432779312,
            "y": -0.019859014078974724,
            "z": 0.5821393132209778
        },
        "5": {
            "name": "Right Knee",
            "x": -0.13086044788360596,
            "y": 0.09834199398756027,
            "z": 0.3144981563091278
        },
        "6": {
            "name": "Right Ankle",
            "x": -0.1205158531665802,
            "y": 0.1548093557357788,
            "z": 0.0
        },
        "7": {
            "name": "Center of Body",
            "x": 0.0016333909006789327,
            "y": -0.010747622698545456,
            "z": 0.7866120338439941
        },
        "8": {
            "name": "Center of Shoulder",
            "x": -0.04402875527739525,
            "y": 0.0418868213891983,
            "z": 0.9397182464599609
        },
        "9": {
            "name": "Neck",
            "x": -0.049174368381500244,
            "y": 0.09197664260864258,
            "z": 0.9602255821228027
        },
        "10": {
            "name": "Head",
            "x": -0.08513197302818298,
            "y": 0.10294825583696365,
            "z": 1.0
        },
        "11": {
            "name": "Right Shoulder",
            "x": -0.14575433731079102,
            "y": 0.06871364265680313,
            "z": 0.886360228061676
        },
        "12": {
            "name": "Right Elbow",
            "x": -0.22509944438934326,
            "y": 0.08462397009134293,
            "z": 0.7038020491600037
        },
        "13": {
            "name": "Right Wrist",
            "x": -0.35284391045570374,
            "y": 0.19692152738571167,
            "z": 0.652592658996582
        },
        "14": {
            "name": "Left Shoulder",
            "x": 0.06996119022369385,
            "y": 0.005652471445500851,
            "z": 0.9550238251686096
        },
        "15": {
            "name": "Left Elbow",
            "x": 0.186857208609581,
            "y": -0.05190126225352287,
            "z": 0.7999637126922607
        },
        "16": {
            "name": "Left Wrist",
            "x": 0.25097334384918213,
            "y": -0.09590943157672882,
            "z": 0.6957231760025024
        }
    }
}