{
    "image_path": "00017/img/15.jpg",
    "shooter_tracklet_id": 7,
    "bbox": {
        "x": 349,
        "y": 407,
        "w": 100,
        "h": 100
    },
    "keypont_2d": {
        "0": {
            "name": "Center of Hips",
            "x": 34.58,
            "y": 44.0
        },
        "1": {
            "name": "Left Hip",
            "x": 26.07,
            "y": 43.53
        },
        "2": {
            "name": "Left Knee",
            "x": 39.28,
            "y": 60.06
        },
        "3": {
            "name": "Left Ankle",
            "x": 46.9,
            "y": 71.87
        },
        "4": {
            "name": "Right Hip",
            "x": 43.25,
            "y": 43.96
        },
        "5": {
            "name": "Right Knee",
            "x": 50.68,
            "y": 66.46
        },
        "6": {
            "name": "Right Ankle",
            "x": 55.82,
            "y": 91.76
        },
        "7": {
            "name": "Center of Body",
            "x": 36.34,
            "y": 27.23
        },
        "8": {
            "name": "Center of Shoulder",
            "x": 44.01,
            "y": 14.0
        },
        "9": {
            "name": "Neck",
            "x": 45.83,
            "y": 12.61
        },
        "10": {
            "name": "Head",
            "x": 49.05,
            "y": 10.46
        },
        "11": {
            "name": "Right Shoulder",
            "x": 53.79,
            "y": 18.17
        },
        "12": {
            "name": "Right Elbow",
            "x": 59.6,
            "y": 31.02
        },
        "13": {
            "name": "Right Wrist",
            "x": 73.94,
            "y": 37.92
        },
        "14": {
            "name": "Left Shoulder",
            "x": 34.88,
            "y": 11.32
        },
        "15": {
            "name": "Left Elbow",
            "x": 23.62,
            "y": 24.12
        },
        "16": {
            "name": "Left Wrist",
            "x": 19.97,
            "y": 34.4
        }
    },
    "keypont_3d": {
        "0": {
            "name": "Center of Hips",
            "x": 0.0,
            "y": 0.0,
            "z": 0.6081525087356567
        },
        "1": {
            "name": "Left Hip",
            "x": 0.12644527852535248,
            "y": -0.04087694361805916,
            "z": 0.6020410656929016
        },
        "2": {
            "name": "Left Knee",
            "x": -0.06762456148862839,
            "y": -0.0900317057967186,
            "z": 0.3601747751235962
        },
        "3": {
            "name": "Left Ankle",
            "x": -0.20020510256290436,
            "y": -0.12531057000160217,
            "z": 0.1679333597421646
        },
        "4": {
            "name": "Right Hip",
            "x": -0.09910038858652115,
            "y": -0.025209825485944748,
            "z": 0.5809046626091003
        },
        "5": {
            "name": "Right Knee",
            "x": -0.1420142501592636,
            "y": 0.09358588606119156,
            "z": 0.3137527406215668
        },
        "6": {
            "name": "Right Ankle",
            "x": -0.10324535518884659,
            "y": 0.12986639142036438,
            "z": 0.0
        },
        "7": {
            "name": "Center of Body",
            "x": 0.007064356934279203,
            "y": -0.013775840401649475,
            "z": 0.7815728187561035
        },
        "8": {
            "name": "Center of Shoulder",
            "x": -0.05231305584311485,
            "y": 0.04183226823806763,
            "z": 0.9439268708229065
        },
        "9": {
            "name": "Neck",
            "x": -0.057426705956459045,
            "y": 0.0910102054476738,
            "z": 0.9654412865638733
        },
        "10": {
            "name": "Head",
            "x": -0.09069281071424484,
            "y": 0.1006467193365097,
            "z": 1.0
        },
        "11": {
            "name": "Right Shoulder",
            "x": -0.155608668923378,
            "y": 0.07231973856687546,
            "z": 0.8996540307998657
        },
        "12": {
            "name": "Right Elbow",
            "x": -0.24002259969711304,
            "y": 0.08095186203718185,
            "z": 0.7319396734237671
        },
        "13": {
            "name": "Right Wrist",
            "x": -0.3746870458126068,
            "y": 0.20517899096012115,
            "z": 0.6826063990592957
        },
        "14": {
            "name": "Left Shoulder",
            "x": 0.05298728868365288,
            "y": 0.006865830160677433,
            "z": 0.9738155603408813
        },
        "15": {
            "name": "Left Elbow",
            "x": 0.1584487408399582,
            "y": -0.0769740417599678,
            "z": 0.8024219274520874
        },
        "16": {
            "name": "Left Wrist",
            "x": 0.2050180286169052,
            "y": -0.1191408559679985,
            "z": 0.6884855628013611
        }
    }
}