{
    "image_path": "00017/img/16.jpg",
    "shooter_tracklet_id": 7,
    "bbox": {
        "x": 348,
        "y": 405,
        "w": 100,
        "h": 100
    },
    "keypont_2d": {
        "0": {
            "name": "Center of Hips",
            "x": 36.34,
            "y": 43.73
        },
        "1": {
            "name": "Left Hip",
            "x": 29.17,
            "y": 43.6
        },
        "2": {
            "name": "Left Knee",
            "x": 43.3,
            "y": 51.39
        },
        "3": {
            "name": "Left Ankle",
            "x": 53.61,
            "y": 55.9
        },
        "4": {
            "name": "Right Hip",
            "x": 42.97,
            "y": 44.14
        },
        "5": {
            "name": "Right Knee",
            "x": 52.3,
            "y": 66.33
        },
        "6": {
            "name": "Right Ankle",
            "x": 58.5,
            "y": 91.72
        },
        "7": {
            "name": "Center of Body",
            "x": 36.34,
            "y": 27.23
        },
        "8": {
            "name": "Center of Shoulder",
            "x": 42.02,
            "y": 13.57
        },
        "9": {
            "name": "Neck",
            "x": 45.75,
            "y": 12.22
        },
        "10": {
            "name": "Head",
            "x": 49.87,
            "y": 11.84
        },
        "11": {
            "name": "Right Shoulder",
            "x": 52.84,
            "y": 16.41
        },
        "12": {
            "name": "Right Elbow",
            "x": 60.42,
            "y": 28.58
        },
        "13": {
            "name": "Right Wrist",
            "x": 73.4,
            "y": 34.8
        },
        "14": {
            "name": "Left Shoulder",
            "x": 32.82,
            "y": 12.89
        },
        "15": {
            "name": "Left Elbow",
            "x": 26.6,
            "y": 26.15
        },
        "16": {
            "name": "Left Wrist",
            "x": 22.13,
            "y": 33.99
        }
    },
    "keypont_3d": {
        "0": {
            "name": "Center of Hips",
            "x": 0.0,
            "y": 0.0,
            "z": 0.5982662439346313
        },
        "1": {
            "name": "Left Hip",
            "x": 0.11392669379711151,
            "y": -0.03994224593043327,
            "z": 0.5918309092521667
        },
        "2": {
            "name": "Left Knee",
            "x": -0.11049645394086838,
            "y": -0.1036975085735321,
            "z": 0.3795994818210602
        },
        "3": {
            "name": "Left Ankle",
            "x": -0.29558834433555603,
            "y": -0.1670844554901123,
            "z": 0.22267185151576996
        },
        "4": {
            "name": "Right Hip",
            "x": -0.1047234907746315,
            "y": -0.02994123287498951,
            "z": 0.5683445334434509
        },
        "5": {
            "name": "Right Knee",
            "x": -0.1650712490081787,
            "y": 0.08928051590919495,
            "z": 0.2959059178829193
        },
        "6": {
            "name": "Right Ankle",
            "x": -0.06942111998796463,
            "y": 0.06613501161336899,
            "z": 0.0
        },
        "7": {
            "name": "Center of Body",
            "x": 0.012384380213916302,
            "y": -0.01970314234495163,
            "z": 0.777983546257019
        },
        "8": {
            "name": "Center of Shoulder",
            "x": -0.038728516548871994,
            "y": 0.03882675990462303,
            "z": 0.947935163974762
        },
        "9": {
            "name": "Neck",
            "x": -0.05605538934469223,
            "y": 0.09336890280246735,
            "z": 0.9748507142066956
        },
        "10": {
            "name": "Head",
            "x": -0.0940820649266243,
            "y": 0.1101212128996849,
            "z": 1.0
        },
        "11": {
            "name": "Right Shoulder",
            "x": -0.15182790160179138,
            "y": 0.07648969441652298,
            "z": 0.9125962853431702
        },
        "12": {
            "name": "Right Elbow",
            "x": -0.2568531334400177,
            "y": 0.09319889545440674,
            "z": 0.7554149627685547
        },
        "13": {
            "name": "Right Wrist",
            "x": -0.3876078426837921,
            "y": 0.21895389258861542,
            "z": 0.705253005027771
        },
        "14": {
            "name": "Left Shoulder",
            "x": 0.06777431815862656,
            "y": -0.000615075055975467,
            "z": 0.9733396768569946
        },
        "15": {
            "name": "Left Elbow",
            "x": 0.1289704442024231,
            "y": -0.09432990103960037,
            "z": 0.7909368872642517
        },
        "16": {
            "name": "Left Wrist",
            "x": 0.16544851660728455,
            "y": -0.1535072922706604,
            "z": 0.6777364015579224
        }
    }
}