{
    "image_path": "00017/img/17.jpg",
    "shooter_tracklet_id": 7,
    "bbox": {
        "x": 347,
        "y": 404,
        "w": 100,
        "h": 100
    },
    "keypoint_2d": {
        "0": {
            "name": "Center of Hips",
            "x": 36.04,
            "y": 43.51
        },
        "1": {
            "name": "Left Hip",
            "x": 27.54,
            "y": 42.48
        },
        "2": {
            "name": "Left Knee",
            "x": 42.74,
            "y": 51.75
        },
        "3": {
            "name": "Left Ankle",
            "x": 53.18,
            "y": 62.45
        },
        "4": {
            "name": "Right Hip",
            "x": 44.55,
            "y": 43.38
        },
        "5": {
            "name": "Right Knee",
            "x": 53.65,
            "y": 66.33
        },
        "6": {
            "name": "Right Ankle",
            "x": 58.86,
            "y": 94.33
        },
        "7": {
            "name": "Center of Body",
            "x": 36.34,
            "y": 27.23
        },
        "8": {
            "name": "Center of Shoulder",
            "x": 42.31,
            "y": 13.67
        },
        "9": {
            "name": "Neck",
            "x": 44.78,
            "y": 12.27
        },
        "10": {
            "name": "Head",
            "x": 48.64,
            "y": 10.44
        },
        "11": {
            "name": "Right Shoulder",
            "x": 51.89,
            "y": 16.14
        },
        "12": {
            "name": "Right Elbow",
            "x": 60.96,
            "y": 28.99
        },
        "13": {
            "name": "Right Wrist",
            "x": 75.97,
            "y": 32.64
        },
        "14": {
            "name": "Left Shoulder",
            "x": 33.5,
            "y": 12.89
        },
        "15": {
            "name": "Left Elbow",
            "x": 26.25,
            "y": 26.37
        },
        "16": {
            "name": "Left Wrist",
            "x": 21.86,
            "y": 34.8
        }
    },
    "keypoint_3d": {
        "0": {
            "name": "Center of Hips",
            "x": 0.0,
            "y": 0.0,
            "z": 0.6012290716171265
        },
        "1": {
            "name": "Left Hip",
            "x": 0.11971685290336609,
            "y": -0.048366956412792206,
            "z": 0.5981521010398865
        },
        "2": {
            "name": "Left Knee",
            "x": -0.12838782370090485,
            "y": -0.1257830113172531,
            "z": 0.43542423844337463
        },
        "3": {
            "name": "Left Ankle",
            "x": -0.3166373372077942,
            "y": -0.16096851229667664,
            "z": 0.2897050082683563
        },
        "4": {
            "name": "Right Hip",
            "x": -0.10293495655059814,
            "y": -0.027593368664383888,
            "z": 0.5711820721626282
        },
        "5": {
            "name": "Right Knee",
            "x": -0.16638334095478058,
            "y": 0.09945792704820633,
            "z": 0.30209872126579285
        },
        "6": {
            "name": "Right Ankle",
            "x": -0.0414796844124794,
            "y": 0.07838785648345947,
            "z": 0.0
        },
        "7": {
            "name": "Center of Body",
            "x": 0.0174605380743742,
            "y": -0.020019100978970528,
            "z": 0.7772822380065918
        },
        "8": {
            "name": "Center of Shoulder",
            "x": -0.024824215099215508,
            "y": 0.03754010424017906,
            "z": 0.9430019855499268
        },
        "9": {
            "name": "Neck",
            "x": -0.04038373380899429,
            "y": 0.09077180922031403,
            "z": 0.9698190093040466
        },
        "10": {
            "name": "Head",
            "x": -0.08010159432888031,
            "y": 0.11014477163553238,
            "z": 1.0
        },
        "11": {
            "name": "Right Shoulder",
            "x": -0.13248085975646973,
            "y": 0.07311450690031052,
            "z": 0.917047917842865
        },
        "12": {
            "name": "Right Elbow",
            "x": -0.24657712876796722,
            "y": 0.10617687553167343,
            "z": 0.767451822757721
        },
        "13": {
            "name": "Right Wrist",
            "x": -0.37882497906684875,
            "y": 0.23625080287456512,
            "z": 0.7242858409881592
        },
        "14": {
            "name": "Left Shoulder",
            "x": 0.07533060759305954,
            "y": -0.003182703396305442,
            "z": 0.963659942150116
        },
        "15": {
            "name": "Left Elbow",
            "x": 0.127876877784729,
            "y": -0.09693261235952377,
            "z": 0.786819577217102
        },
        "16": {
            "name": "Left Wrist",
            "x": 0.164601132273674,
            "y": -0.1560554951429367,
            "z": 0.6740711331367493
        }
    }
}