{
    "image_path": "00017/img/18.jpg",
    "shooter_tracklet_id": 7,
    "bbox": {
        "x": 346,
        "y": 404,
        "w": 100,
        "h": 100
    },
    "keypont_2d": {
        "0": {
            "name": "Center of Hips",
            "x": 35.03,
            "y": 43.94
        },
        "1": {
            "name": "Left Hip",
            "x": 27.76,
            "y": 44.25
        },
        "2": {
            "name": "Left Knee",
            "x": 38.74,
            "y": 54.45
        },
        "3": {
            "name": "Left Ankle",
            "x": 44.45,
            "y": 68.49
        },
        "4": {
            "name": "Right Hip",
            "x": 42.91,
            "y": 43.17
        },
        "5": {
            "name": "Right Knee",
            "x": 55.55,
            "y": 64.7
        },
        "6": {
            "name": "Right Ankle",
            "x": 56.83,
            "y": 94.5
        },
        "7": {
            "name": "Center of Body",
            "x": 34.31,
            "y": 26.01
        },
        "8": {
            "name": "Center of Shoulder",
            "x": 39.05,
            "y": 13.38
        },
        "9": {
            "name": "Neck",
            "x": 41.37,
            "y": 11.06
        },
        "10": {
            "name": "Head",
            "x": 45.1,
            "y": 8.49
        },
        "11": {
            "name": "Right Shoulder",
            "x": 48.58,
            "y": 15.06
        },
        "12": {
            "name": "Right Elbow",
            "x": 59.79,
            "y": 28.71
        },
        "13": {
            "name": "Right Wrist",
            "x": 73.94,
            "y": 28.99
        },
        "14": {
            "name": "Left Shoulder",
            "x": 31.06,
            "y": 12.87
        },
        "15": {
            "name": "Left Elbow",
            "x": 23.35,
            "y": 26.42
        },
        "16": {
            "name": "Left Wrist",
            "x": 21.05,
            "y": 35.89
        }
    },
    "keypont_3d": {
        "0": {
            "name": "Center of Hips",
            "x": 0.0,
            "y": 0.0,
            "z": 0.6002616286277771
        },
        "1": {
            "name": "Left Hip",
            "x": 0.11167085915803909,
            "y": -0.0423455648124218,
            "z": 0.5912088751792908
        },
        "2": {
            "name": "Left Knee",
            "x": -0.09553071111440659,
            "y": -0.1328541487455368,
            "z": 0.402978777885437
        },
        "3": {
            "name": "Left Ankle",
            "x": -0.21035020053386688,
            "y": -0.15814536809921265,
            "z": 0.224209263920784
        },
        "4": {
            "name": "Right Hip",
            "x": -0.103184774518013,
            "y": -0.02588714100420475,
            "z": 0.5771132707595825
        },
        "5": {
            "name": "Right Knee",
            "x": -0.17732402682304382,
            "y": 0.10793771594762802,
            "z": 0.3106183409690857
        },
        "6": {
            "name": "Right Ankle",
            "x": -0.032736003398895264,
            "y": 0.0918671190738678,
            "z": 0.0
        },
        "7": {
            "name": "Center of Body",
            "x": 0.023588210344314575,
            "y": -0.020697303116321564,
            "z": 0.7718399167060852
        },
        "8": {
            "name": "Center of Shoulder",
            "x": -0.010279075242578983,
            "y": 0.03185074403882027,
            "z": 0.9343788027763367
        },
        "9": {
            "name": "Neck",
            "x": -0.021765712648630142,
            "y": 0.07769815623760223,
            "z": 0.9636924266815186
        },
        "10": {
            "name": "Head",
            "x": -0.05722963437438011,
            "y": 0.09454990923404694,
            "z": 1.0
        },
        "11": {
            "name": "Right Shoulder",
            "x": -0.1149715781211853,
            "y": 0.0637250766158104,
            "z": 0.914691150188446
        },
        "12": {
            "name": "Right Elbow",
            "x": -0.23642149567604065,
            "y": 0.11024735867977142,
            "z": 0.7629045248031616
        },
        "13": {
            "name": "Right Wrist",
            "x": -0.3714236617088318,
            "y": 0.23690582811832428,
            "z": 0.7566698789596558
        },
        "14": {
            "name": "Left Shoulder",
            "x": 0.08010600507259369,
            "y": -0.00652245944365859,
            "z": 0.9516313672065735
        },
        "15": {
            "name": "Left Elbow",
            "x": 0.13746106624603271,
            "y": -0.09976216405630112,
            "z": 0.773876428604126
        },
        "16": {
            "name": "Left Wrist",
            "x": 0.1634368747472763,
            "y": -0.14907164871692657,
            "z": 0.6581494808197021
        }
    }
}