{
    "image_path": "00017/img/19.jpg",
    "shooter_tracklet_id": 7,
    "bbox": {
        "x": 344,
        "y": 402,
        "w": 100,
        "h": 100
    },
    "keypont_2d": {
        "0": {
            "name": "Center of Hips",
            "x": 34.89,
            "y": 45.78
        },
        "1": {
            "name": "Left Hip",
            "x": 28.98,
            "y": 44.06
        },
        "2": {
            "name": "Left Knee",
            "x": 40.36,
            "y": 59.31
        },
        "3": {
            "name": "Left Ankle",
            "x": 40.94,
            "y": 81.88
        },
        "4": {
            "name": "Right Hip",
            "x": 41.87,
            "y": 45.67
        },
        "5": {
            "name": "Right Knee",
            "x": 58.16,
            "y": 67.8
        },
        "6": {
            "name": "Right Ankle",
            "x": 60.02,
            "y": 95.16
        },
        "7": {
            "name": "Center of Body",
            "x": 35.12,
            "y": 26.28
        },
        "8": {
            "name": "Center of Shoulder",
            "x": 38.77,
            "y": 12.75
        },
        "9": {
            "name": "Neck",
            "x": 39.81,
            "y": 10.67
        },
        "10": {
            "name": "Head",
            "x": 41.88,
            "y": 6.53
        },
        "11": {
            "name": "Right Shoulder",
            "x": 45.26,
            "y": 14.77
        },
        "12": {
            "name": "Right Elbow",
            "x": 56.63,
            "y": 29.39
        },
        "13": {
            "name": "Right Wrist",
            "x": 70.83,
            "y": 25.74
        },
        "14": {
            "name": "Left Shoulder",
            "x": 32.58,
            "y": 12.98
        },
        "15": {
            "name": "Left Elbow",
            "x": 24.8,
            "y": 25.49
        },
        "16": {
            "name": "Left Wrist",
            "x": 24.26,
            "y": 36.22
        }
    },
    "keypont_3d": {
        "0": {
            "name": "Center of Hips",
            "x": 0.0,
            "y": 0.0,
            "z": 0.6034337878227234
        },
        "1": {
            "name": "Left Hip",
            "x": 0.09136927872896194,
            "y": -0.02803698740899563,
            "z": 0.6005210876464844
        },
        "2": {
            "name": "Left Knee",
            "x": -0.09294573217630386,
            "y": -0.09285889565944672,
            "z": 0.3973318338394165
        },
        "3": {
            "name": "Left Ankle",
            "x": -0.15130941569805145,
            "y": -0.1135113537311554,
            "z": 0.19202856719493866
        },
        "4": {
            "name": "Right Hip",
            "x": -0.10418999940156937,
            "y": -0.027790915220975876,
            "z": 0.5734571218490601
        },
        "5": {
            "name": "Right Knee",
            "x": -0.19545866549015045,
            "y": 0.14204251766204834,
            "z": 0.3359849452972412
        },
        "6": {
            "name": "Right Ankle",
            "x": -0.07447847723960876,
            "y": 0.15908083319664001,
            "z": 0.0
        },
        "7": {
            "name": "Center of Body",
            "x": 0.01921658031642437,
            "y": -0.01958319917321205,
            "z": 0.768179714679718
        },
        "8": {
            "name": "Center of Shoulder",
            "x": -0.007334709633141756,
            "y": 0.021802235394716263,
            "z": 0.9243711829185486
        },
        "9": {
            "name": "Neck",
            "x": -0.010619491338729858,
            "y": 0.05793295428156853,
            "z": 0.9559063911437988
        },
        "10": {
            "name": "Head",
            "x": -0.03737200051546097,
            "y": 0.07014130055904388,
            "z": 1.0
        },
        "11": {
            "name": "Right Shoulder",
            "x": -0.09816090762615204,
            "y": 0.027526818215847015,
            "z": 0.9077538251876831
        },
        "12": {
            "name": "Right Elbow",
            "x": -0.22248300909996033,
            "y": 0.055413637310266495,
            "z": 0.7498682141304016
        },
        "13": {
            "name": "Right Wrist",
            "x": -0.35315921902656555,
            "y": 0.16094133257865906,
            "z": 0.7860949039459229
        },
        "14": {
            "name": "Left Shoulder",
            "x": 0.06365104764699936,
            "y": -0.009872367605566978,
            "z": 0.9379574060440063
        },
        "15": {
            "name": "Left Elbow",
            "x": 0.12648294866085052,
            "y": -0.09523595869541168,
            "z": 0.77988201379776
        },
        "16": {
            "name": "Left Wrist",
            "x": 0.1422639638185501,
            "y": -0.11863307654857635,
            "z": 0.6691480875015259
        }
    }
}