{
    "image_path": "00017/img/20.jpg",
    "shooter_tracklet_id": 7,
    "bbox": {
        "x": 344,
        "y": 400,
        "w": 100,
        "h": 100
    },
    "keypont_2d": {
        "0": {
            "name": "Center of Hips",
            "x": 36.39,
            "y": 47.08
        },
        "1": {
            "name": "Left Hip",
            "x": 31.14,
            "y": 44.3
        },
        "2": {
            "name": "Left Knee",
            "x": 43.04,
            "y": 63.47
        },
        "3": {
            "name": "Left Ankle",
            "x": 38.09,
            "y": 84.81
        },
        "4": {
            "name": "Right Hip",
            "x": 42.27,
            "y": 46.62
        },
        "5": {
            "name": "Right Knee",
            "x": 60.36,
            "y": 70.12
        },
        "6": {
            "name": "Right Ankle",
            "x": 64.53,
            "y": 94.39
        },
        "7": {
            "name": "Center of Body",
            "x": 33.95,
            "y": 29.27
        },
        "8": {
            "name": "Center of Shoulder",
            "x": 35.96,
            "y": 14.67
        },
        "9": {
            "name": "Neck",
            "x": 36.86,
            "y": 11.84
        },
        "10": {
            "name": "Head",
            "x": 38.66,
            "y": 6.94
        },
        "11": {
            "name": "Right Shoulder",
            "x": 43.82,
            "y": 16.6
        },
        "12": {
            "name": "Right Elbow",
            "x": 51.64,
            "y": 28.8
        },
        "13": {
            "name": "Right Wrist",
            "x": 66.21,
            "y": 23.01
        },
        "14": {
            "name": "Left Shoulder",
            "x": 29.98,
            "y": 15.19
        },
        "15": {
            "name": "Left Elbow",
            "x": 25.51,
            "y": 32.64
        },
        "16": {
            "name": "Left Wrist",
            "x": 31.74,
            "y": 39.67
        }
    },
    "keypont_3d": {
        "0": {
            "name": "Center of Hips",
            "x": 0.0,
            "y": 0.0,
            "z": 0.583798348903656
        },
        "1": {
            "name": "Left Hip",
            "x": 0.07912988215684891,
            "y": -0.009956835769116879,
            "z": 0.5842136740684509
        },
        "2": {
            "name": "Left Knee",
            "x": -0.07770440727472305,
            "y": -0.0159301720559597,
            "z": 0.3590172827243805
        },
        "3": {
            "name": "Left Ankle",
            "x": -0.048363592475652695,
            "y": 0.0036508154589682817,
            "z": 0.08083581924438477
        },
        "4": {
            "name": "Right Hip",
            "x": -0.09913267195224762,
            "y": -0.03989337384700775,
            "z": 0.555976152420044
        },
        "5": {
            "name": "Right Knee",
            "x": -0.2137378603219986,
            "y": 0.17166659235954285,
            "z": 0.3024060130119324
        },
        "6": {
            "name": "Right Ankle",
            "x": -0.2072104960680008,
            "y": 0.24414274096488953,
            "z": 0.0
        },
        "7": {
            "name": "Center of Body",
            "x": 0.022094739601016045,
            "y": -0.03010585345327854,
            "z": 0.7436692118644714
        },
        "8": {
            "name": "Center of Shoulder",
            "x": 0.00983684416860342,
            "y": 0.004672168754041195,
            "z": 0.9133760929107666
        },
        "9": {
            "name": "Neck",
            "x": 0.008870445191860199,
            "y": 0.0318836010992527,
            "z": 0.9446075558662415
        },
        "10": {
            "name": "Head",
            "x": -0.009291843511164188,
            "y": 0.033582497388124466,
            "z": 1.0
        },
        "11": {
            "name": "Right Shoulder",
            "x": -0.0825771614909172,
            "y": -0.004269222263246775,
            "z": 0.8855106234550476
        },
        "12": {
            "name": "Right Elbow",
            "x": -0.20310159027576447,
            "y": -0.011650608852505684,
            "z": 0.7367411255836487
        },
        "13": {
            "name": "Right Wrist",
            "x": -0.3374132812023163,
            "y": 0.08216539025306702,
            "z": 0.8020973801612854
        },
        "14": {
            "name": "Left Shoulder",
            "x": 0.07256660610437393,
            "y": -0.017342660576105118,
            "z": 0.9246677756309509
        },
        "15": {
            "name": "Left Elbow",
            "x": 0.10729022324085236,
            "y": -0.0913587287068367,
            "z": 0.7348990440368652
        },
        "16": {
            "name": "Left Wrist",
            "x": 0.0956982895731926,
            "y": -0.021720554679632187,
            "z": 0.6570336222648621
        }
    }
}