{
    "image_path": "00013/img/1.jpg",
    "shooter_tracklet_id": 11,
    "bbox": {
        "x": 301,
        "y": 714,
        "w": 100,
        "h": 100
    },
    "keypoint_2d": {
        "0": {
            "name": "Center of Hips",
            "x": 50.78,
            "y": 49.78
        },
        "1": {
            "name": "Left Hip",
            "x": 57.95,
            "y": 50.48
        },
        "2": {
            "name": "Left Knee",
            "x": 50.55,
            "y": 65.27
        },
        "3": {
            "name": "Left Ankle",
            "x": 48.51,
            "y": 75.61
        },
        "4": {
            "name": "Right Hip",
            "x": 44.66,
            "y": 49.08
        },
        "5": {
            "name": "Right Knee",
            "x": 40.99,
            "y": 64.17
        },
        "6": {
            "name": "Right Ankle",
            "x": 48.51,
            "y": 78.96
        },
        "7": {
            "name": "Center of Body",
            "x": 52.51,
            "y": 37.2
        },
        "8": {
            "name": "Center of Shoulder",
            "x": 54.24,
            "y": 24.28
        },
        "9": {
            "name": "Neck",
            "x": 54.31,
            "y": 22.61
        },
        "10": {
            "name": "Head",
            "x": 54.41,
            "y": 18.63
        },
        "11": {
            "name": "Right Shoulder",
            "x": 47.41,
            "y": 24.62
        },
        "12": {
            "name": "Right Elbow",
            "x": 38.59,
            "y": 34.06
        },
        "13": {
            "name": "Right Wrist",
            "x": 34.48,
            "y": 38.52
        },
        "14": {
            "name": "Left Shoulder",
            "x": 60.9,
            "y": 24.88
        },
        "15": {
            "name": "Left Elbow",
            "x": 68.41,
            "y": 28.98
        },
        "16": {
            "name": "Left Wrist",
            "x": 76.42,
            "y": 27.0
        }
    },
    "keypoint_3d": {
        "0": {
            "name": "Center of Hips",
            "x": 0.0,
            "y": 0.0,
            "z": 0.528574526309967
        },
        "1": {
            "name": "Left Hip",
            "x": -0.12225384265184402,
            "y": 0.0006521801697090268,
            "z": 0.5046321153640747
        },
        "2": {
            "name": "Left Knee",
            "x": -0.05725280940532684,
            "y": -0.10965444892644882,
            "z": 0.23889118432998657
        },
        "3": {
            "name": "Left Ankle",
            "x": 0.04721873253583908,
            "y": 0.008624354377388954,
            "z": 0.0
        },
        "4": {
            "name": "Right Hip",
            "x": 0.121516652405262,
            "y": -0.0059152948670089245,
            "z": 0.5321090221405029
        },
        "5": {
            "name": "Right Knee",
            "x": 0.1141844391822815,
            "y": -0.1356661468744278,
            "z": 0.24411961436271667
        },
        "6": {
            "name": "Right Ankle",
            "x": 0.01620613969862461,
            "y": -0.03912345692515373,
            "z": 0.002507502445951104
        },
        "7": {
            "name": "Center of Body",
            "x": -0.013654475100338459,
            "y": 0.015195455402135849,
            "z": 0.7185943126678467
        },
        "8": {
            "name": "Center of Shoulder",
            "x": -0.04592642933130264,
            "y": -0.013527579605579376,
            "z": 0.8995338082313538
        },
        "9": {
            "name": "Neck",
            "x": -0.06376874446868896,
            "y": -0.04886294901371002,
            "z": 0.9290074706077576
        },
        "10": {
            "name": "Head",
            "x": -0.060218535363674164,
            "y": -0.040340106934309006,
            "z": 1.0
        },
        "11": {
            "name": "Right Shoulder",
            "x": 0.06055485084652901,
            "y": -0.04651681333780289,
            "z": 0.89798504114151
        },
        "12": {
            "name": "Right Elbow",
            "x": 0.19410572946071625,
            "y": -0.11181582510471344,
            "z": 0.7567380666732788
        },
        "13": {
            "name": "Right Wrist",
            "x": 0.21700523793697357,
            "y": -0.22291649878025055,
            "z": 0.6598995923995972
        },
        "14": {
            "name": "Left Shoulder",
            "x": -0.13567285239696503,
            "y": 0.06644440442323685,
            "z": 0.9106684327125549
        },
        "15": {
            "name": "Left Elbow",
            "x": -0.22206948697566986,
            "y": 0.1927986890077591,
            "z": 0.8615766167640686
        },
        "16": {
            "name": "Left Wrist",
            "x": -0.3621671795845032,
            "y": 0.1931936889886856,
            "z": 0.882165789604187
        }
    }
}