{
    "image_path": "00013/img/2.jpg",
    "shooter_tracklet_id": 11,
    "bbox": {
        "x": 301,
        "y": 714,
        "w": 100,
        "h": 100
    },
    "keypoint_2d": {
        "0": {
            "name": "Center of Hips",
            "x": 51.64,
            "y": 49.19
        },
        "1": {
            "name": "Left Hip",
            "x": 58.51,
            "y": 50.33
        },
        "2": {
            "name": "Left Knee",
            "x": 53.27,
            "y": 69.86
        },
        "3": {
            "name": "Left Ankle",
            "x": 45.97,
            "y": 78.43
        },
        "4": {
            "name": "Right Hip",
            "x": 44.84,
            "y": 47.91
        },
        "5": {
            "name": "Right Knee",
            "x": 41.73,
            "y": 64.94
        },
        "6": {
            "name": "Right Ankle",
            "x": 47.75,
            "y": 79.44
        },
        "7": {
            "name": "Center of Body",
            "x": 52.69,
            "y": 36.05
        },
        "8": {
            "name": "Center of Shoulder",
            "x": 53.55,
            "y": 24.75
        },
        "9": {
            "name": "Neck",
            "x": 53.75,
            "y": 23.84
        },
        "10": {
            "name": "Head",
            "x": 54.26,
            "y": 20.24
        },
        "11": {
            "name": "Right Shoulder",
            "x": 47.37,
            "y": 24.97
        },
        "12": {
            "name": "Right Elbow",
            "x": 38.08,
            "y": 34.55
        },
        "13": {
            "name": "Right Wrist",
            "x": 32.51,
            "y": 39.4
        },
        "14": {
            "name": "Left Shoulder",
            "x": 59.95,
            "y": 24.85
        },
        "15": {
            "name": "Left Elbow",
            "x": 66.94,
            "y": 29.68
        },
        "16": {
            "name": "Left Wrist",
            "x": 75.67,
            "y": 26.32
        }
    },
    "keypoint_3d": {
        "0": {
            "name": "Center of Hips",
            "x": 0.0,
            "y": 0.0,
            "z": 0.5425204038619995
        },
        "1": {
            "name": "Left Hip",
            "x": -0.11976423114538193,
            "y": 0.010352516546845436,
            "z": 0.5188998579978943
        },
        "2": {
            "name": "Left Knee",
            "x": -0.055273257195949554,
            "y": -0.07878630608320236,
            "z": 0.23041386902332306
        },
        "3": {
            "name": "Left Ankle",
            "x": 0.10141962021589279,
            "y": 0.04825495183467865,
            "z": 0.01668533869087696
        },
        "4": {
            "name": "Right Hip",
            "x": 0.12291134148836136,
            "y": -0.0031900573521852493,
            "z": 0.5561860203742981
        },
        "5": {
            "name": "Right Knee",
            "x": 0.10778585076332092,
            "y": -0.13647231459617615,
            "z": 0.25500401854515076
        },
        "6": {
            "name": "Right Ankle",
            "x": 0.026244191452860832,
            "y": -0.046162135899066925,
            "z": 0.0
        },
        "7": {
            "name": "Center of Body",
            "x": -0.015630897134542465,
            "y": 0.011074556969106197,
            "z": 0.736637532711029
        },
        "8": {
            "name": "Center of Shoulder",
            "x": -0.04651832953095436,
            "y": -0.02708519622683525,
            "z": 0.9157983660697937
        },
        "9": {
            "name": "Neck",
            "x": -0.06557895988225937,
            "y": -0.06512276828289032,
            "z": 0.9335219264030457
        },
        "10": {
            "name": "Head",
            "x": -0.06659546494483948,
            "y": -0.060181885957717896,
            "z": 1.0
        },
        "11": {
            "name": "Right Shoulder",
            "x": 0.05956092104315758,
            "y": -0.05761346220970154,
            "z": 0.9107018709182739
        },
        "12": {
            "name": "Right Elbow",
            "x": 0.20002998411655426,
            "y": -0.10768116265535355,
            "z": 0.7605347633361816
        },
        "13": {
            "name": "Right Wrist",
            "x": 0.24303583800792694,
            "y": -0.21767640113830566,
            "z": 0.6662861704826355
        },
        "14": {
            "name": "Left Shoulder",
            "x": -0.13196752965450287,
            "y": 0.05565887317061424,
            "z": 0.9283179044723511
        },
        "15": {
            "name": "Left Elbow",
            "x": -0.21074219048023224,
            "y": 0.19810765981674194,
            "z": 0.8776930570602417
        },
        "16": {
            "name": "Left Wrist",
            "x": -0.35178712010383606,
            "y": 0.20123061537742615,
            "z": 0.9058277606964111
        }
    }
}