{
    "image_path": "00013/img/3.jpg",
    "shooter_tracklet_id": 11,
    "bbox": {
        "x": 300,
        "y": 709,
        "w": 100,
        "h": 100
    },
    "keypont_2d": {
        "0": {
            "name": "Center of Hips",
            "x": 52.22,
            "y": 51.73
        },
        "1": {
            "name": "Left Hip",
            "x": 59.77,
            "y": 51.98
        },
        "2": {
            "name": "Left Knee",
            "x": 55.61,
            "y": 74.48
        },
        "3": {
            "name": "Left Ankle",
            "x": 51.88,
            "y": 80.09
        },
        "4": {
            "name": "Right Hip",
            "x": 44.61,
            "y": 51.6
        },
        "5": {
            "name": "Right Knee",
            "x": 46.19,
            "y": 74.26
        },
        "6": {
            "name": "Right Ankle",
            "x": 54.04,
            "y": 81.64
        },
        "7": {
            "name": "Center of Body",
            "x": 53.21,
            "y": 38.36
        },
        "8": {
            "name": "Center of Shoulder",
            "x": 54.52,
            "y": 24.97
        },
        "9": {
            "name": "Neck",
            "x": 54.8,
            "y": 23.39
        },
        "10": {
            "name": "Head",
            "x": 55.67,
            "y": 19.65
        },
        "11": {
            "name": "Right Shoulder",
            "x": 47.45,
            "y": 25.6
        },
        "12": {
            "name": "Right Elbow",
            "x": 39.87,
            "y": 36.52
        },
        "13": {
            "name": "Right Wrist",
            "x": 31.92,
            "y": 44.27
        },
        "14": {
            "name": "Left Shoulder",
            "x": 61.41,
            "y": 24.55
        },
        "15": {
            "name": "Left Elbow",
            "x": 74.14,
            "y": 28.03
        },
        "16": {
            "name": "Left Wrist",
            "x": 87.89,
            "y": 27.95
        }
    },
    "keypont_3d": {
        "0": {
            "name": "Center of Hips",
            "x": 0.0,
            "y": 0.0,
            "z": 0.5386865735054016
        },
        "1": {
            "name": "Left Hip",
            "x": -0.11482461541891098,
            "y": 0.028700847178697586,
            "z": 0.5193996429443359
        },
        "2": {
            "name": "Left Knee",
            "x": -0.04786361753940582,
            "y": 0.022432278841733932,
            "z": 0.1897999495267868
        },
        "3": {
            "name": "Left Ankle",
            "x": 0.09562789648771286,
            "y": 0.15680474042892456,
            "z": 0.0
        },
        "4": {
            "name": "Right Hip",
            "x": 0.12144791334867477,
            "y": -0.018839089199900627,
            "z": 0.5342444777488708
        },
        "5": {
            "name": "Right Knee",
            "x": 0.0931156650185585,
            "y": -0.10756167024374008,
            "z": 0.2291000932455063
        },
        "6": {
            "name": "Right Ankle",
            "x": 0.04182609170675278,
            "y": 0.10412321239709854,
            "z": 0.026277590543031693
        },
        "7": {
            "name": "Center of Body",
            "x": -0.005393579602241516,
            "y": 0.012734468095004559,
            "z": 0.7280423045158386
        },
        "8": {
            "name": "Center of Shoulder",
            "x": -0.03865677863359451,
            "y": -0.027916403487324715,
            "z": 0.9124902486801147
        },
        "9": {
            "name": "Neck",
            "x": -0.056975074112415314,
            "y": -0.06600673496723175,
            "z": 0.9329996705055237
        },
        "10": {
            "name": "Head",
            "x": -0.06126003712415695,
            "y": -0.05906765162944794,
            "z": 1.0
        },
        "11": {
            "name": "Right Shoulder",
            "x": 0.06636768579483032,
            "y": -0.058013301342725754,
            "z": 0.9065355658531189
        },
        "12": {
            "name": "Right Elbow",
            "x": 0.2063625454902649,
            "y": -0.08864030241966248,
            "z": 0.7613913416862488
        },
        "13": {
            "name": "Right Wrist",
            "x": 0.2969515025615692,
            "y": -0.17186306416988373,
            "z": 0.6381444931030273
        },
        "14": {
            "name": "Left Shoulder",
            "x": -0.12040305137634277,
            "y": 0.05257454887032509,
            "z": 0.9299967885017395
        },
        "15": {
            "name": "Left Elbow",
            "x": -0.21402859687805176,
            "y": 0.1813143938779831,
            "z": 0.8805637955665588
        },
        "16": {
            "name": "Left Wrist",
            "x": -0.36492568254470825,
            "y": 0.21378208696842194,
            "z": 0.9247921109199524
        }
    }
}