{
    "image_path": "00013/img/4.jpg",
    "shooter_tracklet_id": 11,
    "bbox": {
        "x": 300,
        "y": 705,
        "w": 100,
        "h": 100
    },
    "keypont_2d": {
        "0": {
            "name": "Center of Hips",
            "x": 54.18,
            "y": 50.9
        },
        "1": {
            "name": "Left Hip",
            "x": 61.63,
            "y": 50.74
        },
        "2": {
            "name": "Left Knee",
            "x": 58.02,
            "y": 74.03
        },
        "3": {
            "name": "Left Ankle",
            "x": 61.39,
            "y": 76.0
        },
        "4": {
            "name": "Right Hip",
            "x": 46.48,
            "y": 51.42
        },
        "5": {
            "name": "Right Knee",
            "x": 50.34,
            "y": 75.21
        },
        "6": {
            "name": "Right Ankle",
            "x": 57.56,
            "y": 82.5
        },
        "7": {
            "name": "Center of Body",
            "x": 55.93,
            "y": 37.54
        },
        "8": {
            "name": "Center of Shoulder",
            "x": 57.22,
            "y": 25.72
        },
        "9": {
            "name": "Neck",
            "x": 57.39,
            "y": 23.86
        },
        "10": {
            "name": "Head",
            "x": 57.64,
            "y": 20.2
        },
        "11": {
            "name": "Right Shoulder",
            "x": 49.03,
            "y": 26.75
        },
        "12": {
            "name": "Right Elbow",
            "x": 39.7,
            "y": 37.95
        },
        "13": {
            "name": "Right Wrist",
            "x": 31.58,
            "y": 47.85
        },
        "14": {
            "name": "Left Shoulder",
            "x": 64.77,
            "y": 25.33
        },
        "15": {
            "name": "Left Elbow",
            "x": 74.6,
            "y": 29.4
        },
        "16": {
            "name": "Left Wrist",
            "x": 87.58,
            "y": 30.24
        }
    },
    "keypont_3d": {
        "0": {
            "name": "Center of Hips",
            "x": 0.0,
            "y": 0.0,
            "z": 0.5405987501144409
        },
        "1": {
            "name": "Left Hip",
            "x": -0.10608798265457153,
            "y": 0.026993408799171448,
            "z": 0.5288285613059998
        },
        "2": {
            "name": "Left Knee",
            "x": -0.05716296285390854,
            "y": 0.019536567851901054,
            "z": 0.18780873715877533
        },
        "3": {
            "name": "Left Ankle",
            "x": -0.022602973505854607,
            "y": 0.2079833596944809,
            "z": 0.05416583642363548
        },
        "4": {
            "name": "Right Hip",
            "x": 0.1166328713297844,
            "y": -0.04068388417363167,
            "z": 0.52309250831604
        },
        "5": {
            "name": "Right Knee",
            "x": 0.07918579876422882,
            "y": -7.753948011668399e-05,
            "z": 0.18089118599891663
        },
        "6": {
            "name": "Right Ankle",
            "x": 0.0316426046192646,
            "y": 0.22297202050685883,
            "z": 0.0
        },
        "7": {
            "name": "Center of Body",
            "x": -0.0011763235088437796,
            "y": 0.016308976337313652,
            "z": 0.7306371331214905
        },
        "8": {
            "name": "Center of Shoulder",
            "x": -0.04019895941019058,
            "y": -0.026963362470269203,
            "z": 0.9110805988311768
        },
        "9": {
            "name": "Neck",
            "x": -0.05785528942942619,
            "y": -0.06972084194421768,
            "z": 0.9321789145469666
        },
        "10": {
            "name": "Head",
            "x": -0.06003427878022194,
            "y": -0.06374890357255936,
            "z": 1.0
        },
        "11": {
            "name": "Right Shoulder",
            "x": 0.07560499757528305,
            "y": -0.059415414929389954,
            "z": 0.8963277339935303
        },
        "12": {
            "name": "Right Elbow",
            "x": 0.22241774201393127,
            "y": -0.07796084135770798,
            "z": 0.7395086288452148
        },
        "13": {
            "name": "Right Wrist",
            "x": 0.3327341675758362,
            "y": -0.14466048777103424,
            "z": 0.6006764769554138
        },
        "14": {
            "name": "Left Shoulder",
            "x": -0.12592525780200958,
            "y": 0.055024247616529465,
            "z": 0.926840603351593
        },
        "15": {
            "name": "Left Elbow",
            "x": -0.25004884600639343,
            "y": 0.17665845155715942,
            "z": 0.8750122785568237
        },
        "16": {
            "name": "Left Wrist",
            "x": -0.40714287757873535,
            "y": 0.22076712548732758,
            "z": 0.8406726121902466
        }
    }
}