{
    "image_path": "00013/img/5.jpg",
    "shooter_tracklet_id": 11,
    "bbox": {
        "x": 300,
        "y": 703,
        "w": 100,
        "h": 100
    },
    "keypont_2d": {
        "0": {
            "name": "Center of Hips",
            "x": 53.21,
            "y": 51.54
        },
        "1": {
            "name": "Left Hip",
            "x": 59.66,
            "y": 51.2
        },
        "2": {
            "name": "Left Knee",
            "x": 58.14,
            "y": 71.6
        },
        "3": {
            "name": "Left Ankle",
            "x": 63.49,
            "y": 74.6
        },
        "4": {
            "name": "Right Hip",
            "x": 46.53,
            "y": 51.67
        },
        "5": {
            "name": "Right Knee",
            "x": 50.25,
            "y": 73.76
        },
        "6": {
            "name": "Right Ankle",
            "x": 58.44,
            "y": 82.85
        },
        "7": {
            "name": "Center of Body",
            "x": 54.75,
            "y": 39.27
        },
        "8": {
            "name": "Center of Shoulder",
            "x": 56.83,
            "y": 28.22
        },
        "9": {
            "name": "Neck",
            "x": 57.17,
            "y": 25.72
        },
        "10": {
            "name": "Head",
            "x": 57.45,
            "y": 20.28
        },
        "11": {
            "name": "Right Shoulder",
            "x": 49.12,
            "y": 28.9
        },
        "12": {
            "name": "Right Elbow",
            "x": 40.54,
            "y": 38.3
        },
        "13": {
            "name": "Right Wrist",
            "x": 34.56,
            "y": 45.41
        },
        "14": {
            "name": "Left Shoulder",
            "x": 63.75,
            "y": 27.82
        },
        "15": {
            "name": "Left Elbow",
            "x": 72.69,
            "y": 32.23
        },
        "16": {
            "name": "Left Wrist",
            "x": 83.89,
            "y": 33.37
        }
    },
    "keypont_3d": {
        "0": {
            "name": "Center of Hips",
            "x": 0.0,
            "y": 0.0,
            "z": 0.5424072742462158
        },
        "1": {
            "name": "Left Hip",
            "x": -0.10543064773082733,
            "y": 0.013866724446415901,
            "z": 0.537111222743988
        },
        "2": {
            "name": "Left Knee",
            "x": -0.08930110931396484,
            "y": -0.012237165123224258,
            "z": 0.21517276763916016
        },
        "3": {
            "name": "Left Ankle",
            "x": -0.11014201492071152,
            "y": 0.19277408719062805,
            "z": 0.10463548451662064
        },
        "4": {
            "name": "Right Hip",
            "x": 0.11275094747543335,
            "y": -0.036048032343387604,
            "z": 0.5274868011474609
        },
        "5": {
            "name": "Right Knee",
            "x": 0.05710249021649361,
            "y": 0.009095571003854275,
            "z": 0.19236047565937042
        },
        "6": {
            "name": "Right Ankle",
            "x": 0.004192499443888664,
            "y": 0.24072030186653137,
            "z": 0.0
        },
        "7": {
            "name": "Center of Body",
            "x": -0.006906759925186634,
            "y": 0.015323730185627937,
            "z": 0.7322824597358704
        },
        "8": {
            "name": "Center of Shoulder",
            "x": -0.055459942668676376,
            "y": -0.03159554675221443,
            "z": 0.8971729874610901
        },
        "9": {
            "name": "Neck",
            "x": -0.07214672118425369,
            "y": -0.06846720725297928,
            "z": 0.9227333664894104
        },
        "10": {
            "name": "Head",
            "x": -0.07015042752027512,
            "y": -0.06588423997163773,
            "z": 1.0
        },
        "11": {
            "name": "Right Shoulder",
            "x": 0.0600629597902298,
            "y": -0.07113342732191086,
            "z": 0.8763164281845093
        },
        "12": {
            "name": "Right Elbow",
            "x": 0.20120881497859955,
            "y": -0.10280705988407135,
            "z": 0.7301968932151794
        },
        "13": {
            "name": "Right Wrist",
            "x": 0.2759884297847748,
            "y": -0.18517540395259857,
            "z": 0.6039377450942993
        },
        "14": {
            "name": "Left Shoulder",
            "x": -0.1355518251657486,
            "y": 0.05611293762922287,
            "z": 0.9045716524124146
        },
        "15": {
            "name": "Left Elbow",
            "x": -0.23783475160598755,
            "y": 0.18208271265029907,
            "z": 0.8521841168403625
        },
        "16": {
            "name": "Left Wrist",
            "x": -0.39767029881477356,
            "y": 0.23721347749233246,
            "z": 0.8361784219741821
        }
    }
}