{
    "image_path": "00013/img/6.jpg",
    "shooter_tracklet_id": 11,
    "bbox": {
        "x": 302,
        "y": 704,
        "w": 100,
        "h": 100
    },
    "keypont_2d": {
        "0": {
            "name": "Center of Hips",
            "x": 50.64,
            "y": 51.6
        },
        "1": {
            "name": "Left Hip",
            "x": 56.83,
            "y": 50.71
        },
        "2": {
            "name": "Left Knee",
            "x": 57.14,
            "y": 68.37
        },
        "3": {
            "name": "Left Ankle",
            "x": 61.92,
            "y": 76.45
        },
        "4": {
            "name": "Right Hip",
            "x": 43.93,
            "y": 52.49
        },
        "5": {
            "name": "Right Knee",
            "x": 46.92,
            "y": 73.61
        },
        "6": {
            "name": "Right Ankle",
            "x": 54.49,
            "y": 80.46
        },
        "7": {
            "name": "Center of Body",
            "x": 51.88,
            "y": 38.89
        },
        "8": {
            "name": "Center of Shoulder",
            "x": 54.18,
            "y": 27.6
        },
        "9": {
            "name": "Neck",
            "x": 54.1,
            "y": 26.17
        },
        "10": {
            "name": "Head",
            "x": 54.39,
            "y": 22.79
        },
        "11": {
            "name": "Right Shoulder",
            "x": 47.11,
            "y": 28.01
        },
        "12": {
            "name": "Right Elbow",
            "x": 39.3,
            "y": 34.26
        },
        "13": {
            "name": "Right Wrist",
            "x": 37.16,
            "y": 38.73
        },
        "14": {
            "name": "Left Shoulder",
            "x": 60.91,
            "y": 27.22
        },
        "15": {
            "name": "Left Elbow",
            "x": 69.84,
            "y": 32.19
        },
        "16": {
            "name": "Left Wrist",
            "x": 76.4,
            "y": 35.25
        }
    },
    "keypont_3d": {
        "0": {
            "name": "Center of Hips",
            "x": 0.0,
            "y": 0.0,
            "z": 0.5382904410362244
        },
        "1": {
            "name": "Left Hip",
            "x": -0.10996697098016739,
            "y": 0.004843782167881727,
            "z": 0.5366111993789673
        },
        "2": {
            "name": "Left Knee",
            "x": -0.13944655656814575,
            "y": -0.053645920008420944,
            "z": 0.23079000413417816
        },
        "3": {
            "name": "Left Ankle",
            "x": -0.17978404462337494,
            "y": 0.1573655754327774,
            "z": 0.051409173756837845
        },
        "4": {
            "name": "Right Hip",
            "x": 0.116315558552742,
            "y": -0.03211565688252449,
            "z": 0.5178993344306946
        },
        "5": {
            "name": "Right Knee",
            "x": 0.06418617814779282,
            "y": 0.007508051116019487,
            "z": 0.17005734145641327
        },
        "6": {
            "name": "Right Ankle",
            "x": 0.014789348468184471,
            "y": 0.26240265369415283,
            "z": 0.0
        },
        "7": {
            "name": "Center of Body",
            "x": -0.0037474152632057667,
            "y": 0.015860125422477722,
            "z": 0.7391432523727417
        },
        "8": {
            "name": "Center of Shoulder",
            "x": -0.05741409212350845,
            "y": -0.03228766843676567,
            "z": 0.9156072735786438
        },
        "9": {
            "name": "Neck",
            "x": -0.07597218453884125,
            "y": -0.07449688762426376,
            "z": 0.9320603013038635
        },
        "10": {
            "name": "Head",
            "x": -0.07792364060878754,
            "y": -0.07674026489257812,
            "z": 1.0
        },
        "11": {
            "name": "Right Shoulder",
            "x": 0.05110209807753563,
            "y": -0.08138006925582886,
            "z": 0.903107762336731
        },
        "12": {
            "name": "Right Elbow",
            "x": 0.1529049128293991,
            "y": -0.1891067922115326,
            "z": 0.7659142017364502
        },
        "13": {
            "name": "Right Wrist",
            "x": 0.1588708609342575,
            "y": -0.31235024333000183,
            "z": 0.6664217114448547
        },
        "14": {
            "name": "Left Shoulder",
            "x": -0.14071331918239594,
            "y": 0.05719920992851257,
            "z": 0.9273871779441833
        },
        "15": {
            "name": "Left Elbow",
            "x": -0.2460447996854782,
            "y": 0.1831977367401123,
            "z": 0.8632994294166565
        },
        "16": {
            "name": "Left Wrist",
            "x": -0.39405733346939087,
            "y": 0.16997475922107697,
            "z": 0.8097780346870422
        }
    }
}