{
    "image_path": "00013/img/7.jpg",
    "shooter_tracklet_id": 11,
    "bbox": {
        "x": 304,
        "y": 704,
        "w": 100,
        "h": 100
    },
    "keypont_2d": {
        "0": {
            "name": "Center of Hips",
            "x": 48.05,
            "y": 51.38
        },
        "1": {
            "name": "Left Hip",
            "x": 54.85,
            "y": 50.37
        },
        "2": {
            "name": "Left Knee",
            "x": 58.75,
            "y": 64.28
        },
        "3": {
            "name": "Left Ankle",
            "x": 59.04,
            "y": 78.52
        },
        "4": {
            "name": "Right Hip",
            "x": 41.15,
            "y": 52.38
        },
        "5": {
            "name": "Right Knee",
            "x": 43.19,
            "y": 73.19
        },
        "6": {
            "name": "Right Ankle",
            "x": 49.33,
            "y": 77.75
        },
        "7": {
            "name": "Center of Body",
            "x": 49.38,
            "y": 40.0
        },
        "8": {
            "name": "Center of Shoulder",
            "x": 50.98,
            "y": 28.42
        },
        "9": {
            "name": "Neck",
            "x": 51.27,
            "y": 27.07
        },
        "10": {
            "name": "Head",
            "x": 51.78,
            "y": 22.56
        },
        "11": {
            "name": "Right Shoulder",
            "x": 44.05,
            "y": 28.94
        },
        "12": {
            "name": "Right Elbow",
            "x": 36.32,
            "y": 32.3
        },
        "13": {
            "name": "Right Wrist",
            "x": 40.25,
            "y": 31.57
        },
        "14": {
            "name": "Left Shoulder",
            "x": 58.0,
            "y": 29.29
        },
        "15": {
            "name": "Left Elbow",
            "x": 64.53,
            "y": 33.52
        },
        "16": {
            "name": "Left Wrist",
            "x": 71.51,
            "y": 35.01
        }
    },
    "keypont_3d": {
        "0": {
            "name": "Center of Hips",
            "x": 0.0,
            "y": 0.0,
            "z": 0.53470379114151
        },
        "1": {
            "name": "Left Hip",
            "x": -0.10620394349098206,
            "y": 0.016541525721549988,
            "z": 0.5407876968383789
        },
        "2": {
            "name": "Left Knee",
            "x": -0.19364947080612183,
            "y": -0.0725889578461647,
            "z": 0.26871728897094727
        },
        "3": {
            "name": "Left Ankle",
            "x": -0.22584488987922668,
            "y": 0.017017267644405365,
            "z": 0.0
        },
        "4": {
            "name": "Right Hip",
            "x": 0.1180761307477951,
            "y": -0.0419912189245224,
            "z": 0.5063797831535339
        },
        "5": {
            "name": "Right Knee",
            "x": 0.0831344947218895,
            "y": -0.0016604746924713254,
            "z": 0.1659100502729416
        },
        "6": {
            "name": "Right Ankle",
            "x": 0.05500766634941101,
            "y": 0.22779105603694916,
            "z": 0.043829724192619324
        },
        "7": {
            "name": "Center of Body",
            "x": 0.0013177160872146487,
            "y": 0.012899876572191715,
            "z": 0.7328682541847229
        },
        "8": {
            "name": "Center of Shoulder",
            "x": -0.04784785956144333,
            "y": -0.030439911410212517,
            "z": 0.9141548871994019
        },
        "9": {
            "name": "Neck",
            "x": -0.06560340523719788,
            "y": -0.06891582161188126,
            "z": 0.9299011826515198
        },
        "10": {
            "name": "Head",
            "x": -0.07103463262319565,
            "y": -0.07013877481222153,
            "z": 1.0
        },
        "11": {
            "name": "Right Shoulder",
            "x": 0.05892439931631088,
            "y": -0.08133067935705185,
            "z": 0.9084743857383728
        },
        "12": {
            "name": "Right Elbow",
            "x": 0.13738343119621277,
            "y": -0.22860495746135712,
            "z": 0.8089553117752075
        },
        "13": {
            "name": "Right Wrist",
            "x": 0.056696757674217224,
            "y": -0.34394916892051697,
            "z": 0.7764117121696472
        },
        "14": {
            "name": "Left Shoulder",
            "x": -0.13480105996131897,
            "y": 0.061352454125881195,
            "z": 0.9183691143989563
        },
        "15": {
            "name": "Left Elbow",
            "x": -0.22003242373466492,
            "y": 0.19309911131858826,
            "z": 0.8710183501243591
        },
        "16": {
            "name": "Left Wrist",
            "x": -0.3686908483505249,
            "y": 0.15563668310642242,
            "z": 0.8153181076049805
        }
    }
}