{
    "image_path": "00013/img/8.jpg",
    "shooter_tracklet_id": 11,
    "bbox": {
        "x": 307,
        "y": 704,
        "w": 100,
        "h": 100
    },
    "keypoint_2d": {
        "0": {
            "name": "Center of Hips",
            "x": 47.97,
            "y": 48.6
        },
        "1": {
            "name": "Left Hip",
            "x": 54.79,
            "y": 47.92
        },
        "2": {
            "name": "Left Knee",
            "x": 59.4,
            "y": 61.54
        },
        "3": {
            "name": "Left Ankle",
            "x": 59.44,
            "y": 77.88
        },
        "4": {
            "name": "Right Hip",
            "x": 40.63,
            "y": 49.39
        },
        "5": {
            "name": "Right Knee",
            "x": 41.68,
            "y": 67.86
        },
        "6": {
            "name": "Right Ankle",
            "x": 44.47,
            "y": 76.63
        },
        "7": {
            "name": "Center of Body",
            "x": 49.24,
            "y": 35.92
        },
        "8": {
            "name": "Center of Shoulder",
            "x": 50.33,
            "y": 24.89
        },
        "9": {
            "name": "Neck",
            "x": 50.34,
            "y": 23.31
        },
        "10": {
            "name": "Head",
            "x": 51.29,
            "y": 19.68
        },
        "11": {
            "name": "Right Shoulder",
            "x": 44.88,
            "y": 24.77
        },
        "12": {
            "name": "Right Elbow",
            "x": 35.96,
            "y": 28.65
        },
        "13": {
            "name": "Right Wrist",
            "x": 43.09,
            "y": 27.54
        },
        "14": {
            "name": "Left Shoulder",
            "x": 56.48,
            "y": 25.78
        },
        "15": {
            "name": "Left Elbow",
            "x": 62.34,
            "y": 37.75
        },
        "16": {
            "name": "Left Wrist",
            "x": 59.52,
            "y": 34.51
        }
    },
    "keypoint_3d": {
        "0": {
            "name": "Center of Hips",
            "x": 0.0,
            "y": 0.0,
            "z": 0.5283315777778625
        },
        "1": {
            "name": "Left Hip",
            "x": -0.10854903608560562,
            "y": 0.016375362873077393,
            "z": 0.5315287709236145
        },
        "2": {
            "name": "Left Knee",
            "x": -0.23773133754730225,
            "y": -0.0643925815820694,
            "z": 0.2775677442550659
        },
        "3": {
            "name": "Left Ankle",
            "x": -0.21906179189682007,
            "y": -0.0045173014514148235,
            "z": 0.0
        },
        "4": {
            "name": "Right Hip",
            "x": 0.12811294198036194,
            "y": -0.035509828478097916,
            "z": 0.49950942397117615
        },
        "5": {
            "name": "Right Knee",
            "x": 0.09491579979658127,
            "y": -0.03849983960390091,
            "z": 0.18005788326263428
        },
        "6": {
            "name": "Right Ankle",
            "x": 0.11498937755823135,
            "y": 0.1749279797077179,
            "z": 0.031229417771100998
        },
        "7": {
            "name": "Center of Body",
            "x": 0.0036916472017765045,
            "y": 0.009099838323891163,
            "z": 0.7247554659843445
        },
        "8": {
            "name": "Center of Shoulder",
            "x": -0.03726205229759216,
            "y": -0.03106090985238552,
            "z": 0.9090505838394165
        },
        "9": {
            "name": "Neck",
            "x": -0.052188582718372345,
            "y": -0.06612277776002884,
            "z": 0.9277719259262085
        },
        "10": {
            "name": "Head",
            "x": -0.057032421231269836,
            "y": -0.05778433009982109,
            "z": 1.0
        },
        "11": {
            "name": "Right Shoulder",
            "x": 0.06179279088973999,
            "y": -0.07842368632555008,
            "z": 0.908660352230072
        },
        "12": {
            "name": "Right Elbow",
            "x": 0.15768876671791077,
            "y": -0.21911434829235077,
            "z": 0.825961709022522
        },
        "13": {
            "name": "Right Wrist",
            "x": 0.022198772057890892,
            "y": -0.28498637676239014,
            "z": 0.8260443210601807
        },
        "14": {
            "name": "Left Shoulder",
            "x": -0.12699203193187714,
            "y": 0.0548446960747242,
            "z": 0.9042377471923828
        },
        "15": {
            "name": "Left Elbow",
            "x": -0.20571409165859222,
            "y": 0.12469755858182907,
            "z": 0.7411903738975525
        },
        "16": {
            "name": "Left Wrist",
            "x": -0.231228768825531,
            "y": -0.03127291426062584,
            "z": 0.7500147223472595
        }
    }
}