{
    "image_path": "00013/img/9.jpg",
    "shooter_tracklet_id": 11,
    "bbox": {
        "x": 310,
        "y": 703,
        "w": 100,
        "h": 100
    },
    "keypoint_2d": {
        "0": {
            "name": "Center of Hips",
            "x": 46.16,
            "y": 46.46
        },
        "1": {
            "name": "Left Hip",
            "x": 52.51,
            "y": 46.69
        },
        "2": {
            "name": "Left Knee",
            "x": 59.67,
            "y": 64.92
        },
        "3": {
            "name": "Left Ankle",
            "x": 60.4,
            "y": 80.25
        },
        "4": {
            "name": "Right Hip",
            "x": 38.99,
            "y": 46.54
        },
        "5": {
            "name": "Right Knee",
            "x": 37.97,
            "y": 65.43
        },
        "6": {
            "name": "Right Ankle",
            "x": 37.86,
            "y": 74.39
        },
        "7": {
            "name": "Center of Body",
            "x": 47.01,
            "y": 34.81
        },
        "8": {
            "name": "Center of Shoulder",
            "x": 47.65,
            "y": 22.63
        },
        "9": {
            "name": "Neck",
            "x": 48.12,
            "y": 20.87
        },
        "10": {
            "name": "Head",
            "x": 49.18,
            "y": 17.61
        },
        "11": {
            "name": "Right Shoulder",
            "x": 40.22,
            "y": 22.05
        },
        "12": {
            "name": "Right Elbow",
            "x": 31.94,
            "y": 27.08
        },
        "13": {
            "name": "Right Wrist",
            "x": 35.91,
            "y": 29.3
        },
        "14": {
            "name": "Left Shoulder",
            "x": 53.88,
            "y": 23.46
        },
        "15": {
            "name": "Left Elbow",
            "x": 57.89,
            "y": 34.67
        },
        "16": {
            "name": "Left Wrist",
            "x": 64.01,
            "y": 36.6
        }
    },
    "keypoint_3d": {
        "0": {
            "name": "Center of Hips",
            "x": 0.0,
            "y": 0.0,
            "z": 0.5431123375892639
        },
        "1": {
            "name": "Left Hip",
            "x": -0.1083965077996254,
            "y": 0.018224390223622322,
            "z": 0.5402519106864929
        },
        "2": {
            "name": "Left Knee",
            "x": -0.2351270467042923,
            "y": -0.01596021093428135,
            "z": 0.27226683497428894
        },
        "3": {
            "name": "Left Ankle",
            "x": -0.21586409211158752,
            "y": 0.042343635112047195,
            "z": 0.0
        },
        "4": {
            "name": "Right Hip",
            "x": 0.12109421193599701,
            "y": -0.035723067820072174,
            "z": 0.5299130082130432
        },
        "5": {
            "name": "Right Knee",
            "x": 0.10303015261888504,
            "y": -0.06530362367630005,
            "z": 0.21453851461410522
        },
        "6": {
            "name": "Right Ankle",
            "x": 0.1718999296426773,
            "y": 0.11098625510931015,
            "z": 0.028302041813731194
        },
        "7": {
            "name": "Center of Body",
            "x": 0.0008653245167806745,
            "y": 0.011219511739909649,
            "z": 0.7310168147087097
        },
        "8": {
            "name": "Center of Shoulder",
            "x": -0.029719332233071327,
            "y": -0.025347793474793434,
            "z": 0.9117959141731262
        },
        "9": {
            "name": "Neck",
            "x": -0.04622841998934746,
            "y": -0.05722083896398544,
            "z": 0.9344013929367065
        },
        "10": {
            "name": "Head",
            "x": -0.05234222486615181,
            "y": -0.044082626700401306,
            "z": 1.0
        },
        "11": {
            "name": "Right Shoulder",
            "x": 0.06693319976329803,
            "y": -0.06728549301624298,
            "z": 0.9163177013397217
        },
        "12": {
            "name": "Right Elbow",
            "x": 0.18008896708488464,
            "y": -0.17951034009456635,
            "z": 0.8298099040985107
        },
        "13": {
            "name": "Right Wrist",
            "x": 0.06503588706254959,
            "y": -0.26947370171546936,
            "z": 0.7993301153182983
        },
        "14": {
            "name": "Left Shoulder",
            "x": -0.10637666285037994,
            "y": 0.05186336860060692,
            "z": 0.912685751914978
        },
        "15": {
            "name": "Left Elbow",
            "x": -0.15115752816200256,
            "y": 0.1491050273180008,
            "z": 0.735416054725647
        },
        "16": {
            "name": "Left Wrist",
            "x": -0.26752912998199463,
            "y": 0.056192796677351,
            "z": 0.7040801644325256
        }
    }
}