{
    "image_path": "00013/img/10.jpg",
    "shooter_tracklet_id": 11,
    "bbox": {
        "x": 311,
        "y": 699,
        "w": 100,
        "h": 100
    },
    "keypoint_2d": {
        "0": {
            "name": "Center of Hips",
            "x": 48.53,
            "y": 46.75
        },
        "1": {
            "name": "Left Hip",
            "x": 54.87,
            "y": 46.45
        },
        "2": {
            "name": "Left Knee",
            "x": 60.85,
            "y": 65.98
        },
        "3": {
            "name": "Left Ankle",
            "x": 62.43,
            "y": 84.9
        },
        "4": {
            "name": "Right Hip",
            "x": 40.96,
            "y": 46.58
        },
        "5": {
            "name": "Right Knee",
            "x": 39.97,
            "y": 66.97
        },
        "6": {
            "name": "Right Ankle",
            "x": 35.64,
            "y": 76.61
        },
        "7": {
            "name": "Center of Body",
            "x": 48.52,
            "y": 36.22
        },
        "8": {
            "name": "Center of Shoulder",
            "x": 48.52,
            "y": 24.22
        },
        "9": {
            "name": "Neck",
            "x": 48.89,
            "y": 23.25
        },
        "10": {
            "name": "Head",
            "x": 50.66,
            "y": 20.34
        },
        "11": {
            "name": "Right Shoulder",
            "x": 40.63,
            "y": 24.22
        },
        "12": {
            "name": "Right Elbow",
            "x": 33.34,
            "y": 29.43
        },
        "13": {
            "name": "Right Wrist",
            "x": 28.65,
            "y": 35.54
        },
        "14": {
            "name": "Left Shoulder",
            "x": 54.57,
            "y": 23.82
        },
        "15": {
            "name": "Left Elbow",
            "x": 59.7,
            "y": 34.74
        },
        "16": {
            "name": "Left Wrist",
            "x": 66.61,
            "y": 40.0
        }
    },
    "keypoint_3d": {
        "0": {
            "name": "Center of Hips",
            "x": 0.0,
            "y": 0.0,
            "z": 0.5730273127555847
        },
        "1": {
            "name": "Left Hip",
            "x": -0.10620076954364777,
            "y": 0.020941754803061485,
            "z": 0.5738187432289124
        },
        "2": {
            "name": "Left Knee",
            "x": -0.19709822535514832,
            "y": 0.07006970047950745,
            "z": 0.2738479971885681
        },
        "3": {
            "name": "Left Ankle",
            "x": -0.19789840281009674,
            "y": 0.1436779946088791,
            "z": 0.0
        },
        "4": {
            "name": "Right Hip",
            "x": 0.10668443888425827,
            "y": -0.05187266319990158,
            "z": 0.5608158707618713
        },
        "5": {
            "name": "Right Knee",
            "x": 0.10877300798892975,
            "y": -0.059366583824157715,
            "z": 0.25338342785835266
        },
        "6": {
            "name": "Right Ankle",
            "x": 0.2327033430337906,
            "y": 0.014710861258208752,
            "z": 0.014652724377810955
        },
        "7": {
            "name": "Center of Body",
            "x": 0.007248323410749435,
            "y": 0.01510206051170826,
            "z": 0.7552474737167358
        },
        "8": {
            "name": "Center of Shoulder",
            "x": -0.018551738932728767,
            "y": -0.034291934221982956,
            "z": 0.9274128079414368
        },
        "9": {
            "name": "Neck",
            "x": -0.03576232120394707,
            "y": -0.06193150579929352,
            "z": 0.9417828321456909
        },
        "10": {
            "name": "Head",
            "x": -0.05057625100016594,
            "y": -0.05038147792220116,
            "z": 1.0
        },
        "11": {
            "name": "Right Shoulder",
            "x": 0.09947048127651215,
            "y": -0.06798035651445389,
            "z": 0.9307333827018738
        },
        "12": {
            "name": "Right Elbow",
            "x": 0.19914034008979797,
            "y": -0.17346742749214172,
            "z": 0.835331380367279
        },
        "13": {
            "name": "Right Wrist",
            "x": 0.1858971118927002,
            "y": -0.2844766080379486,
            "z": 0.7415538430213928
        },
        "14": {
            "name": "Left Shoulder",
            "x": -0.0853407233953476,
            "y": 0.0529373474419117,
            "z": 0.9429870843887329
        },
        "15": {
            "name": "Left Elbow",
            "x": -0.12118081003427505,
            "y": 0.1696356236934662,
            "z": 0.7847643494606018
        },
        "16": {
            "name": "Left Wrist",
            "x": -0.26065903902053833,
            "y": 0.15055103600025177,
            "z": 0.7037017345428467
        }
    }
}