{
    "image_path": "00013/img/11.jpg",
    "shooter_tracklet_id": 11,
    "bbox": {
        "x": 312,
        "y": 694,
        "w": 100,
        "h": 100
    },
    "keypont_2d": {
        "0": {
            "name": "Center of Hips",
            "x": 50.58,
            "y": 48.62
        },
        "1": {
            "name": "Left Hip",
            "x": 57.24,
            "y": 48.88
        },
        "2": {
            "name": "Left Knee",
            "x": 66.44,
            "y": 65.16
        },
        "3": {
            "name": "Left Ankle",
            "x": 67.1,
            "y": 83.74
        },
        "4": {
            "name": "Right Hip",
            "x": 43.26,
            "y": 48.22
        },
        "5": {
            "name": "Right Knee",
            "x": 43.65,
            "y": 63.97
        },
        "6": {
            "name": "Right Ankle",
            "x": 35.86,
            "y": 77.49
        },
        "7": {
            "name": "Center of Body",
            "x": 52.02,
            "y": 37.14
        },
        "8": {
            "name": "Center of Shoulder",
            "x": 53.45,
            "y": 25.7
        },
        "9": {
            "name": "Neck",
            "x": 53.76,
            "y": 23.62
        },
        "10": {
            "name": "Head",
            "x": 54.6,
            "y": 19.61
        },
        "11": {
            "name": "Right Shoulder",
            "x": 45.37,
            "y": 25.06
        },
        "12": {
            "name": "Right Elbow",
            "x": 36.38,
            "y": 33.01
        },
        "13": {
            "name": "Right Wrist",
            "x": 27.14,
            "y": 38.19
        },
        "14": {
            "name": "Left Shoulder",
            "x": 60.23,
            "y": 26.64
        },
        "15": {
            "name": "Left Elbow",
            "x": 63.48,
            "y": 37.37
        },
        "16": {
            "name": "Left Wrist",
            "x": 72.2,
            "y": 38.19
        }
    },
    "keypont_3d": {
        "0": {
            "name": "Center of Hips",
            "x": 0.0,
            "y": 0.0,
            "z": 0.5657132863998413
        },
        "1": {
            "name": "Left Hip",
            "x": -0.11044032871723175,
            "y": 0.02227414958178997,
            "z": 0.5632690191268921
        },
        "2": {
            "name": "Left Knee",
            "x": -0.2362622171640396,
            "y": 0.07476538419723511,
            "z": 0.27999964356422424
        },
        "3": {
            "name": "Left Ankle",
            "x": -0.2136608213186264,
            "y": 0.13677342236042023,
            "z": 0.0
        },
        "4": {
            "name": "Right Hip",
            "x": 0.10529031604528427,
            "y": -0.060328081250190735,
            "z": 0.5544791221618652
        },
        "5": {
            "name": "Right Knee",
            "x": 0.06645189970731735,
            "y": -0.1408628225326538,
            "z": 0.2673756778240204
        },
        "6": {
            "name": "Right Ankle",
            "x": 0.22722341120243073,
            "y": -0.09043139219284058,
            "z": 0.020889511331915855
        },
        "7": {
            "name": "Center of Body",
            "x": -0.002716303104534745,
            "y": 0.012409459799528122,
            "z": 0.7486539483070374
        },
        "8": {
            "name": "Center of Shoulder",
            "x": -0.03599275276064873,
            "y": -0.03510400652885437,
            "z": 0.9195680022239685
        },
        "9": {
            "name": "Neck",
            "x": -0.05294419825077057,
            "y": -0.06158377602696419,
            "z": 0.9368222951889038
        },
        "10": {
            "name": "Head",
            "x": -0.061980076134204865,
            "y": -0.050332531332969666,
            "z": 1.0
        },
        "11": {
            "name": "Right Shoulder",
            "x": 0.08948898315429688,
            "y": -0.06533477455377579,
            "z": 0.9243651032447815
        },
        "12": {
            "name": "Right Elbow",
            "x": 0.21604442596435547,
            "y": -0.1360374093055725,
            "z": 0.804894745349884
        },
        "13": {
            "name": "Right Wrist",
            "x": 0.29665106534957886,
            "y": -0.23562213778495789,
            "z": 0.7085637450218201
        },
        "14": {
            "name": "Left Shoulder",
            "x": -0.11189516633749008,
            "y": 0.06333383172750473,
            "z": 0.9244863390922546
        },
        "15": {
            "name": "Left Elbow",
            "x": -0.13028188049793243,
            "y": 0.18007341027259827,
            "z": 0.7730818390846252
        },
        "16": {
            "name": "Left Wrist",
            "x": -0.2859165668487549,
            "y": 0.18671511113643646,
            "z": 0.7178282737731934
        }
    }
}