{
    "image_path": "00013/img/12.jpg",
    "shooter_tracklet_id": 11,
    "bbox": {
        "x": 314,
        "y": 692,
        "w": 100,
        "h": 100
    },
    "keypoint_2d": {
        "0": {
            "name": "Center of Hips",
            "x": 49.28,
            "y": 49.95
        },
        "1": {
            "name": "Left Hip",
            "x": 56.98,
            "y": 51.08
        },
        "2": {
            "name": "Left Knee",
            "x": 66.52,
            "y": 62.92
        },
        "3": {
            "name": "Left Ankle",
            "x": 66.28,
            "y": 82.1
        },
        "4": {
            "name": "Right Hip",
            "x": 41.5,
            "y": 49.04
        },
        "5": {
            "name": "Right Knee",
            "x": 47.73,
            "y": 58.53
        },
        "6": {
            "name": "Right Ankle",
            "x": 36.85,
            "y": 72.89
        },
        "7": {
            "name": "Center of Body",
            "x": 50.87,
            "y": 39.3
        },
        "8": {
            "name": "Center of Shoulder",
            "x": 52.51,
            "y": 29.45
        },
        "9": {
            "name": "Neck",
            "x": 52.85,
            "y": 27.32
        },
        "10": {
            "name": "Head",
            "x": 53.29,
            "y": 24.22
        },
        "11": {
            "name": "Right Shoulder",
            "x": 44.79,
            "y": 28.63
        },
        "12": {
            "name": "Right Elbow",
            "x": 34.54,
            "y": 35.73
        },
        "13": {
            "name": "Right Wrist",
            "x": 24.35,
            "y": 41.98
        },
        "14": {
            "name": "Left Shoulder",
            "x": 59.84,
            "y": 30.99
        },
        "15": {
            "name": "Left Elbow",
            "x": 65.89,
            "y": 37.2
        },
        "16": {
            "name": "Left Wrist",
            "x": 77.46,
            "y": 37.04
        }
    },
    "keypoint_3d": {
        "0": {
            "name": "Center of Hips",
            "x": 0.0,
            "y": 0.0,
            "z": 0.5738847851753235
        },
        "1": {
            "name": "Left Hip",
            "x": -0.11571398377418518,
            "y": 0.030909283086657524,
            "z": 0.5643191337585449
        },
        "2": {
            "name": "Left Knee",
            "x": -0.2838652431964874,
            "y": 0.07865047454833984,
            "z": 0.3223574161529541
        },
        "3": {
            "name": "Left Ankle",
            "x": -0.24851444363594055,
            "y": 0.20056436955928802,
            "z": 0.0
        },
        "4": {
            "name": "Right Hip",
            "x": 0.10568492114543915,
            "y": -0.07257167249917984,
            "z": 0.5683826208114624
        },
        "5": {
            "name": "Right Knee",
            "x": -0.018383869901299477,
            "y": -0.1949036419391632,
            "z": 0.36259883642196655
        },
        "6": {
            "name": "Right Ankle",
            "x": 0.1828482300043106,
            "y": -0.20258916914463043,
            "z": 0.1071564182639122
        },
        "7": {
            "name": "Center of Body",
            "x": -0.019386418163776398,
            "y": 0.00020056794164702296,
            "z": 0.7564915418624878
        },
        "8": {
            "name": "Center of Shoulder",
            "x": -0.07096821814775467,
            "y": -0.06002642214298248,
            "z": 0.9155651330947876
        },
        "9": {
            "name": "Neck",
            "x": -0.08817403763532639,
            "y": -0.08405935764312744,
            "z": 0.9373143911361694
        },
        "10": {
            "name": "Head",
            "x": -0.0903710201382637,
            "y": -0.07462334632873535,
            "z": 1.0
        },
        "11": {
            "name": "Right Shoulder",
            "x": 0.06948120892047882,
            "y": -0.07153932750225067,
            "z": 0.921997606754303
        },
        "12": {
            "name": "Right Elbow",
            "x": 0.24712823331356049,
            "y": -0.10579612106084824,
            "z": 0.8124379515647888
        },
        "13": {
            "name": "Right Wrist",
            "x": 0.3935289680957794,
            "y": -0.1872553527355194,
            "z": 0.7283822894096375
        },
        "14": {
            "name": "Left Shoulder",
            "x": -0.15396827459335327,
            "y": 0.04862440750002861,
            "z": 0.8988144397735596
        },
        "15": {
            "name": "Left Elbow",
            "x": -0.19783778488636017,
            "y": 0.17802804708480835,
            "z": 0.7982090711593628
        },
        "16": {
            "name": "Left Wrist",
            "x": -0.36234748363494873,
            "y": 0.19744347035884857,
            "z": 0.7811971306800842
        }
    }
}