{
    "image_path": "00013/img/13.jpg",
    "shooter_tracklet_id": 11,
    "bbox": {
        "x": 315,
        "y": 688,
        "w": 100,
        "h": 100
    },
    "keypoint_2d": {
        "0": {
            "name": "Center of Hips",
            "x": 49.46,
            "y": 48.66
        },
        "1": {
            "name": "Left Hip",
            "x": 56.91,
            "y": 49.21
        },
        "2": {
            "name": "Left Knee",
            "x": 64.63,
            "y": 62.2
        },
        "3": {
            "name": "Left Ankle",
            "x": 65.29,
            "y": 80.78
        },
        "4": {
            "name": "Right Hip",
            "x": 39.61,
            "y": 47.84
        },
        "5": {
            "name": "Right Knee",
            "x": 53.56,
            "y": 56.21
        },
        "6": {
            "name": "Right Ankle",
            "x": 68.93,
            "y": 51.7
        },
        "7": {
            "name": "Center of Body",
            "x": 50.94,
            "y": 39.46
        },
        "8": {
            "name": "Center of Shoulder",
            "x": 52.59,
            "y": 31.17
        },
        "9": {
            "name": "Neck",
            "x": 52.89,
            "y": 28.74
        },
        "10": {
            "name": "Head",
            "x": 53.29,
            "y": 24.87
        },
        "11": {
            "name": "Right Shoulder",
            "x": 44.49,
            "y": 30.39
        },
        "12": {
            "name": "Right Elbow",
            "x": 35.04,
            "y": 36.88
        },
        "13": {
            "name": "Right Wrist",
            "x": 27.47,
            "y": 45.43
        },
        "14": {
            "name": "Left Shoulder",
            "x": 60.27,
            "y": 32.13
        },
        "15": {
            "name": "Left Elbow",
            "x": 66.08,
            "y": 38.81
        },
        "16": {
            "name": "Left Wrist",
            "x": 73.24,
            "y": 38.9
        }
    },
    "keypoint_3d": {
        "0": {
            "name": "Center of Hips",
            "x": 0.0,
            "y": 0.0,
            "z": 0.5765484571456909
        },
        "1": {
            "name": "Left Hip",
            "x": -0.10772868245840073,
            "y": 0.05097736790776253,
            "z": 0.570920467376709
        },
        "2": {
            "name": "Left Knee",
            "x": -0.28528502583503723,
            "y": 0.0691051259636879,
            "z": 0.3254126012325287
        },
        "3": {
            "name": "Left Ankle",
            "x": -0.24082747101783752,
            "y": 0.20044228434562683,
            "z": 0.0
        },
        "4": {
            "name": "Right Hip",
            "x": 0.13049721717834473,
            "y": -0.08986876159906387,
            "z": 0.5700841546058655
        },
        "5": {
            "name": "Right Knee",
            "x": -0.10774718225002289,
            "y": -0.18418242037296295,
            "z": 0.39365842938423157
        },
        "6": {
            "name": "Right Ankle",
            "x": -0.38507556915283203,
            "y": -0.22366541624069214,
            "z": 0.40326449275016785
        },
        "7": {
            "name": "Center of Body",
            "x": -0.024180812761187553,
            "y": -0.0207147728651762,
            "z": 0.7586082816123962
        },
        "8": {
            "name": "Center of Shoulder",
            "x": -0.08955870568752289,
            "y": -0.09654833376407623,
            "z": 0.9098864197731018
        },
        "9": {
            "name": "Neck",
            "x": -0.10415247082710266,
            "y": -0.11563818156719208,
            "z": 0.9313385486602783
        },
        "10": {
            "name": "Head",
            "x": -0.10657809674739838,
            "y": -0.11111170053482056,
            "z": 1.0
        },
        "11": {
            "name": "Right Shoulder",
            "x": 0.06667942553758621,
            "y": -0.10537226498126984,
            "z": 0.9093265533447266
        },
        "12": {
            "name": "Right Elbow",
            "x": 0.2635934054851532,
            "y": -0.12717239558696747,
            "z": 0.7979781031608582
        },
        "13": {
            "name": "Right Wrist",
            "x": 0.40959632396698,
            "y": -0.16966605186462402,
            "z": 0.6518315076828003
        },
        "14": {
            "name": "Left Shoulder",
            "x": -0.17778468132019043,
            "y": 0.028166720643639565,
            "z": 0.8879412412643433
        },
        "15": {
            "name": "Left Elbow",
            "x": -0.2530737817287445,
            "y": 0.1589648574590683,
            "z": 0.7940400242805481
        },
        "16": {
            "name": "Left Wrist",
            "x": -0.41380834579467773,
            "y": 0.18931448459625244,
            "z": 0.7786808013916016
        }
    }
}