{
    "image_path": "00013/img/14.jpg",
    "shooter_tracklet_id": 11,
    "bbox": {
        "x": 314,
        "y": 686,
        "w": 100,
        "h": 100
    },
    "keypoint_2d": {
        "0": {
            "name": "Center of Hips",
            "x": 44.11,
            "y": 50.17
        },
        "1": {
            "name": "Left Hip",
            "x": 50.8,
            "y": 51.18
        },
        "2": {
            "name": "Left Knee",
            "x": 61.4,
            "y": 62.86
        },
        "3": {
            "name": "Left Ankle",
            "x": 62.31,
            "y": 81.07
        },
        "4": {
            "name": "Right Hip",
            "x": 36.3,
            "y": 49.1
        },
        "5": {
            "name": "Right Knee",
            "x": 50.53,
            "y": 57.35
        },
        "6": {
            "name": "Right Ankle",
            "x": 66.66,
            "y": 53.36
        },
        "7": {
            "name": "Center of Body",
            "x": 47.37,
            "y": 41.32
        },
        "8": {
            "name": "Center of Shoulder",
            "x": 50.2,
            "y": 34.09
        },
        "9": {
            "name": "Neck",
            "x": 51.56,
            "y": 32.38
        },
        "10": {
            "name": "Head",
            "x": 55.43,
            "y": 29.48
        },
        "11": {
            "name": "Right Shoulder",
            "x": 44.32,
            "y": 31.74
        },
        "12": {
            "name": "Right Elbow",
            "x": 33.55,
            "y": 38.53
        },
        "13": {
            "name": "Right Wrist",
            "x": 31.09,
            "y": 46.83
        },
        "14": {
            "name": "Left Shoulder",
            "x": 55.12,
            "y": 36.99
        },
        "15": {
            "name": "Left Elbow",
            "x": 60.96,
            "y": 40.94
        },
        "16": {
            "name": "Left Wrist",
            "x": 65.79,
            "y": 40.94
        }
    },
    "keypoint_3d": {
        "0": {
            "name": "Center of Hips",
            "x": 0.0,
            "y": 0.0,
            "z": 0.6099644303321838
        },
        "1": {
            "name": "Left Hip",
            "x": -0.0940118134021759,
            "y": 0.08298289030790329,
            "z": 0.6068039536476135
        },
        "2": {
            "name": "Left Knee",
            "x": -0.3104863464832306,
            "y": 0.13880863785743713,
            "z": 0.3552608788013458
        },
        "3": {
            "name": "Left Ankle",
            "x": -0.27477309107780457,
            "y": 0.30820584297180176,
            "z": 0.0
        },
        "4": {
            "name": "Right Hip",
            "x": 0.13880975544452667,
            "y": -0.10900385677814484,
            "z": 0.613939642906189
        },
        "5": {
            "name": "Right Knee",
            "x": -0.17967887222766876,
            "y": -0.1441841572523117,
            "z": 0.4296087622642517
        },
        "6": {
            "name": "Right Ankle",
            "x": -0.5565788149833679,
            "y": -0.1380050927400589,
            "z": 0.47764742374420166
        },
        "7": {
            "name": "Center of Body",
            "x": -0.06611386686563492,
            "y": -0.04547101631760597,
            "z": 0.7822781801223755
        },
        "8": {
            "name": "Center of Shoulder",
            "x": -0.16261346638202667,
            "y": -0.12142325192689896,
            "z": 0.9144936800003052
        },
        "9": {
            "name": "Neck",
            "x": -0.19479255378246307,
            "y": -0.13555696606636047,
            "z": 0.933330237865448
        },
        "10": {
            "name": "Head",
            "x": -0.2394217848777771,
            "y": -0.11762405186891556,
            "z": 1.0
        },
        "11": {
            "name": "Right Shoulder",
            "x": -0.03327983245253563,
            "y": -0.14280523359775543,
            "z": 0.9356352090835571
        },
        "12": {
            "name": "Right Elbow",
            "x": 0.17732515931129456,
            "y": -0.19013896584510803,
            "z": 0.8186843395233154
        },
        "13": {
            "name": "Right Wrist",
            "x": 0.22925527393817902,
            "y": -0.24056027829647064,
            "z": 0.6483724117279053
        },
        "14": {
            "name": "Left Shoulder",
            "x": -0.22054694592952728,
            "y": 0.005283123813569546,
            "z": 0.8855690360069275
        },
        "15": {
            "name": "Left Elbow",
            "x": -0.2903004288673401,
            "y": 0.15202856063842773,
            "z": 0.8230699300765991
        },
        "16": {
            "name": "Left Wrist",
            "x": -0.44008558988571167,
            "y": 0.10035865753889084,
            "z": 0.7927337884902954
        }
    }
}