{
    "image_path": "00013/img/15.jpg",
    "shooter_tracklet_id": 11,
    "bbox": {
        "x": 313,
        "y": 681,
        "w": 100,
        "h": 100
    },
    "keypoint_2d": {
        "0": {
            "name": "Center of Hips",
            "x": 43.01,
            "y": 51.13
        },
        "1": {
            "name": "Left Hip",
            "x": 49.26,
            "y": 51.61
        },
        "2": {
            "name": "Left Knee",
            "x": 60.6,
            "y": 62.84
        },
        "3": {
            "name": "Left Ankle",
            "x": 63.67,
            "y": 80.76
        },
        "4": {
            "name": "Right Hip",
            "x": 36.02,
            "y": 50.43
        },
        "5": {
            "name": "Right Knee",
            "x": 52.33,
            "y": 50.66
        },
        "6": {
            "name": "Right Ankle",
            "x": 59.63,
            "y": 54.54
        },
        "7": {
            "name": "Center of Body",
            "x": 46.0,
            "y": 42.6
        },
        "8": {
            "name": "Center of Shoulder",
            "x": 48.8,
            "y": 34.68
        },
        "9": {
            "name": "Neck",
            "x": 48.86,
            "y": 32.41
        },
        "10": {
            "name": "Head",
            "x": 50.36,
            "y": 28.31
        },
        "11": {
            "name": "Right Shoulder",
            "x": 42.5,
            "y": 33.06
        },
        "12": {
            "name": "Right Elbow",
            "x": 36.7,
            "y": 39.71
        },
        "13": {
            "name": "Right Wrist",
            "x": 40.3,
            "y": 53.1
        },
        "14": {
            "name": "Left Shoulder",
            "x": 55.56,
            "y": 36.16
        },
        "15": {
            "name": "Left Elbow",
            "x": 57.52,
            "y": 43.58
        },
        "16": {
            "name": "Left Wrist",
            "x": 62.13,
            "y": 44.18
        }
    },
    "keypoint_3d": {
        "0": {
            "name": "Center of Hips",
            "x": 0.0,
            "y": 0.0,
            "z": 0.5952643752098083
        },
        "1": {
            "name": "Left Hip",
            "x": -0.08670376241207123,
            "y": 0.0873979926109314,
            "z": 0.5916349291801453
        },
        "2": {
            "name": "Left Knee",
            "x": -0.3222293555736542,
            "y": 0.14826218783855438,
            "z": 0.3572015166282654
        },
        "3": {
            "name": "Left Ankle",
            "x": -0.3059915006160736,
            "y": 0.3351868689060211,
            "z": 0.0
        },
        "4": {
            "name": "Right Hip",
            "x": 0.1253758817911148,
            "y": -0.10205920785665512,
            "z": 0.6015069484710693
        },
        "5": {
            "name": "Right Knee",
            "x": -0.22419875860214233,
            "y": -0.15992766618728638,
            "z": 0.4923693537712097
        },
        "6": {
            "name": "Right Ankle",
            "x": -0.4923635423183441,
            "y": -0.24478840827941895,
            "z": 0.44662240147590637
        },
        "7": {
            "name": "Center of Body",
            "x": -0.06601754575967789,
            "y": -0.034286536276340485,
            "z": 0.7676972150802612
        },
        "8": {
            "name": "Center of Shoulder",
            "x": -0.16341520845890045,
            "y": -0.10902858525514603,
            "z": 0.9038752317428589
        },
        "9": {
            "name": "Neck",
            "x": -0.18650192022323608,
            "y": -0.13018010556697845,
            "z": 0.9266831874847412
        },
        "10": {
            "name": "Head",
            "x": -0.21795813739299774,
            "y": -0.1294836699962616,
            "z": 1.0
        },
        "11": {
            "name": "Right Shoulder",
            "x": -0.03627658635377884,
            "y": -0.12666857242584229,
            "z": 0.9264858365058899
        },
        "12": {
            "name": "Right Elbow",
            "x": 0.1427690088748932,
            "y": -0.10503563284873962,
            "z": 0.8067921996116638
        },
        "13": {
            "name": "Right Wrist",
            "x": 0.15445251762866974,
            "y": -0.08767732977867126,
            "z": 0.5949223041534424
        },
        "14": {
            "name": "Left Shoulder",
            "x": -0.22438502311706543,
            "y": 0.025649450719356537,
            "z": 0.8754035234451294
        },
        "15": {
            "name": "Left Elbow",
            "x": -0.24880318343639374,
            "y": 0.1656375229358673,
            "z": 0.7883821129798889
        },
        "16": {
            "name": "Left Wrist",
            "x": -0.38397344946861267,
            "y": 0.08705727756023407,
            "z": 0.7364498376846313
        }
    }
}