{
    "image_path": "00013/img/16.jpg",
    "shooter_tracklet_id": 11,
    "bbox": {
        "x": 315,
        "y": 679,
        "w": 100,
        "h": 100
    },
    "keypont_2d": {
        "0": {
            "name": "Center of Hips",
            "x": 42.6,
            "y": 51.51
        },
        "1": {
            "name": "Left Hip",
            "x": 51.15,
            "y": 53.16
        },
        "2": {
            "name": "Left Knee",
            "x": 55.92,
            "y": 62.37
        },
        "3": {
            "name": "Left Ankle",
            "x": 61.67,
            "y": 77.66
        },
        "4": {
            "name": "Right Hip",
            "x": 31.35,
            "y": 49.46
        },
        "5": {
            "name": "Right Knee",
            "x": 49.3,
            "y": 48.39
        },
        "6": {
            "name": "Right Ankle",
            "x": 56.83,
            "y": 57.27
        },
        "7": {
            "name": "Center of Body",
            "x": 43.59,
            "y": 42.63
        },
        "8": {
            "name": "Center of Shoulder",
            "x": 45.99,
            "y": 32.63
        },
        "9": {
            "name": "Neck",
            "x": 45.94,
            "y": 30.63
        },
        "10": {
            "name": "Head",
            "x": 47.14,
            "y": 26.62
        },
        "11": {
            "name": "Right Shoulder",
            "x": 39.33,
            "y": 29.77
        },
        "12": {
            "name": "Right Elbow",
            "x": 34.56,
            "y": 33.18
        },
        "13": {
            "name": "Right Wrist",
            "x": 40.45,
            "y": 41.7
        },
        "14": {
            "name": "Left Shoulder",
            "x": 51.3,
            "y": 34.61
        },
        "15": {
            "name": "Left Elbow",
            "x": 56.19,
            "y": 45.18
        },
        "16": {
            "name": "Left Wrist",
            "x": 60.71,
            "y": 59.33
        }
    },
    "keypont_3d": {
        "0": {
            "name": "Center of Hips",
            "x": 0.0,
            "y": 0.0,
            "z": 0.5362050533294678
        },
        "1": {
            "name": "Left Hip",
            "x": -0.11412453651428223,
            "y": 0.06394324451684952,
            "z": 0.5184915065765381
        },
        "2": {
            "name": "Left Knee",
            "x": -0.28538012504577637,
            "y": 0.11209223419427872,
            "z": 0.2973960041999817
        },
        "3": {
            "name": "Left Ankle",
            "x": -0.2921045422554016,
            "y": 0.40324166417121887,
            "z": 0.0
        },
        "4": {
            "name": "Right Hip",
            "x": 0.16370011866092682,
            "y": -0.09021244943141937,
            "z": 0.5440499782562256
        },
        "5": {
            "name": "Right Knee",
            "x": -0.2197951227426529,
            "y": -0.1860838085412979,
            "z": 0.527160108089447
        },
        "6": {
            "name": "Right Ankle",
            "x": -0.4279572665691376,
            "y": -0.24332840740680695,
            "z": 0.3477732837200165
        },
        "7": {
            "name": "Center of Body",
            "x": -0.02170773781836033,
            "y": -0.011583480052649975,
            "z": 0.7189337015151978
        },
        "8": {
            "name": "Center of Shoulder",
            "x": -0.10330725461244583,
            "y": -0.08040870726108551,
            "z": 0.8858705759048462
        },
        "9": {
            "name": "Neck",
            "x": -0.10480925440788269,
            "y": -0.09203183650970459,
            "z": 0.9178828001022339
        },
        "10": {
            "name": "Head",
            "x": -0.12153198570013046,
            "y": -0.08597318828105927,
            "z": 1.0
        },
        "11": {
            "name": "Right Shoulder",
            "x": 0.03166383132338524,
            "y": -0.10915547609329224,
            "z": 0.9184606671333313
        },
        "12": {
            "name": "Right Elbow",
            "x": 0.11895707994699478,
            "y": -0.22056767344474792,
            "z": 0.8440952897071838
        },
        "13": {
            "name": "Right Wrist",
            "x": 0.013546165078878403,
            "y": -0.17146943509578705,
            "z": 0.6788479685783386
        },
        "14": {
            "name": "Left Shoulder",
            "x": -0.17123018205165863,
            "y": 0.04883741959929466,
            "z": 0.8520745038986206
        },
        "15": {
            "name": "Left Elbow",
            "x": -0.2190771847963333,
            "y": 0.15640224516391754,
            "z": 0.6872981786727905
        },
        "16": {
            "name": "Left Wrist",
            "x": -0.34760457277297974,
            "y": 0.0871354416012764,
            "z": 0.6248817443847656
        }
    }
}