{
    "image_path": "00013/img/17.jpg",
    "shooter_tracklet_id": 11,
    "bbox": {
        "x": 315,
        "y": 676,
        "w": 100,
        "h": 100
    },
    "keypont_2d": {
        "0": {
            "name": "Center of Hips",
            "x": 37.6,
            "y": 47.83
        },
        "1": {
            "name": "Left Hip",
            "x": 42.95,
            "y": 46.89
        },
        "2": {
            "name": "Left Knee",
            "x": 53.17,
            "y": 65.8
        },
        "3": {
            "name": "Left Ankle",
            "x": 59.0,
            "y": 78.89
        },
        "4": {
            "name": "Right Hip",
            "x": 30.75,
            "y": 51.01
        },
        "5": {
            "name": "Right Knee",
            "x": 49.51,
            "y": 47.24
        },
        "6": {
            "name": "Right Ankle",
            "x": 48.36,
            "y": 63.35
        },
        "7": {
            "name": "Center of Body",
            "x": 38.26,
            "y": 41.36
        },
        "8": {
            "name": "Center of Shoulder",
            "x": 40.06,
            "y": 30.38
        },
        "9": {
            "name": "Neck",
            "x": 40.54,
            "y": 29.02
        },
        "10": {
            "name": "Head",
            "x": 44.03,
            "y": 25.11
        },
        "11": {
            "name": "Right Shoulder",
            "x": 36.45,
            "y": 30.5
        },
        "12": {
            "name": "Right Elbow",
            "x": 37.5,
            "y": 37.86
        },
        "13": {
            "name": "Right Wrist",
            "x": 45.89,
            "y": 41.15
        },
        "14": {
            "name": "Left Shoulder",
            "x": 43.02,
            "y": 30.44
        },
        "15": {
            "name": "Left Elbow",
            "x": 46.04,
            "y": 36.93
        },
        "16": {
            "name": "Left Wrist",
            "x": 50.35,
            "y": 42.79
        }
    },
    "keypont_3d": {
        "0": {
            "name": "Center of Hips",
            "x": 0.0,
            "y": 0.0,
            "z": 0.5526635050773621
        },
        "1": {
            "name": "Left Hip",
            "x": -0.06462685763835907,
            "y": 0.11002790182828903,
            "z": 0.5824613571166992
        },
        "2": {
            "name": "Left Knee",
            "x": -0.1968393176794052,
            "y": 0.2737102806568146,
            "z": 0.2803943157196045
        },
        "3": {
            "name": "Left Ankle",
            "x": -0.27856147289276123,
            "y": 0.4501815438270569,
            "z": 0.0
        },
        "4": {
            "name": "Right Hip",
            "x": 0.13164587318897247,
            "y": -0.06991931796073914,
            "z": 0.5153288841247559
        },
        "5": {
            "name": "Right Knee",
            "x": -0.25366464257240295,
            "y": -0.12914782762527466,
            "z": 0.5342579483985901
        },
        "6": {
            "name": "Right Ankle",
            "x": -0.2784990966320038,
            "y": -0.1079162135720253,
            "z": 0.23396073281764984
        },
        "7": {
            "name": "Center of Body",
            "x": -0.008230603300035,
            "y": -0.008949238806962967,
            "z": 0.7161757349967957
        },
        "8": {
            "name": "Center of Shoulder",
            "x": -0.06355545669794083,
            "y": -0.054575901478528976,
            "z": 0.905494749546051
        },
        "9": {
            "name": "Neck",
            "x": -0.060032717883586884,
            "y": -0.030370093882083893,
            "z": 0.9234613180160522
        },
        "10": {
            "name": "Head",
            "x": -0.11011101305484772,
            "y": -0.02980147860944271,
            "z": 1.0
        },
        "11": {
            "name": "Right Shoulder",
            "x": 0.0037471032701432705,
            "y": -0.11124666035175323,
            "z": 0.8955637216567993
        },
        "12": {
            "name": "Right Elbow",
            "x": -0.03583677485585213,
            "y": -0.1867915242910385,
            "z": 0.7359519004821777
        },
        "13": {
            "name": "Right Wrist",
            "x": -0.14691832661628723,
            "y": -0.12147478759288788,
            "z": 0.6697455644607544
        },
        "14": {
            "name": "Left Shoulder",
            "x": -0.08537434786558151,
            "y": 0.08922099322080612,
            "z": 0.906271755695343
        },
        "15": {
            "name": "Left Elbow",
            "x": -0.06399679183959961,
            "y": 0.23707860708236694,
            "z": 0.8081477284431458
        },
        "16": {
            "name": "Left Wrist",
            "x": -0.17647823691368103,
            "y": 0.14665506780147552,
            "z": 0.6897171139717102
        }
    }
}