{
    "image_path": "00013/img/18.jpg",
    "shooter_tracklet_id": 11,
    "bbox": {
        "x": 316,
        "y": 671,
        "w": 100,
        "h": 100
    },
    "keypoint_2d": {
        "0": {
            "name": "Center of Hips",
            "x": 30.94,
            "y": 50.31
        },
        "1": {
            "name": "Left Hip",
            "x": 30.45,
            "y": 47.12
        },
        "2": {
            "name": "Left Knee",
            "x": 50.58,
            "y": 64.79
        },
        "3": {
            "name": "Left Ankle",
            "x": 62.48,
            "y": 80.25
        },
        "4": {
            "name": "Right Hip",
            "x": 35.12,
            "y": 50.68
        },
        "5": {
            "name": "Right Knee",
            "x": 54.28,
            "y": 53.32
        },
        "6": {
            "name": "Right Ankle",
            "x": 47.75,
            "y": 72.76
        },
        "7": {
            "name": "Center of Body",
            "x": 32.91,
            "y": 38.9
        },
        "8": {
            "name": "Center of Shoulder",
            "x": 34.87,
            "y": 27.49
        },
        "9": {
            "name": "Neck",
            "x": 36.7,
            "y": 26.17
        },
        "10": {
            "name": "Head",
            "x": 41.17,
            "y": 23.11
        },
        "11": {
            "name": "Right Shoulder",
            "x": 38.35,
            "y": 28.2
        },
        "12": {
            "name": "Right Elbow",
            "x": 41.62,
            "y": 35.56
        },
        "13": {
            "name": "Right Wrist",
            "x": 49.29,
            "y": 39.14
        },
        "14": {
            "name": "Left Shoulder",
            "x": 31.6,
            "y": 26.77
        },
        "15": {
            "name": "Left Elbow",
            "x": 32.21,
            "y": 35.16
        },
        "16": {
            "name": "Left Wrist",
            "x": 40.49,
            "y": 43.23
        }
    },
    "keypoint_3d": {
        "0": {
            "name": "Center of Hips",
            "x": 0.0,
            "y": 0.0,
            "z": 0.5563952922821045
        },
        "1": {
            "name": "Left Hip",
            "x": 0.054541174322366714,
            "y": 0.1023828312754631,
            "z": 0.6007292866706848
        },
        "2": {
            "name": "Left Knee",
            "x": -0.20812784135341644,
            "y": 0.291620135307312,
            "z": 0.2910201847553253
        },
        "3": {
            "name": "Left Ankle",
            "x": -0.322533518075943,
            "y": 0.4060051143169403,
            "z": 0.0
        },
        "4": {
            "name": "Right Hip",
            "x": 0.0021003754809498787,
            "y": -0.11060996353626251,
            "z": 0.5037361979484558
        },
        "5": {
            "name": "Right Knee",
            "x": -0.3319786787033081,
            "y": -0.03436587378382683,
            "z": 0.5243457555770874
        },
        "6": {
            "name": "Right Ankle",
            "x": -0.2505859136581421,
            "y": 0.0016157246427610517,
            "z": 0.15554501116275787
        },
        "7": {
            "name": "Center of Body",
            "x": 0.0006284634582698345,
            "y": -0.034247033298015594,
            "z": 0.7276991009712219
        },
        "8": {
            "name": "Center of Shoulder",
            "x": -0.03927914798259735,
            "y": -0.04869703948497772,
            "z": 0.908481240272522
        },
        "9": {
            "name": "Neck",
            "x": -0.05150026082992554,
            "y": -0.02407391183078289,
            "z": 0.9382730722427368
        },
        "10": {
            "name": "Head",
            "x": -0.12280703336000443,
            "y": -0.016164030879735947,
            "z": 1.0
        },
        "11": {
            "name": "Right Shoulder",
            "x": -0.05776481702923775,
            "y": -0.13107246160507202,
            "z": 0.8843051791191101
        },
        "12": {
            "name": "Right Elbow",
            "x": -0.190459206700325,
            "y": -0.20977865159511566,
            "z": 0.7330586314201355
        },
        "13": {
            "name": "Right Wrist",
            "x": -0.302015483379364,
            "y": -0.08600160479545593,
            "z": 0.6918274164199829
        },
        "14": {
            "name": "Left Shoulder",
            "x": 0.005242000333964825,
            "y": 0.0273983646184206,
            "z": 0.9378925561904907
        },
        "15": {
            "name": "Left Elbow",
            "x": 0.07398808747529984,
            "y": 0.16966938972473145,
            "z": 0.836733877658844
        },
        "16": {
            "name": "Left Wrist",
            "x": -0.06514830142259598,
            "y": 0.18567107617855072,
            "z": 0.7022660970687866
        }
    }
}