{
    "image_path": "00013/img/19.jpg",
    "shooter_tracklet_id": 11,
    "bbox": {
        "x": 317,
        "y": 665,
        "w": 100,
        "h": 100
    },
    "keypont_2d": {
        "0": {
            "name": "Center of Hips",
            "x": 33.85,
            "y": 49.52
        },
        "1": {
            "name": "Left Hip",
            "x": 30.17,
            "y": 50.44
        },
        "2": {
            "name": "Left Knee",
            "x": 50.04,
            "y": 63.33
        },
        "3": {
            "name": "Left Ankle",
            "x": 61.18,
            "y": 78.64
        },
        "4": {
            "name": "Right Hip",
            "x": 37.94,
            "y": 47.37
        },
        "5": {
            "name": "Right Knee",
            "x": 53.38,
            "y": 57.8
        },
        "6": {
            "name": "Right Ankle",
            "x": 51.81,
            "y": 80.29
        },
        "7": {
            "name": "Center of Body",
            "x": 30.93,
            "y": 36.38
        },
        "8": {
            "name": "Center of Shoulder",
            "x": 35.08,
            "y": 26.41
        },
        "9": {
            "name": "Neck",
            "x": 36.72,
            "y": 25.28
        },
        "10": {
            "name": "Head",
            "x": 39.78,
            "y": 21.81
        },
        "11": {
            "name": "Right Shoulder",
            "x": 39.64,
            "y": 27.34
        },
        "12": {
            "name": "Right Elbow",
            "x": 47.2,
            "y": 35.4
        },
        "13": {
            "name": "Right Wrist",
            "x": 55.92,
            "y": 38.03
        },
        "14": {
            "name": "Left Shoulder",
            "x": 36.18,
            "y": 23.34
        },
        "15": {
            "name": "Left Elbow",
            "x": 36.52,
            "y": 42.46
        },
        "16": {
            "name": "Left Wrist",
            "x": 47.94,
            "y": 44.47
        }
    },
    "keypont_3d": {
        "0": {
            "name": "Center of Hips",
            "x": 0.0,
            "y": 0.0,
            "z": 0.5257024168968201
        },
        "1": {
            "name": "Left Hip",
            "x": 0.10141861438751221,
            "y": 0.06392236799001694,
            "z": 0.5160970687866211
        },
        "2": {
            "name": "Left Knee",
            "x": -0.19322644174098969,
            "y": 0.2609555721282959,
            "z": 0.2836681604385376
        },
        "3": {
            "name": "Left Ankle",
            "x": -0.35466912388801575,
            "y": 0.38270193338394165,
            "z": 0.0
        },
        "4": {
            "name": "Right Hip",
            "x": -0.07637079060077667,
            "y": -0.07381684333086014,
            "z": 0.5216273665428162
        },
        "5": {
            "name": "Right Knee",
            "x": -0.3417905867099762,
            "y": 0.10077675431966782,
            "z": 0.3778490424156189
        },
        "6": {
            "name": "Right Ankle",
            "x": -0.25571802258491516,
            "y": 0.13147713243961334,
            "z": 0.03215368837118149
        },
        "7": {
            "name": "Center of Body",
            "x": 0.054669514298439026,
            "y": -0.022782329469919205,
            "z": 0.7195665240287781
        },
        "8": {
            "name": "Center of Shoulder",
            "x": -0.002792710904031992,
            "y": 0.008641412481665611,
            "z": 0.90459805727005
        },
        "9": {
            "name": "Neck",
            "x": -0.012356849387288094,
            "y": 0.05750512704253197,
            "z": 0.9355046153068542
        },
        "10": {
            "name": "Head",
            "x": -0.06426578760147095,
            "y": 0.07585246860980988,
            "z": 1.0
        },
        "11": {
            "name": "Right Shoulder",
            "x": -0.093967005610466,
            "y": -0.04736608266830444,
            "z": 0.8676049113273621
        },
        "12": {
            "name": "Right Elbow",
            "x": -0.24922184646129608,
            "y": -0.10166523605585098,
            "z": 0.7199499011039734
        },
        "13": {
            "name": "Right Wrist",
            "x": -0.36110666394233704,
            "y": 0.016776014119386673,
            "z": 0.693466305732727
        },
        "14": {
            "name": "Left Shoulder",
            "x": 0.058749355375766754,
            "y": 0.0664544329047203,
            "z": 0.936290442943573
        },
        "15": {
            "name": "Left Elbow",
            "x": 0.09362303465604782,
            "y": 0.1759403795003891,
            "z": 0.7350752949714661
        },
        "16": {
            "name": "Left Wrist",
            "x": -0.07378723472356796,
            "y": 0.29003533720970154,
            "z": 0.6640434265136719
        }
    }
}