{
    "image_path": "00013/img/20.jpg",
    "shooter_tracklet_id": 11,
    "bbox": {
        "x": 320,
        "y": 658,
        "w": 100,
        "h": 100
    },
    "keypoint_2d": {
        "0": {
            "name": "Center of Hips",
            "x": 38.36,
            "y": 46.31
        },
        "1": {
            "name": "Left Hip",
            "x": 33.95,
            "y": 47.06
        },
        "2": {
            "name": "Left Knee",
            "x": 48.04,
            "y": 59.35
        },
        "3": {
            "name": "Left Ankle",
            "x": 52.8,
            "y": 76.12
        },
        "4": {
            "name": "Right Hip",
            "x": 42.45,
            "y": 45.55
        },
        "5": {
            "name": "Right Knee",
            "x": 54.65,
            "y": 62.7
        },
        "6": {
            "name": "Right Ankle",
            "x": 53.83,
            "y": 82.29
        },
        "7": {
            "name": "Center of Body",
            "x": 36.8,
            "y": 35.0
        },
        "8": {
            "name": "Center of Shoulder",
            "x": 36.09,
            "y": 24.45
        },
        "9": {
            "name": "Neck",
            "x": 36.54,
            "y": 22.75
        },
        "10": {
            "name": "Head",
            "x": 39.15,
            "y": 19.82
        },
        "11": {
            "name": "Right Shoulder",
            "x": 40.71,
            "y": 23.88
        },
        "12": {
            "name": "Right Elbow",
            "x": 44.84,
            "y": 29.82
        },
        "13": {
            "name": "Right Wrist",
            "x": 57.3,
            "y": 32.76
        },
        "14": {
            "name": "Left Shoulder",
            "x": 32.09,
            "y": 25.29
        },
        "15": {
            "name": "Left Elbow",
            "x": 29.86,
            "y": 36.49
        },
        "16": {
            "name": "Left Wrist",
            "x": 32.98,
            "y": 39.76
        }
    },
    "keypoint_3d": {
        "0": {
            "name": "Center of Hips",
            "x": 0.0,
            "y": 0.0,
            "z": 0.5637702345848083
        },
        "1": {
            "name": "Left Hip",
            "x": 0.09570831805467606,
            "y": 0.04307183995842934,
            "z": 0.5552071928977966
        },
        "2": {
            "name": "Left Knee",
            "x": -0.10141436755657196,
            "y": 0.21368518471717834,
            "z": 0.36787569522857666
        },
        "3": {
            "name": "Left Ankle",
            "x": -0.2034049928188324,
            "y": 0.18034614622592926,
            "z": 0.09015397727489471
        },
        "4": {
            "name": "Right Hip",
            "x": -0.07859710603952408,
            "y": -0.04701794311404228,
            "z": 0.5653042197227478
        },
        "5": {
            "name": "Right Knee",
            "x": -0.24915875494480133,
            "y": 0.11789960414171219,
            "z": 0.34547439217567444
        },
        "6": {
            "name": "Right Ankle",
            "x": -0.21567879617214203,
            "y": 0.22702620923519135,
            "z": 0.0
        },
        "7": {
            "name": "Center of Body",
            "x": 0.05511309951543808,
            "y": -0.016730856150388718,
            "z": 0.7360316514968872
        },
        "8": {
            "name": "Center of Shoulder",
            "x": 0.04159064218401909,
            "y": 0.013105517253279686,
            "z": 0.9075518250465393
        },
        "9": {
            "name": "Neck",
            "x": 0.05191396176815033,
            "y": 0.061157211661338806,
            "z": 0.9431047439575195
        },
        "10": {
            "name": "Head",
            "x": 0.01720522716641426,
            "y": 0.08593350648880005,
            "z": 1.0
        },
        "11": {
            "name": "Right Shoulder",
            "x": -0.051069989800453186,
            "y": -0.023619480431079865,
            "z": 0.8904061317443848
        },
        "12": {
            "name": "Right Elbow",
            "x": -0.18941602110862732,
            "y": -0.0820605456829071,
            "z": 0.771678626537323
        },
        "13": {
            "name": "Right Wrist",
            "x": -0.3159525692462921,
            "y": 0.039694055914878845,
            "z": 0.7394117116928101
        },
        "14": {
            "name": "Left Shoulder",
            "x": 0.12527655065059662,
            "y": 0.03519173711538315,
            "z": 0.9103826284408569
        },
        "15": {
            "name": "Left Elbow",
            "x": 0.1879383623600006,
            "y": 0.10362321883440018,
            "z": 0.7401111125946045
        },
        "16": {
            "name": "Left Wrist",
            "x": 0.15015743672847748,
            "y": 0.24346774816513062,
            "z": 0.7130442261695862
        }
    }
}