{
    "image_path": "00020/img/1.jpg",
    "shooter_tracklet_id": 8,
    "bbox": {
        "x": 256,
        "y": 481,
        "w": 100,
        "h": 100
    },
    "keypont_2d": {
        "0": {
            "name": "Center of Hips",
            "x": 49.84,
            "y": 47.24
        },
        "1": {
            "name": "Left Hip",
            "x": 54.9,
            "y": 48.78
        },
        "2": {
            "name": "Left Knee",
            "x": 49.78,
            "y": 63.21
        },
        "3": {
            "name": "Left Ankle",
            "x": 44.89,
            "y": 75.36
        },
        "4": {
            "name": "Right Hip",
            "x": 44.2,
            "y": 45.53
        },
        "5": {
            "name": "Right Knee",
            "x": 52.47,
            "y": 61.16
        },
        "6": {
            "name": "Right Ankle",
            "x": 34.54,
            "y": 68.78
        },
        "7": {
            "name": "Center of Body",
            "x": 53.95,
            "y": 38.03
        },
        "8": {
            "name": "Center of Shoulder",
            "x": 59.28,
            "y": 28.63
        },
        "9": {
            "name": "Neck",
            "x": 59.87,
            "y": 27.51
        },
        "10": {
            "name": "Head",
            "x": 62.17,
            "y": 24.71
        },
        "11": {
            "name": "Right Shoulder",
            "x": 52.85,
            "y": 26.14
        },
        "12": {
            "name": "Right Elbow",
            "x": 40.46,
            "y": 33.59
        },
        "13": {
            "name": "Right Wrist",
            "x": 40.04,
            "y": 44.31
        },
        "14": {
            "name": "Left Shoulder",
            "x": 65.05,
            "y": 31.42
        },
        "15": {
            "name": "Left Elbow",
            "x": 67.1,
            "y": 42.47
        },
        "16": {
            "name": "Left Wrist",
            "x": 68.81,
            "y": 49.22
        }
    },
    "keypont_3d": {
        "0": {
            "name": "Center of Hips",
            "x": 0.0,
            "y": 0.0,
            "z": 0.5842889547348022
        },
        "1": {
            "name": "Left Hip",
            "x": -0.11153006553649902,
            "y": -0.0027790225576609373,
            "z": 0.5601917505264282
        },
        "2": {
            "name": "Left Knee",
            "x": -0.049175236374139786,
            "y": -0.09026922285556793,
            "z": 0.2706437110900879
        },
        "3": {
            "name": "Left Ankle",
            "x": 0.0425434485077858,
            "y": -0.13508163392543793,
            "z": 0.0
        },
        "4": {
            "name": "Right Hip",
            "x": 0.08516963571310043,
            "y": -0.06925737857818604,
            "z": 0.595077395439148
        },
        "5": {
            "name": "Right Knee",
            "x": -0.05383087694644928,
            "y": -0.07683401554822922,
            "z": 0.2876781225204468
        },
        "6": {
            "name": "Right Ankle",
            "x": 0.280849426984787,
            "y": -0.10128788650035858,
            "z": 0.14329920709133148
        },
        "7": {
            "name": "Center of Body",
            "x": -0.04875677451491356,
            "y": 0.05699564889073372,
            "z": 0.7791104316711426
        },
        "8": {
            "name": "Center of Shoulder",
            "x": -0.1617836356163025,
            "y": 0.02988326922059059,
            "z": 0.939141035079956
        },
        "9": {
            "name": "Neck",
            "x": -0.19805379211902618,
            "y": -0.014579987153410912,
            "z": 0.9542575478553772
        },
        "10": {
            "name": "Head",
            "x": -0.24108348786830902,
            "y": -0.022173933684825897,
            "z": 1.0
        },
        "11": {
            "name": "Right Shoulder",
            "x": -0.0403943732380867,
            "y": -0.013399925082921982,
            "z": 0.9744616746902466
        },
        "12": {
            "name": "Right Elbow",
            "x": 0.1844439059495926,
            "y": -0.061171744018793106,
            "z": 0.8352988958358765
        },
        "13": {
            "name": "Right Wrist",
            "x": 0.19643406569957733,
            "y": -0.08555285632610321,
            "z": 0.633637547492981
        },
        "14": {
            "name": "Left Shoulder",
            "x": -0.2308853268623352,
            "y": 0.12606732547283173,
            "z": 0.9020382165908813
        },
        "15": {
            "name": "Left Elbow",
            "x": -0.2649343013763428,
            "y": 0.1839243620634079,
            "z": 0.6927000284194946
        },
        "16": {
            "name": "Left Wrist",
            "x": -0.3469809889793396,
            "y": 0.10119383782148361,
            "z": 0.5441694259643555
        }
    }
}