{
    "image_path": "00020/img/2.jpg",
    "shooter_tracklet_id": 8,
    "bbox": {
        "x": 256,
        "y": 481,
        "w": 100,
        "h": 100
    },
    "keypoint_2d": {
        "0": {
            "name": "Center of Hips",
            "x": 50.08,
            "y": 47.09
        },
        "1": {
            "name": "Left Hip",
            "x": 55.2,
            "y": 48.16
        },
        "2": {
            "name": "Left Knee",
            "x": 48.66,
            "y": 64.15
        },
        "3": {
            "name": "Left Ankle",
            "x": 43.98,
            "y": 74.27
        },
        "4": {
            "name": "Right Hip",
            "x": 44.26,
            "y": 45.86
        },
        "5": {
            "name": "Right Knee",
            "x": 52.83,
            "y": 59.92
        },
        "6": {
            "name": "Right Ankle",
            "x": 34.94,
            "y": 69.13
        },
        "7": {
            "name": "Center of Body",
            "x": 53.9,
            "y": 37.16
        },
        "8": {
            "name": "Center of Shoulder",
            "x": 59.27,
            "y": 28.34
        },
        "9": {
            "name": "Neck",
            "x": 59.76,
            "y": 26.78
        },
        "10": {
            "name": "Head",
            "x": 61.75,
            "y": 25.02
        },
        "11": {
            "name": "Right Shoulder",
            "x": 53.81,
            "y": 26.0
        },
        "12": {
            "name": "Right Elbow",
            "x": 41.14,
            "y": 33.66
        },
        "13": {
            "name": "Right Wrist",
            "x": 40.5,
            "y": 45.32
        },
        "14": {
            "name": "Left Shoulder",
            "x": 64.54,
            "y": 30.68
        },
        "15": {
            "name": "Left Elbow",
            "x": 66.12,
            "y": 43.03
        },
        "16": {
            "name": "Left Wrist",
            "x": 69.76,
            "y": 51.62
        }
    },
    "keypoint_3d": {
        "0": {
            "name": "Center of Hips",
            "x": 0.0,
            "y": 0.0,
            "z": 0.5837056636810303
        },
        "1": {
            "name": "Left Hip",
            "x": -0.11047279834747314,
            "y": 0.004223815631121397,
            "z": 0.5634212493896484
        },
        "2": {
            "name": "Left Knee",
            "x": -0.03651725873351097,
            "y": -0.08199859410524368,
            "z": 0.26295146346092224
        },
        "3": {
            "name": "Left Ankle",
            "x": 0.0493001751601696,
            "y": -0.14647817611694336,
            "z": 0.0
        },
        "4": {
            "name": "Right Hip",
            "x": 0.08391419053077698,
            "y": -0.06636018306016922,
            "z": 0.5944798588752747
        },
        "5": {
            "name": "Right Knee",
            "x": -0.06036630645394325,
            "y": -0.07925789803266525,
            "z": 0.2954893708229065
        },
        "6": {
            "name": "Right Ankle",
            "x": 0.2756612002849579,
            "y": -0.1031402200460434,
            "z": 0.14062370359897614
        },
        "7": {
            "name": "Center of Body",
            "x": -0.04762035608291626,
            "y": 0.05276926979422569,
            "z": 0.7786938548088074
        },
        "8": {
            "name": "Center of Shoulder",
            "x": -0.16308198869228363,
            "y": 0.02782822586596012,
            "z": 0.9421393871307373
        },
        "9": {
            "name": "Neck",
            "x": -0.1998000591993332,
            "y": -0.020125867798924446,
            "z": 0.9553778171539307
        },
        "10": {
            "name": "Head",
            "x": -0.24294595420360565,
            "y": -0.025923825800418854,
            "z": 1.0
        },
        "11": {
            "name": "Right Shoulder",
            "x": -0.04815652593970299,
            "y": -0.013497250154614449,
            "z": 0.9770492315292358
        },
        "12": {
            "name": "Right Elbow",
            "x": 0.17955033481121063,
            "y": -0.05808974802494049,
            "z": 0.8341401815414429
        },
        "13": {
            "name": "Right Wrist",
            "x": 0.20067816972732544,
            "y": -0.07064283639192581,
            "z": 0.6250113248825073
        },
        "14": {
            "name": "Left Shoulder",
            "x": -0.229035884141922,
            "y": 0.12234877794981003,
            "z": 0.9038427472114563
        },
        "15": {
            "name": "Left Elbow",
            "x": -0.24914945662021637,
            "y": 0.195903018116951,
            "z": 0.6864031553268433
        },
        "16": {
            "name": "Left Wrist",
            "x": -0.3349374830722809,
            "y": 0.15225495398044586,
            "z": 0.5222054123878479
        }
    }
}