{
    "image_path": "00020/img/3.jpg",
    "shooter_tracklet_id": 8,
    "bbox": {
        "x": 258,
        "y": 476,
        "w": 100,
        "h": 100
    },
    "keypoint_2d": {
        "0": {
            "name": "Center of Hips",
            "x": 49.02,
            "y": 46.35
        },
        "1": {
            "name": "Left Hip",
            "x": 54.06,
            "y": 48.56
        },
        "2": {
            "name": "Left Knee",
            "x": 47.84,
            "y": 63.22
        },
        "3": {
            "name": "Left Ankle",
            "x": 42.41,
            "y": 73.69
        },
        "4": {
            "name": "Right Hip",
            "x": 44.46,
            "y": 44.36
        },
        "5": {
            "name": "Right Knee",
            "x": 50.6,
            "y": 60.18
        },
        "6": {
            "name": "Right Ankle",
            "x": 33.13,
            "y": 68.18
        },
        "7": {
            "name": "Center of Body",
            "x": 52.66,
            "y": 37.8
        },
        "8": {
            "name": "Center of Shoulder",
            "x": 56.95,
            "y": 28.91
        },
        "9": {
            "name": "Neck",
            "x": 57.98,
            "y": 26.45
        },
        "10": {
            "name": "Head",
            "x": 60.28,
            "y": 24.79
        },
        "11": {
            "name": "Right Shoulder",
            "x": 51.8,
            "y": 27.17
        },
        "12": {
            "name": "Right Elbow",
            "x": 40.77,
            "y": 32.16
        },
        "13": {
            "name": "Right Wrist",
            "x": 39.97,
            "y": 43.95
        },
        "14": {
            "name": "Left Shoulder",
            "x": 61.67,
            "y": 30.47
        },
        "15": {
            "name": "Left Elbow",
            "x": 66.78,
            "y": 38.75
        },
        "16": {
            "name": "Left Wrist",
            "x": 73.29,
            "y": 46.12
        }
    },
    "keypoint_3d": {
        "0": {
            "name": "Center of Hips",
            "x": 0.0,
            "y": 0.0,
            "z": 0.5824148058891296
        },
        "1": {
            "name": "Left Hip",
            "x": -0.10449360311031342,
            "y": 0.027982626110315323,
            "z": 0.5591045618057251
        },
        "2": {
            "name": "Left Knee",
            "x": -0.022989744320511818,
            "y": -0.06516870111227036,
            "z": 0.25965335965156555
        },
        "3": {
            "name": "Left Ankle",
            "x": 0.07100094854831696,
            "y": -0.1367926448583603,
            "z": 0.0
        },
        "4": {
            "name": "Right Hip",
            "x": 0.07060165703296661,
            "y": -0.07101200520992279,
            "z": 0.5998038053512573
        },
        "5": {
            "name": "Right Knee",
            "x": -0.05654851347208023,
            "y": -0.08083273470401764,
            "z": 0.29254046082496643
        },
        "6": {
            "name": "Right Ankle",
            "x": 0.2887495458126068,
            "y": -0.09442214667797089,
            "z": 0.15044456720352173
        },
        "7": {
            "name": "Center of Body",
            "x": -0.048672955483198166,
            "y": 0.04469463974237442,
            "z": 0.7764186263084412
        },
        "8": {
            "name": "Center of Shoulder",
            "x": -0.15452732145786285,
            "y": 0.01298964861780405,
            "z": 0.9376705884933472
        },
        "9": {
            "name": "Neck",
            "x": -0.19221635162830353,
            "y": -0.02772883139550686,
            "z": 0.9565930366516113
        },
        "10": {
            "name": "Head",
            "x": -0.23931334912776947,
            "y": -0.03327923268079758,
            "z": 1.0
        },
        "11": {
            "name": "Right Shoulder",
            "x": -0.0512000173330307,
            "y": -0.035037584602832794,
            "z": 0.9638351202011108
        },
        "12": {
            "name": "Right Elbow",
            "x": 0.1713998019695282,
            "y": -0.05586863309144974,
            "z": 0.8487947583198547
        },
        "13": {
            "name": "Right Wrist",
            "x": 0.1931295543909073,
            "y": -0.059134237468242645,
            "z": 0.6316462159156799
        },
        "14": {
            "name": "Left Shoulder",
            "x": -0.21747812628746033,
            "y": 0.0975775197148323,
            "z": 0.9066581726074219
        },
        "15": {
            "name": "Left Elbow",
            "x": -0.26599442958831787,
            "y": 0.2296586036682129,
            "z": 0.7474631667137146
        },
        "16": {
            "name": "Left Wrist",
            "x": -0.3612333834171295,
            "y": 0.292998343706131,
            "z": 0.5838584303855896
        }
    }
}