{
    "image_path": "00020/img/5.jpg",
    "shooter_tracklet_id": 8,
    "bbox": {
        "x": 260,
        "y": 472,
        "w": 100,
        "h": 100
    },
    "keypont_2d": {
        "0": {
            "name": "Center of Hips",
            "x": 42.6,
            "y": 48.88
        },
        "1": {
            "name": "Left Hip",
            "x": 46.55,
            "y": 51.02
        },
        "2": {
            "name": "Left Knee",
            "x": 35.86,
            "y": 66.97
        },
        "3": {
            "name": "Left Ankle",
            "x": 31.09,
            "y": 76.84
        },
        "4": {
            "name": "Right Hip",
            "x": 36.68,
            "y": 45.92
        },
        "5": {
            "name": "Right Knee",
            "x": 40.65,
            "y": 63.79
        },
        "6": {
            "name": "Right Ankle",
            "x": 29.12,
            "y": 66.31
        },
        "7": {
            "name": "Center of Body",
            "x": 46.88,
            "y": 38.03
        },
        "8": {
            "name": "Center of Shoulder",
            "x": 50.26,
            "y": 29.33
        },
        "9": {
            "name": "Neck",
            "x": 50.78,
            "y": 27.97
        },
        "10": {
            "name": "Head",
            "x": 52.47,
            "y": 25.53
        },
        "11": {
            "name": "Right Shoulder",
            "x": 44.7,
            "y": 26.71
        },
        "12": {
            "name": "Right Elbow",
            "x": 36.68,
            "y": 36.71
        },
        "13": {
            "name": "Right Wrist",
            "x": 34.62,
            "y": 44.6
        },
        "14": {
            "name": "Left Shoulder",
            "x": 56.34,
            "y": 31.06
        },
        "15": {
            "name": "Left Elbow",
            "x": 63.65,
            "y": 35.73
        },
        "16": {
            "name": "Left Wrist",
            "x": 74.94,
            "y": 40.12
        }
    },
    "keypont_3d": {
        "0": {
            "name": "Center of Hips",
            "x": 0.0,
            "y": 0.0,
            "z": 0.5911120772361755
        },
        "1": {
            "name": "Left Hip",
            "x": -0.10934463888406754,
            "y": 0.010779894888401031,
            "z": 0.5455310344696045
        },
        "2": {
            "name": "Left Knee",
            "x": 0.04105046018958092,
            "y": -0.06625200062990189,
            "z": 0.26912763714790344
        },
        "3": {
            "name": "Left Ankle",
            "x": 0.25131756067276,
            "y": -0.007284142542630434,
            "z": 0.0
        },
        "4": {
            "name": "Right Hip",
            "x": 0.08321207016706467,
            "y": -0.06681214272975922,
            "z": 0.6157160401344299
        },
        "5": {
            "name": "Right Knee",
            "x": -0.01808955706655979,
            "y": -0.09928340464830399,
            "z": 0.27908211946487427
        },
        "6": {
            "name": "Right Ankle",
            "x": 0.2856200039386749,
            "y": -0.05263340100646019,
            "z": 0.16583846509456635
        },
        "7": {
            "name": "Center of Body",
            "x": -0.07848985493183136,
            "y": 0.031012065708637238,
            "z": 0.7859202027320862
        },
        "8": {
            "name": "Center of Shoulder",
            "x": -0.168779656291008,
            "y": -0.006284261122345924,
            "z": 0.9403332471847534
        },
        "9": {
            "name": "Neck",
            "x": -0.2070533037185669,
            "y": -0.06182408332824707,
            "z": 0.9513727426528931
        },
        "10": {
            "name": "Head",
            "x": -0.23752988874912262,
            "y": -0.07248123735189438,
            "z": 1.0
        },
        "11": {
            "name": "Right Shoulder",
            "x": -0.053423695266246796,
            "y": -0.01993444375693798,
            "z": 0.9739350080490112
        },
        "12": {
            "name": "Right Elbow",
            "x": 0.15610477328300476,
            "y": 0.031409360468387604,
            "z": 0.8303870558738708
        },
        "13": {
            "name": "Right Wrist",
            "x": 0.16224777698516846,
            "y": -0.048686232417821884,
            "z": 0.6511395573616028
        },
        "14": {
            "name": "Left Shoulder",
            "x": -0.2572343945503235,
            "y": 0.0577227808535099,
            "z": 0.9050338864326477
        },
        "15": {
            "name": "Left Elbow",
            "x": -0.38045474886894226,
            "y": 0.14927415549755096,
            "z": 0.8188384175300598
        },
        "16": {
            "name": "Left Wrist",
            "x": -0.5344083309173584,
            "y": 0.26798704266548157,
            "z": 0.7068229913711548
        }
    }
}