{
    "image_path": "00020/img/6.jpg",
    "shooter_tracklet_id": 8,
    "bbox": {
        "x": 262,
        "y": 467,
        "w": 100,
        "h": 100
    },
    "keypont_2d": {
        "0": {
            "name": "Center of Hips",
            "x": 42.6,
            "y": 47.4
        },
        "1": {
            "name": "Left Hip",
            "x": 47.83,
            "y": 48.43
        },
        "2": {
            "name": "Left Knee",
            "x": 44.44,
            "y": 64.49
        },
        "3": {
            "name": "Left Ankle",
            "x": 32.52,
            "y": 72.3
        },
        "4": {
            "name": "Right Hip",
            "x": 34.81,
            "y": 45.69
        },
        "5": {
            "name": "Right Knee",
            "x": 36.76,
            "y": 62.57
        },
        "6": {
            "name": "Right Ankle",
            "x": 27.86,
            "y": 68.91
        },
        "7": {
            "name": "Center of Body",
            "x": 46.38,
            "y": 36.06
        },
        "8": {
            "name": "Center of Shoulder",
            "x": 49.74,
            "y": 29.06
        },
        "9": {
            "name": "Neck",
            "x": 50.53,
            "y": 27.63
        },
        "10": {
            "name": "Head",
            "x": 52.35,
            "y": 25.65
        },
        "11": {
            "name": "Right Shoulder",
            "x": 44.73,
            "y": 27.53
        },
        "12": {
            "name": "Right Elbow",
            "x": 39.56,
            "y": 33.32
        },
        "13": {
            "name": "Right Wrist",
            "x": 41.38,
            "y": 44.29
        },
        "14": {
            "name": "Left Shoulder",
            "x": 54.25,
            "y": 30.11
        },
        "15": {
            "name": "Left Elbow",
            "x": 61.84,
            "y": 32.93
        },
        "16": {
            "name": "Left Wrist",
            "x": 71.54,
            "y": 33.75
        }
    },
    "keypont_3d": {
        "0": {
            "name": "Center of Hips",
            "x": 0.0,
            "y": 0.0,
            "z": 0.5742127299308777
        },
        "1": {
            "name": "Left Hip",
            "x": -0.11254506558179855,
            "y": 0.032371290028095245,
            "z": 0.5443856120109558
        },
        "2": {
            "name": "Left Knee",
            "x": -0.0469958670437336,
            "y": -0.057488176971673965,
            "z": 0.20910221338272095
        },
        "3": {
            "name": "Left Ankle",
            "x": 0.26193705201148987,
            "y": 0.030931679531931877,
            "z": 0.0
        },
        "4": {
            "name": "Right Hip",
            "x": 0.10857167840003967,
            "y": -0.07217001914978027,
            "z": 0.5897724628448486
        },
        "5": {
            "name": "Right Knee",
            "x": 0.024881234392523766,
            "y": -0.11777748912572861,
            "z": 0.23668880760669708
        },
        "6": {
            "name": "Right Ankle",
            "x": 0.3045312762260437,
            "y": -0.14104564487934113,
            "z": 0.07930657267570496
        },
        "7": {
            "name": "Center of Body",
            "x": -0.07743271440267563,
            "y": 0.015893790870904922,
            "z": 0.7877016067504883
        },
        "8": {
            "name": "Center of Shoulder",
            "x": -0.1751135289669037,
            "y": -0.03102034516632557,
            "z": 0.9474350214004517
        },
        "9": {
            "name": "Neck",
            "x": -0.2176738977432251,
            "y": -0.09108097851276398,
            "z": 0.9512535333633423
        },
        "10": {
            "name": "Head",
            "x": -0.2527712285518646,
            "y": -0.10033237934112549,
            "z": 1.0
        },
        "11": {
            "name": "Right Shoulder",
            "x": -0.06390153616666794,
            "y": -0.05865548923611641,
            "z": 0.9794290661811829
        },
        "12": {
            "name": "Right Elbow",
            "x": 0.12647861242294312,
            "y": 0.034710995852947235,
            "z": 0.8512726426124573
        },
        "13": {
            "name": "Right Wrist",
            "x": 0.10477519035339355,
            "y": 0.01819322258234024,
            "z": 0.6375149488449097
        },
        "14": {
            "name": "Left Shoulder",
            "x": -0.2614566385746002,
            "y": 0.029115192592144012,
            "z": 0.9180306196212769
        },
        "15": {
            "name": "Left Elbow",
            "x": -0.4187411367893219,
            "y": 0.09177885949611664,
            "z": 0.8518022298812866
        },
        "16": {
            "name": "Left Wrist",
            "x": -0.5743300318717957,
            "y": 0.15927395224571228,
            "z": 0.811735212802887
        }
    }
}