{
    "image_path": "00020/img/7.jpg",
    "shooter_tracklet_id": 8,
    "bbox": {
        "x": 264,
        "y": 457,
        "w": 100,
        "h": 100
    },
    "keypoint_2d": {
        "0": {
            "name": "Center of Hips",
            "x": 47.12,
            "y": 45.4
        },
        "1": {
            "name": "Left Hip",
            "x": 51.99,
            "y": 46.7
        },
        "2": {
            "name": "Left Knee",
            "x": 52.09,
            "y": 65.52
        },
        "3": {
            "name": "Left Ankle",
            "x": 41.92,
            "y": 68.37
        },
        "4": {
            "name": "Right Hip",
            "x": 41.22,
            "y": 43.97
        },
        "5": {
            "name": "Right Knee",
            "x": 41.92,
            "y": 62.78
        },
        "6": {
            "name": "Right Ankle",
            "x": 27.68,
            "y": 72.61
        },
        "7": {
            "name": "Center of Body",
            "x": 51.4,
            "y": 37.2
        },
        "8": {
            "name": "Center of Shoulder",
            "x": 55.22,
            "y": 27.35
        },
        "9": {
            "name": "Neck",
            "x": 55.51,
            "y": 26.29
        },
        "10": {
            "name": "Head",
            "x": 58.25,
            "y": 24.29
        },
        "11": {
            "name": "Right Shoulder",
            "x": 50.28,
            "y": 25.87
        },
        "12": {
            "name": "Right Elbow",
            "x": 45.25,
            "y": 33.22
        },
        "13": {
            "name": "Right Wrist",
            "x": 50.33,
            "y": 36.37
        },
        "14": {
            "name": "Left Shoulder",
            "x": 59.29,
            "y": 28.4
        },
        "15": {
            "name": "Left Elbow",
            "x": 64.19,
            "y": 28.49
        },
        "16": {
            "name": "Left Wrist",
            "x": 69.78,
            "y": 30.8
        }
    },
    "keypoint_3d": {
        "0": {
            "name": "Center of Hips",
            "x": 0.0,
            "y": 0.0,
            "z": 0.5518346428871155
        },
        "1": {
            "name": "Left Hip",
            "x": -0.09188692271709442,
            "y": 0.07324333488941193,
            "z": 0.5372923016548157
        },
        "2": {
            "name": "Left Knee",
            "x": -0.09544838964939117,
            "y": 0.006454848684370518,
            "z": 0.16398102045059204
        },
        "3": {
            "name": "Left Ankle",
            "x": 0.2055385857820511,
            "y": 0.06761002540588379,
            "z": 0.01773364655673504
        },
        "4": {
            "name": "Right Hip",
            "x": 0.09822671115398407,
            "y": -0.08961440622806549,
            "z": 0.5643579959869385
        },
        "5": {
            "name": "Right Knee",
            "x": 0.08161406964063644,
            "y": -0.09260689467191696,
            "z": 0.1978074163198471
        },
        "6": {
            "name": "Right Ankle",
            "x": 0.38255149126052856,
            "y": -0.07904678583145142,
            "z": 0.0
        },
        "7": {
            "name": "Center of Body",
            "x": -0.06869341433048248,
            "y": 0.034661415964365005,
            "z": 0.762691080570221
        },
        "8": {
            "name": "Center of Shoulder",
            "x": -0.16853120923042297,
            "y": 0.004734481684863567,
            "z": 0.9436940550804138
        },
        "9": {
            "name": "Neck",
            "x": -0.21386659145355225,
            "y": -0.05368093028664589,
            "z": 0.9533852934837341
        },
        "10": {
            "name": "Head",
            "x": -0.26269376277923584,
            "y": -0.058642879128456116,
            "z": 1.0
        },
        "11": {
            "name": "Right Shoulder",
            "x": -0.076492078602314,
            "y": -0.05980505049228668,
            "z": 0.9726863503456116
        },
        "12": {
            "name": "Right Elbow",
            "x": -0.0011425164993852377,
            "y": -0.18619076907634735,
            "z": 0.8126182556152344
        },
        "13": {
            "name": "Right Wrist",
            "x": -0.06845711171627045,
            "y": -0.04078809544444084,
            "z": 0.7237581014633179
        },
        "14": {
            "name": "Left Shoulder",
            "x": -0.24818621575832367,
            "y": 0.06086136773228645,
            "z": 0.9293871521949768
        },
        "15": {
            "name": "Left Elbow",
            "x": -0.4154123365879059,
            "y": 0.021446771919727325,
            "z": 0.8927506804466248
        },
        "16": {
            "name": "Left Wrist",
            "x": -0.5493044853210449,
            "y": -0.008352601900696754,
            "z": 0.838641345500946
        }
    }
}