{
    "image_path": "00020/img/8.jpg",
    "shooter_tracklet_id": 8,
    "bbox": {
        "x": 265,
        "y": 448,
        "w": 100,
        "h": 100
    },
    "keypoint_2d": {
        "0": {
            "name": "Center of Hips",
            "x": 51.55,
            "y": 47.28
        },
        "1": {
            "name": "Left Hip",
            "x": 56.17,
            "y": 48.6
        },
        "2": {
            "name": "Left Knee",
            "x": 61.26,
            "y": 61.05
        },
        "3": {
            "name": "Left Ankle",
            "x": 50.71,
            "y": 71.94
        },
        "4": {
            "name": "Right Hip",
            "x": 45.2,
            "y": 45.96
        },
        "5": {
            "name": "Right Knee",
            "x": 37.51,
            "y": 60.93
        },
        "6": {
            "name": "Right Ankle",
            "x": 26.89,
            "y": 71.9
        },
        "7": {
            "name": "Center of Body",
            "x": 55.72,
            "y": 36.71
        },
        "8": {
            "name": "Center of Shoulder",
            "x": 60.2,
            "y": 27.52
        },
        "9": {
            "name": "Neck",
            "x": 60.87,
            "y": 26.01
        },
        "10": {
            "name": "Head",
            "x": 62.46,
            "y": 23.0
        },
        "11": {
            "name": "Right Shoulder",
            "x": 56.49,
            "y": 26.5
        },
        "12": {
            "name": "Right Elbow",
            "x": 49.32,
            "y": 35.67
        },
        "13": {
            "name": "Right Wrist",
            "x": 58.29,
            "y": 37.48
        },
        "14": {
            "name": "Left Shoulder",
            "x": 63.19,
            "y": 28.28
        },
        "15": {
            "name": "Left Elbow",
            "x": 67.06,
            "y": 25.07
        },
        "16": {
            "name": "Left Wrist",
            "x": 71.71,
            "y": 23.12
        }
    },
    "keypoint_3d": {
        "0": {
            "name": "Center of Hips",
            "x": 0.0,
            "y": 0.0,
            "z": 0.5413957834243774
        },
        "1": {
            "name": "Left Hip",
            "x": -0.06784152239561081,
            "y": 0.09267518669366837,
            "z": 0.5300037264823914
        },
        "2": {
            "name": "Left Knee",
            "x": -0.19679167866706848,
            "y": 0.0234568752348423,
            "z": 0.22249914705753326
        },
        "3": {
            "name": "Left Ankle",
            "x": 0.057607799768447876,
            "y": 0.05709013342857361,
            "z": 0.0
        },
        "4": {
            "name": "Right Hip",
            "x": 0.07927756011486053,
            "y": -0.11168529838323593,
            "z": 0.5460950136184692
        },
        "5": {
            "name": "Right Knee",
            "x": 0.1668119579553604,
            "y": -0.10005220770835876,
            "z": 0.2075810432434082
        },
        "6": {
            "name": "Right Ankle",
            "x": 0.4543116092681885,
            "y": -0.04989669471979141,
            "z": 0.00011761089990613982
        },
        "7": {
            "name": "Center of Body",
            "x": -0.0725090354681015,
            "y": 0.0308358296751976,
            "z": 0.7394067049026489
        },
        "8": {
            "name": "Center of Shoulder",
            "x": -0.1574338674545288,
            "y": 0.024909796193242073,
            "z": 0.9176947474479675
        },
        "9": {
            "name": "Neck",
            "x": -0.20113444328308105,
            "y": -0.02355663850903511,
            "z": 0.9421126842498779
        },
        "10": {
            "name": "Head",
            "x": -0.23796282708644867,
            "y": -0.020996224135160446,
            "z": 1.0
        },
        "11": {
            "name": "Right Shoulder",
            "x": -0.09233052283525467,
            "y": -0.04684492200613022,
            "z": 0.9287324547767639
        },
        "12": {
            "name": "Right Elbow",
            "x": -0.014227725565433502,
            "y": -0.18401704728603363,
            "z": 0.7405617833137512
        },
        "13": {
            "name": "Right Wrist",
            "x": -0.13214780390262604,
            "y": -0.05025773122906685,
            "z": 0.7082827091217041
        },
        "14": {
            "name": "Left Shoulder",
            "x": -0.21912184357643127,
            "y": 0.08541832119226456,
            "z": 0.9131195545196533
        },
        "15": {
            "name": "Left Elbow",
            "x": -0.35539647936820984,
            "y": 0.008703326806426048,
            "z": 0.9257026314735413
        },
        "16": {
            "name": "Left Wrist",
            "x": -0.4887316823005676,
            "y": -0.03593771532177925,
            "z": 0.9241749048233032
        }
    }
}