{
    "image_path": "00020/img/9.jpg",
    "shooter_tracklet_id": 8,
    "bbox": {
        "x": 267,
        "y": 440,
        "w": 100,
        "h": 100
    },
    "keypoint_2d": {
        "0": {
            "name": "Center of Hips",
            "x": 54.98,
            "y": 45.8
        },
        "1": {
            "name": "Left Hip",
            "x": 58.25,
            "y": 45.4
        },
        "2": {
            "name": "Left Knee",
            "x": 66.99,
            "y": 59.75
        },
        "3": {
            "name": "Left Ankle",
            "x": 64.38,
            "y": 74.92
        },
        "4": {
            "name": "Right Hip",
            "x": 50.33,
            "y": 46.56
        },
        "5": {
            "name": "Right Knee",
            "x": 38.84,
            "y": 60.44
        },
        "6": {
            "name": "Right Ankle",
            "x": 24.59,
            "y": 67.3
        },
        "7": {
            "name": "Center of Body",
            "x": 58.2,
            "y": 37.01
        },
        "8": {
            "name": "Center of Shoulder",
            "x": 61.99,
            "y": 28.57
        },
        "9": {
            "name": "Neck",
            "x": 63.65,
            "y": 24.55
        },
        "10": {
            "name": "Head",
            "x": 65.84,
            "y": 23.13
        },
        "11": {
            "name": "Right Shoulder",
            "x": 58.11,
            "y": 28.15
        },
        "12": {
            "name": "Right Elbow",
            "x": 61.78,
            "y": 24.8
        },
        "13": {
            "name": "Right Wrist",
            "x": 69.21,
            "y": 25.68
        },
        "14": {
            "name": "Left Shoulder",
            "x": 65.18,
            "y": 28.96
        },
        "15": {
            "name": "Left Elbow",
            "x": 68.21,
            "y": 27.12
        },
        "16": {
            "name": "Left Wrist",
            "x": 71.07,
            "y": 26.27
        }
    },
    "keypoint_3d": {
        "0": {
            "name": "Center of Hips",
            "x": 0.0,
            "y": 0.0,
            "z": 0.5555497407913208
        },
        "1": {
            "name": "Left Hip",
            "x": -0.02671421505510807,
            "y": 0.11883972585201263,
            "z": 0.5759738087654114
        },
        "2": {
            "name": "Left Knee",
            "x": -0.20144452154636383,
            "y": 0.09894265234470367,
            "z": 0.2917093336582184
        },
        "3": {
            "name": "Left Ankle",
            "x": -0.10187648981809616,
            "y": 0.09917186945676804,
            "z": 0.0
        },
        "4": {
            "name": "Right Hip",
            "x": 0.06442712992429733,
            "y": -0.0785968154668808,
            "z": 0.5396267175674438
        },
        "5": {
            "name": "Right Knee",
            "x": 0.26420265436172485,
            "y": -0.09063667804002762,
            "z": 0.27097606658935547
        },
        "6": {
            "name": "Right Ankle",
            "x": 0.5202756524085999,
            "y": -0.0696132630109787,
            "z": 0.10721869766712189
        },
        "7": {
            "name": "Center of Body",
            "x": -0.052797943353652954,
            "y": 0.026720525696873665,
            "z": 0.7356281280517578
        },
        "8": {
            "name": "Center of Shoulder",
            "x": -0.13099399209022522,
            "y": 0.038003139197826385,
            "z": 0.9065475463867188
        },
        "9": {
            "name": "Neck",
            "x": -0.17504243552684784,
            "y": 0.005681618116796017,
            "z": 0.9501387476921082
        },
        "10": {
            "name": "Head",
            "x": -0.20339998602867126,
            "y": 0.03129974752664566,
            "z": 1.0
        },
        "11": {
            "name": "Right Shoulder",
            "x": -0.07120422273874283,
            "y": -0.0055604674853384495,
            "z": 0.9051575064659119
        },
        "12": {
            "name": "Right Elbow",
            "x": -0.18851932883262634,
            "y": -0.159218892455101,
            "z": 0.9074220657348633
        },
        "13": {
            "name": "Right Wrist",
            "x": -0.3117328882217407,
            "y": -0.10109169781208038,
            "z": 0.8642260432243347
        },
        "14": {
            "name": "Left Shoulder",
            "x": -0.1718585044145584,
            "y": 0.10458894073963165,
            "z": 0.899773895740509
        },
        "15": {
            "name": "Left Elbow",
            "x": -0.2718610167503357,
            "y": 0.013060837984085083,
            "z": 0.9049595594406128
        },
        "16": {
            "name": "Left Wrist",
            "x": -0.3712678849697113,
            "y": -0.08193906396627426,
            "z": 0.9009585380554199
        }
    }
}