{
    "image_path": "00020/img/10.jpg",
    "shooter_tracklet_id": 8,
    "bbox": {
        "x": 268,
        "y": 433,
        "w": 100,
        "h": 100
    },
    "keypont_2d": {
        "0": {
            "name": "Center of Hips",
            "x": 57.41,
            "y": 48.7
        },
        "1": {
            "name": "Left Hip",
            "x": 62.46,
            "y": 49.37
        },
        "2": {
            "name": "Left Knee",
            "x": 70.8,
            "y": 62.06
        },
        "3": {
            "name": "Left Ankle",
            "x": 71.21,
            "y": 76.67
        },
        "4": {
            "name": "Right Hip",
            "x": 52.05,
            "y": 48.14
        },
        "5": {
            "name": "Right Knee",
            "x": 43.41,
            "y": 60.88
        },
        "6": {
            "name": "Right Ankle",
            "x": 26.56,
            "y": 61.43
        },
        "7": {
            "name": "Center of Body",
            "x": 60.23,
            "y": 39.26
        },
        "8": {
            "name": "Center of Shoulder",
            "x": 63.08,
            "y": 29.79
        },
        "9": {
            "name": "Neck",
            "x": 63.31,
            "y": 27.6
        },
        "10": {
            "name": "Head",
            "x": 66.99,
            "y": 23.97
        },
        "11": {
            "name": "Right Shoulder",
            "x": 59.9,
            "y": 29.91
        },
        "12": {
            "name": "Right Elbow",
            "x": 62.82,
            "y": 24.89
        },
        "13": {
            "name": "Right Wrist",
            "x": 69.59,
            "y": 26.9
        },
        "14": {
            "name": "Left Shoulder",
            "x": 66.58,
            "y": 29.79
        },
        "15": {
            "name": "Left Elbow",
            "x": 64.07,
            "y": 36.36
        },
        "16": {
            "name": "Left Wrist",
            "x": 62.88,
            "y": 44.41
        }
    },
    "keypont_3d": {
        "0": {
            "name": "Center of Hips",
            "x": 0.0,
            "y": 0.0,
            "z": 0.5413532257080078
        },
        "1": {
            "name": "Left Hip",
            "x": -0.05706290900707245,
            "y": 0.09527211636304855,
            "z": 0.5425529479980469
        },
        "2": {
            "name": "Left Knee",
            "x": -0.24342720210552216,
            "y": 0.0783173069357872,
            "z": 0.28738346695899963
        },
        "3": {
            "name": "Left Ankle",
            "x": -0.1777108758687973,
            "y": 0.2136354297399521,
            "z": 0.0
        },
        "4": {
            "name": "Right Hip",
            "x": 0.06671758741140366,
            "y": -0.08401492238044739,
            "z": 0.5355183482170105
        },
        "5": {
            "name": "Right Knee",
            "x": 0.19513781368732452,
            "y": -0.1818770468235016,
            "z": 0.2839197814464569
        },
        "6": {
            "name": "Right Ankle",
            "x": 0.48801347613334656,
            "y": -0.2922847867012024,
            "z": 0.25110092759132385
        },
        "7": {
            "name": "Center of Body",
            "x": -0.03754792734980583,
            "y": 0.02449965663254261,
            "z": 0.7243502140045166
        },
        "8": {
            "name": "Center of Shoulder",
            "x": -0.09908444434404373,
            "y": 0.027987925335764885,
            "z": 0.9044708013534546
        },
        "9": {
            "name": "Neck",
            "x": -0.13182060420513153,
            "y": -0.01541166938841343,
            "z": 0.92826247215271
        },
        "10": {
            "name": "Head",
            "x": -0.17901653051376343,
            "y": 0.018053600564599037,
            "z": 1.0
        },
        "11": {
            "name": "Right Shoulder",
            "x": -0.0429600328207016,
            "y": 0.0015811675693839788,
            "z": 0.8970418572425842
        },
        "12": {
            "name": "Right Elbow",
            "x": -0.16122420132160187,
            "y": -0.12953037023544312,
            "z": 0.9461490511894226
        },
        "13": {
            "name": "Right Wrist",
            "x": -0.2990574240684509,
            "y": -0.08084728568792343,
            "z": 0.9133379459381104
        },
        "14": {
            "name": "Left Shoulder",
            "x": -0.15134626626968384,
            "y": 0.07580124586820602,
            "z": 0.8961359262466431
        },
        "15": {
            "name": "Left Elbow",
            "x": -0.11809316277503967,
            "y": 0.06878392398357391,
            "z": 0.7993156909942627
        },
        "16": {
            "name": "Left Wrist",
            "x": -0.08806322515010834,
            "y": 0.059311941266059875,
            "z": 0.6204265356063843
        }
    }
}