{
    "image_path": "00020/img/11.jpg",
    "shooter_tracklet_id": 8,
    "bbox": {
        "x": 270,
        "y": 428,
        "w": 100,
        "h": 100
    },
    "keypont_2d": {
        "0": {
            "name": "Center of Hips",
            "x": 59.66,
            "y": 47.23
        },
        "1": {
            "name": "Left Hip",
            "x": 61.85,
            "y": 46.33
        },
        "2": {
            "name": "Left Knee",
            "x": 71.71,
            "y": 64.2
        },
        "3": {
            "name": "Left Ankle",
            "x": 71.71,
            "y": 78.89
        },
        "4": {
            "name": "Right Hip",
            "x": 56.96,
            "y": 48.0
        },
        "5": {
            "name": "Right Knee",
            "x": 47.13,
            "y": 63.43
        },
        "6": {
            "name": "Right Ankle",
            "x": 31.05,
            "y": 58.48
        },
        "7": {
            "name": "Center of Body",
            "x": 60.08,
            "y": 37.71
        },
        "8": {
            "name": "Center of Shoulder",
            "x": 63.27,
            "y": 27.39
        },
        "9": {
            "name": "Neck",
            "x": 64.3,
            "y": 26.1
        },
        "10": {
            "name": "Head",
            "x": 66.62,
            "y": 24.3
        },
        "11": {
            "name": "Right Shoulder",
            "x": 59.26,
            "y": 27.12
        },
        "12": {
            "name": "Right Elbow",
            "x": 53.35,
            "y": 37.57
        },
        "13": {
            "name": "Right Wrist",
            "x": 45.62,
            "y": 47.23
        },
        "14": {
            "name": "Left Shoulder",
            "x": 67.71,
            "y": 28.95
        },
        "15": {
            "name": "Left Elbow",
            "x": 70.23,
            "y": 27.81
        },
        "16": {
            "name": "Left Wrist",
            "x": 73.99,
            "y": 26.32
        }
    },
    "keypont_3d": {
        "0": {
            "name": "Center of Hips",
            "x": 0.0,
            "y": 0.0,
            "z": 0.5740311741828918
        },
        "1": {
            "name": "Left Hip",
            "x": -0.01490101870149374,
            "y": 0.10551192611455917,
            "z": 0.5971160531044006
        },
        "2": {
            "name": "Left Knee",
            "x": -0.18436996638774872,
            "y": 0.17033778131008148,
            "z": 0.3014427125453949
        },
        "3": {
            "name": "Left Ankle",
            "x": -0.1627824455499649,
            "y": 0.24415752291679382,
            "z": 0.0
        },
        "4": {
            "name": "Right Hip",
            "x": 0.04639764502644539,
            "y": -0.05322348698973656,
            "z": 0.5553345084190369
        },
        "5": {
            "name": "Right Knee",
            "x": 0.19523562490940094,
            "y": -0.13842979073524475,
            "z": 0.28779342770576477
        },
        "6": {
            "name": "Right Ankle",
            "x": 0.4427770972251892,
            "y": -0.32141074538230896,
            "z": 0.29811161756515503
        },
        "7": {
            "name": "Center of Body",
            "x": -0.015023814514279366,
            "y": 0.00655987998470664,
            "z": 0.7557082772254944
        },
        "8": {
            "name": "Center of Shoulder",
            "x": -0.07783734798431396,
            "y": -0.008551426231861115,
            "z": 0.9300199747085571
        },
        "9": {
            "name": "Neck",
            "x": -0.11874580383300781,
            "y": -0.058406177908182144,
            "z": 0.9452646374702454
        },
        "10": {
            "name": "Head",
            "x": -0.16554400324821472,
            "y": -0.0415106862783432,
            "z": 1.0
        },
        "11": {
            "name": "Right Shoulder",
            "x": -0.016889937222003937,
            "y": -0.037323545664548874,
            "z": 0.9323555827140808
        },
        "12": {
            "name": "Right Elbow",
            "x": 0.13152152299880981,
            "y": 0.03982417657971382,
            "z": 0.781354546546936
        },
        "13": {
            "name": "Right Wrist",
            "x": 0.2767348289489746,
            "y": 0.024645483121275902,
            "z": 0.6110988855361938
        },
        "14": {
            "name": "Left Shoulder",
            "x": -0.1416684091091156,
            "y": 0.04606616124510765,
            "z": 0.9240089654922485
        },
        "15": {
            "name": "Left Elbow",
            "x": -0.20410747826099396,
            "y": -0.010340648703277111,
            "z": 0.9109451770782471
        },
        "16": {
            "name": "Left Wrist",
            "x": -0.3087753355503082,
            "y": -0.08953907340765,
            "z": 0.9058210253715515
        }
    }
}