{
    "image_path": "00020/img/12.jpg",
    "shooter_tracklet_id": 8,
    "bbox": {
        "x": 273,
        "y": 425,
        "w": 100,
        "h": 100
    },
    "keypoint_2d": {
        "0": {
            "name": "Center of Hips",
            "x": 56.57,
            "y": 47.49
        },
        "1": {
            "name": "Left Hip",
            "x": 58.76,
            "y": 46.2
        },
        "2": {
            "name": "Left Knee",
            "x": 67.91,
            "y": 63.59
        },
        "3": {
            "name": "Left Ankle",
            "x": 68.94,
            "y": 75.19
        },
        "4": {
            "name": "Right Hip",
            "x": 53.99,
            "y": 48.78
        },
        "5": {
            "name": "Right Knee",
            "x": 51.59,
            "y": 66.44
        },
        "6": {
            "name": "Right Ankle",
            "x": 34.15,
            "y": 60.76
        },
        "7": {
            "name": "Center of Body",
            "x": 56.64,
            "y": 37.08
        },
        "8": {
            "name": "Center of Shoulder",
            "x": 60.46,
            "y": 27.73
        },
        "9": {
            "name": "Neck",
            "x": 61.51,
            "y": 26.13
        },
        "10": {
            "name": "Head",
            "x": 63.14,
            "y": 24.46
        },
        "11": {
            "name": "Right Shoulder",
            "x": 56.28,
            "y": 26.8
        },
        "12": {
            "name": "Right Elbow",
            "x": 48.57,
            "y": 37.98
        },
        "13": {
            "name": "Right Wrist",
            "x": 39.1,
            "y": 45.96
        },
        "14": {
            "name": "Left Shoulder",
            "x": 64.28,
            "y": 28.46
        },
        "15": {
            "name": "Left Elbow",
            "x": 70.33,
            "y": 29.68
        },
        "16": {
            "name": "Left Wrist",
            "x": 79.1,
            "y": 29.81
        }
    },
    "keypoint_3d": {
        "0": {
            "name": "Center of Hips",
            "x": 0.0,
            "y": 0.0,
            "z": 0.5682000517845154
        },
        "1": {
            "name": "Left Hip",
            "x": 0.0011684114579111338,
            "y": 0.11422548443078995,
            "z": 0.6028371453285217
        },
        "2": {
            "name": "Left Knee",
            "x": -0.15616212785243988,
            "y": 0.20295850932598114,
            "z": 0.2820221483707428
        },
        "3": {
            "name": "Left Ankle",
            "x": -0.16639773547649384,
            "y": 0.29010209441185,
            "z": 0.0
        },
        "4": {
            "name": "Right Hip",
            "x": 0.0281929150223732,
            "y": -0.05835273489356041,
            "z": 0.5330273509025574
        },
        "5": {
            "name": "Right Knee",
            "x": 0.11925383657217026,
            "y": -0.08211269974708557,
            "z": 0.21687500178813934
        },
        "6": {
            "name": "Right Ankle",
            "x": 0.4075746238231659,
            "y": -0.26848283410072327,
            "z": 0.2607909142971039
        },
        "7": {
            "name": "Center of Body",
            "x": -0.00517284544184804,
            "y": -0.0018873319495469332,
            "z": 0.7570257186889648
        },
        "8": {
            "name": "Center of Shoulder",
            "x": -0.07319818437099457,
            "y": -0.013480167835950851,
            "z": 0.935714602470398
        },
        "9": {
            "name": "Neck",
            "x": -0.12182474881410599,
            "y": -0.06125657260417938,
            "z": 0.9526613354682922
        },
        "10": {
            "name": "Head",
            "x": -0.15752699971199036,
            "y": -0.05351833626627922,
            "z": 1.0
        },
        "11": {
            "name": "Right Shoulder",
            "x": -0.003751526353880763,
            "y": -0.03642198443412781,
            "z": 0.9413571357727051
        },
        "12": {
            "name": "Right Elbow",
            "x": 0.16279380023479462,
            "y": 0.011854235082864761,
            "z": 0.758613109588623
        },
        "13": {
            "name": "Right Wrist",
            "x": 0.335112601518631,
            "y": -0.019026221707463264,
            "z": 0.6040404438972473
        },
        "14": {
            "name": "Left Shoulder",
            "x": -0.140472874045372,
            "y": 0.04670244827866554,
            "z": 0.9300803542137146
        },
        "15": {
            "name": "Left Elbow",
            "x": -0.26439523696899414,
            "y": -0.0015079393051564693,
            "z": 0.9024883508682251
        },
        "16": {
            "name": "Left Wrist",
            "x": -0.4045984745025635,
            "y": -0.04789283499121666,
            "z": 0.9115216732025146
        }
    }
}