{
    "image_path": "00020/img/13.jpg",
    "shooter_tracklet_id": 8,
    "bbox": {
        "x": 276,
        "y": 423,
        "w": 100,
        "h": 100
    },
    "keypoint_2d": {
        "0": {
            "name": "Center of Hips",
            "x": 52.71,
            "y": 47.49
        },
        "1": {
            "name": "Left Hip",
            "x": 55.97,
            "y": 48.08
        },
        "2": {
            "name": "Left Knee",
            "x": 60.82,
            "y": 59.73
        },
        "3": {
            "name": "Left Ankle",
            "x": 64.04,
            "y": 73.9
        },
        "4": {
            "name": "Right Hip",
            "x": 48.57,
            "y": 47.39
        },
        "5": {
            "name": "Right Knee",
            "x": 54.87,
            "y": 61.78
        },
        "6": {
            "name": "Right Ankle",
            "x": 40.85,
            "y": 69.78
        },
        "7": {
            "name": "Center of Body",
            "x": 53.59,
            "y": 38.09
        },
        "8": {
            "name": "Center of Shoulder",
            "x": 57.28,
            "y": 27.92
        },
        "9": {
            "name": "Neck",
            "x": 57.89,
            "y": 26.77
        },
        "10": {
            "name": "Head",
            "x": 59.52,
            "y": 24.61
        },
        "11": {
            "name": "Right Shoulder",
            "x": 52.34,
            "y": 27.0
        },
        "12": {
            "name": "Right Elbow",
            "x": 42.47,
            "y": 35.23
        },
        "13": {
            "name": "Right Wrist",
            "x": 33.72,
            "y": 42.2
        },
        "14": {
            "name": "Left Shoulder",
            "x": 61.79,
            "y": 29.07
        },
        "15": {
            "name": "Left Elbow",
            "x": 68.54,
            "y": 32.72
        },
        "16": {
            "name": "Left Wrist",
            "x": 79.76,
            "y": 34.09
        }
    },
    "keypoint_3d": {
        "0": {
            "name": "Center of Hips",
            "x": 0.0,
            "y": 0.0,
            "z": 0.5462278723716736
        },
        "1": {
            "name": "Left Hip",
            "x": -0.01807764358818531,
            "y": 0.11842510104179382,
            "z": 0.5682483315467834
        },
        "2": {
            "name": "Left Knee",
            "x": -0.19083869457244873,
            "y": 0.03805512562394142,
            "z": 0.27904778718948364
        },
        "3": {
            "name": "Left Ankle",
            "x": -0.1850510686635971,
            "y": 0.23560310900211334,
            "z": 0.0
        },
        "4": {
            "name": "Right Hip",
            "x": 0.022288434207439423,
            "y": -0.1080796867609024,
            "z": 0.5217742323875427
        },
        "5": {
            "name": "Right Knee",
            "x": -0.06954731792211533,
            "y": -0.05713341757655144,
            "z": 0.20479796826839447
        },
        "6": {
            "name": "Right Ankle",
            "x": 0.2748449146747589,
            "y": -0.026034418493509293,
            "z": 0.08027076721191406
        },
        "7": {
            "name": "Center of Body",
            "x": -0.009667822159826756,
            "y": 0.007310050539672375,
            "z": 0.7495556473731995
        },
        "8": {
            "name": "Center of Shoulder",
            "x": -0.0872107520699501,
            "y": -0.010500445030629635,
            "z": 0.9350398778915405
        },
        "9": {
            "name": "Neck",
            "x": -0.12787915766239166,
            "y": -0.057404063642024994,
            "z": 0.9508081674575806
        },
        "10": {
            "name": "Head",
            "x": -0.15857715904712677,
            "y": -0.053320664912462234,
            "z": 1.0
        },
        "11": {
            "name": "Right Shoulder",
            "x": 0.0005696640582755208,
            "y": -0.04985755309462547,
            "z": 0.9454943537712097
        },
        "12": {
            "name": "Right Elbow",
            "x": 0.2096506953239441,
            "y": -0.017819197848439217,
            "z": 0.7835181355476379
        },
        "13": {
            "name": "Right Wrist",
            "x": 0.3765697777271271,
            "y": -0.07416635006666183,
            "z": 0.632599413394928
        },
        "14": {
            "name": "Left Shoulder",
            "x": -0.1555619090795517,
            "y": 0.06642289459705353,
            "z": 0.9268258810043335
        },
        "15": {
            "name": "Left Elbow",
            "x": -0.3082275688648224,
            "y": 0.08588463068008423,
            "z": 0.863007128238678
        },
        "16": {
            "name": "Left Wrist",
            "x": -0.4723842144012451,
            "y": 0.15207961201667786,
            "z": 0.8369835019111633
        }
    }
}