{
    "image_path": "00020/img/14.jpg",
    "shooter_tracklet_id": 8,
    "bbox": {
        "x": 277,
        "y": 420,
        "w": 100,
        "h": 100
    },
    "keypoint_2d": {
        "0": {
            "name": "Center of Hips",
            "x": 43.55,
            "y": 44.0
        },
        "1": {
            "name": "Left Hip",
            "x": 45.16,
            "y": 41.61
        },
        "2": {
            "name": "Left Knee",
            "x": 56.41,
            "y": 59.24
        },
        "3": {
            "name": "Left Ankle",
            "x": 59.7,
            "y": 73.71
        },
        "4": {
            "name": "Right Hip",
            "x": 41.87,
            "y": 46.46
        },
        "5": {
            "name": "Right Knee",
            "x": 52.47,
            "y": 59.24
        },
        "6": {
            "name": "Right Ankle",
            "x": 56.76,
            "y": 73.59
        },
        "7": {
            "name": "Center of Body",
            "x": 48.71,
            "y": 36.48
        },
        "8": {
            "name": "Center of Shoulder",
            "x": 54.1,
            "y": 29.44
        },
        "9": {
            "name": "Neck",
            "x": 54.79,
            "y": 28.34
        },
        "10": {
            "name": "Head",
            "x": 58.54,
            "y": 26.34
        },
        "11": {
            "name": "Right Shoulder",
            "x": 50.28,
            "y": 27.26
        },
        "12": {
            "name": "Right Elbow",
            "x": 38.2,
            "y": 34.74
        },
        "13": {
            "name": "Right Wrist",
            "x": 31.02,
            "y": 41.08
        },
        "14": {
            "name": "Left Shoulder",
            "x": 58.14,
            "y": 31.23
        },
        "15": {
            "name": "Left Elbow",
            "x": 66.11,
            "y": 36.06
        },
        "16": {
            "name": "Left Wrist",
            "x": 77.3,
            "y": 41.15
        }
    },
    "keypoint_3d": {
        "0": {
            "name": "Center of Hips",
            "x": 0.0,
            "y": 0.0,
            "z": 0.6157262921333313
        },
        "1": {
            "name": "Left Hip",
            "x": 0.02336294949054718,
            "y": 0.1257549673318863,
            "z": 0.6625099182128906
        },
        "2": {
            "name": "Left Knee",
            "x": -0.19544880092144012,
            "y": 0.14542625844478607,
            "z": 0.33412230014801025
        },
        "3": {
            "name": "Left Ankle",
            "x": -0.26329538226127625,
            "y": 0.18853367865085602,
            "z": 0.019310129806399345
        },
        "4": {
            "name": "Right Hip",
            "x": 0.010529368184506893,
            "y": -0.09646797925233841,
            "z": 0.571627140045166
        },
        "5": {
            "name": "Right Knee",
            "x": -0.17640359699726105,
            "y": -0.011432082392275333,
            "z": 0.29736948013305664
        },
        "6": {
            "name": "Right Ankle",
            "x": -0.12439147382974625,
            "y": 0.17596320807933807,
            "z": 0.0
        },
        "7": {
            "name": "Center of Body",
            "x": -0.0728800818324089,
            "y": 0.019712574779987335,
            "z": 0.7978575825691223
        },
        "8": {
            "name": "Center of Shoulder",
            "x": -0.18456584215164185,
            "y": 0.007394482847303152,
            "z": 0.9422250390052795
        },
        "9": {
            "name": "Neck",
            "x": -0.21031107008457184,
            "y": -0.030130716040730476,
            "z": 0.9496105313301086
        },
        "10": {
            "name": "Head",
            "x": -0.2748134732246399,
            "y": -0.02170908823609352,
            "z": 1.0
        },
        "11": {
            "name": "Right Shoulder",
            "x": -0.0980691909790039,
            "y": -0.019704915583133698,
            "z": 0.9677658081054688
        },
        "12": {
            "name": "Right Elbow",
            "x": 0.16265374422073364,
            "y": -0.011825746856629848,
            "z": 0.8376583456993103
        },
        "13": {
            "name": "Right Wrist",
            "x": 0.3101979196071625,
            "y": -0.08501190692186356,
            "z": 0.6980384588241577
        },
        "14": {
            "name": "Left Shoulder",
            "x": -0.24154473841190338,
            "y": 0.07600896060466766,
            "z": 0.9100726842880249
        },
        "15": {
            "name": "Left Elbow",
            "x": -0.3816668689250946,
            "y": 0.14549368619918823,
            "z": 0.8258910775184631
        },
        "16": {
            "name": "Left Wrist",
            "x": -0.5419912338256836,
            "y": 0.24958840012550354,
            "z": 0.7757651209831238
        }
    }
}