{
    "image_path": "00020/img/15.jpg",
    "shooter_tracklet_id": 8,
    "bbox": {
        "x": 280,
        "y": 416,
        "w": 100,
        "h": 100
    },
    "keypont_2d": {
        "0": {
            "name": "Center of Hips",
            "x": 38.4,
            "y": 42.85
        },
        "1": {
            "name": "Left Hip",
            "x": 33.72,
            "y": 41.72
        },
        "2": {
            "name": "Left Knee",
            "x": 44.77,
            "y": 56.83
        },
        "3": {
            "name": "Left Ankle",
            "x": 53.61,
            "y": 73.06
        },
        "4": {
            "name": "Right Hip",
            "x": 43.8,
            "y": 43.94
        },
        "5": {
            "name": "Right Knee",
            "x": 53.25,
            "y": 54.54
        },
        "6": {
            "name": "Right Ankle",
            "x": 69.82,
            "y": 62.39
        },
        "7": {
            "name": "Center of Body",
            "x": 44.59,
            "y": 34.53
        },
        "8": {
            "name": "Center of Shoulder",
            "x": 52.11,
            "y": 27.82
        },
        "9": {
            "name": "Neck",
            "x": 53.72,
            "y": 27.1
        },
        "10": {
            "name": "Head",
            "x": 57.42,
            "y": 25.52
        },
        "11": {
            "name": "Right Shoulder",
            "x": 46.72,
            "y": 25.19
        },
        "12": {
            "name": "Right Elbow",
            "x": 36.61,
            "y": 29.71
        },
        "13": {
            "name": "Right Wrist",
            "x": 31.52,
            "y": 38.76
        },
        "14": {
            "name": "Left Shoulder",
            "x": 56.99,
            "y": 30.82
        },
        "15": {
            "name": "Left Elbow",
            "x": 61.93,
            "y": 36.24
        },
        "16": {
            "name": "Left Wrist",
            "x": 70.48,
            "y": 42.16
        }
    },
    "keypont_3d": {
        "0": {
            "name": "Center of Hips",
            "x": 0.0,
            "y": 0.0,
            "z": 0.6315524578094482
        },
        "1": {
            "name": "Left Hip",
            "x": 0.12417573481798172,
            "y": 0.07678528130054474,
            "z": 0.680210530757904
        },
        "2": {
            "name": "Left Knee",
            "x": -0.06568778306245804,
            "y": 0.20175138115882874,
            "z": 0.33718404173851013
        },
        "3": {
            "name": "Left Ankle",
            "x": -0.25601112842559814,
            "y": 0.24646440148353577,
            "z": 0.0
        },
        "4": {
            "name": "Right Hip",
            "x": -0.07868611812591553,
            "y": -0.0707976296544075,
            "z": 0.5753517746925354
        },
        "5": {
            "name": "Right Knee",
            "x": -0.24879184365272522,
            "y": 0.11671288311481476,
            "z": 0.3446069657802582
        },
        "6": {
            "name": "Right Ankle",
            "x": -0.31155234575271606,
            "y": 0.2827317416667938,
            "z": 0.03870392218232155
        },
        "7": {
            "name": "Center of Body",
            "x": -0.09545585513114929,
            "y": 0.02256079390645027,
            "z": 0.8043922185897827
        },
        "8": {
            "name": "Center of Shoulder",
            "x": -0.23293165862560272,
            "y": 0.04754313454031944,
            "z": 0.9456484317779541
        },
        "9": {
            "name": "Neck",
            "x": -0.26576492190361023,
            "y": 0.049800995737314224,
            "z": 0.9578235745429993
        },
        "10": {
            "name": "Head",
            "x": -0.35012146830558777,
            "y": 0.05808126926422119,
            "z": 1.0
        },
        "11": {
            "name": "Right Shoulder",
            "x": -0.13496842980384827,
            "y": 0.01471975538879633,
            "z": 0.9833531975746155
        },
        "12": {
            "name": "Right Elbow",
            "x": 0.1203918531537056,
            "y": -0.003593448083847761,
            "z": 0.877465009689331
        },
        "13": {
            "name": "Right Wrist",
            "x": 0.24087123572826385,
            "y": -0.0701967179775238,
            "z": 0.7098057866096497
        },
        "14": {
            "name": "Left Shoulder",
            "x": -0.3057512938976288,
            "y": 0.09206594526767731,
            "z": 0.9059693813323975
        },
        "15": {
            "name": "Left Elbow",
            "x": -0.4081304669380188,
            "y": 0.21860665082931519,
            "z": 0.8013182878494263
        },
        "16": {
            "name": "Left Wrist",
            "x": -0.5791852474212646,
            "y": 0.29916831851005554,
            "z": 0.6759342551231384
        }
    }
}