{
    "image_path": "00020/img/17.jpg",
    "shooter_tracklet_id": 8,
    "bbox": {
        "x": 284,
        "y": 406,
        "w": 100,
        "h": 100
    },
    "keypoint_2d": {
        "0": {
            "name": "Center of Hips",
            "x": 35.56,
            "y": 36.94
        },
        "1": {
            "name": "Left Hip",
            "x": 29.21,
            "y": 37.96
        },
        "2": {
            "name": "Left Knee",
            "x": 39.8,
            "y": 54.47
        },
        "3": {
            "name": "Left Ankle",
            "x": 44.41,
            "y": 75.03
        },
        "4": {
            "name": "Right Hip",
            "x": 40.86,
            "y": 36.14
        },
        "5": {
            "name": "Right Knee",
            "x": 53.12,
            "y": 45.92
        },
        "6": {
            "name": "Right Ankle",
            "x": 66.44,
            "y": 45.76
        },
        "7": {
            "name": "Center of Body",
            "x": 42.6,
            "y": 30.63
        },
        "8": {
            "name": "Center of Shoulder",
            "x": 49.17,
            "y": 27.42
        },
        "9": {
            "name": "Neck",
            "x": 50.82,
            "y": 26.38
        },
        "10": {
            "name": "Head",
            "x": 55.18,
            "y": 25.23
        },
        "11": {
            "name": "Right Shoulder",
            "x": 46.66,
            "y": 24.16
        },
        "12": {
            "name": "Right Elbow",
            "x": 38.6,
            "y": 27.44
        },
        "13": {
            "name": "Right Wrist",
            "x": 33.4,
            "y": 29.1
        },
        "14": {
            "name": "Left Shoulder",
            "x": 51.72,
            "y": 30.65
        },
        "15": {
            "name": "Left Elbow",
            "x": 51.15,
            "y": 36.71
        },
        "16": {
            "name": "Left Wrist",
            "x": 52.47,
            "y": 43.13
        }
    },
    "keypoint_3d": {
        "0": {
            "name": "Center of Hips",
            "x": 0.0,
            "y": 0.0,
            "z": 0.7230576276779175
        },
        "1": {
            "name": "Left Hip",
            "x": 0.13901539146900177,
            "y": 0.017622143030166626,
            "z": 0.7294726967811584
        },
        "2": {
            "name": "Left Knee",
            "x": -0.0188978873193264,
            "y": 0.14859141409397125,
            "z": 0.3816540539264679
        },
        "3": {
            "name": "Left Ankle",
            "x": -0.12889857590198517,
            "y": 0.2317611128091812,
            "z": 0.0
        },
        "4": {
            "name": "Right Hip",
            "x": -0.09643919765949249,
            "y": -0.04248201474547386,
            "z": 0.715762734413147
        },
        "5": {
            "name": "Right Knee",
            "x": -0.3393764793872833,
            "y": 0.06870904564857483,
            "z": 0.5222985744476318
        },
        "6": {
            "name": "Right Ankle",
            "x": -0.6545278429985046,
            "y": 0.08262106776237488,
            "z": 0.5077124238014221
        },
        "7": {
            "name": "Center of Body",
            "x": -0.10075023770332336,
            "y": 0.07761610299348831,
            "z": 0.8681792616844177
        },
        "8": {
            "name": "Center of Shoulder",
            "x": -0.23664407432079315,
            "y": 0.1886356621980667,
            "z": 0.9645252227783203
        },
        "9": {
            "name": "Neck",
            "x": -0.26430875062942505,
            "y": 0.20716780424118042,
            "z": 0.9712230563163757
        },
        "10": {
            "name": "Head",
            "x": -0.33535903692245483,
            "y": 0.23045141994953156,
            "z": 1.0
        },
        "11": {
            "name": "Right Shoulder",
            "x": -0.20777331292629242,
            "y": 0.10860447585582733,
            "z": 0.9933318495750427
        },
        "12": {
            "name": "Right Elbow",
            "x": -0.02903715707361698,
            "y": -0.034681592136621475,
            "z": 0.9401441216468811
        },
        "13": {
            "name": "Right Wrist",
            "x": 0.019000859931111336,
            "y": -0.17888176441192627,
            "z": 0.8340428471565247
        },
        "14": {
            "name": "Left Shoulder",
            "x": -0.23457778990268707,
            "y": 0.2593926191329956,
            "z": 0.9064966440200806
        },
        "15": {
            "name": "Left Elbow",
            "x": -0.1582716405391693,
            "y": 0.37629884481430054,
            "z": 0.8145463466644287
        },
        "16": {
            "name": "Left Wrist",
            "x": -0.20492739975452423,
            "y": 0.37950509786605835,
            "z": 0.6647481322288513
        }
    }
}