{
    "image_path": "00020/img/18.jpg",
    "shooter_tracklet_id": 8,
    "bbox": {
        "x": 285,
        "y": 398,
        "w": 100,
        "h": 100
    },
    "keypoint_2d": {
        "0": {
            "name": "Center of Hips",
            "x": 35.52,
            "y": 36.67
        },
        "1": {
            "name": "Left Hip",
            "x": 30.25,
            "y": 37.0
        },
        "2": {
            "name": "Left Knee",
            "x": 43.28,
            "y": 58.38
        },
        "3": {
            "name": "Left Ankle",
            "x": 42.3,
            "y": 73.93
        },
        "4": {
            "name": "Right Hip",
            "x": 41.71,
            "y": 36.01
        },
        "5": {
            "name": "Right Knee",
            "x": 52.8,
            "y": 43.95
        },
        "6": {
            "name": "Right Ankle",
            "x": 62.33,
            "y": 46.25
        },
        "7": {
            "name": "Center of Body",
            "x": 43.32,
            "y": 30.39
        },
        "8": {
            "name": "Center of Shoulder",
            "x": 49.78,
            "y": 28.55
        },
        "9": {
            "name": "Neck",
            "x": 51.39,
            "y": 27.46
        },
        "10": {
            "name": "Head",
            "x": 55.28,
            "y": 25.27
        },
        "11": {
            "name": "Right Shoulder",
            "x": 47.84,
            "y": 25.36
        },
        "12": {
            "name": "Right Elbow",
            "x": 35.04,
            "y": 25.7
        },
        "13": {
            "name": "Right Wrist",
            "x": 29.77,
            "y": 34.08
        },
        "14": {
            "name": "Left Shoulder",
            "x": 51.85,
            "y": 31.92
        },
        "15": {
            "name": "Left Elbow",
            "x": 51.81,
            "y": 37.54
        },
        "16": {
            "name": "Left Wrist",
            "x": 53.37,
            "y": 42.42
        }
    },
    "keypoint_3d": {
        "0": {
            "name": "Center of Hips",
            "x": 0.0,
            "y": 0.0,
            "z": 0.7232052683830261
        },
        "1": {
            "name": "Left Hip",
            "x": 0.15965941548347473,
            "y": 0.011420194990932941,
            "z": 0.726477861404419
        },
        "2": {
            "name": "Left Knee",
            "x": -0.005859538447111845,
            "y": 0.15918338298797607,
            "z": 0.37201541662216187
        },
        "3": {
            "name": "Left Ankle",
            "x": -0.039729759097099304,
            "y": 0.19920234382152557,
            "z": 0.0
        },
        "4": {
            "name": "Right Hip",
            "x": -0.09455161541700363,
            "y": -0.02772141993045807,
            "z": 0.7255692481994629
        },
        "5": {
            "name": "Right Knee",
            "x": -0.34341272711753845,
            "y": 0.028014734387397766,
            "z": 0.5413143634796143
        },
        "6": {
            "name": "Right Ankle",
            "x": -0.6039122939109802,
            "y": -0.04047660529613495,
            "z": 0.49013739824295044
        },
        "7": {
            "name": "Center of Body",
            "x": -0.07478354871273041,
            "y": 0.09549839049577713,
            "z": 0.8655081391334534
        },
        "8": {
            "name": "Center of Shoulder",
            "x": -0.1762639731168747,
            "y": 0.22951236367225647,
            "z": 0.9549664258956909
        },
        "9": {
            "name": "Neck",
            "x": -0.20431511104106903,
            "y": 0.2505906820297241,
            "z": 0.9662567377090454
        },
        "10": {
            "name": "Head",
            "x": -0.27366068959236145,
            "y": 0.28351709246635437,
            "z": 1.0
        },
        "11": {
            "name": "Right Shoulder",
            "x": -0.1620003581047058,
            "y": 0.14764869213104248,
            "z": 0.9820905327796936
        },
        "12": {
            "name": "Right Elbow",
            "x": 0.0181279256939888,
            "y": -0.027576562017202377,
            "z": 0.9453684687614441
        },
        "13": {
            "name": "Right Wrist",
            "x": 0.06992972642183304,
            "y": -0.1605968177318573,
            "z": 0.7995111346244812
        },
        "14": {
            "name": "Left Shoulder",
            "x": -0.1821516752243042,
            "y": 0.2853970229625702,
            "z": 0.8860231637954712
        },
        "15": {
            "name": "Left Elbow",
            "x": -0.15130719542503357,
            "y": 0.4120706617832184,
            "z": 0.7824167609214783
        },
        "16": {
            "name": "Left Wrist",
            "x": -0.2431802749633789,
            "y": 0.37146973609924316,
            "z": 0.6413291096687317
        }
    }
}