{
    "image_path": "00020/img/19.jpg",
    "shooter_tracklet_id": 8,
    "bbox": {
        "x": 285,
        "y": 388,
        "w": 100,
        "h": 100
    },
    "keypont_2d": {
        "0": {
            "name": "Center of Hips",
            "x": 37.93,
            "y": 39.22
        },
        "1": {
            "name": "Left Hip",
            "x": 32.24,
            "y": 38.64
        },
        "2": {
            "name": "Left Knee",
            "x": 44.33,
            "y": 56.41
        },
        "3": {
            "name": "Left Ankle",
            "x": 44.33,
            "y": 73.68
        },
        "4": {
            "name": "Right Hip",
            "x": 43.28,
            "y": 39.6
        },
        "5": {
            "name": "Right Knee",
            "x": 53.93,
            "y": 40.16
        },
        "6": {
            "name": "Right Ankle",
            "x": 60.12,
            "y": 50.82
        },
        "7": {
            "name": "Center of Body",
            "x": 43.71,
            "y": 30.07
        },
        "8": {
            "name": "Center of Shoulder",
            "x": 52.01,
            "y": 25.82
        },
        "9": {
            "name": "Neck",
            "x": 53.03,
            "y": 24.51
        },
        "10": {
            "name": "Head",
            "x": 56.54,
            "y": 22.95
        },
        "11": {
            "name": "Right Shoulder",
            "x": 50.1,
            "y": 23.71
        },
        "12": {
            "name": "Right Elbow",
            "x": 43.0,
            "y": 24.1
        },
        "13": {
            "name": "Right Wrist",
            "x": 35.3,
            "y": 31.13
        },
        "14": {
            "name": "Left Shoulder",
            "x": 54.07,
            "y": 27.43
        },
        "15": {
            "name": "Left Elbow",
            "x": 51.19,
            "y": 34.18
        },
        "16": {
            "name": "Left Wrist",
            "x": 53.5,
            "y": 42.2
        }
    },
    "keypont_3d": {
        "0": {
            "name": "Center of Hips",
            "x": 0.0,
            "y": 0.0,
            "z": 0.6872074604034424
        },
        "1": {
            "name": "Left Hip",
            "x": 0.1612062156200409,
            "y": 0.015241608954966068,
            "z": 0.6998299956321716
        },
        "2": {
            "name": "Left Knee",
            "x": -0.053732868283987045,
            "y": 0.158749520778656,
            "z": 0.33567914366722107
        },
        "3": {
            "name": "Left Ankle",
            "x": -0.05560648813843727,
            "y": 0.17625010013580322,
            "z": 0.0
        },
        "4": {
            "name": "Right Hip",
            "x": -0.09122566878795624,
            "y": -0.03134611248970032,
            "z": 0.6780782341957092
        },
        "5": {
            "name": "Right Knee",
            "x": -0.3445972204208374,
            "y": -0.061587098985910416,
            "z": 0.5813817381858826
        },
        "6": {
            "name": "Right Ankle",
            "x": -0.5343412756919861,
            "y": -0.09128022193908691,
            "z": 0.38425326347351074
        },
        "7": {
            "name": "Center of Body",
            "x": -0.07207103073596954,
            "y": 0.07390531897544861,
            "z": 0.8493861556053162
        },
        "8": {
            "name": "Center of Shoulder",
            "x": -0.19417569041252136,
            "y": 0.16371145844459534,
            "z": 0.9496170878410339
        },
        "9": {
            "name": "Neck",
            "x": -0.2148362249135971,
            "y": 0.18968833982944489,
            "z": 0.9640904068946838
        },
        "10": {
            "name": "Head",
            "x": -0.27718257904052734,
            "y": 0.21489489078521729,
            "z": 1.0
        },
        "11": {
            "name": "Right Shoulder",
            "x": -0.1848127245903015,
            "y": 0.09089376777410507,
            "z": 0.9762378931045532
        },
        "12": {
            "name": "Right Elbow",
            "x": -0.07802316546440125,
            "y": -0.08512570708990097,
            "z": 0.9418018460273743
        },
        "13": {
            "name": "Right Wrist",
            "x": 0.06315754354000092,
            "y": -0.13810904324054718,
            "z": 0.7921214699745178
        },
        "14": {
            "name": "Left Shoulder",
            "x": -0.1948722004890442,
            "y": 0.23715341091156006,
            "z": 0.9012771844863892
        },
        "15": {
            "name": "Left Elbow",
            "x": -0.12394439429044724,
            "y": 0.3636660873889923,
            "z": 0.8097680807113647
        },
        "16": {
            "name": "Left Wrist",
            "x": -0.18060152232646942,
            "y": 0.3943946659564972,
            "z": 0.6684872508049011
        }
    }
}