{
    "image_path": "00020/img/20.jpg",
    "shooter_tracklet_id": 8,
    "bbox": {
        "x": 285,
        "y": 379,
        "w": 100,
        "h": 100
    },
    "keypoint_2d": {
        "0": {
            "name": "Center of Hips",
            "x": 38.22,
            "y": 41.18
        },
        "1": {
            "name": "Left Hip",
            "x": 33.34,
            "y": 41.11
        },
        "2": {
            "name": "Left Knee",
            "x": 45.8,
            "y": 59.51
        },
        "3": {
            "name": "Left Ankle",
            "x": 44.49,
            "y": 76.48
        },
        "4": {
            "name": "Right Hip",
            "x": 44.76,
            "y": 41.45
        },
        "5": {
            "name": "Right Knee",
            "x": 52.46,
            "y": 50.23
        },
        "6": {
            "name": "Right Ankle",
            "x": 56.45,
            "y": 58.45
        },
        "7": {
            "name": "Center of Body",
            "x": 42.49,
            "y": 32.57
        },
        "8": {
            "name": "Center of Shoulder",
            "x": 51.17,
            "y": 25.34
        },
        "9": {
            "name": "Neck",
            "x": 51.59,
            "y": 23.92
        },
        "10": {
            "name": "Head",
            "x": 55.04,
            "y": 21.39
        },
        "11": {
            "name": "Right Shoulder",
            "x": 48.39,
            "y": 24.02
        },
        "12": {
            "name": "Right Elbow",
            "x": 38.93,
            "y": 28.1
        },
        "13": {
            "name": "Right Wrist",
            "x": 35.96,
            "y": 35.44
        },
        "14": {
            "name": "Left Shoulder",
            "x": 53.58,
            "y": 26.86
        },
        "15": {
            "name": "Left Elbow",
            "x": 53.22,
            "y": 36.49
        },
        "16": {
            "name": "Left Wrist",
            "x": 62.58,
            "y": 45.24
        }
    },
    "keypoint_3d": {
        "0": {
            "name": "Center of Hips",
            "x": 0.0,
            "y": 0.0,
            "z": 0.637420117855072
        },
        "1": {
            "name": "Left Hip",
            "x": 0.14628389477729797,
            "y": 0.0227301474660635,
            "z": 0.6440715193748474
        },
        "2": {
            "name": "Left Knee",
            "x": -0.052318066358566284,
            "y": 0.14411772787570953,
            "z": 0.3209221363067627
        },
        "3": {
            "name": "Left Ankle",
            "x": -0.04191664233803749,
            "y": 0.15678443014621735,
            "z": 0.0
        },
        "4": {
            "name": "Right Hip",
            "x": -0.09767891466617584,
            "y": -0.034667059779167175,
            "z": 0.6264855265617371
        },
        "5": {
            "name": "Right Knee",
            "x": -0.30749231576919556,
            "y": -0.07677582651376724,
            "z": 0.4322187006473541
        },
        "6": {
            "name": "Right Ankle",
            "x": -0.46006542444229126,
            "y": -0.15327335894107819,
            "z": 0.24820367991924286
        },
        "7": {
            "name": "Center of Body",
            "x": -0.039381105452775955,
            "y": 0.052962396293878555,
            "z": 0.8092296123504639
        },
        "8": {
            "name": "Center of Shoulder",
            "x": -0.1694156527519226,
            "y": 0.1066562831401825,
            "z": 0.9333658814430237
        },
        "9": {
            "name": "Neck",
            "x": -0.18899740278720856,
            "y": 0.133583202958107,
            "z": 0.9572678804397583
        },
        "10": {
            "name": "Head",
            "x": -0.2451135814189911,
            "y": 0.14684906601905823,
            "z": 1.0
        },
        "11": {
            "name": "Right Shoulder",
            "x": -0.15270017087459564,
            "y": 0.029006771743297577,
            "z": 0.945124089717865
        },
        "12": {
            "name": "Right Elbow",
            "x": -0.037718307226896286,
            "y": -0.10807272791862488,
            "z": 0.8686124682426453
        },
        "13": {
            "name": "Right Wrist",
            "x": 0.009638400748372078,
            "y": -0.18443511426448822,
            "z": 0.7201509475708008
        },
        "14": {
            "name": "Left Shoulder",
            "x": -0.18408842384815216,
            "y": 0.18283411860466003,
            "z": 0.9099705219268799
        },
        "15": {
            "name": "Left Elbow",
            "x": -0.12447930872440338,
            "y": 0.2995425760746002,
            "z": 0.7799712419509888
        },
        "16": {
            "name": "Left Wrist",
            "x": -0.21488282084465027,
            "y": 0.40709376335144043,
            "z": 0.6351226568222046
        }
    }
}